Datum;von;Zeitzone von;bis;Zeitzone bis;Spotmarktpreis in ct/kWh
30.09.2025;22:00;UTC;22:15;UTC;10,26
30.09.2025;22:15;UTC;22:30;UTC;9,224
30.09.2025;22:30;UTC;22:45;UTC;8,603
30.09.2025;22:45;UTC;23:00;UTC;8,539
30.09.2025;23:00;UTC;23:15;UTC;8,999
30.09.2025;23:15;UTC;23:30;UTC;8,603
30.09.2025;23:30;UTC;23:45;UTC;8,503
30.09.2025;23:45;UTC;00:00;UTC;8,409
01.10.2025;00:00;UTC;00:15;UTC;8,541
01.10.2025;00:15;UTC;00:30;UTC;8,5
01.10.2025;00:30;UTC;00:45;UTC;8,454
01.10.2025;00:45;UTC;01:00;UTC;8,454
01.10.2025;01:00;UTC;01:15;UTC;8,739
01.10.2025;01:15;UTC;01:30;UTC;8,736
01.10.2025;01:30;UTC;01:45;UTC;8,856
01.10.2025;01:45;UTC;02:00;UTC;8,999
01.10.2025;02:00;UTC;02:15;UTC;8,631
01.10.2025;02:15;UTC;02:30;UTC;8,906
01.10.2025;02:30;UTC;02:45;UTC;8,642
01.10.2025;02:45;UTC;03:00;UTC;8,883
01.10.2025;03:00;UTC;03:15;UTC;8,426
01.10.2025;03:15;UTC;03:30;UTC;9,076
01.10.2025;03:30;UTC;03:45;UTC;9,755
01.10.2025;03:45;UTC;04:00;UTC;10,874
01.10.2025;04:00;UTC;04:15;UTC;9,703
01.10.2025;04:15;UTC;04:30;UTC;11,749
01.10.2025;04:30;UTC;04:45;UTC;13,323
01.10.2025;04:45;UTC;05:00;UTC;15,209
01.10.2025;05:00;UTC;05:15;UTC;16,095
01.10.2025;05:15;UTC;05:30;UTC;18,148
01.10.2025;05:30;UTC;05:45;UTC;18,023
01.10.2025;05:45;UTC;06:00;UTC;17,054
01.10.2025;06:00;UTC;06:15;UTC;20,025
01.10.2025;06:15;UTC;06:30;UTC;14,335
01.10.2025;06:30;UTC;06:45;UTC;11,75
01.10.2025;06:45;UTC;07:00;UTC;9,525
01.10.2025;07:00;UTC;07:15;UTC;13,948
01.10.2025;07:15;UTC;07:30;UTC;10,501
01.10.2025;07:30;UTC;07:45;UTC;9,366
01.10.2025;07:45;UTC;08:00;UTC;8,285
01.10.2025;08:00;UTC;08:15;UTC;10,322
01.10.2025;08:15;UTC;08:30;UTC;9,306
01.10.2025;08:30;UTC;08:45;UTC;8,121
01.10.2025;08:45;UTC;09:00;UTC;6,665
01.10.2025;09:00;UTC;09:15;UTC;8,35
01.10.2025;09:15;UTC;09:30;UTC;7,208
01.10.2025;09:30;UTC;09:45;UTC;6,532
01.10.2025;09:45;UTC;10:00;UTC;6,137
01.10.2025;10:00;UTC;10:15;UTC;6,821
01.10.2025;10:15;UTC;10:30;UTC;6,522
01.10.2025;10:30;UTC;10:45;UTC;6,545
01.10.2025;10:45;UTC;11:00;UTC;6,522
01.10.2025;11:00;UTC;11:15;UTC;6,56
01.10.2025;11:15;UTC;11:30;UTC;6,772
01.10.2025;11:30;UTC;11:45;UTC;6,944
01.10.2025;11:45;UTC;12:00;UTC;7,084
01.10.2025;12:00;UTC;12:15;UTC;6,449
01.10.2025;12:15;UTC;12:30;UTC;7,025
01.10.2025;12:30;UTC;12:45;UTC;7,463
01.10.2025;12:45;UTC;13:00;UTC;8,114
01.10.2025;13:00;UTC;13:15;UTC;6,53
01.10.2025;13:15;UTC;13:30;UTC;7,463
01.10.2025;13:30;UTC;13:45;UTC;8,802
01.10.2025;13:45;UTC;14:00;UTC;9,894
01.10.2025;14:00;UTC;14:15;UTC;6,215
01.10.2025;14:15;UTC;14:30;UTC;8,953
01.10.2025;14:30;UTC;14:45;UTC;10,308
01.10.2025;14:45;UTC;15:00;UTC;11,672
01.10.2025;15:00;UTC;15:15;UTC;8,549
01.10.2025;15:15;UTC;15:30;UTC;11,587
01.10.2025;15:30;UTC;15:45;UTC;14,498
01.10.2025;15:45;UTC;16:00;UTC;19,526
01.10.2025;16:00;UTC;16:15;UTC;14,695
01.10.2025;16:15;UTC;16:30;UTC;20
01.10.2025;16:30;UTC;16:45;UTC;28,5
01.10.2025;16:45;UTC;17:00;UTC;38,1
01.10.2025;17:00;UTC;17:15;UTC;40,85
01.10.2025;17:15;UTC;17:30;UTC;37,639
01.10.2025;17:30;UTC;17:45;UTC;32,194
01.10.2025;17:45;UTC;18:00;UTC;25,314
01.10.2025;18:00;UTC;18:15;UTC;21,802
01.10.2025;18:15;UTC;18:30;UTC;15,525
01.10.2025;18:30;UTC;18:45;UTC;12,682
01.10.2025;18:45;UTC;19:00;UTC;10,8
01.10.2025;19:00;UTC;19:15;UTC;13,068
01.10.2025;19:15;UTC;19:30;UTC;12,14
01.10.2025;19:30;UTC;19:45;UTC;10,298
01.10.2025;19:45;UTC;20:00;UTC;9,708
01.10.2025;20:00;UTC;20:15;UTC;10,884
01.10.2025;20:15;UTC;20:30;UTC;10,151
01.10.2025;20:30;UTC;20:45;UTC;9,536
01.10.2025;20:45;UTC;21:00;UTC;8,833
01.10.2025;21:00;UTC;21:15;UTC;9,457
01.10.2025;21:15;UTC;21:30;UTC;9,155
01.10.2025;21:30;UTC;21:45;UTC;9,111
01.10.2025;21:45;UTC;22:00;UTC;8,536
01.10.2025;22:00;UTC;22:15;UTC;9,958
01.10.2025;22:15;UTC;22:30;UTC;9,11
01.10.2025;22:30;UTC;22:45;UTC;8,609
01.10.2025;22:45;UTC;23:00;UTC;8,645
01.10.2025;23:00;UTC;23:15;UTC;9,445
01.10.2025;23:15;UTC;23:30;UTC;9,042
01.10.2025;23:30;UTC;23:45;UTC;8,459
01.10.2025;23:45;UTC;00:00;UTC;8,254
02.10.2025;00:00;UTC;00:15;UTC;8,646
02.10.2025;00:15;UTC;00:30;UTC;8,48
02.10.2025;00:30;UTC;00:45;UTC;8,621
02.10.2025;00:45;UTC;01:00;UTC;8,863
02.10.2025;01:00;UTC;01:15;UTC;8,967
02.10.2025;01:15;UTC;01:30;UTC;8,864
02.10.2025;01:30;UTC;01:45;UTC;8,864
02.10.2025;01:45;UTC;02:00;UTC;8,729
02.10.2025;02:00;UTC;02:15;UTC;8,808
02.10.2025;02:15;UTC;02:30;UTC;9,058
02.10.2025;02:30;UTC;02:45;UTC;9,213
02.10.2025;02:45;UTC;03:00;UTC;9,244
02.10.2025;03:00;UTC;03:15;UTC;8,542
02.10.2025;03:15;UTC;03:30;UTC;8,983
02.10.2025;03:30;UTC;03:45;UTC;9,657
02.10.2025;03:45;UTC;04:00;UTC;11,207
02.10.2025;04:00;UTC;04:15;UTC;9,415
02.10.2025;04:15;UTC;04:30;UTC;11,778
02.10.2025;04:30;UTC;04:45;UTC;13,403
02.10.2025;04:45;UTC;05:00;UTC;16,892
02.10.2025;05:00;UTC;05:15;UTC;17,39
02.10.2025;05:15;UTC;05:30;UTC;19,86
02.10.2025;05:30;UTC;05:45;UTC;18,776
02.10.2025;05:45;UTC;06:00;UTC;16,409
02.10.2025;06:00;UTC;06:15;UTC;18,889
02.10.2025;06:15;UTC;06:30;UTC;15,189
02.10.2025;06:30;UTC;06:45;UTC;11,53
02.10.2025;06:45;UTC;07:00;UTC;9,063
02.10.2025;07:00;UTC;07:15;UTC;12,328
02.10.2025;07:15;UTC;07:30;UTC;11,28
02.10.2025;07:30;UTC;07:45;UTC;9,201
02.10.2025;07:45;UTC;08:00;UTC;7,393
02.10.2025;08:00;UTC;08:15;UTC;10,195
02.10.2025;08:15;UTC;08:30;UTC;9,997
02.10.2025;08:30;UTC;08:45;UTC;8,608
02.10.2025;08:45;UTC;09:00;UTC;7,792
02.10.2025;09:00;UTC;09:15;UTC;9,175
02.10.2025;09:15;UTC;09:30;UTC;8,331
02.10.2025;09:30;UTC;09:45;UTC;7,208
02.10.2025;09:45;UTC;10:00;UTC;6,6
02.10.2025;10:00;UTC;10:15;UTC;7,025
02.10.2025;10:15;UTC;10:30;UTC;6,435
02.10.2025;10:30;UTC;10:45;UTC;6,444
02.10.2025;10:45;UTC;11:00;UTC;6,404
02.10.2025;11:00;UTC;11:15;UTC;5,795
02.10.2025;11:15;UTC;11:30;UTC;6,04
02.10.2025;11:30;UTC;11:45;UTC;6,127
02.10.2025;11:45;UTC;12:00;UTC;6,238
02.10.2025;12:00;UTC;12:15;UTC;6,17
02.10.2025;12:15;UTC;12:30;UTC;6,634
02.10.2025;12:30;UTC;12:45;UTC;7,463
02.10.2025;12:45;UTC;13:00;UTC;8,249
02.10.2025;13:00;UTC;13:15;UTC;6,212
02.10.2025;13:15;UTC;13:30;UTC;7,485
02.10.2025;13:30;UTC;13:45;UTC;8,681
02.10.2025;13:45;UTC;14:00;UTC;9,887
02.10.2025;14:00;UTC;14:15;UTC;7,194
02.10.2025;14:15;UTC;14:30;UTC;8,35
02.10.2025;14:30;UTC;14:45;UTC;9,844
02.10.2025;14:45;UTC;15:00;UTC;11,19
02.10.2025;15:00;UTC;15:15;UTC;7,246
02.10.2025;15:15;UTC;15:30;UTC;8,952
02.10.2025;15:30;UTC;15:45;UTC;11,73
02.10.2025;15:45;UTC;16:00;UTC;17,4
02.10.2025;16:00;UTC;16:15;UTC;11,832
02.10.2025;16:15;UTC;16:30;UTC;14,255
02.10.2025;16:30;UTC;16:45;UTC;17,863
02.10.2025;16:45;UTC;17:00;UTC;23,22
02.10.2025;17:00;UTC;17:15;UTC;21,939
02.10.2025;17:15;UTC;17:30;UTC;20,203
02.10.2025;17:30;UTC;17:45;UTC;16,292
02.10.2025;17:45;UTC;18:00;UTC;12,301
02.10.2025;18:00;UTC;18:15;UTC;13,609
02.10.2025;18:15;UTC;18:30;UTC;11,035
02.10.2025;18:30;UTC;18:45;UTC;9,843
02.10.2025;18:45;UTC;19:00;UTC;9,481
02.10.2025;19:00;UTC;19:15;UTC;9,847
02.10.2025;19:15;UTC;19:30;UTC;9,322
02.10.2025;19:30;UTC;19:45;UTC;8,409
02.10.2025;19:45;UTC;20:00;UTC;8,764
02.10.2025;20:00;UTC;20:15;UTC;10,525
02.10.2025;20:15;UTC;20:30;UTC;10,296
02.10.2025;20:30;UTC;20:45;UTC;9,543
02.10.2025;20:45;UTC;21:00;UTC;8,299
02.10.2025;21:00;UTC;21:15;UTC;10,511
02.10.2025;21:15;UTC;21:30;UTC;9,339
02.10.2025;21:30;UTC;21:45;UTC;7,494
02.10.2025;21:45;UTC;22:00;UTC;5,493
02.10.2025;22:00;UTC;22:15;UTC;9,706
02.10.2025;22:15;UTC;22:30;UTC;8,929
02.10.2025;22:30;UTC;22:45;UTC;8,288
02.10.2025;22:45;UTC;23:00;UTC;7,45
02.10.2025;23:00;UTC;23:15;UTC;8,706
02.10.2025;23:15;UTC;23:30;UTC;8,197
02.10.2025;23:30;UTC;23:45;UTC;7,488
02.10.2025;23:45;UTC;00:00;UTC;6,465
03.10.2025;00:00;UTC;00:15;UTC;8,276
03.10.2025;00:15;UTC;00:30;UTC;6,727
03.10.2025;00:30;UTC;00:45;UTC;6,918
03.10.2025;00:45;UTC;01:00;UTC;6,779
03.10.2025;01:00;UTC;01:15;UTC;6,205
03.10.2025;01:15;UTC;01:30;UTC;7,779
03.10.2025;01:30;UTC;01:45;UTC;7,988
03.10.2025;01:45;UTC;02:00;UTC;7,591
03.10.2025;02:00;UTC;02:15;UTC;7,157
03.10.2025;02:15;UTC;02:30;UTC;7,233
03.10.2025;02:30;UTC;02:45;UTC;7,985
03.10.2025;02:45;UTC;03:00;UTC;8,14
03.10.2025;03:00;UTC;03:15;UTC;6,879
03.10.2025;03:15;UTC;03:30;UTC;7,387
03.10.2025;03:30;UTC;03:45;UTC;8,229
03.10.2025;03:45;UTC;04:00;UTC;8,697
03.10.2025;04:00;UTC;04:15;UTC;8,868
03.10.2025;04:15;UTC;04:30;UTC;9,107
03.10.2025;04:30;UTC;04:45;UTC;10,553
03.10.2025;04:45;UTC;05:00;UTC;8,984
03.10.2025;05:00;UTC;05:15;UTC;9,631
03.10.2025;05:15;UTC;05:30;UTC;10,401
03.10.2025;05:30;UTC;05:45;UTC;9,687
03.10.2025;05:45;UTC;06:00;UTC;10,448
03.10.2025;06:00;UTC;06:15;UTC;12,303
03.10.2025;06:15;UTC;06:30;UTC;11,424
03.10.2025;06:30;UTC;06:45;UTC;10,297
03.10.2025;06:45;UTC;07:00;UTC;7,448
03.10.2025;07:00;UTC;07:15;UTC;10,853
03.10.2025;07:15;UTC;07:30;UTC;9,545
03.10.2025;07:30;UTC;07:45;UTC;7,756
03.10.2025;07:45;UTC;08:00;UTC;5,407
03.10.2025;08:00;UTC;08:15;UTC;9
03.10.2025;08:15;UTC;08:30;UTC;6,415
03.10.2025;08:30;UTC;08:45;UTC;4,512
03.10.2025;08:45;UTC;09:00;UTC;4,072
03.10.2025;09:00;UTC;09:15;UTC;4,691
03.10.2025;09:15;UTC;09:30;UTC;4,289
03.10.2025;09:30;UTC;09:45;UTC;4,051
03.10.2025;09:45;UTC;10:00;UTC;3,17
03.10.2025;10:00;UTC;10:15;UTC;3,247
03.10.2025;10:15;UTC;10:30;UTC;2,725
03.10.2025;10:30;UTC;10:45;UTC;2,462
03.10.2025;10:45;UTC;11:00;UTC;2,107
03.10.2025;11:00;UTC;11:15;UTC;1,831
03.10.2025;11:15;UTC;11:30;UTC;1,424
03.10.2025;11:30;UTC;11:45;UTC;1,468
03.10.2025;11:45;UTC;12:00;UTC;1,878
03.10.2025;12:00;UTC;12:15;UTC;1,053
03.10.2025;12:15;UTC;12:30;UTC;2,371
03.10.2025;12:30;UTC;12:45;UTC;3,063
03.10.2025;12:45;UTC;13:00;UTC;3,994
03.10.2025;13:00;UTC;13:15;UTC;3,277
03.10.2025;13:15;UTC;13:30;UTC;4
03.10.2025;13:30;UTC;13:45;UTC;5,896
03.10.2025;13:45;UTC;14:00;UTC;6,78
03.10.2025;14:00;UTC;14:15;UTC;3,955
03.10.2025;14:15;UTC;14:30;UTC;4,874
03.10.2025;14:30;UTC;14:45;UTC;7,428
03.10.2025;14:45;UTC;15:00;UTC;9,1
03.10.2025;15:00;UTC;15:15;UTC;4,989
03.10.2025;15:15;UTC;15:30;UTC;7,849
03.10.2025;15:30;UTC;15:45;UTC;10,26
03.10.2025;15:45;UTC;16:00;UTC;12,862
03.10.2025;16:00;UTC;16:15;UTC;11,332
03.10.2025;16:15;UTC;16:30;UTC;11,826
03.10.2025;16:30;UTC;16:45;UTC;12,85
03.10.2025;16:45;UTC;17:00;UTC;12,296
03.10.2025;17:00;UTC;17:15;UTC;12,422
03.10.2025;17:15;UTC;17:30;UTC;11,499
03.10.2025;17:30;UTC;17:45;UTC;9,991
03.10.2025;17:45;UTC;18:00;UTC;9,692
03.10.2025;18:00;UTC;18:15;UTC;10,678
03.10.2025;18:15;UTC;18:30;UTC;8,191
03.10.2025;18:30;UTC;18:45;UTC;5,668
03.10.2025;18:45;UTC;19:00;UTC;5,479
03.10.2025;19:00;UTC;19:15;UTC;7,248
03.10.2025;19:15;UTC;19:30;UTC;4,723
03.10.2025;19:30;UTC;19:45;UTC;3,759
03.10.2025;19:45;UTC;20:00;UTC;1,647
03.10.2025;20:00;UTC;20:15;UTC;3,777
03.10.2025;20:15;UTC;20:30;UTC;2,134
03.10.2025;20:30;UTC;20:45;UTC;2,184
03.10.2025;20:45;UTC;21:00;UTC;2,066
03.10.2025;21:00;UTC;21:15;UTC;2,458
03.10.2025;21:15;UTC;21:30;UTC;0,977
03.10.2025;21:30;UTC;21:45;UTC;0,749
03.10.2025;21:45;UTC;22:00;UTC;0,259
03.10.2025;22:00;UTC;22:15;UTC;0,293
03.10.2025;22:15;UTC;22:30;UTC;0,01
03.10.2025;22:30;UTC;22:45;UTC;-0,005
03.10.2025;22:45;UTC;23:00;UTC;-0,008
03.10.2025;23:00;UTC;23:15;UTC;0
03.10.2025;23:15;UTC;23:30;UTC;-0,001
03.10.2025;23:30;UTC;23:45;UTC;-0,001
03.10.2025;23:45;UTC;00:00;UTC;-0,002
04.10.2025;00:00;UTC;00:15;UTC;-0,001
04.10.2025;00:15;UTC;00:30;UTC;-0,001
04.10.2025;00:30;UTC;00:45;UTC;-0,004
04.10.2025;00:45;UTC;01:00;UTC;-0,011
04.10.2025;01:00;UTC;01:15;UTC;-0,007
04.10.2025;01:15;UTC;01:30;UTC;-0,009
04.10.2025;01:30;UTC;01:45;UTC;-0,01
04.10.2025;01:45;UTC;02:00;UTC;-0,013
04.10.2025;02:00;UTC;02:15;UTC;-0,093
04.10.2025;02:15;UTC;02:30;UTC;-0,097
04.10.2025;02:30;UTC;02:45;UTC;-0,103
04.10.2025;02:45;UTC;03:00;UTC;-0,158
04.10.2025;03:00;UTC;03:15;UTC;-0,152
04.10.2025;03:15;UTC;03:30;UTC;-0,202
04.10.2025;03:30;UTC;03:45;UTC;-0,202
04.10.2025;03:45;UTC;04:00;UTC;-0,206
04.10.2025;04:00;UTC;04:15;UTC;-0,215
04.10.2025;04:15;UTC;04:30;UTC;-0,202
04.10.2025;04:30;UTC;04:45;UTC;-0,148
04.10.2025;04:45;UTC;05:00;UTC;-0,201
04.10.2025;05:00;UTC;05:15;UTC;-0,025
04.10.2025;05:15;UTC;05:30;UTC;-0,081
04.10.2025;05:30;UTC;05:45;UTC;-0,1
04.10.2025;05:45;UTC;06:00;UTC;-0,104
04.10.2025;06:00;UTC;06:15;UTC;-0,07
04.10.2025;06:15;UTC;06:30;UTC;-0,009
04.10.2025;06:30;UTC;06:45;UTC;-0,008
04.10.2025;06:45;UTC;07:00;UTC;-0,033
04.10.2025;07:00;UTC;07:15;UTC;-0,01
04.10.2025;07:15;UTC;07:30;UTC;-0,043
04.10.2025;07:30;UTC;07:45;UTC;-0,005
04.10.2025;07:45;UTC;08:00;UTC;-0,007
04.10.2025;08:00;UTC;08:15;UTC;-0,001
04.10.2025;08:15;UTC;08:30;UTC;-0,01
04.10.2025;08:30;UTC;08:45;UTC;-0,014
04.10.2025;08:45;UTC;09:00;UTC;-0,011
04.10.2025;09:00;UTC;09:15;UTC;-0,001
04.10.2025;09:15;UTC;09:30;UTC;-0,026
04.10.2025;09:30;UTC;09:45;UTC;-0,008
04.10.2025;09:45;UTC;10:00;UTC;-0,004
04.10.2025;10:00;UTC;10:15;UTC;-0,019
04.10.2025;10:15;UTC;10:30;UTC;-0,006
04.10.2025;10:30;UTC;10:45;UTC;-0,003
04.10.2025;10:45;UTC;11:00;UTC;-0,004
04.10.2025;11:00;UTC;11:15;UTC;-0,024
04.10.2025;11:15;UTC;11:30;UTC;-0,023
04.10.2025;11:30;UTC;11:45;UTC;-0,04
04.10.2025;11:45;UTC;12:00;UTC;-0,089
04.10.2025;12:00;UTC;12:15;UTC;-0,013
04.10.2025;12:15;UTC;12:30;UTC;-0,102
04.10.2025;12:30;UTC;12:45;UTC;-0,202
04.10.2025;12:45;UTC;13:00;UTC;-0,501
04.10.2025;13:00;UTC;13:15;UTC;-0,182
04.10.2025;13:15;UTC;13:30;UTC;-0,502
04.10.2025;13:30;UTC;13:45;UTC;-0,251
04.10.2025;13:45;UTC;14:00;UTC;-0,107
04.10.2025;14:00;UTC;14:15;UTC;-0,025
04.10.2025;14:15;UTC;14:30;UTC;-0,001
04.10.2025;14:30;UTC;14:45;UTC;-0,004
04.10.2025;14:45;UTC;15:00;UTC;-0,008
04.10.2025;15:00;UTC;15:15;UTC;-0,108
04.10.2025;15:15;UTC;15:30;UTC;-0,001
04.10.2025;15:30;UTC;15:45;UTC;0
04.10.2025;15:45;UTC;16:00;UTC;0,072
04.10.2025;16:00;UTC;16:15;UTC;-0,003
04.10.2025;16:15;UTC;16:30;UTC;0
04.10.2025;16:30;UTC;16:45;UTC;0,22
04.10.2025;16:45;UTC;17:00;UTC;0,225
04.10.2025;17:00;UTC;17:15;UTC;0,244
04.10.2025;17:15;UTC;17:30;UTC;0,274
04.10.2025;17:30;UTC;17:45;UTC;0,402
04.10.2025;17:45;UTC;18:00;UTC;0,372
04.10.2025;18:00;UTC;18:15;UTC;0,13
04.10.2025;18:15;UTC;18:30;UTC;0
04.10.2025;18:30;UTC;18:45;UTC;0
04.10.2025;18:45;UTC;19:00;UTC;-0,001
04.10.2025;19:00;UTC;19:15;UTC;0,01
04.10.2025;19:15;UTC;19:30;UTC;0
04.10.2025;19:30;UTC;19:45;UTC;-0,001
04.10.2025;19:45;UTC;20:00;UTC;-0,047
04.10.2025;20:00;UTC;20:15;UTC;-0,006
04.10.2025;20:15;UTC;20:30;UTC;-0,008
04.10.2025;20:30;UTC;20:45;UTC;-0,001
04.10.2025;20:45;UTC;21:00;UTC;-0,006
04.10.2025;21:00;UTC;21:15;UTC;-0,001
04.10.2025;21:15;UTC;21:30;UTC;-0,003
04.10.2025;21:30;UTC;21:45;UTC;-0,008
04.10.2025;21:45;UTC;22:00;UTC;-0,125
04.10.2025;22:00;UTC;22:15;UTC;-0,007
04.10.2025;22:15;UTC;22:30;UTC;-0,026
04.10.2025;22:30;UTC;22:45;UTC;-0,145
04.10.2025;22:45;UTC;23:00;UTC;-0,121
04.10.2025;23:00;UTC;23:15;UTC;-0,109
04.10.2025;23:15;UTC;23:30;UTC;-0,201
04.10.2025;23:30;UTC;23:45;UTC;-0,148
04.10.2025;23:45;UTC;00:00;UTC;-0,103
05.10.2025;00:00;UTC;00:15;UTC;-0,42
05.10.2025;00:15;UTC;00:30;UTC;-0,419
05.10.2025;00:30;UTC;00:45;UTC;-0,418
05.10.2025;00:45;UTC;01:00;UTC;-0,419
05.10.2025;01:00;UTC;01:15;UTC;-0,42
05.10.2025;01:15;UTC;01:30;UTC;-0,411
05.10.2025;01:30;UTC;01:45;UTC;-0,411
05.10.2025;01:45;UTC;02:00;UTC;-0,509
05.10.2025;02:00;UTC;02:15;UTC;-0,482
05.10.2025;02:15;UTC;02:30;UTC;-0,503
05.10.2025;02:30;UTC;02:45;UTC;-0,505
05.10.2025;02:45;UTC;03:00;UTC;-0,502
05.10.2025;03:00;UTC;03:15;UTC;-0,499
05.10.2025;03:15;UTC;03:30;UTC;-0,482
05.10.2025;03:30;UTC;03:45;UTC;-0,401
05.10.2025;03:45;UTC;04:00;UTC;-0,401
05.10.2025;04:00;UTC;04:15;UTC;-0,411
05.10.2025;04:15;UTC;04:30;UTC;-0,405
05.10.2025;04:30;UTC;04:45;UTC;-0,38
05.10.2025;04:45;UTC;05:00;UTC;-0,308
05.10.2025;05:00;UTC;05:15;UTC;-0,202
05.10.2025;05:15;UTC;05:30;UTC;-0,178
05.10.2025;05:30;UTC;05:45;UTC;-0,142
05.10.2025;05:45;UTC;06:00;UTC;-0,08
05.10.2025;06:00;UTC;06:15;UTC;-0,01
05.10.2025;06:15;UTC;06:30;UTC;-0,009
05.10.2025;06:30;UTC;06:45;UTC;-0,005
05.10.2025;06:45;UTC;07:00;UTC;-0,011
05.10.2025;07:00;UTC;07:15;UTC;-0,001
05.10.2025;07:15;UTC;07:30;UTC;-0,008
05.10.2025;07:30;UTC;07:45;UTC;-0,201
05.10.2025;07:45;UTC;08:00;UTC;-0,347
05.10.2025;08:00;UTC;08:15;UTC;-0,148
05.10.2025;08:15;UTC;08:30;UTC;-0,29
05.10.2025;08:30;UTC;08:45;UTC;-0,406
05.10.2025;08:45;UTC;09:00;UTC;-0,488
05.10.2025;09:00;UTC;09:15;UTC;-0,202
05.10.2025;09:15;UTC;09:30;UTC;-0,202
05.10.2025;09:30;UTC;09:45;UTC;-0,201
05.10.2025;09:45;UTC;10:00;UTC;-0,202
05.10.2025;10:00;UTC;10:15;UTC;-0,404
05.10.2025;10:15;UTC;10:30;UTC;-0,304
05.10.2025;10:30;UTC;10:45;UTC;-0,301
05.10.2025;10:45;UTC;11:00;UTC;-0,357
05.10.2025;11:00;UTC;11:15;UTC;-0,338
05.10.2025;11:15;UTC;11:30;UTC;-0,354
05.10.2025;11:30;UTC;11:45;UTC;-0,317
05.10.2025;11:45;UTC;12:00;UTC;-0,346
05.10.2025;12:00;UTC;12:15;UTC;-0,31
05.10.2025;12:15;UTC;12:30;UTC;-0,302
05.10.2025;12:30;UTC;12:45;UTC;-0,302
05.10.2025;12:45;UTC;13:00;UTC;-0,263
05.10.2025;13:00;UTC;13:15;UTC;-0,24
05.10.2025;13:15;UTC;13:30;UTC;-0,213
05.10.2025;13:30;UTC;13:45;UTC;-0,202
05.10.2025;13:45;UTC;14:00;UTC;-0,302
05.10.2025;14:00;UTC;14:15;UTC;-0,159
05.10.2025;14:15;UTC;14:30;UTC;-0,102
05.10.2025;14:30;UTC;14:45;UTC;-0,01
05.10.2025;14:45;UTC;15:00;UTC;-0,004
05.10.2025;15:00;UTC;15:15;UTC;-0,316
05.10.2025;15:15;UTC;15:30;UTC;-0,006
05.10.2025;15:30;UTC;15:45;UTC;0,01
05.10.2025;15:45;UTC;16:00;UTC;0,653
05.10.2025;16:00;UTC;16:15;UTC;0,537
05.10.2025;16:15;UTC;16:30;UTC;1,1
05.10.2025;16:30;UTC;16:45;UTC;1,991
05.10.2025;16:45;UTC;17:00;UTC;2,805
05.10.2025;17:00;UTC;17:15;UTC;2,125
05.10.2025;17:15;UTC;17:30;UTC;2,669
05.10.2025;17:30;UTC;17:45;UTC;4,284
05.10.2025;17:45;UTC;18:00;UTC;4,941
05.10.2025;18:00;UTC;18:15;UTC;3,4
05.10.2025;18:15;UTC;18:30;UTC;2,458
05.10.2025;18:30;UTC;18:45;UTC;1,366
05.10.2025;18:45;UTC;19:00;UTC;0,708
05.10.2025;19:00;UTC;19:15;UTC;0,784
05.10.2025;19:15;UTC;19:30;UTC;0,515
05.10.2025;19:30;UTC;19:45;UTC;0,475
05.10.2025;19:45;UTC;20:00;UTC;0,417
05.10.2025;20:00;UTC;20:15;UTC;0,575
05.10.2025;20:15;UTC;20:30;UTC;0,486
05.10.2025;20:30;UTC;20:45;UTC;0,596
05.10.2025;20:45;UTC;21:00;UTC;0,424
05.10.2025;21:00;UTC;21:15;UTC;0,488
05.10.2025;21:15;UTC;21:30;UTC;0,41
05.10.2025;21:30;UTC;21:45;UTC;0,396
05.10.2025;21:45;UTC;22:00;UTC;0,336
05.10.2025;22:00;UTC;22:15;UTC;3,098
05.10.2025;22:15;UTC;22:30;UTC;2,453
05.10.2025;22:30;UTC;22:45;UTC;1,577
05.10.2025;22:45;UTC;23:00;UTC;1,21
05.10.2025;23:00;UTC;23:15;UTC;1,385
05.10.2025;23:15;UTC;23:30;UTC;1,057
05.10.2025;23:30;UTC;23:45;UTC;0,911
05.10.2025;23:45;UTC;00:00;UTC;0,666
06.10.2025;00:00;UTC;00:15;UTC;0,7
06.10.2025;00:15;UTC;00:30;UTC;0,87
06.10.2025;00:30;UTC;00:45;UTC;1,058
06.10.2025;00:45;UTC;01:00;UTC;1,013
06.10.2025;01:00;UTC;01:15;UTC;1,053
06.10.2025;01:15;UTC;01:30;UTC;1,052
06.10.2025;01:30;UTC;01:45;UTC;1,103
06.10.2025;01:45;UTC;02:00;UTC;1,085
06.10.2025;02:00;UTC;02:15;UTC;1,102
06.10.2025;02:15;UTC;02:30;UTC;1,812
06.10.2025;02:30;UTC;02:45;UTC;1,786
06.10.2025;02:45;UTC;03:00;UTC;2,02
06.10.2025;03:00;UTC;03:15;UTC;0,781
06.10.2025;03:15;UTC;03:30;UTC;0,99
06.10.2025;03:30;UTC;03:45;UTC;2,28
06.10.2025;03:45;UTC;04:00;UTC;4,99
06.10.2025;04:00;UTC;04:15;UTC;1,839
06.10.2025;04:15;UTC;04:30;UTC;7,66
06.10.2025;04:30;UTC;04:45;UTC;7,819
06.10.2025;04:45;UTC;05:00;UTC;10,116
06.10.2025;05:00;UTC;05:15;UTC;8,997
06.10.2025;05:15;UTC;05:30;UTC;10,532
06.10.2025;05:30;UTC;05:45;UTC;10,893
06.10.2025;05:45;UTC;06:00;UTC;11,599
06.10.2025;06:00;UTC;06:15;UTC;12,658
06.10.2025;06:15;UTC;06:30;UTC;12,791
06.10.2025;06:30;UTC;06:45;UTC;12,08
06.10.2025;06:45;UTC;07:00;UTC;11,178
06.10.2025;07:00;UTC;07:15;UTC;13,573
06.10.2025;07:15;UTC;07:30;UTC;12,142
06.10.2025;07:30;UTC;07:45;UTC;11,96
06.10.2025;07:45;UTC;08:00;UTC;10,772
06.10.2025;08:00;UTC;08:15;UTC;11,469
06.10.2025;08:15;UTC;08:30;UTC;10,48
06.10.2025;08:30;UTC;08:45;UTC;9,523
06.10.2025;08:45;UTC;09:00;UTC;8,739
06.10.2025;09:00;UTC;09:15;UTC;9,855
06.10.2025;09:15;UTC;09:30;UTC;9,275
06.10.2025;09:30;UTC;09:45;UTC;8,489
06.10.2025;09:45;UTC;10:00;UTC;8,102
06.10.2025;10:00;UTC;10:15;UTC;8,257
06.10.2025;10:15;UTC;10:30;UTC;8,667
06.10.2025;10:30;UTC;10:45;UTC;8,612
06.10.2025;10:45;UTC;11:00;UTC;9,394
06.10.2025;11:00;UTC;11:15;UTC;8,406
06.10.2025;11:15;UTC;11:30;UTC;8,805
06.10.2025;11:30;UTC;11:45;UTC;8,388
06.10.2025;11:45;UTC;12:00;UTC;8,24
06.10.2025;12:00;UTC;12:15;UTC;8,278
06.10.2025;12:15;UTC;12:30;UTC;8,959
06.10.2025;12:30;UTC;12:45;UTC;10,096
06.10.2025;12:45;UTC;13:00;UTC;9,598
06.10.2025;13:00;UTC;13:15;UTC;8,947
06.10.2025;13:15;UTC;13:30;UTC;9,203
06.10.2025;13:30;UTC;13:45;UTC;9,569
06.10.2025;13:45;UTC;14:00;UTC;10,1
06.10.2025;14:00;UTC;14:15;UTC;8,645
06.10.2025;14:15;UTC;14:30;UTC;9,787
06.10.2025;14:30;UTC;14:45;UTC;11,069
06.10.2025;14:45;UTC;15:00;UTC;12,408
06.10.2025;15:00;UTC;15:15;UTC;9,391
06.10.2025;15:15;UTC;15:30;UTC;11,295
06.10.2025;15:30;UTC;15:45;UTC;12,184
06.10.2025;15:45;UTC;16:00;UTC;15,246
06.10.2025;16:00;UTC;16:15;UTC;10,936
06.10.2025;16:15;UTC;16:30;UTC;11,841
06.10.2025;16:30;UTC;16:45;UTC;14,78
06.10.2025;16:45;UTC;17:00;UTC;19,078
06.10.2025;17:00;UTC;17:15;UTC;16,89
06.10.2025;17:15;UTC;17:30;UTC;17,537
06.10.2025;17:30;UTC;17:45;UTC;16,9
06.10.2025;17:45;UTC;18:00;UTC;15,999
06.10.2025;18:00;UTC;18:15;UTC;15,693
06.10.2025;18:15;UTC;18:30;UTC;13,11
06.10.2025;18:30;UTC;18:45;UTC;12,587
06.10.2025;18:45;UTC;19:00;UTC;12,081
06.10.2025;19:00;UTC;19:15;UTC;12,8
06.10.2025;19:15;UTC;19:30;UTC;12,393
06.10.2025;19:30;UTC;19:45;UTC;11,565
06.10.2025;19:45;UTC;20:00;UTC;11,323
06.10.2025;20:00;UTC;20:15;UTC;13,526
06.10.2025;20:15;UTC;20:30;UTC;11,458
06.10.2025;20:30;UTC;20:45;UTC;11,52
06.10.2025;20:45;UTC;21:00;UTC;10,962
06.10.2025;21:00;UTC;21:15;UTC;11,233
06.10.2025;21:15;UTC;21:30;UTC;10,504
06.10.2025;21:30;UTC;21:45;UTC;10,367
06.10.2025;21:45;UTC;22:00;UTC;10,096
06.10.2025;22:00;UTC;22:15;UTC;10,551
06.10.2025;22:15;UTC;22:30;UTC;10,26
06.10.2025;22:30;UTC;22:45;UTC;9,905
06.10.2025;22:45;UTC;23:00;UTC;9,389
06.10.2025;23:00;UTC;23:15;UTC;10
06.10.2025;23:15;UTC;23:30;UTC;9,482
06.10.2025;23:30;UTC;23:45;UTC;9,268
06.10.2025;23:45;UTC;00:00;UTC;8,845
07.10.2025;00:00;UTC;00:15;UTC;9,123
07.10.2025;00:15;UTC;00:30;UTC;8,936
07.10.2025;00:30;UTC;00:45;UTC;8,945
07.10.2025;00:45;UTC;01:00;UTC;8,923
07.10.2025;01:00;UTC;01:15;UTC;8,866
07.10.2025;01:15;UTC;01:30;UTC;8,859
07.10.2025;01:30;UTC;01:45;UTC;8,947
07.10.2025;01:45;UTC;02:00;UTC;9,148
07.10.2025;02:00;UTC;02:15;UTC;8,692
07.10.2025;02:15;UTC;02:30;UTC;8,88
07.10.2025;02:30;UTC;02:45;UTC;9,503
07.10.2025;02:45;UTC;03:00;UTC;10,115
07.10.2025;03:00;UTC;03:15;UTC;8,694
07.10.2025;03:15;UTC;03:30;UTC;9,311
07.10.2025;03:30;UTC;03:45;UTC;9,905
07.10.2025;03:45;UTC;04:00;UTC;10,786
07.10.2025;04:00;UTC;04:15;UTC;10,677
07.10.2025;04:15;UTC;04:30;UTC;12,507
07.10.2025;04:30;UTC;04:45;UTC;14,118
07.10.2025;04:45;UTC;05:00;UTC;16,652
07.10.2025;05:00;UTC;05:15;UTC;14,803
07.10.2025;05:15;UTC;05:30;UTC;20,793
07.10.2025;05:30;UTC;05:45;UTC;27,009
07.10.2025;05:45;UTC;06:00;UTC;28,817
07.10.2025;06:00;UTC;06:15;UTC;30,791
07.10.2025;06:15;UTC;06:30;UTC;30,004
07.10.2025;06:30;UTC;06:45;UTC;28,815
07.10.2025;06:45;UTC;07:00;UTC;25,458
07.10.2025;07:00;UTC;07:15;UTC;29,361
07.10.2025;07:15;UTC;07:30;UTC;24,964
07.10.2025;07:30;UTC;07:45;UTC;16,79
07.10.2025;07:45;UTC;08:00;UTC;13,758
07.10.2025;08:00;UTC;08:15;UTC;19,738
07.10.2025;08:15;UTC;08:30;UTC;16,408
07.10.2025;08:30;UTC;08:45;UTC;13,801
07.10.2025;08:45;UTC;09:00;UTC;11,917
07.10.2025;09:00;UTC;09:15;UTC;15,365
07.10.2025;09:15;UTC;09:30;UTC;13,582
07.10.2025;09:30;UTC;09:45;UTC;11,881
07.10.2025;09:45;UTC;10:00;UTC;11,135
07.10.2025;10:00;UTC;10:15;UTC;12,301
07.10.2025;10:15;UTC;10:30;UTC;10,938
07.10.2025;10:30;UTC;10:45;UTC;10,591
07.10.2025;10:45;UTC;11:00;UTC;10,546
07.10.2025;11:00;UTC;11:15;UTC;11,223
07.10.2025;11:15;UTC;11:30;UTC;10,573
07.10.2025;11:30;UTC;11:45;UTC;10,476
07.10.2025;11:45;UTC;12:00;UTC;10,201
07.10.2025;12:00;UTC;12:15;UTC;10,308
07.10.2025;12:15;UTC;12:30;UTC;10,476
07.10.2025;12:30;UTC;12:45;UTC;10,591
07.10.2025;12:45;UTC;13:00;UTC;10,766
07.10.2025;13:00;UTC;13:15;UTC;10,12
07.10.2025;13:15;UTC;13:30;UTC;10,568
07.10.2025;13:30;UTC;13:45;UTC;11,617
07.10.2025;13:45;UTC;14:00;UTC;12,959
07.10.2025;14:00;UTC;14:15;UTC;10,391
07.10.2025;14:15;UTC;14:30;UTC;11,059
07.10.2025;14:30;UTC;14:45;UTC;12,715
07.10.2025;14:45;UTC;15:00;UTC;14,677
07.10.2025;15:00;UTC;15:15;UTC;11,504
07.10.2025;15:15;UTC;15:30;UTC;12,899
07.10.2025;15:30;UTC;15:45;UTC;15,582
07.10.2025;15:45;UTC;16:00;UTC;20,751
07.10.2025;16:00;UTC;16:15;UTC;14,729
07.10.2025;16:15;UTC;16:30;UTC;15,433
07.10.2025;16:30;UTC;16:45;UTC;22,061
07.10.2025;16:45;UTC;17:00;UTC;28,744
07.10.2025;17:00;UTC;17:15;UTC;25,339
07.10.2025;17:15;UTC;17:30;UTC;22,151
07.10.2025;17:30;UTC;17:45;UTC;19,741
07.10.2025;17:45;UTC;18:00;UTC;18,081
07.10.2025;18:00;UTC;18:15;UTC;17,846
07.10.2025;18:15;UTC;18:30;UTC;15,889
07.10.2025;18:30;UTC;18:45;UTC;13,101
07.10.2025;18:45;UTC;19:00;UTC;11,7
07.10.2025;19:00;UTC;19:15;UTC;14,722
07.10.2025;19:15;UTC;19:30;UTC;12,901
07.10.2025;19:30;UTC;19:45;UTC;11,279
07.10.2025;19:45;UTC;20:00;UTC;10,395
07.10.2025;20:00;UTC;20:15;UTC;11,635
07.10.2025;20:15;UTC;20:30;UTC;11,187
07.10.2025;20:30;UTC;20:45;UTC;10,61
07.10.2025;20:45;UTC;21:00;UTC;9,537
07.10.2025;21:00;UTC;21:15;UTC;10,782
07.10.2025;21:15;UTC;21:30;UTC;9,843
07.10.2025;21:30;UTC;21:45;UTC;9,357
07.10.2025;21:45;UTC;22:00;UTC;9,011
07.10.2025;22:00;UTC;22:15;UTC;10,174
07.10.2025;22:15;UTC;22:30;UTC;9,14
07.10.2025;22:30;UTC;22:45;UTC;9,147
07.10.2025;22:45;UTC;23:00;UTC;8,92
07.10.2025;23:00;UTC;23:15;UTC;9,185
07.10.2025;23:15;UTC;23:30;UTC;8,907
07.10.2025;23:30;UTC;23:45;UTC;8,733
07.10.2025;23:45;UTC;00:00;UTC;8,55
08.10.2025;00:00;UTC;00:15;UTC;8,921
08.10.2025;00:15;UTC;00:30;UTC;8,814
08.10.2025;00:30;UTC;00:45;UTC;8,699
08.10.2025;00:45;UTC;01:00;UTC;8,59
08.10.2025;01:00;UTC;01:15;UTC;8,697
08.10.2025;01:15;UTC;01:30;UTC;8,691
08.10.2025;01:30;UTC;01:45;UTC;8,698
08.10.2025;01:45;UTC;02:00;UTC;8,704
08.10.2025;02:00;UTC;02:15;UTC;8,566
08.10.2025;02:15;UTC;02:30;UTC;8,774
08.10.2025;02:30;UTC;02:45;UTC;9,118
08.10.2025;02:45;UTC;03:00;UTC;9,411
08.10.2025;03:00;UTC;03:15;UTC;8,698
08.10.2025;03:15;UTC;03:30;UTC;9,328
08.10.2025;03:30;UTC;03:45;UTC;9,991
08.10.2025;03:45;UTC;04:00;UTC;10,941
08.10.2025;04:00;UTC;04:15;UTC;9,299
08.10.2025;04:15;UTC;04:30;UTC;11,391
08.10.2025;04:30;UTC;04:45;UTC;12,299
08.10.2025;04:45;UTC;05:00;UTC;13,854
08.10.2025;05:00;UTC;05:15;UTC;13,047
08.10.2025;05:15;UTC;05:30;UTC;15,159
08.10.2025;05:30;UTC;05:45;UTC;16,89
08.10.2025;05:45;UTC;06:00;UTC;17,136
08.10.2025;06:00;UTC;06:15;UTC;20,362
08.10.2025;06:15;UTC;06:30;UTC;17,534
08.10.2025;06:30;UTC;06:45;UTC;15,124
08.10.2025;06:45;UTC;07:00;UTC;13,538
08.10.2025;07:00;UTC;07:15;UTC;17,42
08.10.2025;07:15;UTC;07:30;UTC;14,092
08.10.2025;07:30;UTC;07:45;UTC;11,967
08.10.2025;07:45;UTC;08:00;UTC;10,591
08.10.2025;08:00;UTC;08:15;UTC;14,274
08.10.2025;08:15;UTC;08:30;UTC;12,174
08.10.2025;08:30;UTC;08:45;UTC;10,737
08.10.2025;08:45;UTC;09:00;UTC;10,193
08.10.2025;09:00;UTC;09:15;UTC;12,301
08.10.2025;09:15;UTC;09:30;UTC;10,446
08.10.2025;09:30;UTC;09:45;UTC;9,758
08.10.2025;09:45;UTC;10:00;UTC;8,825
08.10.2025;10:00;UTC;10:15;UTC;9,488
08.10.2025;10:15;UTC;10:30;UTC;9,103
08.10.2025;10:30;UTC;10:45;UTC;8,878
08.10.2025;10:45;UTC;11:00;UTC;8,86
08.10.2025;11:00;UTC;11:15;UTC;9,079
08.10.2025;11:15;UTC;11:30;UTC;9,01
08.10.2025;11:30;UTC;11:45;UTC;8,917
08.10.2025;11:45;UTC;12:00;UTC;8,728
08.10.2025;12:00;UTC;12:15;UTC;8,544
08.10.2025;12:15;UTC;12:30;UTC;8,772
08.10.2025;12:30;UTC;12:45;UTC;9
08.10.2025;12:45;UTC;13:00;UTC;9,861
08.10.2025;13:00;UTC;13:15;UTC;8,91
08.10.2025;13:15;UTC;13:30;UTC;9,372
08.10.2025;13:30;UTC;13:45;UTC;10,134
08.10.2025;13:45;UTC;14:00;UTC;11,355
08.10.2025;14:00;UTC;14:15;UTC;9,315
08.10.2025;14:15;UTC;14:30;UTC;10,22
08.10.2025;14:30;UTC;14:45;UTC;12,744
08.10.2025;14:45;UTC;15:00;UTC;14,707
08.10.2025;15:00;UTC;15:15;UTC;10,283
08.10.2025;15:15;UTC;15:30;UTC;12,324
08.10.2025;15:30;UTC;15:45;UTC;15,533
08.10.2025;15:45;UTC;16:00;UTC;21,652
08.10.2025;16:00;UTC;16:15;UTC;13,554
08.10.2025;16:15;UTC;16:30;UTC;14,76
08.10.2025;16:30;UTC;16:45;UTC;20,453
08.10.2025;16:45;UTC;17:00;UTC;24,756
08.10.2025;17:00;UTC;17:15;UTC;23,593
08.10.2025;17:15;UTC;17:30;UTC;20,462
08.10.2025;17:30;UTC;17:45;UTC;18,046
08.10.2025;17:45;UTC;18:00;UTC;17,5
08.10.2025;18:00;UTC;18:15;UTC;17,048
08.10.2025;18:15;UTC;18:30;UTC;14,996
08.10.2025;18:30;UTC;18:45;UTC;12,809
08.10.2025;18:45;UTC;19:00;UTC;11,825
08.10.2025;19:00;UTC;19:15;UTC;12,888
08.10.2025;19:15;UTC;19:30;UTC;11,794
08.10.2025;19:30;UTC;19:45;UTC;10,929
08.10.2025;19:45;UTC;20:00;UTC;10,285
08.10.2025;20:00;UTC;20:15;UTC;11,461
08.10.2025;20:15;UTC;20:30;UTC;11,393
08.10.2025;20:30;UTC;20:45;UTC;10,649
08.10.2025;20:45;UTC;21:00;UTC;9,793
08.10.2025;21:00;UTC;21:15;UTC;10,606
08.10.2025;21:15;UTC;21:30;UTC;9,979
08.10.2025;21:30;UTC;21:45;UTC;9,548
08.10.2025;21:45;UTC;22:00;UTC;9
08.10.2025;22:00;UTC;22:15;UTC;10,922
08.10.2025;22:15;UTC;22:30;UTC;10,001
08.10.2025;22:30;UTC;22:45;UTC;9,088
08.10.2025;22:45;UTC;23:00;UTC;8,875
08.10.2025;23:00;UTC;23:15;UTC;9,17
08.10.2025;23:15;UTC;23:30;UTC;9,333
08.10.2025;23:30;UTC;23:45;UTC;9,232
08.10.2025;23:45;UTC;00:00;UTC;9,298
09.10.2025;00:00;UTC;00:15;UTC;9,605
09.10.2025;00:15;UTC;00:30;UTC;9,232
09.10.2025;00:30;UTC;00:45;UTC;9,228
09.10.2025;00:45;UTC;01:00;UTC;9,24
09.10.2025;01:00;UTC;01:15;UTC;9,336
09.10.2025;01:15;UTC;01:30;UTC;8,99
09.10.2025;01:30;UTC;01:45;UTC;8,997
09.10.2025;01:45;UTC;02:00;UTC;9,004
09.10.2025;02:00;UTC;02:15;UTC;8,694
09.10.2025;02:15;UTC;02:30;UTC;8,903
09.10.2025;02:30;UTC;02:45;UTC;9,249
09.10.2025;02:45;UTC;03:00;UTC;10,234
09.10.2025;03:00;UTC;03:15;UTC;8,741
09.10.2025;03:15;UTC;03:30;UTC;9,181
09.10.2025;03:30;UTC;03:45;UTC;10,43
09.10.2025;03:45;UTC;04:00;UTC;12,109
09.10.2025;04:00;UTC;04:15;UTC;10,235
09.10.2025;04:15;UTC;04:30;UTC;12,142
09.10.2025;04:30;UTC;04:45;UTC;13,235
09.10.2025;04:45;UTC;05:00;UTC;14,62
09.10.2025;05:00;UTC;05:15;UTC;12,535
09.10.2025;05:15;UTC;05:30;UTC;14,635
09.10.2025;05:30;UTC;05:45;UTC;15,611
09.10.2025;05:45;UTC;06:00;UTC;15,219
09.10.2025;06:00;UTC;06:15;UTC;17,225
09.10.2025;06:15;UTC;06:30;UTC;15,298
09.10.2025;06:30;UTC;06:45;UTC;14,38
09.10.2025;06:45;UTC;07:00;UTC;13,057
09.10.2025;07:00;UTC;07:15;UTC;16,646
09.10.2025;07:15;UTC;07:30;UTC;13,441
09.10.2025;07:30;UTC;07:45;UTC;12,299
09.10.2025;07:45;UTC;08:00;UTC;10,609
09.10.2025;08:00;UTC;08:15;UTC;13,155
09.10.2025;08:15;UTC;08:30;UTC;11,386
09.10.2025;08:30;UTC;08:45;UTC;10,23
09.10.2025;08:45;UTC;09:00;UTC;9,104
09.10.2025;09:00;UTC;09:15;UTC;10,652
09.10.2025;09:15;UTC;09:30;UTC;10,213
09.10.2025;09:30;UTC;09:45;UTC;9,164
09.10.2025;09:45;UTC;10:00;UTC;8,756
09.10.2025;10:00;UTC;10:15;UTC;10,033
09.10.2025;10:15;UTC;10:30;UTC;9,22
09.10.2025;10:30;UTC;10:45;UTC;8,793
09.10.2025;10:45;UTC;11:00;UTC;8,363
09.10.2025;11:00;UTC;11:15;UTC;8,901
09.10.2025;11:15;UTC;11:30;UTC;8,822
09.10.2025;11:30;UTC;11:45;UTC;8,465
09.10.2025;11:45;UTC;12:00;UTC;7,153
09.10.2025;12:00;UTC;12:15;UTC;7,777
09.10.2025;12:15;UTC;12:30;UTC;8,377
09.10.2025;12:30;UTC;12:45;UTC;8,415
09.10.2025;12:45;UTC;13:00;UTC;8,711
09.10.2025;13:00;UTC;13:15;UTC;7,961
09.10.2025;13:15;UTC;13:30;UTC;8,413
09.10.2025;13:30;UTC;13:45;UTC;8,922
09.10.2025;13:45;UTC;14:00;UTC;10,235
09.10.2025;14:00;UTC;14:15;UTC;8,751
09.10.2025;14:15;UTC;14:30;UTC;8,837
09.10.2025;14:30;UTC;14:45;UTC;9,211
09.10.2025;14:45;UTC;15:00;UTC;10,031
09.10.2025;15:00;UTC;15:15;UTC;8,753
09.10.2025;15:15;UTC;15:30;UTC;11,057
09.10.2025;15:30;UTC;15:45;UTC;11,2
09.10.2025;15:45;UTC;16:00;UTC;12,994
09.10.2025;16:00;UTC;16:15;UTC;11,548
09.10.2025;16:15;UTC;16:30;UTC;12,426
09.10.2025;16:30;UTC;16:45;UTC;12,656
09.10.2025;16:45;UTC;17:00;UTC;12,533
09.10.2025;17:00;UTC;17:15;UTC;12,571
09.10.2025;17:15;UTC;17:30;UTC;12,643
09.10.2025;17:30;UTC;17:45;UTC;12,258
09.10.2025;17:45;UTC;18:00;UTC;11,773
09.10.2025;18:00;UTC;18:15;UTC;11,972
09.10.2025;18:15;UTC;18:30;UTC;11,476
09.10.2025;18:30;UTC;18:45;UTC;11,014
09.10.2025;18:45;UTC;19:00;UTC;10,483
09.10.2025;19:00;UTC;19:15;UTC;10,715
09.10.2025;19:15;UTC;19:30;UTC;10,169
09.10.2025;19:30;UTC;19:45;UTC;9,639
09.10.2025;19:45;UTC;20:00;UTC;8,714
09.10.2025;20:00;UTC;20:15;UTC;11,322
09.10.2025;20:15;UTC;20:30;UTC;9,543
09.10.2025;20:30;UTC;20:45;UTC;9,093
09.10.2025;20:45;UTC;21:00;UTC;8,775
09.10.2025;21:00;UTC;21:15;UTC;9,898
09.10.2025;21:15;UTC;21:30;UTC;9,055
09.10.2025;21:30;UTC;21:45;UTC;8,765
09.10.2025;21:45;UTC;22:00;UTC;7,762
09.10.2025;22:00;UTC;22:15;UTC;9,572
09.10.2025;22:15;UTC;22:30;UTC;8,914
09.10.2025;22:30;UTC;22:45;UTC;8,645
09.10.2025;22:45;UTC;23:00;UTC;8,073
09.10.2025;23:00;UTC;23:15;UTC;9,084
09.10.2025;23:15;UTC;23:30;UTC;8,436
09.10.2025;23:30;UTC;23:45;UTC;8,35
09.10.2025;23:45;UTC;00:00;UTC;8,117
10.10.2025;00:00;UTC;00:15;UTC;8,319
10.10.2025;00:15;UTC;00:30;UTC;7,999
10.10.2025;00:30;UTC;00:45;UTC;7,891
10.10.2025;00:45;UTC;01:00;UTC;7,826
10.10.2025;01:00;UTC;01:15;UTC;7,977
10.10.2025;01:15;UTC;01:30;UTC;7,87
10.10.2025;01:30;UTC;01:45;UTC;7,74
10.10.2025;01:45;UTC;02:00;UTC;7,727
10.10.2025;02:00;UTC;02:15;UTC;7,877
10.10.2025;02:15;UTC;02:30;UTC;8,006
10.10.2025;02:30;UTC;02:45;UTC;7,681
10.10.2025;02:45;UTC;03:00;UTC;8,12
10.10.2025;03:00;UTC;03:15;UTC;7,682
10.10.2025;03:15;UTC;03:30;UTC;8,128
10.10.2025;03:30;UTC;03:45;UTC;8,479
10.10.2025;03:45;UTC;04:00;UTC;10,14
10.10.2025;04:00;UTC;04:15;UTC;8,353
10.10.2025;04:15;UTC;04:30;UTC;10,52
10.10.2025;04:30;UTC;04:45;UTC;9,933
10.10.2025;04:45;UTC;05:00;UTC;12,249
10.10.2025;05:00;UTC;05:15;UTC;10,212
10.10.2025;05:15;UTC;05:30;UTC;11,367
10.10.2025;05:30;UTC;05:45;UTC;12,529
10.10.2025;05:45;UTC;06:00;UTC;13,622
10.10.2025;06:00;UTC;06:15;UTC;15,165
10.10.2025;06:15;UTC;06:30;UTC;13,339
10.10.2025;06:30;UTC;06:45;UTC;10,94
10.10.2025;06:45;UTC;07:00;UTC;9,601
10.10.2025;07:00;UTC;07:15;UTC;14,383
10.10.2025;07:15;UTC;07:30;UTC;11,207
10.10.2025;07:30;UTC;07:45;UTC;9,673
10.10.2025;07:45;UTC;08:00;UTC;7,843
10.10.2025;08:00;UTC;08:15;UTC;12,3
10.10.2025;08:15;UTC;08:30;UTC;9,317
10.10.2025;08:30;UTC;08:45;UTC;8,455
10.10.2025;08:45;UTC;09:00;UTC;7,131
10.10.2025;09:00;UTC;09:15;UTC;9,626
10.10.2025;09:15;UTC;09:30;UTC;7,929
10.10.2025;09:30;UTC;09:45;UTC;7,904
10.10.2025;09:45;UTC;10:00;UTC;7,388
10.10.2025;10:00;UTC;10:15;UTC;8,788
10.10.2025;10:15;UTC;10:30;UTC;7,984
10.10.2025;10:30;UTC;10:45;UTC;7,467
10.10.2025;10:45;UTC;11:00;UTC;6,774
10.10.2025;11:00;UTC;11:15;UTC;7,607
10.10.2025;11:15;UTC;11:30;UTC;7,885
10.10.2025;11:30;UTC;11:45;UTC;7,726
10.10.2025;11:45;UTC;12:00;UTC;7,058
10.10.2025;12:00;UTC;12:15;UTC;5,995
10.10.2025;12:15;UTC;12:30;UTC;7,739
10.10.2025;12:30;UTC;12:45;UTC;8,007
10.10.2025;12:45;UTC;13:00;UTC;9,162
10.10.2025;13:00;UTC;13:15;UTC;7,648
10.10.2025;13:15;UTC;13:30;UTC;8,509
10.10.2025;13:30;UTC;13:45;UTC;9,156
10.10.2025;13:45;UTC;14:00;UTC;10,245
10.10.2025;14:00;UTC;14:15;UTC;7,706
10.10.2025;14:15;UTC;14:30;UTC;9,153
10.10.2025;14:30;UTC;14:45;UTC;9,984
10.10.2025;14:45;UTC;15:00;UTC;12,3
10.10.2025;15:00;UTC;15:15;UTC;9,774
10.10.2025;15:15;UTC;15:30;UTC;11,19
10.10.2025;15:30;UTC;15:45;UTC;12,339
10.10.2025;15:45;UTC;16:00;UTC;13,977
10.10.2025;16:00;UTC;16:15;UTC;10,718
10.10.2025;16:15;UTC;16:30;UTC;11,75
10.10.2025;16:30;UTC;16:45;UTC;12,142
10.10.2025;16:45;UTC;17:00;UTC;13,632
10.10.2025;17:00;UTC;17:15;UTC;12,481
10.10.2025;17:15;UTC;17:30;UTC;12,384
10.10.2025;17:30;UTC;17:45;UTC;12,387
10.10.2025;17:45;UTC;18:00;UTC;12,064
10.10.2025;18:00;UTC;18:15;UTC;13,189
10.10.2025;18:15;UTC;18:30;UTC;11,932
10.10.2025;18:30;UTC;18:45;UTC;11
10.10.2025;18:45;UTC;19:00;UTC;10,035
10.10.2025;19:00;UTC;19:15;UTC;11,553
10.10.2025;19:15;UTC;19:30;UTC;11,095
10.10.2025;19:30;UTC;19:45;UTC;10,104
10.10.2025;19:45;UTC;20:00;UTC;8,814
10.10.2025;20:00;UTC;20:15;UTC;10,453
10.10.2025;20:15;UTC;20:30;UTC;10,246
10.10.2025;20:30;UTC;20:45;UTC;9,794
10.10.2025;20:45;UTC;21:00;UTC;8,602
10.10.2025;21:00;UTC;21:15;UTC;9,458
10.10.2025;21:15;UTC;21:30;UTC;9,297
10.10.2025;21:30;UTC;21:45;UTC;9,662
10.10.2025;21:45;UTC;22:00;UTC;8,923
10.10.2025;22:00;UTC;22:15;UTC;10,278
10.10.2025;22:15;UTC;22:30;UTC;9,766
10.10.2025;22:30;UTC;22:45;UTC;8,808
10.10.2025;22:45;UTC;23:00;UTC;8,335
10.10.2025;23:00;UTC;23:15;UTC;9,125
10.10.2025;23:15;UTC;23:30;UTC;8,952
10.10.2025;23:30;UTC;23:45;UTC;8,74
10.10.2025;23:45;UTC;00:00;UTC;8,717
11.10.2025;00:00;UTC;00:15;UTC;8,753
11.10.2025;00:15;UTC;00:30;UTC;8,863
11.10.2025;00:30;UTC;00:45;UTC;8,721
11.10.2025;00:45;UTC;01:00;UTC;8,618
11.10.2025;01:00;UTC;01:15;UTC;8,626
11.10.2025;01:15;UTC;01:30;UTC;8,45
11.10.2025;01:30;UTC;01:45;UTC;8,363
11.10.2025;01:45;UTC;02:00;UTC;8,231
11.10.2025;02:00;UTC;02:15;UTC;8,286
11.10.2025;02:15;UTC;02:30;UTC;8,263
11.10.2025;02:30;UTC;02:45;UTC;8,079
11.10.2025;02:45;UTC;03:00;UTC;8,183
11.10.2025;03:00;UTC;03:15;UTC;8,221
11.10.2025;03:15;UTC;03:30;UTC;8,455
11.10.2025;03:30;UTC;03:45;UTC;8,513
11.10.2025;03:45;UTC;04:00;UTC;8,713
11.10.2025;04:00;UTC;04:15;UTC;8,787
11.10.2025;04:15;UTC;04:30;UTC;8,897
11.10.2025;04:30;UTC;04:45;UTC;9,12
11.10.2025;04:45;UTC;05:00;UTC;9,302
11.10.2025;05:00;UTC;05:15;UTC;9,671
11.10.2025;05:15;UTC;05:30;UTC;9,506
11.10.2025;05:30;UTC;05:45;UTC;9,762
11.10.2025;05:45;UTC;06:00;UTC;9,762
11.10.2025;06:00;UTC;06:15;UTC;10,396
11.10.2025;06:15;UTC;06:30;UTC;10,322
11.10.2025;06:30;UTC;06:45;UTC;10,137
11.10.2025;06:45;UTC;07:00;UTC;9,305
11.10.2025;07:00;UTC;07:15;UTC;10,811
11.10.2025;07:15;UTC;07:30;UTC;10,002
11.10.2025;07:30;UTC;07:45;UTC;8,911
11.10.2025;07:45;UTC;08:00;UTC;7,46
11.10.2025;08:00;UTC;08:15;UTC;9,736
11.10.2025;08:15;UTC;08:30;UTC;8,584
11.10.2025;08:30;UTC;08:45;UTC;7,326
11.10.2025;08:45;UTC;09:00;UTC;7,327
11.10.2025;09:00;UTC;09:15;UTC;8,729
11.10.2025;09:15;UTC;09:30;UTC;7,686
11.10.2025;09:30;UTC;09:45;UTC;7,139
11.10.2025;09:45;UTC;10:00;UTC;6,054
11.10.2025;10:00;UTC;10:15;UTC;6,344
11.10.2025;10:15;UTC;10:30;UTC;6,01
11.10.2025;10:30;UTC;10:45;UTC;5,121
11.10.2025;10:45;UTC;11:00;UTC;4,692
11.10.2025;11:00;UTC;11:15;UTC;5,167
11.10.2025;11:15;UTC;11:30;UTC;4,713
11.10.2025;11:30;UTC;11:45;UTC;4,317
11.10.2025;11:45;UTC;12:00;UTC;4,512
11.10.2025;12:00;UTC;12:15;UTC;4,176
11.10.2025;12:15;UTC;12:30;UTC;4,854
11.10.2025;12:30;UTC;12:45;UTC;5,274
11.10.2025;12:45;UTC;13:00;UTC;6,108
11.10.2025;13:00;UTC;13:15;UTC;5,455
11.10.2025;13:15;UTC;13:30;UTC;7,51
11.10.2025;13:30;UTC;13:45;UTC;8,96
11.10.2025;13:45;UTC;14:00;UTC;8,852
11.10.2025;14:00;UTC;14:15;UTC;6,284
11.10.2025;14:15;UTC;14:30;UTC;7,617
11.10.2025;14:30;UTC;14:45;UTC;8,961
11.10.2025;14:45;UTC;15:00;UTC;10,598
11.10.2025;15:00;UTC;15:15;UTC;8,389
11.10.2025;15:15;UTC;15:30;UTC;9,922
11.10.2025;15:30;UTC;15:45;UTC;12,609
11.10.2025;15:45;UTC;16:00;UTC;14,682
11.10.2025;16:00;UTC;16:15;UTC;11,081
11.10.2025;16:15;UTC;16:30;UTC;12,214
11.10.2025;16:30;UTC;16:45;UTC;12,99
11.10.2025;16:45;UTC;17:00;UTC;14,29
11.10.2025;17:00;UTC;17:15;UTC;13,059
11.10.2025;17:15;UTC;17:30;UTC;13,921
11.10.2025;17:30;UTC;17:45;UTC;13,031
11.10.2025;17:45;UTC;18:00;UTC;12,058
11.10.2025;18:00;UTC;18:15;UTC;14,564
11.10.2025;18:15;UTC;18:30;UTC;12,834
11.10.2025;18:30;UTC;18:45;UTC;10,85
11.10.2025;18:45;UTC;19:00;UTC;10,006
11.10.2025;19:00;UTC;19:15;UTC;12,58
11.10.2025;19:15;UTC;19:30;UTC;11,405
11.10.2025;19:30;UTC;19:45;UTC;11,369
11.10.2025;19:45;UTC;20:00;UTC;9,664
11.10.2025;20:00;UTC;20:15;UTC;12,25
11.10.2025;20:15;UTC;20:30;UTC;11,04
11.10.2025;20:30;UTC;20:45;UTC;10,157
11.10.2025;20:45;UTC;21:00;UTC;9,316
11.10.2025;21:00;UTC;21:15;UTC;10,47
11.10.2025;21:15;UTC;21:30;UTC;9,541
11.10.2025;21:30;UTC;21:45;UTC;9,318
11.10.2025;21:45;UTC;22:00;UTC;8,71
11.10.2025;22:00;UTC;22:15;UTC;10,873
11.10.2025;22:15;UTC;22:30;UTC;10,582
11.10.2025;22:30;UTC;22:45;UTC;8,78
11.10.2025;22:45;UTC;23:00;UTC;8,236
11.10.2025;23:00;UTC;23:15;UTC;10,11
11.10.2025;23:15;UTC;23:30;UTC;9,685
11.10.2025;23:30;UTC;23:45;UTC;8,62
11.10.2025;23:45;UTC;00:00;UTC;8,452
12.10.2025;00:00;UTC;00:15;UTC;9,766
12.10.2025;00:15;UTC;00:30;UTC;8,785
12.10.2025;00:30;UTC;00:45;UTC;8,471
12.10.2025;00:45;UTC;01:00;UTC;8,522
12.10.2025;01:00;UTC;01:15;UTC;9,023
12.10.2025;01:15;UTC;01:30;UTC;8,583
12.10.2025;01:30;UTC;01:45;UTC;8,48
12.10.2025;01:45;UTC;02:00;UTC;7,966
12.10.2025;02:00;UTC;02:15;UTC;7,94
12.10.2025;02:15;UTC;02:30;UTC;8,22
12.10.2025;02:30;UTC;02:45;UTC;9,222
12.10.2025;02:45;UTC;03:00;UTC;9,183
12.10.2025;03:00;UTC;03:15;UTC;8,325
12.10.2025;03:15;UTC;03:30;UTC;7,983
12.10.2025;03:30;UTC;03:45;UTC;9,266
12.10.2025;03:45;UTC;04:00;UTC;9,089
12.10.2025;04:00;UTC;04:15;UTC;8,556
12.10.2025;04:15;UTC;04:30;UTC;8,795
12.10.2025;04:30;UTC;04:45;UTC;9,049
12.10.2025;04:45;UTC;05:00;UTC;8,92
12.10.2025;05:00;UTC;05:15;UTC;9,764
12.10.2025;05:15;UTC;05:30;UTC;8,604
12.10.2025;05:30;UTC;05:45;UTC;8,665
12.10.2025;05:45;UTC;06:00;UTC;8,636
12.10.2025;06:00;UTC;06:15;UTC;10,286
12.10.2025;06:15;UTC;06:30;UTC;8,847
12.10.2025;06:30;UTC;06:45;UTC;8,644
12.10.2025;06:45;UTC;07:00;UTC;7,687
12.10.2025;07:00;UTC;07:15;UTC;9,935
12.10.2025;07:15;UTC;07:30;UTC;8,581
12.10.2025;07:30;UTC;07:45;UTC;7,158
12.10.2025;07:45;UTC;08:00;UTC;7,551
12.10.2025;08:00;UTC;08:15;UTC;8,674
12.10.2025;08:15;UTC;08:30;UTC;7,711
12.10.2025;08:30;UTC;08:45;UTC;7,073
12.10.2025;08:45;UTC;09:00;UTC;7,024
12.10.2025;09:00;UTC;09:15;UTC;7,545
12.10.2025;09:15;UTC;09:30;UTC;7,119
12.10.2025;09:30;UTC;09:45;UTC;7,127
12.10.2025;09:45;UTC;10:00;UTC;6,969
12.10.2025;10:00;UTC;10:15;UTC;6,894
12.10.2025;10:15;UTC;10:30;UTC;6,761
12.10.2025;10:30;UTC;10:45;UTC;6,66
12.10.2025;10:45;UTC;11:00;UTC;6,44
12.10.2025;11:00;UTC;11:15;UTC;5,584
12.10.2025;11:15;UTC;11:30;UTC;5,33
12.10.2025;11:30;UTC;11:45;UTC;5,065
12.10.2025;11:45;UTC;12:00;UTC;4,885
12.10.2025;12:00;UTC;12:15;UTC;5,36
12.10.2025;12:15;UTC;12:30;UTC;5,706
12.10.2025;12:30;UTC;12:45;UTC;6,574
12.10.2025;12:45;UTC;13:00;UTC;7,35
12.10.2025;13:00;UTC;13:15;UTC;7,021
12.10.2025;13:15;UTC;13:30;UTC;7,252
12.10.2025;13:30;UTC;13:45;UTC;8,493
12.10.2025;13:45;UTC;14:00;UTC;9,228
12.10.2025;14:00;UTC;14:15;UTC;7,276
12.10.2025;14:15;UTC;14:30;UTC;8,374
12.10.2025;14:30;UTC;14:45;UTC;9,294
12.10.2025;14:45;UTC;15:00;UTC;10,257
12.10.2025;15:00;UTC;15:15;UTC;8,689
12.10.2025;15:15;UTC;15:30;UTC;10,271
12.10.2025;15:30;UTC;15:45;UTC;11,323
12.10.2025;15:45;UTC;16:00;UTC;11,937
12.10.2025;16:00;UTC;16:15;UTC;9,675
12.10.2025;16:15;UTC;16:30;UTC;10,597
12.10.2025;16:30;UTC;16:45;UTC;11,201
12.10.2025;16:45;UTC;17:00;UTC;12,087
12.10.2025;17:00;UTC;17:15;UTC;11,463
12.10.2025;17:15;UTC;17:30;UTC;11,539
12.10.2025;17:30;UTC;17:45;UTC;12,092
12.10.2025;17:45;UTC;18:00;UTC;11,562
12.10.2025;18:00;UTC;18:15;UTC;11,939
12.10.2025;18:15;UTC;18:30;UTC;11,891
12.10.2025;18:30;UTC;18:45;UTC;11,264
12.10.2025;18:45;UTC;19:00;UTC;11,117
12.10.2025;19:00;UTC;19:15;UTC;11,797
12.10.2025;19:15;UTC;19:30;UTC;11,492
12.10.2025;19:30;UTC;19:45;UTC;10,663
12.10.2025;19:45;UTC;20:00;UTC;10,227
12.10.2025;20:00;UTC;20:15;UTC;11,892
12.10.2025;20:15;UTC;20:30;UTC;11,138
12.10.2025;20:30;UTC;20:45;UTC;10,365
12.10.2025;20:45;UTC;21:00;UTC;9,721
12.10.2025;21:00;UTC;21:15;UTC;10,284
12.10.2025;21:15;UTC;21:30;UTC;9,359
12.10.2025;21:30;UTC;21:45;UTC;9,183
12.10.2025;21:45;UTC;22:00;UTC;8,552
12.10.2025;22:00;UTC;22:15;UTC;10,405
12.10.2025;22:15;UTC;22:30;UTC;9,308
12.10.2025;22:30;UTC;22:45;UTC;9,019
12.10.2025;22:45;UTC;23:00;UTC;8,649
12.10.2025;23:00;UTC;23:15;UTC;9,131
12.10.2025;23:15;UTC;23:30;UTC;8,758
12.10.2025;23:30;UTC;23:45;UTC;9,161
12.10.2025;23:45;UTC;00:00;UTC;9,054
13.10.2025;00:00;UTC;00:15;UTC;9,367
13.10.2025;00:15;UTC;00:30;UTC;9,192
13.10.2025;00:30;UTC;00:45;UTC;8,927
13.10.2025;00:45;UTC;01:00;UTC;8,847
13.10.2025;01:00;UTC;01:15;UTC;8,967
13.10.2025;01:15;UTC;01:30;UTC;8,9
13.10.2025;01:30;UTC;01:45;UTC;8,772
13.10.2025;01:45;UTC;02:00;UTC;9,01
13.10.2025;02:00;UTC;02:15;UTC;9,3
13.10.2025;02:15;UTC;02:30;UTC;8,857
13.10.2025;02:30;UTC;02:45;UTC;9,34
13.10.2025;02:45;UTC;03:00;UTC;9,884
13.10.2025;03:00;UTC;03:15;UTC;8,906
13.10.2025;03:15;UTC;03:30;UTC;9,371
13.10.2025;03:30;UTC;03:45;UTC;9,679
13.10.2025;03:45;UTC;04:00;UTC;11,282
13.10.2025;04:00;UTC;04:15;UTC;8,471
13.10.2025;04:15;UTC;04:30;UTC;11,421
13.10.2025;04:30;UTC;04:45;UTC;14,296
13.10.2025;04:45;UTC;05:00;UTC;18,376
13.10.2025;05:00;UTC;05:15;UTC;14,436
13.10.2025;05:15;UTC;05:30;UTC;21,39
13.10.2025;05:30;UTC;05:45;UTC;25,253
13.10.2025;05:45;UTC;06:00;UTC;26,376
13.10.2025;06:00;UTC;06:15;UTC;25,661
13.10.2025;06:15;UTC;06:30;UTC;22,895
13.10.2025;06:30;UTC;06:45;UTC;17,568
13.10.2025;06:45;UTC;07:00;UTC;13,699
13.10.2025;07:00;UTC;07:15;UTC;20,236
13.10.2025;07:15;UTC;07:30;UTC;15,344
13.10.2025;07:30;UTC;07:45;UTC;13,596
13.10.2025;07:45;UTC;08:00;UTC;10,898
13.10.2025;08:00;UTC;08:15;UTC;14,147
13.10.2025;08:15;UTC;08:30;UTC;13,241
13.10.2025;08:30;UTC;08:45;UTC;11,819
13.10.2025;08:45;UTC;09:00;UTC;10,832
13.10.2025;09:00;UTC;09:15;UTC;12,709
13.10.2025;09:15;UTC;09:30;UTC;11,115
13.10.2025;09:30;UTC;09:45;UTC;10,347
13.10.2025;09:45;UTC;10:00;UTC;9,829
13.10.2025;10:00;UTC;10:15;UTC;10,356
13.10.2025;10:15;UTC;10:30;UTC;9,583
13.10.2025;10:30;UTC;10:45;UTC;9,244
13.10.2025;10:45;UTC;11:00;UTC;8,857
13.10.2025;11:00;UTC;11:15;UTC;9,505
13.10.2025;11:15;UTC;11:30;UTC;9,22
13.10.2025;11:30;UTC;11:45;UTC;8,757
13.10.2025;11:45;UTC;12:00;UTC;8,461
13.10.2025;12:00;UTC;12:15;UTC;8,275
13.10.2025;12:15;UTC;12:30;UTC;8,775
13.10.2025;12:30;UTC;12:45;UTC;9,587
13.10.2025;12:45;UTC;13:00;UTC;10,202
13.10.2025;13:00;UTC;13:15;UTC;8,83
13.10.2025;13:15;UTC;13:30;UTC;9,513
13.10.2025;13:30;UTC;13:45;UTC;10,488
13.10.2025;13:45;UTC;14:00;UTC;11,906
13.10.2025;14:00;UTC;14:15;UTC;9,22
13.10.2025;14:15;UTC;14:30;UTC;10,746
13.10.2025;14:30;UTC;14:45;UTC;12,329
13.10.2025;14:45;UTC;15:00;UTC;14,866
13.10.2025;15:00;UTC;15:15;UTC;10,678
13.10.2025;15:15;UTC;15:30;UTC;13,089
13.10.2025;15:30;UTC;15:45;UTC;19,843
13.10.2025;15:45;UTC;16:00;UTC;28,63
13.10.2025;16:00;UTC;16:15;UTC;19,522
13.10.2025;16:15;UTC;16:30;UTC;26,078
13.10.2025;16:30;UTC;16:45;UTC;36,199
13.10.2025;16:45;UTC;17:00;UTC;40,497
13.10.2025;17:00;UTC;17:15;UTC;39,692
13.10.2025;17:15;UTC;17:30;UTC;34,443
13.10.2025;17:30;UTC;17:45;UTC;27,065
13.10.2025;17:45;UTC;18:00;UTC;21,43
13.10.2025;18:00;UTC;18:15;UTC;27,343
13.10.2025;18:15;UTC;18:30;UTC;20,195
13.10.2025;18:30;UTC;18:45;UTC;14,339
13.10.2025;18:45;UTC;19:00;UTC;12,904
13.10.2025;19:00;UTC;19:15;UTC;17,62
13.10.2025;19:15;UTC;19:30;UTC;13,936
13.10.2025;19:30;UTC;19:45;UTC;11,896
13.10.2025;19:45;UTC;20:00;UTC;11,418
13.10.2025;20:00;UTC;20:15;UTC;13,499
13.10.2025;20:15;UTC;20:30;UTC;12,817
13.10.2025;20:30;UTC;20:45;UTC;11,73
13.10.2025;20:45;UTC;21:00;UTC;10,749
13.10.2025;21:00;UTC;21:15;UTC;12,309
13.10.2025;21:15;UTC;21:30;UTC;10,969
13.10.2025;21:30;UTC;21:45;UTC;10,742
13.10.2025;21:45;UTC;22:00;UTC;10,49
13.10.2025;22:00;UTC;22:15;UTC;11,493
13.10.2025;22:15;UTC;22:30;UTC;11,653
13.10.2025;22:30;UTC;22:45;UTC;10,551
13.10.2025;22:45;UTC;23:00;UTC;9,976
13.10.2025;23:00;UTC;23:15;UTC;10,73
13.10.2025;23:15;UTC;23:30;UTC;10,471
13.10.2025;23:30;UTC;23:45;UTC;10,265
13.10.2025;23:45;UTC;00:00;UTC;9,74
14.10.2025;00:00;UTC;00:15;UTC;10,485
14.10.2025;00:15;UTC;00:30;UTC;10,036
14.10.2025;00:30;UTC;00:45;UTC;9,804
14.10.2025;00:45;UTC;01:00;UTC;9,483
14.10.2025;01:00;UTC;01:15;UTC;10,087
14.10.2025;01:15;UTC;01:30;UTC;9,909
14.10.2025;01:30;UTC;01:45;UTC;9,743
14.10.2025;01:45;UTC;02:00;UTC;9,808
14.10.2025;02:00;UTC;02:15;UTC;9,788
14.10.2025;02:15;UTC;02:30;UTC;9,92
14.10.2025;02:30;UTC;02:45;UTC;9,871
14.10.2025;02:45;UTC;03:00;UTC;10,44
14.10.2025;03:00;UTC;03:15;UTC;9,727
14.10.2025;03:15;UTC;03:30;UTC;10,282
14.10.2025;03:30;UTC;03:45;UTC;10,199
14.10.2025;03:45;UTC;04:00;UTC;10,371
14.10.2025;04:00;UTC;04:15;UTC;9,259
14.10.2025;04:15;UTC;04:30;UTC;12,187
14.10.2025;04:30;UTC;04:45;UTC;14,301
14.10.2025;04:45;UTC;05:00;UTC;13,57
14.10.2025;05:00;UTC;05:15;UTC;13,094
14.10.2025;05:15;UTC;05:30;UTC;14,301
14.10.2025;05:30;UTC;05:45;UTC;17,903
14.10.2025;05:45;UTC;06:00;UTC;18,78
14.10.2025;06:00;UTC;06:15;UTC;23,108
14.10.2025;06:15;UTC;06:30;UTC;22,4
14.10.2025;06:30;UTC;06:45;UTC;16,721
14.10.2025;06:45;UTC;07:00;UTC;14,099
14.10.2025;07:00;UTC;07:15;UTC;21,571
14.10.2025;07:15;UTC;07:30;UTC;15,383
14.10.2025;07:30;UTC;07:45;UTC;13,411
14.10.2025;07:45;UTC;08:00;UTC;12,213
14.10.2025;08:00;UTC;08:15;UTC;18,081
14.10.2025;08:15;UTC;08:30;UTC;13,293
14.10.2025;08:30;UTC;08:45;UTC;11,651
14.10.2025;08:45;UTC;09:00;UTC;10,865
14.10.2025;09:00;UTC;09:15;UTC;13,503
14.10.2025;09:15;UTC;09:30;UTC;12,093
14.10.2025;09:30;UTC;09:45;UTC;11,602
14.10.2025;09:45;UTC;10:00;UTC;10,74
14.10.2025;10:00;UTC;10:15;UTC;11,29
14.10.2025;10:15;UTC;10:30;UTC;11,169
14.10.2025;10:30;UTC;10:45;UTC;10,738
14.10.2025;10:45;UTC;11:00;UTC;9,862
14.10.2025;11:00;UTC;11:15;UTC;10,484
14.10.2025;11:15;UTC;11:30;UTC;10,249
14.10.2025;11:30;UTC;11:45;UTC;10,349
14.10.2025;11:45;UTC;12:00;UTC;10,117
14.10.2025;12:00;UTC;12:15;UTC;8,618
14.10.2025;12:15;UTC;12:30;UTC;10,081
14.10.2025;12:30;UTC;12:45;UTC;10,864
14.10.2025;12:45;UTC;13:00;UTC;12,543
14.10.2025;13:00;UTC;13:15;UTC;10,187
14.10.2025;13:15;UTC;13:30;UTC;11,29
14.10.2025;13:30;UTC;13:45;UTC;11,814
14.10.2025;13:45;UTC;14:00;UTC;15,619
14.10.2025;14:00;UTC;14:15;UTC;9,104
14.10.2025;14:15;UTC;14:30;UTC;11,609
14.10.2025;14:30;UTC;14:45;UTC;15,495
14.10.2025;14:45;UTC;15:00;UTC;22,432
14.10.2025;15:00;UTC;15:15;UTC;11,394
14.10.2025;15:15;UTC;15:30;UTC;14,51
14.10.2025;15:30;UTC;15:45;UTC;23,896
14.10.2025;15:45;UTC;16:00;UTC;37,878
14.10.2025;16:00;UTC;16:15;UTC;27,481
14.10.2025;16:15;UTC;16:30;UTC;36,184
14.10.2025;16:30;UTC;16:45;UTC;47,48
14.10.2025;16:45;UTC;17:00;UTC;50,838
14.10.2025;17:00;UTC;17:15;UTC;49,394
14.10.2025;17:15;UTC;17:30;UTC;44,863
14.10.2025;17:30;UTC;17:45;UTC;37,998
14.10.2025;17:45;UTC;18:00;UTC;30,627
14.10.2025;18:00;UTC;18:15;UTC;33,22
14.10.2025;18:15;UTC;18:30;UTC;24,283
14.10.2025;18:30;UTC;18:45;UTC;18,17
14.10.2025;18:45;UTC;19:00;UTC;14,519
14.10.2025;19:00;UTC;19:15;UTC;21,42
14.10.2025;19:15;UTC;19:30;UTC;16,507
14.10.2025;19:30;UTC;19:45;UTC;14,691
14.10.2025;19:45;UTC;20:00;UTC;12,598
14.10.2025;20:00;UTC;20:15;UTC;14,69
14.10.2025;20:15;UTC;20:30;UTC;13,257
14.10.2025;20:30;UTC;20:45;UTC;12,309
14.10.2025;20:45;UTC;21:00;UTC;11,687
14.10.2025;21:00;UTC;21:15;UTC;12,395
14.10.2025;21:15;UTC;21:30;UTC;11,801
14.10.2025;21:30;UTC;21:45;UTC;11,063
14.10.2025;21:45;UTC;22:00;UTC;10,885
14.10.2025;22:00;UTC;22:15;UTC;12,026
14.10.2025;22:15;UTC;22:30;UTC;11,609
14.10.2025;22:30;UTC;22:45;UTC;11,353
14.10.2025;22:45;UTC;23:00;UTC;11,197
14.10.2025;23:00;UTC;23:15;UTC;11,716
14.10.2025;23:15;UTC;23:30;UTC;11,245
14.10.2025;23:30;UTC;23:45;UTC;11,016
14.10.2025;23:45;UTC;00:00;UTC;10,769
15.10.2025;00:00;UTC;00:15;UTC;11,015
15.10.2025;00:15;UTC;00:30;UTC;10,838
15.10.2025;00:30;UTC;00:45;UTC;10,629
15.10.2025;00:45;UTC;01:00;UTC;10,59
15.10.2025;01:00;UTC;01:15;UTC;10,598
15.10.2025;01:15;UTC;01:30;UTC;10,494
15.10.2025;01:30;UTC;01:45;UTC;10,143
15.10.2025;01:45;UTC;02:00;UTC;10,212
15.10.2025;02:00;UTC;02:15;UTC;10,206
15.10.2025;02:15;UTC;02:30;UTC;10,476
15.10.2025;02:30;UTC;02:45;UTC;10,721
15.10.2025;02:45;UTC;03:00;UTC;11,189
15.10.2025;03:00;UTC;03:15;UTC;10,885
15.10.2025;03:15;UTC;03:30;UTC;11,274
15.10.2025;03:30;UTC;03:45;UTC;11,66
15.10.2025;03:45;UTC;04:00;UTC;11,94
15.10.2025;04:00;UTC;04:15;UTC;11,712
15.10.2025;04:15;UTC;04:30;UTC;13,133
15.10.2025;04:30;UTC;04:45;UTC;16,435
15.10.2025;04:45;UTC;05:00;UTC;19,504
15.10.2025;05:00;UTC;05:15;UTC;21,175
15.10.2025;05:15;UTC;05:30;UTC;27,01
15.10.2025;05:30;UTC;05:45;UTC;31,958
15.10.2025;05:45;UTC;06:00;UTC;31,353
15.10.2025;06:00;UTC;06:15;UTC;35,461
15.10.2025;06:15;UTC;06:30;UTC;30,477
15.10.2025;06:30;UTC;06:45;UTC;24,713
15.10.2025;06:45;UTC;07:00;UTC;19,828
15.10.2025;07:00;UTC;07:15;UTC;25,211
15.10.2025;07:15;UTC;07:30;UTC;19,767
15.10.2025;07:30;UTC;07:45;UTC;14,343
15.10.2025;07:45;UTC;08:00;UTC;13,1
15.10.2025;08:00;UTC;08:15;UTC;18,444
15.10.2025;08:15;UTC;08:30;UTC;14,101
15.10.2025;08:30;UTC;08:45;UTC;13,188
15.10.2025;08:45;UTC;09:00;UTC;11,21
15.10.2025;09:00;UTC;09:15;UTC;14,577
15.10.2025;09:15;UTC;09:30;UTC;13,042
15.10.2025;09:30;UTC;09:45;UTC;11,722
15.10.2025;09:45;UTC;10:00;UTC;11,101
15.10.2025;10:00;UTC;10:15;UTC;12,791
15.10.2025;10:15;UTC;10:30;UTC;12,404
15.10.2025;10:30;UTC;10:45;UTC;11,592
15.10.2025;10:45;UTC;11:00;UTC;10,983
15.10.2025;11:00;UTC;11:15;UTC;11,801
15.10.2025;11:15;UTC;11:30;UTC;11,582
15.10.2025;11:30;UTC;11:45;UTC;11,1
15.10.2025;11:45;UTC;12:00;UTC;10,668
15.10.2025;12:00;UTC;12:15;UTC;10,751
15.10.2025;12:15;UTC;12:30;UTC;10,968
15.10.2025;12:30;UTC;12:45;UTC;11,698
15.10.2025;12:45;UTC;13:00;UTC;12,74
15.10.2025;13:00;UTC;13:15;UTC;10,37
15.10.2025;13:15;UTC;13:30;UTC;10,764
15.10.2025;13:30;UTC;13:45;UTC;12,493
15.10.2025;13:45;UTC;14:00;UTC;15,43
15.10.2025;14:00;UTC;14:15;UTC;10,151
15.10.2025;14:15;UTC;14:30;UTC;11,871
15.10.2025;14:30;UTC;14:45;UTC;14,798
15.10.2025;14:45;UTC;15:00;UTC;17,457
15.10.2025;15:00;UTC;15:15;UTC;10,502
15.10.2025;15:15;UTC;15:30;UTC;13,03
15.10.2025;15:30;UTC;15:45;UTC;18,317
15.10.2025;15:45;UTC;16:00;UTC;26,151
15.10.2025;16:00;UTC;16:15;UTC;15,676
15.10.2025;16:15;UTC;16:30;UTC;18,962
15.10.2025;16:30;UTC;16:45;UTC;24,684
15.10.2025;16:45;UTC;17:00;UTC;29,429
15.10.2025;17:00;UTC;17:15;UTC;29,357
15.10.2025;17:15;UTC;17:30;UTC;24,291
15.10.2025;17:30;UTC;17:45;UTC;18,293
15.10.2025;17:45;UTC;18:00;UTC;16,059
15.10.2025;18:00;UTC;18:15;UTC;21,351
15.10.2025;18:15;UTC;18:30;UTC;15,801
15.10.2025;18:30;UTC;18:45;UTC;12,495
15.10.2025;18:45;UTC;19:00;UTC;11,491
15.10.2025;19:00;UTC;19:15;UTC;15,328
15.10.2025;19:15;UTC;19:30;UTC;13,141
15.10.2025;19:30;UTC;19:45;UTC;11,817
15.10.2025;19:45;UTC;20:00;UTC;9,451
15.10.2025;20:00;UTC;20:15;UTC;11,472
15.10.2025;20:15;UTC;20:30;UTC;10,131
15.10.2025;20:30;UTC;20:45;UTC;9,535
15.10.2025;20:45;UTC;21:00;UTC;8,146
15.10.2025;21:00;UTC;21:15;UTC;9,539
15.10.2025;21:15;UTC;21:30;UTC;8,717
15.10.2025;21:30;UTC;21:45;UTC;8,71
15.10.2025;21:45;UTC;22:00;UTC;8,302
15.10.2025;22:00;UTC;22:15;UTC;9,022
15.10.2025;22:15;UTC;22:30;UTC;9,163
15.10.2025;22:30;UTC;22:45;UTC;8,893
15.10.2025;22:45;UTC;23:00;UTC;8,188
15.10.2025;23:00;UTC;23:15;UTC;9,067
15.10.2025;23:15;UTC;23:30;UTC;8,714
15.10.2025;23:30;UTC;23:45;UTC;8,509
15.10.2025;23:45;UTC;00:00;UTC;8,033
16.10.2025;00:00;UTC;00:15;UTC;9,041
16.10.2025;00:15;UTC;00:30;UTC;8,87
16.10.2025;00:30;UTC;00:45;UTC;8,791
16.10.2025;00:45;UTC;01:00;UTC;8,498
16.10.2025;01:00;UTC;01:15;UTC;9,001
16.10.2025;01:15;UTC;01:30;UTC;8,869
16.10.2025;01:30;UTC;01:45;UTC;8,869
16.10.2025;01:45;UTC;02:00;UTC;7,923
16.10.2025;02:00;UTC;02:15;UTC;8,613
16.10.2025;02:15;UTC;02:30;UTC;8,805
16.10.2025;02:30;UTC;02:45;UTC;8,849
16.10.2025;02:45;UTC;03:00;UTC;9,067
16.10.2025;03:00;UTC;03:15;UTC;8,024
16.10.2025;03:15;UTC;03:30;UTC;8,125
16.10.2025;03:30;UTC;03:45;UTC;8,51
16.10.2025;03:45;UTC;04:00;UTC;9,359
16.10.2025;04:00;UTC;04:15;UTC;7,919
16.10.2025;04:15;UTC;04:30;UTC;8,999
16.10.2025;04:30;UTC;04:45;UTC;9,827
16.10.2025;04:45;UTC;05:00;UTC;11,732
16.10.2025;05:00;UTC;05:15;UTC;10,188
16.10.2025;05:15;UTC;05:30;UTC;11,605
16.10.2025;05:30;UTC;05:45;UTC;12,106
16.10.2025;05:45;UTC;06:00;UTC;12,55
16.10.2025;06:00;UTC;06:15;UTC;14,839
16.10.2025;06:15;UTC;06:30;UTC;14,612
16.10.2025;06:30;UTC;06:45;UTC;13,274
16.10.2025;06:45;UTC;07:00;UTC;10,382
16.10.2025;07:00;UTC;07:15;UTC;14,75
16.10.2025;07:15;UTC;07:30;UTC;13,271
16.10.2025;07:30;UTC;07:45;UTC;10,638
16.10.2025;07:45;UTC;08:00;UTC;9,313
16.10.2025;08:00;UTC;08:15;UTC;11,8
16.10.2025;08:15;UTC;08:30;UTC;9,373
16.10.2025;08:30;UTC;08:45;UTC;8,121
16.10.2025;08:45;UTC;09:00;UTC;7,601
16.10.2025;09:00;UTC;09:15;UTC;10,238
16.10.2025;09:15;UTC;09:30;UTC;8,671
16.10.2025;09:30;UTC;09:45;UTC;8,548
16.10.2025;09:45;UTC;10:00;UTC;7,866
16.10.2025;10:00;UTC;10:15;UTC;8,901
16.10.2025;10:15;UTC;10:30;UTC;8,276
16.10.2025;10:30;UTC;10:45;UTC;8,344
16.10.2025;10:45;UTC;11:00;UTC;7,84
16.10.2025;11:00;UTC;11:15;UTC;8,428
16.10.2025;11:15;UTC;11:30;UTC;8,254
16.10.2025;11:30;UTC;11:45;UTC;8,068
16.10.2025;11:45;UTC;12:00;UTC;7,84
16.10.2025;12:00;UTC;12:15;UTC;7,696
16.10.2025;12:15;UTC;12:30;UTC;7,925
16.10.2025;12:30;UTC;12:45;UTC;8,156
16.10.2025;12:45;UTC;13:00;UTC;9,415
16.10.2025;13:00;UTC;13:15;UTC;7,21
16.10.2025;13:15;UTC;13:30;UTC;8,242
16.10.2025;13:30;UTC;13:45;UTC;8,509
16.10.2025;13:45;UTC;14:00;UTC;9,25
16.10.2025;14:00;UTC;14:15;UTC;6,812
16.10.2025;14:15;UTC;14:30;UTC;7,948
16.10.2025;14:30;UTC;14:45;UTC;9,241
16.10.2025;14:45;UTC;15:00;UTC;11,61
16.10.2025;15:00;UTC;15:15;UTC;7,84
16.10.2025;15:15;UTC;15:30;UTC;11,606
16.10.2025;15:30;UTC;15:45;UTC;13,251
16.10.2025;15:45;UTC;16:00;UTC;15,669
16.10.2025;16:00;UTC;16:15;UTC;10,96
16.10.2025;16:15;UTC;16:30;UTC;12,87
16.10.2025;16:30;UTC;16:45;UTC;13,591
16.10.2025;16:45;UTC;17:00;UTC;14,579
16.10.2025;17:00;UTC;17:15;UTC;13,723
16.10.2025;17:15;UTC;17:30;UTC;14,429
16.10.2025;17:30;UTC;17:45;UTC;14,465
16.10.2025;17:45;UTC;18:00;UTC;13,619
16.10.2025;18:00;UTC;18:15;UTC;14,504
16.10.2025;18:15;UTC;18:30;UTC;12,338
16.10.2025;18:30;UTC;18:45;UTC;12,8
16.10.2025;18:45;UTC;19:00;UTC;10,596
16.10.2025;19:00;UTC;19:15;UTC;12,453
16.10.2025;19:15;UTC;19:30;UTC;10,618
16.10.2025;19:30;UTC;19:45;UTC;9,047
16.10.2025;19:45;UTC;20:00;UTC;8,775
16.10.2025;20:00;UTC;20:15;UTC;9,65
16.10.2025;20:15;UTC;20:30;UTC;10,023
16.10.2025;20:30;UTC;20:45;UTC;10,599
16.10.2025;20:45;UTC;21:00;UTC;9,67
16.10.2025;21:00;UTC;21:15;UTC;10,087
16.10.2025;21:15;UTC;21:30;UTC;9,547
16.10.2025;21:30;UTC;21:45;UTC;9,32
16.10.2025;21:45;UTC;22:00;UTC;8,391
16.10.2025;22:00;UTC;22:15;UTC;9,14
16.10.2025;22:15;UTC;22:30;UTC;8,811
16.10.2025;22:30;UTC;22:45;UTC;8,724
16.10.2025;22:45;UTC;23:00;UTC;8,584
16.10.2025;23:00;UTC;23:15;UTC;8,707
16.10.2025;23:15;UTC;23:30;UTC;8,752
16.10.2025;23:30;UTC;23:45;UTC;8,838
16.10.2025;23:45;UTC;00:00;UTC;9,028
17.10.2025;00:00;UTC;00:15;UTC;9,14
17.10.2025;00:15;UTC;00:30;UTC;8,82
17.10.2025;00:30;UTC;00:45;UTC;8,84
17.10.2025;00:45;UTC;01:00;UTC;8,823
17.10.2025;01:00;UTC;01:15;UTC;8,971
17.10.2025;01:15;UTC;01:30;UTC;8,783
17.10.2025;01:30;UTC;01:45;UTC;8,876
17.10.2025;01:45;UTC;02:00;UTC;8,753
17.10.2025;02:00;UTC;02:15;UTC;8,727
17.10.2025;02:15;UTC;02:30;UTC;8,746
17.10.2025;02:30;UTC;02:45;UTC;9,14
17.10.2025;02:45;UTC;03:00;UTC;9,622
17.10.2025;03:00;UTC;03:15;UTC;8,999
17.10.2025;03:15;UTC;03:30;UTC;9,013
17.10.2025;03:30;UTC;03:45;UTC;9,827
17.10.2025;03:45;UTC;04:00;UTC;9,965
17.10.2025;04:00;UTC;04:15;UTC;8,577
17.10.2025;04:15;UTC;04:30;UTC;9,593
17.10.2025;04:30;UTC;04:45;UTC;11,93
17.10.2025;04:45;UTC;05:00;UTC;13,064
17.10.2025;05:00;UTC;05:15;UTC;11,957
17.10.2025;05:15;UTC;05:30;UTC;11,778
17.10.2025;05:30;UTC;05:45;UTC;13,301
17.10.2025;05:45;UTC;06:00;UTC;14,758
17.10.2025;06:00;UTC;06:15;UTC;15,882
17.10.2025;06:15;UTC;06:30;UTC;15,999
17.10.2025;06:30;UTC;06:45;UTC;14,081
17.10.2025;06:45;UTC;07:00;UTC;11,972
17.10.2025;07:00;UTC;07:15;UTC;16,102
17.10.2025;07:15;UTC;07:30;UTC;13,3
17.10.2025;07:30;UTC;07:45;UTC;12
17.10.2025;07:45;UTC;08:00;UTC;10,206
17.10.2025;08:00;UTC;08:15;UTC;12,909
17.10.2025;08:15;UTC;08:30;UTC;12,362
17.10.2025;08:30;UTC;08:45;UTC;11,261
17.10.2025;08:45;UTC;09:00;UTC;10,34
17.10.2025;09:00;UTC;09:15;UTC;11,5
17.10.2025;09:15;UTC;09:30;UTC;10,356
17.10.2025;09:30;UTC;09:45;UTC;9,185
17.10.2025;09:45;UTC;10:00;UTC;8,574
17.10.2025;10:00;UTC;10:15;UTC;9,383
17.10.2025;10:15;UTC;10:30;UTC;8,792
17.10.2025;10:30;UTC;10:45;UTC;8,674
17.10.2025;10:45;UTC;11:00;UTC;8,407
17.10.2025;11:00;UTC;11:15;UTC;8,84
17.10.2025;11:15;UTC;11:30;UTC;8,741
17.10.2025;11:30;UTC;11:45;UTC;8,74
17.10.2025;11:45;UTC;12:00;UTC;8,366
17.10.2025;12:00;UTC;12:15;UTC;8,273
17.10.2025;12:15;UTC;12:30;UTC;8,709
17.10.2025;12:30;UTC;12:45;UTC;8,968
17.10.2025;12:45;UTC;13:00;UTC;9,172
17.10.2025;13:00;UTC;13:15;UTC;8,39
17.10.2025;13:15;UTC;13:30;UTC;8,74
17.10.2025;13:30;UTC;13:45;UTC;9,11
17.10.2025;13:45;UTC;14:00;UTC;9,217
17.10.2025;14:00;UTC;14:15;UTC;8,405
17.10.2025;14:15;UTC;14:30;UTC;8,732
17.10.2025;14:30;UTC;14:45;UTC;9,376
17.10.2025;14:45;UTC;15:00;UTC;11,487
17.10.2025;15:00;UTC;15:15;UTC;8,825
17.10.2025;15:15;UTC;15:30;UTC;10,823
17.10.2025;15:30;UTC;15:45;UTC;12,214
17.10.2025;15:45;UTC;16:00;UTC;15,005
17.10.2025;16:00;UTC;16:15;UTC;12,64
17.10.2025;16:15;UTC;16:30;UTC;12,932
17.10.2025;16:30;UTC;16:45;UTC;12,533
17.10.2025;16:45;UTC;17:00;UTC;13,619
17.10.2025;17:00;UTC;17:15;UTC;12,786
17.10.2025;17:15;UTC;17:30;UTC;12,954
17.10.2025;17:30;UTC;17:45;UTC;13,645
17.10.2025;17:45;UTC;18:00;UTC;12,891
17.10.2025;18:00;UTC;18:15;UTC;13,143
17.10.2025;18:15;UTC;18:30;UTC;11,115
17.10.2025;18:30;UTC;18:45;UTC;11,944
17.10.2025;18:45;UTC;19:00;UTC;10,593
17.10.2025;19:00;UTC;19:15;UTC;11,47
17.10.2025;19:15;UTC;19:30;UTC;10,144
17.10.2025;19:30;UTC;19:45;UTC;10,145
17.10.2025;19:45;UTC;20:00;UTC;9,863
17.10.2025;20:00;UTC;20:15;UTC;10,812
17.10.2025;20:15;UTC;20:30;UTC;10,281
17.10.2025;20:30;UTC;20:45;UTC;10,198
17.10.2025;20:45;UTC;21:00;UTC;9,582
17.10.2025;21:00;UTC;21:15;UTC;10,545
17.10.2025;21:15;UTC;21:30;UTC;9,53
17.10.2025;21:30;UTC;21:45;UTC;8,785
17.10.2025;21:45;UTC;22:00;UTC;8,139
17.10.2025;22:00;UTC;22:15;UTC;9,361
17.10.2025;22:15;UTC;22:30;UTC;10,362
17.10.2025;22:30;UTC;22:45;UTC;9,34
17.10.2025;22:45;UTC;23:00;UTC;8,783
17.10.2025;23:00;UTC;23:15;UTC;9,635
17.10.2025;23:15;UTC;23:30;UTC;8,971
17.10.2025;23:30;UTC;23:45;UTC;8,682
17.10.2025;23:45;UTC;00:00;UTC;8,656
18.10.2025;00:00;UTC;00:15;UTC;9,72
18.10.2025;00:15;UTC;00:30;UTC;8,98
18.10.2025;00:30;UTC;00:45;UTC;8,687
18.10.2025;00:45;UTC;01:00;UTC;8,538
18.10.2025;01:00;UTC;01:15;UTC;8,651
18.10.2025;01:15;UTC;01:30;UTC;8,683
18.10.2025;01:30;UTC;01:45;UTC;8,962
18.10.2025;01:45;UTC;02:00;UTC;9,038
18.10.2025;02:00;UTC;02:15;UTC;8,541
18.10.2025;02:15;UTC;02:30;UTC;8,607
18.10.2025;02:30;UTC;02:45;UTC;8,929
18.10.2025;02:45;UTC;03:00;UTC;9,263
18.10.2025;03:00;UTC;03:15;UTC;8,236
18.10.2025;03:15;UTC;03:30;UTC;8,506
18.10.2025;03:30;UTC;03:45;UTC;9,341
18.10.2025;03:45;UTC;04:00;UTC;9,243
18.10.2025;04:00;UTC;04:15;UTC;8,022
18.10.2025;04:15;UTC;04:30;UTC;8,54
18.10.2025;04:30;UTC;04:45;UTC;9,57
18.10.2025;04:45;UTC;05:00;UTC;10,65
18.10.2025;05:00;UTC;05:15;UTC;9,319
18.10.2025;05:15;UTC;05:30;UTC;10,874
18.10.2025;05:30;UTC;05:45;UTC;11,587
18.10.2025;05:45;UTC;06:00;UTC;12,009
18.10.2025;06:00;UTC;06:15;UTC;12,119
18.10.2025;06:15;UTC;06:30;UTC;11,752
18.10.2025;06:30;UTC;06:45;UTC;11,65
18.10.2025;06:45;UTC;07:00;UTC;10,297
18.10.2025;07:00;UTC;07:15;UTC;12,499
18.10.2025;07:15;UTC;07:30;UTC;11,567
18.10.2025;07:30;UTC;07:45;UTC;9,287
18.10.2025;07:45;UTC;08:00;UTC;7,544
18.10.2025;08:00;UTC;08:15;UTC;11,491
18.10.2025;08:15;UTC;08:30;UTC;9,169
18.10.2025;08:30;UTC;08:45;UTC;8,288
18.10.2025;08:45;UTC;09:00;UTC;7,639
18.10.2025;09:00;UTC;09:15;UTC;8,799
18.10.2025;09:15;UTC;09:30;UTC;8,261
18.10.2025;09:30;UTC;09:45;UTC;7,979
18.10.2025;09:45;UTC;10:00;UTC;7,276
18.10.2025;10:00;UTC;10:15;UTC;7,844
18.10.2025;10:15;UTC;10:30;UTC;7,585
18.10.2025;10:30;UTC;10:45;UTC;7,378
18.10.2025;10:45;UTC;11:00;UTC;6,769
18.10.2025;11:00;UTC;11:15;UTC;6,867
18.10.2025;11:15;UTC;11:30;UTC;6,56
18.10.2025;11:30;UTC;11:45;UTC;6,753
18.10.2025;11:45;UTC;12:00;UTC;6,833
18.10.2025;12:00;UTC;12:15;UTC;6,441
18.10.2025;12:15;UTC;12:30;UTC;7,04
18.10.2025;12:30;UTC;12:45;UTC;7,514
18.10.2025;12:45;UTC;13:00;UTC;7,924
18.10.2025;13:00;UTC;13:15;UTC;7,122
18.10.2025;13:15;UTC;13:30;UTC;7,841
18.10.2025;13:30;UTC;13:45;UTC;8,627
18.10.2025;13:45;UTC;14:00;UTC;9,81
18.10.2025;14:00;UTC;14:15;UTC;6,69
18.10.2025;14:15;UTC;14:30;UTC;8,465
18.10.2025;14:30;UTC;14:45;UTC;10,615
18.10.2025;14:45;UTC;15:00;UTC;12,85
18.10.2025;15:00;UTC;15:15;UTC;8,728
18.10.2025;15:15;UTC;15:30;UTC;11,094
18.10.2025;15:30;UTC;15:45;UTC;12,223
18.10.2025;15:45;UTC;16:00;UTC;16,211
18.10.2025;16:00;UTC;16:15;UTC;12,618
18.10.2025;16:15;UTC;16:30;UTC;13,202
18.10.2025;16:30;UTC;16:45;UTC;13,852
18.10.2025;16:45;UTC;17:00;UTC;13,622
18.10.2025;17:00;UTC;17:15;UTC;13,839
18.10.2025;17:15;UTC;17:30;UTC;12,722
18.10.2025;17:30;UTC;17:45;UTC;11,806
18.10.2025;17:45;UTC;18:00;UTC;11,562
18.10.2025;18:00;UTC;18:15;UTC;13,3
18.10.2025;18:15;UTC;18:30;UTC;11,538
18.10.2025;18:30;UTC;18:45;UTC;10,598
18.10.2025;18:45;UTC;19:00;UTC;9,762
18.10.2025;19:00;UTC;19:15;UTC;9,916
18.10.2025;19:15;UTC;19:30;UTC;9,702
18.10.2025;19:30;UTC;19:45;UTC;8,914
18.10.2025;19:45;UTC;20:00;UTC;8,489
18.10.2025;20:00;UTC;20:15;UTC;10,416
18.10.2025;20:15;UTC;20:30;UTC;9,586
18.10.2025;20:30;UTC;20:45;UTC;9,688
18.10.2025;20:45;UTC;21:00;UTC;8,541
18.10.2025;21:00;UTC;21:15;UTC;10,587
18.10.2025;21:15;UTC;21:30;UTC;9,635
18.10.2025;21:30;UTC;21:45;UTC;8,931
18.10.2025;21:45;UTC;22:00;UTC;8,589
18.10.2025;22:00;UTC;22:15;UTC;10,322
18.10.2025;22:15;UTC;22:30;UTC;9,2
18.10.2025;22:30;UTC;22:45;UTC;8,758
18.10.2025;22:45;UTC;23:00;UTC;8,657
18.10.2025;23:00;UTC;23:15;UTC;9,565
18.10.2025;23:15;UTC;23:30;UTC;8,943
18.10.2025;23:30;UTC;23:45;UTC;8,492
18.10.2025;23:45;UTC;00:00;UTC;8,034
19.10.2025;00:00;UTC;00:15;UTC;8,643
19.10.2025;00:15;UTC;00:30;UTC;8,15
19.10.2025;00:30;UTC;00:45;UTC;8,172
19.10.2025;00:45;UTC;01:00;UTC;7,952
19.10.2025;01:00;UTC;01:15;UTC;8,307
19.10.2025;01:15;UTC;01:30;UTC;8,058
19.10.2025;01:30;UTC;01:45;UTC;8,152
19.10.2025;01:45;UTC;02:00;UTC;8,339
19.10.2025;02:00;UTC;02:15;UTC;8,359
19.10.2025;02:15;UTC;02:30;UTC;8,235
19.10.2025;02:30;UTC;02:45;UTC;8,409
19.10.2025;02:45;UTC;03:00;UTC;8,282
19.10.2025;03:00;UTC;03:15;UTC;8,237
19.10.2025;03:15;UTC;03:30;UTC;8,129
19.10.2025;03:30;UTC;03:45;UTC;8,562
19.10.2025;03:45;UTC;04:00;UTC;8,471
19.10.2025;04:00;UTC;04:15;UTC;8,25
19.10.2025;04:15;UTC;04:30;UTC;8,234
19.10.2025;04:30;UTC;04:45;UTC;8,514
19.10.2025;04:45;UTC;05:00;UTC;9,102
19.10.2025;05:00;UTC;05:15;UTC;8,555
19.10.2025;05:15;UTC;05:30;UTC;8,777
19.10.2025;05:30;UTC;05:45;UTC;8,349
19.10.2025;05:45;UTC;06:00;UTC;8,421
19.10.2025;06:00;UTC;06:15;UTC;9,873
19.10.2025;06:15;UTC;06:30;UTC;9,556
19.10.2025;06:30;UTC;06:45;UTC;8,187
19.10.2025;06:45;UTC;07:00;UTC;7,247
19.10.2025;07:00;UTC;07:15;UTC;9,686
19.10.2025;07:15;UTC;07:30;UTC;8,282
19.10.2025;07:30;UTC;07:45;UTC;7,443
19.10.2025;07:45;UTC;08:00;UTC;5,962
19.10.2025;08:00;UTC;08:15;UTC;8,151
19.10.2025;08:15;UTC;08:30;UTC;6,996
19.10.2025;08:30;UTC;08:45;UTC;6,772
19.10.2025;08:45;UTC;09:00;UTC;5,936
19.10.2025;09:00;UTC;09:15;UTC;7,405
19.10.2025;09:15;UTC;09:30;UTC;6,62
19.10.2025;09:30;UTC;09:45;UTC;6,003
19.10.2025;09:45;UTC;10:00;UTC;4,092
19.10.2025;10:00;UTC;10:15;UTC;5,436
19.10.2025;10:15;UTC;10:30;UTC;4,005
19.10.2025;10:30;UTC;10:45;UTC;2,8
19.10.2025;10:45;UTC;11:00;UTC;1,586
19.10.2025;11:00;UTC;11:15;UTC;2,408
19.10.2025;11:15;UTC;11:30;UTC;2,125
19.10.2025;11:30;UTC;11:45;UTC;1,978
19.10.2025;11:45;UTC;12:00;UTC;1,607
19.10.2025;12:00;UTC;12:15;UTC;1,168
19.10.2025;12:15;UTC;12:30;UTC;2,267
19.10.2025;12:30;UTC;12:45;UTC;4,471
19.10.2025;12:45;UTC;13:00;UTC;6,581
19.10.2025;13:00;UTC;13:15;UTC;4,006
19.10.2025;13:15;UTC;13:30;UTC;6,889
19.10.2025;13:30;UTC;13:45;UTC;7,31
19.10.2025;13:45;UTC;14:00;UTC;8,504
19.10.2025;14:00;UTC;14:15;UTC;5,906
19.10.2025;14:15;UTC;14:30;UTC;7,939
19.10.2025;14:30;UTC;14:45;UTC;10,059
19.10.2025;14:45;UTC;15:00;UTC;12,068
19.10.2025;15:00;UTC;15:15;UTC;8,607
19.10.2025;15:15;UTC;15:30;UTC;10,001
19.10.2025;15:30;UTC;15:45;UTC;11,361
19.10.2025;15:45;UTC;16:00;UTC;12,46
19.10.2025;16:00;UTC;16:15;UTC;12,105
19.10.2025;16:15;UTC;16:30;UTC;11,814
19.10.2025;16:30;UTC;16:45;UTC;9,957
19.10.2025;16:45;UTC;17:00;UTC;9,199
19.10.2025;17:00;UTC;17:15;UTC;10,207
19.10.2025;17:15;UTC;17:30;UTC;8,749
19.10.2025;17:30;UTC;17:45;UTC;8,3
19.10.2025;17:45;UTC;18:00;UTC;6,992
19.10.2025;18:00;UTC;18:15;UTC;8,708
19.10.2025;18:15;UTC;18:30;UTC;7,206
19.10.2025;18:30;UTC;18:45;UTC;7,399
19.10.2025;18:45;UTC;19:00;UTC;6,888
19.10.2025;19:00;UTC;19:15;UTC;8,681
19.10.2025;19:15;UTC;19:30;UTC;7,166
19.10.2025;19:30;UTC;19:45;UTC;6,948
19.10.2025;19:45;UTC;20:00;UTC;6,465
19.10.2025;20:00;UTC;20:15;UTC;9,5
19.10.2025;20:15;UTC;20:30;UTC;7,796
19.10.2025;20:30;UTC;20:45;UTC;6,875
19.10.2025;20:45;UTC;21:00;UTC;5,726
19.10.2025;21:00;UTC;21:15;UTC;7,143
19.10.2025;21:15;UTC;21:30;UTC;5,878
19.10.2025;21:30;UTC;21:45;UTC;5,953
19.10.2025;21:45;UTC;22:00;UTC;5,368
19.10.2025;22:00;UTC;22:15;UTC;8,295
19.10.2025;22:15;UTC;22:30;UTC;6,903
19.10.2025;22:30;UTC;22:45;UTC;7,004
19.10.2025;22:45;UTC;23:00;UTC;5,813
19.10.2025;23:00;UTC;23:15;UTC;7,03
19.10.2025;23:15;UTC;23:30;UTC;6,648
19.10.2025;23:30;UTC;23:45;UTC;6,052
19.10.2025;23:45;UTC;00:00;UTC;5,86
20.10.2025;00:00;UTC;00:15;UTC;6,631
20.10.2025;00:15;UTC;00:30;UTC;6,007
20.10.2025;00:30;UTC;00:45;UTC;5,989
20.10.2025;00:45;UTC;01:00;UTC;5,765
20.10.2025;01:00;UTC;01:15;UTC;6,187
20.10.2025;01:15;UTC;01:30;UTC;5,937
20.10.2025;01:30;UTC;01:45;UTC;5,865
20.10.2025;01:45;UTC;02:00;UTC;6,012
20.10.2025;02:00;UTC;02:15;UTC;5,586
20.10.2025;02:15;UTC;02:30;UTC;5,861
20.10.2025;02:30;UTC;02:45;UTC;5,902
20.10.2025;02:45;UTC;03:00;UTC;6,892
20.10.2025;03:00;UTC;03:15;UTC;5,719
20.10.2025;03:15;UTC;03:30;UTC;7,529
20.10.2025;03:30;UTC;03:45;UTC;8,053
20.10.2025;03:45;UTC;04:00;UTC;8,623
20.10.2025;04:00;UTC;04:15;UTC;5,514
20.10.2025;04:15;UTC;04:30;UTC;8,643
20.10.2025;04:30;UTC;04:45;UTC;8,868
20.10.2025;04:45;UTC;05:00;UTC;7,476
20.10.2025;05:00;UTC;05:15;UTC;7,996
20.10.2025;05:15;UTC;05:30;UTC;8,534
20.10.2025;05:30;UTC;05:45;UTC;9,469
20.10.2025;05:45;UTC;06:00;UTC;10,748
20.10.2025;06:00;UTC;06:15;UTC;15,053
20.10.2025;06:15;UTC;06:30;UTC;13,882
20.10.2025;06:30;UTC;06:45;UTC;11,582
20.10.2025;06:45;UTC;07:00;UTC;9,522
20.10.2025;07:00;UTC;07:15;UTC;11,797
20.10.2025;07:15;UTC;07:30;UTC;10,176
20.10.2025;07:30;UTC;07:45;UTC;7,804
20.10.2025;07:45;UTC;08:00;UTC;7,097
20.10.2025;08:00;UTC;08:15;UTC;8,64
20.10.2025;08:15;UTC;08:30;UTC;7,735
20.10.2025;08:30;UTC;08:45;UTC;6,647
20.10.2025;08:45;UTC;09:00;UTC;6,238
20.10.2025;09:00;UTC;09:15;UTC;7,719
20.10.2025;09:15;UTC;09:30;UTC;7,031
20.10.2025;09:30;UTC;09:45;UTC;6,992
20.10.2025;09:45;UTC;10:00;UTC;6,232
20.10.2025;10:00;UTC;10:15;UTC;6,263
20.10.2025;10:15;UTC;10:30;UTC;6,009
20.10.2025;10:30;UTC;10:45;UTC;5,795
20.10.2025;10:45;UTC;11:00;UTC;6,048
20.10.2025;11:00;UTC;11:15;UTC;6,018
20.10.2025;11:15;UTC;11:30;UTC;6,191
20.10.2025;11:30;UTC;11:45;UTC;6,866
20.10.2025;11:45;UTC;12:00;UTC;7,034
20.10.2025;12:00;UTC;12:15;UTC;6,571
20.10.2025;12:15;UTC;12:30;UTC;7,204
20.10.2025;12:30;UTC;12:45;UTC;7,568
20.10.2025;12:45;UTC;13:00;UTC;9,091
20.10.2025;13:00;UTC;13:15;UTC;7,477
20.10.2025;13:15;UTC;13:30;UTC;8,539
20.10.2025;13:30;UTC;13:45;UTC;10,698
20.10.2025;13:45;UTC;14:00;UTC;12,142
20.10.2025;14:00;UTC;14:15;UTC;8,663
20.10.2025;14:15;UTC;14:30;UTC;10,501
20.10.2025;14:30;UTC;14:45;UTC;13,011
20.10.2025;14:45;UTC;15:00;UTC;15,629
20.10.2025;15:00;UTC;15:15;UTC;10,895
20.10.2025;15:15;UTC;15:30;UTC;13,019
20.10.2025;15:30;UTC;15:45;UTC;13,829
20.10.2025;15:45;UTC;16:00;UTC;14,706
20.10.2025;16:00;UTC;16:15;UTC;13,004
20.10.2025;16:15;UTC;16:30;UTC;13,048
20.10.2025;16:30;UTC;16:45;UTC;12,839
20.10.2025;16:45;UTC;17:00;UTC;11,145
20.10.2025;17:00;UTC;17:15;UTC;12,7
20.10.2025;17:15;UTC;17:30;UTC;10,596
20.10.2025;17:30;UTC;17:45;UTC;9,484
20.10.2025;17:45;UTC;18:00;UTC;8,42
20.10.2025;18:00;UTC;18:15;UTC;10,509
20.10.2025;18:15;UTC;18:30;UTC;8,051
20.10.2025;18:30;UTC;18:45;UTC;7,223
20.10.2025;18:45;UTC;19:00;UTC;7,133
20.10.2025;19:00;UTC;19:15;UTC;8,628
20.10.2025;19:15;UTC;19:30;UTC;9,507
20.10.2025;19:30;UTC;19:45;UTC;6,932
20.10.2025;19:45;UTC;20:00;UTC;5,434
20.10.2025;20:00;UTC;20:15;UTC;8,637
20.10.2025;20:15;UTC;20:30;UTC;7,268
20.10.2025;20:30;UTC;20:45;UTC;6,262
20.10.2025;20:45;UTC;21:00;UTC;5,184
20.10.2025;21:00;UTC;21:15;UTC;5,335
20.10.2025;21:15;UTC;21:30;UTC;5,681
20.10.2025;21:30;UTC;21:45;UTC;5,42
20.10.2025;21:45;UTC;22:00;UTC;3,964
20.10.2025;22:00;UTC;22:15;UTC;8,09
20.10.2025;22:15;UTC;22:30;UTC;6,57
20.10.2025;22:30;UTC;22:45;UTC;5,365
20.10.2025;22:45;UTC;23:00;UTC;4,567
20.10.2025;23:00;UTC;23:15;UTC;5,553
20.10.2025;23:15;UTC;23:30;UTC;4,985
20.10.2025;23:30;UTC;23:45;UTC;4,257
20.10.2025;23:45;UTC;00:00;UTC;2,738
21.10.2025;00:00;UTC;00:15;UTC;4,65
21.10.2025;00:15;UTC;00:30;UTC;3,476
21.10.2025;00:30;UTC;00:45;UTC;3,105
21.10.2025;00:45;UTC;01:00;UTC;1,998
21.10.2025;01:00;UTC;01:15;UTC;3,218
21.10.2025;01:15;UTC;01:30;UTC;2,24
21.10.2025;01:30;UTC;01:45;UTC;1,75
21.10.2025;01:45;UTC;02:00;UTC;1,703
21.10.2025;02:00;UTC;02:15;UTC;2,027
21.10.2025;02:15;UTC;02:30;UTC;2,096
21.10.2025;02:30;UTC;02:45;UTC;3,062
21.10.2025;02:45;UTC;03:00;UTC;3,18
21.10.2025;03:00;UTC;03:15;UTC;2,605
21.10.2025;03:15;UTC;03:30;UTC;4,622
21.10.2025;03:30;UTC;03:45;UTC;5,287
21.10.2025;03:45;UTC;04:00;UTC;6,47
21.10.2025;04:00;UTC;04:15;UTC;3,986
21.10.2025;04:15;UTC;04:30;UTC;7,751
21.10.2025;04:30;UTC;04:45;UTC;9,101
21.10.2025;04:45;UTC;05:00;UTC;9,2
21.10.2025;05:00;UTC;05:15;UTC;7,028
21.10.2025;05:15;UTC;05:30;UTC;9,5
21.10.2025;05:30;UTC;05:45;UTC;10,004
21.10.2025;05:45;UTC;06:00;UTC;8,717
21.10.2025;06:00;UTC;06:15;UTC;8,907
21.10.2025;06:15;UTC;06:30;UTC;9,14
21.10.2025;06:30;UTC;06:45;UTC;9,485
21.10.2025;06:45;UTC;07:00;UTC;9,101
21.10.2025;07:00;UTC;07:15;UTC;10,103
21.10.2025;07:15;UTC;07:30;UTC;8,622
21.10.2025;07:30;UTC;07:45;UTC;8,221
21.10.2025;07:45;UTC;08:00;UTC;6,941
21.10.2025;08:00;UTC;08:15;UTC;9,2
21.10.2025;08:15;UTC;08:30;UTC;8,406
21.10.2025;08:30;UTC;08:45;UTC;6,635
21.10.2025;08:45;UTC;09:00;UTC;5,467
21.10.2025;09:00;UTC;09:15;UTC;8,5
21.10.2025;09:15;UTC;09:30;UTC;7,291
21.10.2025;09:30;UTC;09:45;UTC;5,84
21.10.2025;09:45;UTC;10:00;UTC;4,414
21.10.2025;10:00;UTC;10:15;UTC;5,765
21.10.2025;10:15;UTC;10:30;UTC;5,232
21.10.2025;10:30;UTC;10:45;UTC;4,983
21.10.2025;10:45;UTC;11:00;UTC;3,002
21.10.2025;11:00;UTC;11:15;UTC;4,422
21.10.2025;11:15;UTC;11:30;UTC;3,631
21.10.2025;11:30;UTC;11:45;UTC;2,521
21.10.2025;11:45;UTC;12:00;UTC;2,059
21.10.2025;12:00;UTC;12:15;UTC;1,649
21.10.2025;12:15;UTC;12:30;UTC;2,818
21.10.2025;12:30;UTC;12:45;UTC;3,548
21.10.2025;12:45;UTC;13:00;UTC;5,209
21.10.2025;13:00;UTC;13:15;UTC;2,339
21.10.2025;13:15;UTC;13:30;UTC;4,769
21.10.2025;13:30;UTC;13:45;UTC;7,883
21.10.2025;13:45;UTC;14:00;UTC;9,101
21.10.2025;14:00;UTC;14:15;UTC;3,544
21.10.2025;14:15;UTC;14:30;UTC;5,342
21.10.2025;14:30;UTC;14:45;UTC;8,569
21.10.2025;14:45;UTC;15:00;UTC;9,826
21.10.2025;15:00;UTC;15:15;UTC;5,197
21.10.2025;15:15;UTC;15:30;UTC;9,022
21.10.2025;15:30;UTC;15:45;UTC;12,026
21.10.2025;15:45;UTC;16:00;UTC;13,755
21.10.2025;16:00;UTC;16:15;UTC;8,711
21.10.2025;16:15;UTC;16:30;UTC;11,275
21.10.2025;16:30;UTC;16:45;UTC;14,412
21.10.2025;16:45;UTC;17:00;UTC;14,322
21.10.2025;17:00;UTC;17:15;UTC;12,23
21.10.2025;17:15;UTC;17:30;UTC;12,835
21.10.2025;17:30;UTC;17:45;UTC;11,132
21.10.2025;17:45;UTC;18:00;UTC;9,957
21.10.2025;18:00;UTC;18:15;UTC;11,437
21.10.2025;18:15;UTC;18:30;UTC;10,175
21.10.2025;18:30;UTC;18:45;UTC;9,5
21.10.2025;18:45;UTC;19:00;UTC;8,757
21.10.2025;19:00;UTC;19:15;UTC;8,873
21.10.2025;19:15;UTC;19:30;UTC;7,944
21.10.2025;19:30;UTC;19:45;UTC;8,579
21.10.2025;19:45;UTC;20:00;UTC;7,026
21.10.2025;20:00;UTC;20:15;UTC;9,279
21.10.2025;20:15;UTC;20:30;UTC;8,238
21.10.2025;20:30;UTC;20:45;UTC;7,959
21.10.2025;20:45;UTC;21:00;UTC;7,196
21.10.2025;21:00;UTC;21:15;UTC;8,378
21.10.2025;21:15;UTC;21:30;UTC;7,69
21.10.2025;21:30;UTC;21:45;UTC;7,395
21.10.2025;21:45;UTC;22:00;UTC;6,269
21.10.2025;22:00;UTC;22:15;UTC;9,209
21.10.2025;22:15;UTC;22:30;UTC;9,164
21.10.2025;22:30;UTC;22:45;UTC;8,494
21.10.2025;22:45;UTC;23:00;UTC;8,268
21.10.2025;23:00;UTC;23:15;UTC;8,887
21.10.2025;23:15;UTC;23:30;UTC;8,838
21.10.2025;23:30;UTC;23:45;UTC;8,81
21.10.2025;23:45;UTC;00:00;UTC;8,462
22.10.2025;00:00;UTC;00:15;UTC;8,363
22.10.2025;00:15;UTC;00:30;UTC;8,362
22.10.2025;00:30;UTC;00:45;UTC;8,663
22.10.2025;00:45;UTC;01:00;UTC;8,774
22.10.2025;01:00;UTC;01:15;UTC;8,928
22.10.2025;01:15;UTC;01:30;UTC;9,026
22.10.2025;01:30;UTC;01:45;UTC;9,056
22.10.2025;01:45;UTC;02:00;UTC;8,729
22.10.2025;02:00;UTC;02:15;UTC;8,531
22.10.2025;02:15;UTC;02:30;UTC;8,773
22.10.2025;02:30;UTC;02:45;UTC;9,215
22.10.2025;02:45;UTC;03:00;UTC;9,282
22.10.2025;03:00;UTC;03:15;UTC;8,124
22.10.2025;03:15;UTC;03:30;UTC;8,68
22.10.2025;03:30;UTC;03:45;UTC;9,534
22.10.2025;03:45;UTC;04:00;UTC;9,732
22.10.2025;04:00;UTC;04:15;UTC;9,165
22.10.2025;04:15;UTC;04:30;UTC;9,625
22.10.2025;04:30;UTC;04:45;UTC;9,662
22.10.2025;04:45;UTC;05:00;UTC;11,305
22.10.2025;05:00;UTC;05:15;UTC;9,701
22.10.2025;05:15;UTC;05:30;UTC;10,007
22.10.2025;05:30;UTC;05:45;UTC;9,856
22.10.2025;05:45;UTC;06:00;UTC;10,509
22.10.2025;06:00;UTC;06:15;UTC;9,419
22.10.2025;06:15;UTC;06:30;UTC;12,3
22.10.2025;06:30;UTC;06:45;UTC;12,813
22.10.2025;06:45;UTC;07:00;UTC;10,971
22.10.2025;07:00;UTC;07:15;UTC;14,8
22.10.2025;07:15;UTC;07:30;UTC;13,853
22.10.2025;07:30;UTC;07:45;UTC;11,564
22.10.2025;07:45;UTC;08:00;UTC;10,07
22.10.2025;08:00;UTC;08:15;UTC;13,054
22.10.2025;08:15;UTC;08:30;UTC;10,599
22.10.2025;08:30;UTC;08:45;UTC;9,657
22.10.2025;08:45;UTC;09:00;UTC;8,981
22.10.2025;09:00;UTC;09:15;UTC;9,84
22.10.2025;09:15;UTC;09:30;UTC;9,488
22.10.2025;09:30;UTC;09:45;UTC;8,962
22.10.2025;09:45;UTC;10:00;UTC;8,196
22.10.2025;10:00;UTC;10:15;UTC;9,443
22.10.2025;10:15;UTC;10:30;UTC;8,383
22.10.2025;10:30;UTC;10:45;UTC;8,454
22.10.2025;10:45;UTC;11:00;UTC;8,56
22.10.2025;11:00;UTC;11:15;UTC;9,273
22.10.2025;11:15;UTC;11:30;UTC;8,78
22.10.2025;11:30;UTC;11:45;UTC;8,376
22.10.2025;11:45;UTC;12:00;UTC;7,971
22.10.2025;12:00;UTC;12:15;UTC;8,078
22.10.2025;12:15;UTC;12:30;UTC;9,217
22.10.2025;12:30;UTC;12:45;UTC;9,587
22.10.2025;12:45;UTC;13:00;UTC;10,502
22.10.2025;13:00;UTC;13:15;UTC;8,34
22.10.2025;13:15;UTC;13:30;UTC;9,877
22.10.2025;13:30;UTC;13:45;UTC;12,3
22.10.2025;13:45;UTC;14:00;UTC;13,745
22.10.2025;14:00;UTC;14:15;UTC;8,016
22.10.2025;14:15;UTC;14:30;UTC;10,809
22.10.2025;14:30;UTC;14:45;UTC;14,423
22.10.2025;14:45;UTC;15:00;UTC;20,752
22.10.2025;15:00;UTC;15:15;UTC;13,271
22.10.2025;15:15;UTC;15:30;UTC;16,182
22.10.2025;15:30;UTC;15:45;UTC;22,003
22.10.2025;15:45;UTC;16:00;UTC;27,765
22.10.2025;16:00;UTC;16:15;UTC;22,188
22.10.2025;16:15;UTC;16:30;UTC;27,009
22.10.2025;16:30;UTC;16:45;UTC;34,07
22.10.2025;16:45;UTC;17:00;UTC;35,326
22.10.2025;17:00;UTC;17:15;UTC;33,032
22.10.2025;17:15;UTC;17:30;UTC;30,502
22.10.2025;17:30;UTC;17:45;UTC;25,834
22.10.2025;17:45;UTC;18:00;UTC;22,536
22.10.2025;18:00;UTC;18:15;UTC;25,92
22.10.2025;18:15;UTC;18:30;UTC;19,485
22.10.2025;18:30;UTC;18:45;UTC;15,057
22.10.2025;18:45;UTC;19:00;UTC;13,662
22.10.2025;19:00;UTC;19:15;UTC;17,597
22.10.2025;19:15;UTC;19:30;UTC;13,936
22.10.2025;19:30;UTC;19:45;UTC;11,786
22.10.2025;19:45;UTC;20:00;UTC;10,26
22.10.2025;20:00;UTC;20:15;UTC;14,133
22.10.2025;20:15;UTC;20:30;UTC;12,701
22.10.2025;20:30;UTC;20:45;UTC;11,363
22.10.2025;20:45;UTC;21:00;UTC;10,629
22.10.2025;21:00;UTC;21:15;UTC;11,45
22.10.2025;21:15;UTC;21:30;UTC;11,136
22.10.2025;21:30;UTC;21:45;UTC;10,741
22.10.2025;21:45;UTC;22:00;UTC;9,91
22.10.2025;22:00;UTC;22:15;UTC;11,017
22.10.2025;22:15;UTC;22:30;UTC;10,555
22.10.2025;22:30;UTC;22:45;UTC;9,72
22.10.2025;22:45;UTC;23:00;UTC;9,258
22.10.2025;23:00;UTC;23:15;UTC;10,61
22.10.2025;23:15;UTC;23:30;UTC;10,385
22.10.2025;23:30;UTC;23:45;UTC;9,445
22.10.2025;23:45;UTC;00:00;UTC;9,058
23.10.2025;00:00;UTC;00:15;UTC;10,708
23.10.2025;00:15;UTC;00:30;UTC;9,84
23.10.2025;00:30;UTC;00:45;UTC;8,907
23.10.2025;00:45;UTC;01:00;UTC;8,572
23.10.2025;01:00;UTC;01:15;UTC;9,318
23.10.2025;01:15;UTC;01:30;UTC;8,713
23.10.2025;01:30;UTC;01:45;UTC;7,438
23.10.2025;01:45;UTC;02:00;UTC;6,5
23.10.2025;02:00;UTC;02:15;UTC;7,527
23.10.2025;02:15;UTC;02:30;UTC;7,077
23.10.2025;02:30;UTC;02:45;UTC;6,981
23.10.2025;02:45;UTC;03:00;UTC;6,814
23.10.2025;03:00;UTC;03:15;UTC;6,731
23.10.2025;03:15;UTC;03:30;UTC;6,731
23.10.2025;03:30;UTC;03:45;UTC;6,755
23.10.2025;03:45;UTC;04:00;UTC;6,791
23.10.2025;04:00;UTC;04:15;UTC;6,454
23.10.2025;04:15;UTC;04:30;UTC;7,402
23.10.2025;04:30;UTC;04:45;UTC;7,208
23.10.2025;04:45;UTC;05:00;UTC;7,836
23.10.2025;05:00;UTC;05:15;UTC;7,897
23.10.2025;05:15;UTC;05:30;UTC;8,438
23.10.2025;05:30;UTC;05:45;UTC;8,689
23.10.2025;05:45;UTC;06:00;UTC;7,889
23.10.2025;06:00;UTC;06:15;UTC;10,01
23.10.2025;06:15;UTC;06:30;UTC;10,001
23.10.2025;06:30;UTC;06:45;UTC;8,501
23.10.2025;06:45;UTC;07:00;UTC;7,488
23.10.2025;07:00;UTC;07:15;UTC;9,198
23.10.2025;07:15;UTC;07:30;UTC;8,753
23.10.2025;07:30;UTC;07:45;UTC;8,298
23.10.2025;07:45;UTC;08:00;UTC;6,958
23.10.2025;08:00;UTC;08:15;UTC;9,534
23.10.2025;08:15;UTC;08:30;UTC;8,49
23.10.2025;08:30;UTC;08:45;UTC;7,265
23.10.2025;08:45;UTC;09:00;UTC;6,592
23.10.2025;09:00;UTC;09:15;UTC;7,308
23.10.2025;09:15;UTC;09:30;UTC;7,028
23.10.2025;09:30;UTC;09:45;UTC;6,838
23.10.2025;09:45;UTC;10:00;UTC;6,666
23.10.2025;10:00;UTC;10:15;UTC;6,805
23.10.2025;10:15;UTC;10:30;UTC;6,612
23.10.2025;10:30;UTC;10:45;UTC;6,568
23.10.2025;10:45;UTC;11:00;UTC;6,454
23.10.2025;11:00;UTC;11:15;UTC;6,593
23.10.2025;11:15;UTC;11:30;UTC;6,399
23.10.2025;11:30;UTC;11:45;UTC;6,356
23.10.2025;11:45;UTC;12:00;UTC;6,294
23.10.2025;12:00;UTC;12:15;UTC;5,878
23.10.2025;12:15;UTC;12:30;UTC;6,302
23.10.2025;12:30;UTC;12:45;UTC;6,504
23.10.2025;12:45;UTC;13:00;UTC;6,73
23.10.2025;13:00;UTC;13:15;UTC;6,456
23.10.2025;13:15;UTC;13:30;UTC;6,873
23.10.2025;13:30;UTC;13:45;UTC;8,07
23.10.2025;13:45;UTC;14:00;UTC;8,843
23.10.2025;14:00;UTC;14:15;UTC;7,079
23.10.2025;14:15;UTC;14:30;UTC;7,645
23.10.2025;14:30;UTC;14:45;UTC;9,5
23.10.2025;14:45;UTC;15:00;UTC;9,975
23.10.2025;15:00;UTC;15:15;UTC;7,915
23.10.2025;15:15;UTC;15:30;UTC;9,892
23.10.2025;15:30;UTC;15:45;UTC;10,594
23.10.2025;15:45;UTC;16:00;UTC;10,846
23.10.2025;16:00;UTC;16:15;UTC;10,694
23.10.2025;16:15;UTC;16:30;UTC;11,454
23.10.2025;16:30;UTC;16:45;UTC;12,689
23.10.2025;16:45;UTC;17:00;UTC;11,135
23.10.2025;17:00;UTC;17:15;UTC;12,917
23.10.2025;17:15;UTC;17:30;UTC;10,906
23.10.2025;17:30;UTC;17:45;UTC;10,095
23.10.2025;17:45;UTC;18:00;UTC;9,247
23.10.2025;18:00;UTC;18:15;UTC;9,7
23.10.2025;18:15;UTC;18:30;UTC;8,949
23.10.2025;18:30;UTC;18:45;UTC;8,685
23.10.2025;18:45;UTC;19:00;UTC;7,751
23.10.2025;19:00;UTC;19:15;UTC;9,231
23.10.2025;19:15;UTC;19:30;UTC;8,556
23.10.2025;19:30;UTC;19:45;UTC;7,964
23.10.2025;19:45;UTC;20:00;UTC;7,374
23.10.2025;20:00;UTC;20:15;UTC;9,798
23.10.2025;20:15;UTC;20:30;UTC;7,669
23.10.2025;20:30;UTC;20:45;UTC;7,336
23.10.2025;20:45;UTC;21:00;UTC;6,259
23.10.2025;21:00;UTC;21:15;UTC;6,834
23.10.2025;21:15;UTC;21:30;UTC;6,136
23.10.2025;21:30;UTC;21:45;UTC;5,883
23.10.2025;21:45;UTC;22:00;UTC;5,178
23.10.2025;22:00;UTC;22:15;UTC;1,596
23.10.2025;22:15;UTC;22:30;UTC;1,94
23.10.2025;22:30;UTC;22:45;UTC;1,293
23.10.2025;22:45;UTC;23:00;UTC;0,905
23.10.2025;23:00;UTC;23:15;UTC;1,398
23.10.2025;23:15;UTC;23:30;UTC;1,002
23.10.2025;23:30;UTC;23:45;UTC;0,899
23.10.2025;23:45;UTC;00:00;UTC;0,635
24.10.2025;00:00;UTC;00:15;UTC;1,003
24.10.2025;00:15;UTC;00:30;UTC;0,688
24.10.2025;00:30;UTC;00:45;UTC;0,506
24.10.2025;00:45;UTC;01:00;UTC;0,413
24.10.2025;01:00;UTC;01:15;UTC;0,38
24.10.2025;01:15;UTC;01:30;UTC;0,01
24.10.2025;01:30;UTC;01:45;UTC;0,01
24.10.2025;01:45;UTC;02:00;UTC;0,01
24.10.2025;02:00;UTC;02:15;UTC;0,252
24.10.2025;02:15;UTC;02:30;UTC;0,134
24.10.2025;02:30;UTC;02:45;UTC;0,233
24.10.2025;02:45;UTC;03:00;UTC;0,257
24.10.2025;03:00;UTC;03:15;UTC;0,413
24.10.2025;03:15;UTC;03:30;UTC;0,466
24.10.2025;03:30;UTC;03:45;UTC;0,735
24.10.2025;03:45;UTC;04:00;UTC;1,396
24.10.2025;04:00;UTC;04:15;UTC;0,731
24.10.2025;04:15;UTC;04:30;UTC;1,708
24.10.2025;04:30;UTC;04:45;UTC;2,818
24.10.2025;04:45;UTC;05:00;UTC;4,054
24.10.2025;05:00;UTC;05:15;UTC;5,06
24.10.2025;05:15;UTC;05:30;UTC;5,861
24.10.2025;05:30;UTC;05:45;UTC;7,27
24.10.2025;05:45;UTC;06:00;UTC;7,803
24.10.2025;06:00;UTC;06:15;UTC;8,57
24.10.2025;06:15;UTC;06:30;UTC;8,896
24.10.2025;06:30;UTC;06:45;UTC;8,587
24.10.2025;06:45;UTC;07:00;UTC;7,895
24.10.2025;07:00;UTC;07:15;UTC;8,837
24.10.2025;07:15;UTC;07:30;UTC;8,115
24.10.2025;07:30;UTC;07:45;UTC;7,186
24.10.2025;07:45;UTC;08:00;UTC;6,481
24.10.2025;08:00;UTC;08:15;UTC;7,58
24.10.2025;08:15;UTC;08:30;UTC;6,327
24.10.2025;08:30;UTC;08:45;UTC;5,297
24.10.2025;08:45;UTC;09:00;UTC;4,117
24.10.2025;09:00;UTC;09:15;UTC;5,608
24.10.2025;09:15;UTC;09:30;UTC;4,428
24.10.2025;09:30;UTC;09:45;UTC;2,658
24.10.2025;09:45;UTC;10:00;UTC;0,506
24.10.2025;10:00;UTC;10:15;UTC;0,502
24.10.2025;10:15;UTC;10:30;UTC;0
24.10.2025;10:30;UTC;10:45;UTC;0
24.10.2025;10:45;UTC;11:00;UTC;-0,001
24.10.2025;11:00;UTC;11:15;UTC;0
24.10.2025;11:15;UTC;11:30;UTC;-0,001
24.10.2025;11:30;UTC;11:45;UTC;-0,001
24.10.2025;11:45;UTC;12:00;UTC;-0,002
24.10.2025;12:00;UTC;12:15;UTC;-0,002
24.10.2025;12:15;UTC;12:30;UTC;-0,001
24.10.2025;12:30;UTC;12:45;UTC;-0,001
24.10.2025;12:45;UTC;13:00;UTC;0
24.10.2025;13:00;UTC;13:15;UTC;-0,001
24.10.2025;13:15;UTC;13:30;UTC;0
24.10.2025;13:30;UTC;13:45;UTC;0,224
24.10.2025;13:45;UTC;14:00;UTC;0,501
24.10.2025;14:00;UTC;14:15;UTC;0,503
24.10.2025;14:15;UTC;14:30;UTC;2,667
24.10.2025;14:30;UTC;14:45;UTC;5,022
24.10.2025;14:45;UTC;15:00;UTC;6,736
24.10.2025;15:00;UTC;15:15;UTC;4,982
24.10.2025;15:15;UTC;15:30;UTC;6,225
24.10.2025;15:30;UTC;15:45;UTC;7,018
24.10.2025;15:45;UTC;16:00;UTC;8,279
24.10.2025;16:00;UTC;16:15;UTC;6,851
24.10.2025;16:15;UTC;16:30;UTC;7,088
24.10.2025;16:30;UTC;16:45;UTC;7,844
24.10.2025;16:45;UTC;17:00;UTC;8,061
24.10.2025;17:00;UTC;17:15;UTC;8,515
24.10.2025;17:15;UTC;17:30;UTC;7,273
24.10.2025;17:30;UTC;17:45;UTC;7,056
24.10.2025;17:45;UTC;18:00;UTC;7,001
24.10.2025;18:00;UTC;18:15;UTC;7,001
24.10.2025;18:15;UTC;18:30;UTC;6,238
24.10.2025;18:30;UTC;18:45;UTC;4,901
24.10.2025;18:45;UTC;19:00;UTC;4,68
24.10.2025;19:00;UTC;19:15;UTC;6,052
24.10.2025;19:15;UTC;19:30;UTC;5,15
24.10.2025;19:30;UTC;19:45;UTC;3,669
24.10.2025;19:45;UTC;20:00;UTC;1,732
24.10.2025;20:00;UTC;20:15;UTC;3,641
24.10.2025;20:15;UTC;20:30;UTC;2,845
24.10.2025;20:30;UTC;20:45;UTC;3,082
24.10.2025;20:45;UTC;21:00;UTC;2,001
24.10.2025;21:00;UTC;21:15;UTC;2,319
24.10.2025;21:15;UTC;21:30;UTC;0,752
24.10.2025;21:30;UTC;21:45;UTC;0,527
24.10.2025;21:45;UTC;22:00;UTC;0,389
24.10.2025;22:00;UTC;22:15;UTC;0,326
24.10.2025;22:15;UTC;22:30;UTC;0,421
24.10.2025;22:30;UTC;22:45;UTC;0,384
24.10.2025;22:45;UTC;23:00;UTC;0,279
24.10.2025;23:00;UTC;23:15;UTC;0,234
24.10.2025;23:15;UTC;23:30;UTC;0,211
24.10.2025;23:30;UTC;23:45;UTC;0,078
24.10.2025;23:45;UTC;00:00;UTC;0,005
25.10.2025;00:00;UTC;00:15;UTC;0,228
25.10.2025;00:15;UTC;00:30;UTC;0,132
25.10.2025;00:30;UTC;00:45;UTC;0,01
25.10.2025;00:45;UTC;01:00;UTC;0
25.10.2025;01:00;UTC;01:15;UTC;0
25.10.2025;01:15;UTC;01:30;UTC;0
25.10.2025;01:30;UTC;01:45;UTC;0
25.10.2025;01:45;UTC;02:00;UTC;-0,001
25.10.2025;02:00;UTC;02:15;UTC;-0,001
25.10.2025;02:15;UTC;02:30;UTC;-0,001
25.10.2025;02:30;UTC;02:45;UTC;0
25.10.2025;02:45;UTC;03:00;UTC;-0,001
25.10.2025;03:00;UTC;03:15;UTC;0
25.10.2025;03:15;UTC;03:30;UTC;0
25.10.2025;03:30;UTC;03:45;UTC;0,037
25.10.2025;03:45;UTC;04:00;UTC;0,029
25.10.2025;04:00;UTC;04:15;UTC;-0,001
25.10.2025;04:15;UTC;04:30;UTC;0
25.10.2025;04:30;UTC;04:45;UTC;0,052
25.10.2025;04:45;UTC;05:00;UTC;0,158
25.10.2025;05:00;UTC;05:15;UTC;0,16
25.10.2025;05:15;UTC;05:30;UTC;0,193
25.10.2025;05:30;UTC;05:45;UTC;0,045
25.10.2025;05:45;UTC;06:00;UTC;-0,002
25.10.2025;06:00;UTC;06:15;UTC;0,387
25.10.2025;06:15;UTC;06:30;UTC;0,323
25.10.2025;06:30;UTC;06:45;UTC;0,424
25.10.2025;06:45;UTC;07:00;UTC;0,464
25.10.2025;07:00;UTC;07:15;UTC;0,846
25.10.2025;07:15;UTC;07:30;UTC;0,732
25.10.2025;07:30;UTC;07:45;UTC;0,708
25.10.2025;07:45;UTC;08:00;UTC;0,747
25.10.2025;08:00;UTC;08:15;UTC;0,779
25.10.2025;08:15;UTC;08:30;UTC;0,745
25.10.2025;08:30;UTC;08:45;UTC;0,624
25.10.2025;08:45;UTC;09:00;UTC;0,543
25.10.2025;09:00;UTC;09:15;UTC;0,545
25.10.2025;09:15;UTC;09:30;UTC;0,358
25.10.2025;09:30;UTC;09:45;UTC;0,505
25.10.2025;09:45;UTC;10:00;UTC;0,498
25.10.2025;10:00;UTC;10:15;UTC;0,503
25.10.2025;10:15;UTC;10:30;UTC;0,587
25.10.2025;10:30;UTC;10:45;UTC;0,748
25.10.2025;10:45;UTC;11:00;UTC;0,6
25.10.2025;11:00;UTC;11:15;UTC;0,509
25.10.2025;11:15;UTC;11:30;UTC;0,407
25.10.2025;11:30;UTC;11:45;UTC;0,377
25.10.2025;11:45;UTC;12:00;UTC;0,455
25.10.2025;12:00;UTC;12:15;UTC;0,162
25.10.2025;12:15;UTC;12:30;UTC;0,25
25.10.2025;12:30;UTC;12:45;UTC;0,504
25.10.2025;12:45;UTC;13:00;UTC;0,696
25.10.2025;13:00;UTC;13:15;UTC;0,139
25.10.2025;13:15;UTC;13:30;UTC;0,496
25.10.2025;13:30;UTC;13:45;UTC;0,506
25.10.2025;13:45;UTC;14:00;UTC;0,437
25.10.2025;14:00;UTC;14:15;UTC;0,388
25.10.2025;14:15;UTC;14:30;UTC;0,505
25.10.2025;14:30;UTC;14:45;UTC;0,446
25.10.2025;14:45;UTC;15:00;UTC;0,884
25.10.2025;15:00;UTC;15:15;UTC;1,009
25.10.2025;15:15;UTC;15:30;UTC;2,377
25.10.2025;15:30;UTC;15:45;UTC;3,155
25.10.2025;15:45;UTC;16:00;UTC;3,582
25.10.2025;16:00;UTC;16:15;UTC;4,875
25.10.2025;16:15;UTC;16:30;UTC;5,225
25.10.2025;16:30;UTC;16:45;UTC;6
25.10.2025;16:45;UTC;17:00;UTC;6,001
25.10.2025;17:00;UTC;17:15;UTC;6,619
25.10.2025;17:15;UTC;17:30;UTC;6,441
25.10.2025;17:30;UTC;17:45;UTC;6
25.10.2025;17:45;UTC;18:00;UTC;5,446
25.10.2025;18:00;UTC;18:15;UTC;5,809
25.10.2025;18:15;UTC;18:30;UTC;3,916
25.10.2025;18:30;UTC;18:45;UTC;3,087
25.10.2025;18:45;UTC;19:00;UTC;0,786
25.10.2025;19:00;UTC;19:15;UTC;3,253
25.10.2025;19:15;UTC;19:30;UTC;1,606
25.10.2025;19:30;UTC;19:45;UTC;0,507
25.10.2025;19:45;UTC;20:00;UTC;0,277
25.10.2025;20:00;UTC;20:15;UTC;2,183
25.10.2025;20:15;UTC;20:30;UTC;1,302
25.10.2025;20:30;UTC;20:45;UTC;1,765
25.10.2025;20:45;UTC;21:00;UTC;1,423
25.10.2025;21:00;UTC;21:15;UTC;1,32
25.10.2025;21:15;UTC;21:30;UTC;0,818
25.10.2025;21:30;UTC;21:45;UTC;0,701
25.10.2025;21:45;UTC;22:00;UTC;0,429
25.10.2025;22:00;UTC;22:15;UTC;0,717
25.10.2025;22:15;UTC;22:30;UTC;0,657
25.10.2025;22:30;UTC;22:45;UTC;0,429
25.10.2025;22:45;UTC;23:00;UTC;0,426
25.10.2025;23:00;UTC;23:15;UTC;0,401
25.10.2025;23:15;UTC;23:30;UTC;0,376
25.10.2025;23:30;UTC;23:45;UTC;0,375
25.10.2025;23:45;UTC;00:00;UTC;0,327
26.10.2025;00:00;UTC;00:15;UTC;0,399
26.10.2025;00:15;UTC;00:30;UTC;0,333
26.10.2025;00:30;UTC;00:45;UTC;0,304
26.10.2025;00:45;UTC;01:00;UTC;0,24
26.10.2025;01:00;UTC;01:15;UTC;0,289
26.10.2025;01:15;UTC;01:30;UTC;0,25
26.10.2025;01:30;UTC;01:45;UTC;0,212
26.10.2025;01:45;UTC;02:00;UTC;0,055
26.10.2025;02:00;UTC;02:15;UTC;0,123
26.10.2025;02:15;UTC;02:30;UTC;0,004
26.10.2025;02:30;UTC;02:45;UTC;0,01
26.10.2025;02:45;UTC;03:00;UTC;0
26.10.2025;03:00;UTC;03:15;UTC;0,02
26.10.2025;03:15;UTC;03:30;UTC;0,01
26.10.2025;03:30;UTC;03:45;UTC;0,01
26.10.2025;03:45;UTC;04:00;UTC;0,001
26.10.2025;04:00;UTC;04:15;UTC;0,012
26.10.2025;04:15;UTC;04:30;UTC;0,01
26.10.2025;04:30;UTC;04:45;UTC;0,01
26.10.2025;04:45;UTC;05:00;UTC;0,01
26.10.2025;05:00;UTC;05:15;UTC;0
26.10.2025;05:15;UTC;05:30;UTC;0,003
26.10.2025;05:30;UTC;05:45;UTC;0,03
26.10.2025;05:45;UTC;06:00;UTC;0,01
26.10.2025;06:00;UTC;06:15;UTC;0,032
26.10.2025;06:15;UTC;06:30;UTC;0,01
26.10.2025;06:30;UTC;06:45;UTC;0
26.10.2025;06:45;UTC;07:00;UTC;-0,001
26.10.2025;07:00;UTC;07:15;UTC;0,001
26.10.2025;07:15;UTC;07:30;UTC;0
26.10.2025;07:30;UTC;07:45;UTC;-0,001
26.10.2025;07:45;UTC;08:00;UTC;-0,004
26.10.2025;08:00;UTC;08:15;UTC;-0,004
26.10.2025;08:15;UTC;08:30;UTC;-0,007
26.10.2025;08:30;UTC;08:45;UTC;-0,009
26.10.2025;08:45;UTC;09:00;UTC;-0,105
26.10.2025;09:00;UTC;09:15;UTC;-0,007
26.10.2025;09:15;UTC;09:30;UTC;-0,007
26.10.2025;09:30;UTC;09:45;UTC;-0,006
26.10.2025;09:45;UTC;10:00;UTC;-0,006
26.10.2025;10:00;UTC;10:15;UTC;-0,009
26.10.2025;10:15;UTC;10:30;UTC;-0,008
26.10.2025;10:30;UTC;10:45;UTC;-0,007
26.10.2025;10:45;UTC;11:00;UTC;-0,008
26.10.2025;11:00;UTC;11:15;UTC;-0,008
26.10.2025;11:15;UTC;11:30;UTC;-0,007
26.10.2025;11:30;UTC;11:45;UTC;-0,005
26.10.2025;11:45;UTC;12:00;UTC;-0,006
26.10.2025;12:00;UTC;12:15;UTC;-0,006
26.10.2025;12:15;UTC;12:30;UTC;-0,007
26.10.2025;12:30;UTC;12:45;UTC;-0,1
26.10.2025;12:45;UTC;13:00;UTC;-0,105
26.10.2025;13:00;UTC;13:15;UTC;-0,032
26.10.2025;13:15;UTC;13:30;UTC;-0,103
26.10.2025;13:30;UTC;13:45;UTC;-0,104
26.10.2025;13:45;UTC;14:00;UTC;-0,054
26.10.2025;14:00;UTC;14:15;UTC;-0,102
26.10.2025;14:15;UTC;14:30;UTC;-0,007
26.10.2025;14:30;UTC;14:45;UTC;0
26.10.2025;14:45;UTC;15:00;UTC;0,105
26.10.2025;15:00;UTC;15:15;UTC;-0,004
26.10.2025;15:15;UTC;15:30;UTC;0,01
26.10.2025;15:30;UTC;15:45;UTC;0
26.10.2025;15:45;UTC;16:00;UTC;1,209
26.10.2025;16:00;UTC;16:15;UTC;0,383
26.10.2025;16:15;UTC;16:30;UTC;2,751
26.10.2025;16:30;UTC;16:45;UTC;4,219
26.10.2025;16:45;UTC;17:00;UTC;4,648
26.10.2025;17:00;UTC;17:15;UTC;4,782
26.10.2025;17:15;UTC;17:30;UTC;4,386
26.10.2025;17:30;UTC;17:45;UTC;4,934
26.10.2025;17:45;UTC;18:00;UTC;2,707
26.10.2025;18:00;UTC;18:15;UTC;4,14
26.10.2025;18:15;UTC;18:30;UTC;3,97
26.10.2025;18:30;UTC;18:45;UTC;3
26.10.2025;18:45;UTC;19:00;UTC;2,782
26.10.2025;19:00;UTC;19:15;UTC;4,349
26.10.2025;19:15;UTC;19:30;UTC;1,791
26.10.2025;19:30;UTC;19:45;UTC;0,257
26.10.2025;19:45;UTC;20:00;UTC;0,26
26.10.2025;20:00;UTC;20:15;UTC;0,388
26.10.2025;20:15;UTC;20:30;UTC;0,266
26.10.2025;20:30;UTC;20:45;UTC;0,317
26.10.2025;20:45;UTC;21:00;UTC;0,255
26.10.2025;21:00;UTC;21:15;UTC;1,406
26.10.2025;21:15;UTC;21:30;UTC;1,143
26.10.2025;21:30;UTC;21:45;UTC;2,263
26.10.2025;21:45;UTC;22:00;UTC;1,151
26.10.2025;22:00;UTC;22:15;UTC;0,256
26.10.2025;22:15;UTC;22:30;UTC;0,913
26.10.2025;22:30;UTC;22:45;UTC;0,539
26.10.2025;22:45;UTC;23:00;UTC;0,316
26.10.2025;23:00;UTC;23:15;UTC;0,282
26.10.2025;23:15;UTC;23:30;UTC;0,255
26.10.2025;23:30;UTC;23:45;UTC;0
26.10.2025;23:45;UTC;00:00;UTC;0
27.10.2025;00:00;UTC;00:15;UTC;0,283
27.10.2025;00:15;UTC;00:30;UTC;0,249
27.10.2025;00:30;UTC;00:45;UTC;0,119
27.10.2025;00:45;UTC;01:00;UTC;0,079
27.10.2025;01:00;UTC;01:15;UTC;0,281
27.10.2025;01:15;UTC;01:30;UTC;0,138
27.10.2025;01:30;UTC;01:45;UTC;0,072
27.10.2025;01:45;UTC;02:00;UTC;0,009
27.10.2025;02:00;UTC;02:15;UTC;0
27.10.2025;02:15;UTC;02:30;UTC;0
27.10.2025;02:30;UTC;02:45;UTC;0
27.10.2025;02:45;UTC;03:00;UTC;-0,001
27.10.2025;03:00;UTC;03:15;UTC;-0,01
27.10.2025;03:15;UTC;03:30;UTC;0
27.10.2025;03:30;UTC;03:45;UTC;0,107
27.10.2025;03:45;UTC;04:00;UTC;0,426
27.10.2025;04:00;UTC;04:15;UTC;0,382
27.10.2025;04:15;UTC;04:30;UTC;0,427
27.10.2025;04:30;UTC;04:45;UTC;1,077
27.10.2025;04:45;UTC;05:00;UTC;2,427
27.10.2025;05:00;UTC;05:15;UTC;1,55
27.10.2025;05:15;UTC;05:30;UTC;3,62
27.10.2025;05:30;UTC;05:45;UTC;6,827
27.10.2025;05:45;UTC;06:00;UTC;10,003
27.10.2025;06:00;UTC;06:15;UTC;7,41
27.10.2025;06:15;UTC;06:30;UTC;8,968
27.10.2025;06:30;UTC;06:45;UTC;8,999
27.10.2025;06:45;UTC;07:00;UTC;9,049
27.10.2025;07:00;UTC;07:15;UTC;10,198
27.10.2025;07:15;UTC;07:30;UTC;10,17
27.10.2025;07:30;UTC;07:45;UTC;10,187
27.10.2025;07:45;UTC;08:00;UTC;9,504
27.10.2025;08:00;UTC;08:15;UTC;10,935
27.10.2025;08:15;UTC;08:30;UTC;10,501
27.10.2025;08:30;UTC;08:45;UTC;10,097
27.10.2025;08:45;UTC;09:00;UTC;9,211
27.10.2025;09:00;UTC;09:15;UTC;10,5
27.10.2025;09:15;UTC;09:30;UTC;9,963
27.10.2025;09:30;UTC;09:45;UTC;9,501
27.10.2025;09:45;UTC;10:00;UTC;8,731
27.10.2025;10:00;UTC;10:15;UTC;9,921
27.10.2025;10:15;UTC;10:30;UTC;9,753
27.10.2025;10:30;UTC;10:45;UTC;9,301
27.10.2025;10:45;UTC;11:00;UTC;8,878
27.10.2025;11:00;UTC;11:15;UTC;8,805
27.10.2025;11:15;UTC;11:30;UTC;8,005
27.10.2025;11:30;UTC;11:45;UTC;8,115
27.10.2025;11:45;UTC;12:00;UTC;8,154
27.10.2025;12:00;UTC;12:15;UTC;8,255
27.10.2025;12:15;UTC;12:30;UTC;8,217
27.10.2025;12:30;UTC;12:45;UTC;8,134
27.10.2025;12:45;UTC;13:00;UTC;7,843
27.10.2025;13:00;UTC;13:15;UTC;7,534
27.10.2025;13:15;UTC;13:30;UTC;8,039
27.10.2025;13:30;UTC;13:45;UTC;8,472
27.10.2025;13:45;UTC;14:00;UTC;9,294
27.10.2025;14:00;UTC;14:15;UTC;7,392
27.10.2025;14:15;UTC;14:30;UTC;7,399
27.10.2025;14:30;UTC;14:45;UTC;8,73
27.10.2025;14:45;UTC;15:00;UTC;9,945
27.10.2025;15:00;UTC;15:15;UTC;8,73
27.10.2025;15:15;UTC;15:30;UTC;9,473
27.10.2025;15:30;UTC;15:45;UTC;10,389
27.10.2025;15:45;UTC;16:00;UTC;11,101
27.10.2025;16:00;UTC;16:15;UTC;10,052
27.10.2025;16:15;UTC;16:30;UTC;10,668
27.10.2025;16:30;UTC;16:45;UTC;11,306
27.10.2025;16:45;UTC;17:00;UTC;12,258
27.10.2025;17:00;UTC;17:15;UTC;11,427
27.10.2025;17:15;UTC;17:30;UTC;11,964
27.10.2025;17:30;UTC;17:45;UTC;13,643
27.10.2025;17:45;UTC;18:00;UTC;13,581
27.10.2025;18:00;UTC;18:15;UTC;13,677
27.10.2025;18:15;UTC;18:30;UTC;12,388
27.10.2025;18:30;UTC;18:45;UTC;10,293
27.10.2025;18:45;UTC;19:00;UTC;9,041
27.10.2025;19:00;UTC;19:15;UTC;10,498
27.10.2025;19:15;UTC;19:30;UTC;10,792
27.10.2025;19:30;UTC;19:45;UTC;9,268
27.10.2025;19:45;UTC;20:00;UTC;7,456
27.10.2025;20:00;UTC;20:15;UTC;8,89
27.10.2025;20:15;UTC;20:30;UTC;8,733
27.10.2025;20:30;UTC;20:45;UTC;7,252
27.10.2025;20:45;UTC;21:00;UTC;6,301
27.10.2025;21:00;UTC;21:15;UTC;8,393
27.10.2025;21:15;UTC;21:30;UTC;7,605
27.10.2025;21:30;UTC;21:45;UTC;7,619
27.10.2025;21:45;UTC;22:00;UTC;6,175
27.10.2025;22:00;UTC;22:15;UTC;8
27.10.2025;22:15;UTC;22:30;UTC;6,802
27.10.2025;22:30;UTC;22:45;UTC;5,561
27.10.2025;22:45;UTC;23:00;UTC;4,607
27.10.2025;23:00;UTC;23:15;UTC;5,494
27.10.2025;23:15;UTC;23:30;UTC;5,165
27.10.2025;23:30;UTC;23:45;UTC;4,112
27.10.2025;23:45;UTC;00:00;UTC;2,873
28.10.2025;00:00;UTC;00:15;UTC;3,994
28.10.2025;00:15;UTC;00:30;UTC;2,849
28.10.2025;00:30;UTC;00:45;UTC;2,673
28.10.2025;00:45;UTC;01:00;UTC;2,037
28.10.2025;01:00;UTC;01:15;UTC;2,179
28.10.2025;01:15;UTC;01:30;UTC;1,807
28.10.2025;01:30;UTC;01:45;UTC;1,74
28.10.2025;01:45;UTC;02:00;UTC;1,691
28.10.2025;02:00;UTC;02:15;UTC;1,319
28.10.2025;02:15;UTC;02:30;UTC;1,003
28.10.2025;02:30;UTC;02:45;UTC;0,885
28.10.2025;02:45;UTC;03:00;UTC;0,882
28.10.2025;03:00;UTC;03:15;UTC;0,502
28.10.2025;03:15;UTC;03:30;UTC;0,643
28.10.2025;03:30;UTC;03:45;UTC;1,233
28.10.2025;03:45;UTC;04:00;UTC;2,003
28.10.2025;04:00;UTC;04:15;UTC;1,29
28.10.2025;04:15;UTC;04:30;UTC;1,549
28.10.2025;04:30;UTC;04:45;UTC;3,993
28.10.2025;04:45;UTC;05:00;UTC;5,331
28.10.2025;05:00;UTC;05:15;UTC;2,363
28.10.2025;05:15;UTC;05:30;UTC;5,605
28.10.2025;05:30;UTC;05:45;UTC;7,452
28.10.2025;05:45;UTC;06:00;UTC;8,389
28.10.2025;06:00;UTC;06:15;UTC;8,593
28.10.2025;06:15;UTC;06:30;UTC;8,378
28.10.2025;06:30;UTC;06:45;UTC;7,707
28.10.2025;06:45;UTC;07:00;UTC;7,475
28.10.2025;07:00;UTC;07:15;UTC;9,959
28.10.2025;07:15;UTC;07:30;UTC;9,063
28.10.2025;07:30;UTC;07:45;UTC;8,476
28.10.2025;07:45;UTC;08:00;UTC;8,26
28.10.2025;08:00;UTC;08:15;UTC;9,848
28.10.2025;08:15;UTC;08:30;UTC;8,991
28.10.2025;08:30;UTC;08:45;UTC;8,417
28.10.2025;08:45;UTC;09:00;UTC;7,69
28.10.2025;09:00;UTC;09:15;UTC;9,291
28.10.2025;09:15;UTC;09:30;UTC;8,17
28.10.2025;09:30;UTC;09:45;UTC;7,758
28.10.2025;09:45;UTC;10:00;UTC;7,182
28.10.2025;10:00;UTC;10:15;UTC;7,861
28.10.2025;10:15;UTC;10:30;UTC;7,521
28.10.2025;10:30;UTC;10:45;UTC;7,404
28.10.2025;10:45;UTC;11:00;UTC;7,38
28.10.2025;11:00;UTC;11:15;UTC;7,334
28.10.2025;11:15;UTC;11:30;UTC;6,804
28.10.2025;11:30;UTC;11:45;UTC;6,581
28.10.2025;11:45;UTC;12:00;UTC;6,305
28.10.2025;12:00;UTC;12:15;UTC;6,517
28.10.2025;12:15;UTC;12:30;UTC;6,275
28.10.2025;12:30;UTC;12:45;UTC;6,125
28.10.2025;12:45;UTC;13:00;UTC;6,004
28.10.2025;13:00;UTC;13:15;UTC;5,68
28.10.2025;13:15;UTC;13:30;UTC;6,187
28.10.2025;13:30;UTC;13:45;UTC;6,84
28.10.2025;13:45;UTC;14:00;UTC;7,061
28.10.2025;14:00;UTC;14:15;UTC;4,606
28.10.2025;14:15;UTC;14:30;UTC;7,971
28.10.2025;14:30;UTC;14:45;UTC;8,494
28.10.2025;14:45;UTC;15:00;UTC;8,168
28.10.2025;15:00;UTC;15:15;UTC;6,812
28.10.2025;15:15;UTC;15:30;UTC;8,421
28.10.2025;15:30;UTC;15:45;UTC;7,922
28.10.2025;15:45;UTC;16:00;UTC;8,874
28.10.2025;16:00;UTC;16:15;UTC;8,139
28.10.2025;16:15;UTC;16:30;UTC;9,007
28.10.2025;16:30;UTC;16:45;UTC;9,984
28.10.2025;16:45;UTC;17:00;UTC;10,403
28.10.2025;17:00;UTC;17:15;UTC;10,656
28.10.2025;17:15;UTC;17:30;UTC;10,774
28.10.2025;17:30;UTC;17:45;UTC;11,535
28.10.2025;17:45;UTC;18:00;UTC;11,127
28.10.2025;18:00;UTC;18:15;UTC;11,279
28.10.2025;18:15;UTC;18:30;UTC;10,901
28.10.2025;18:30;UTC;18:45;UTC;10,473
28.10.2025;18:45;UTC;19:00;UTC;10,112
28.10.2025;19:00;UTC;19:15;UTC;10,03
28.10.2025;19:15;UTC;19:30;UTC;9,297
28.10.2025;19:30;UTC;19:45;UTC;8,791
28.10.2025;19:45;UTC;20:00;UTC;8,652
28.10.2025;20:00;UTC;20:15;UTC;8,967
28.10.2025;20:15;UTC;20:30;UTC;8,588
28.10.2025;20:30;UTC;20:45;UTC;7,836
28.10.2025;20:45;UTC;21:00;UTC;6,944
28.10.2025;21:00;UTC;21:15;UTC;8,736
28.10.2025;21:15;UTC;21:30;UTC;7,727
28.10.2025;21:30;UTC;21:45;UTC;7,704
28.10.2025;21:45;UTC;22:00;UTC;7,665
28.10.2025;22:00;UTC;22:15;UTC;7,801
28.10.2025;22:15;UTC;22:30;UTC;7,346
28.10.2025;22:30;UTC;22:45;UTC;7,459
28.10.2025;22:45;UTC;23:00;UTC;6,683
28.10.2025;23:00;UTC;23:15;UTC;6,583
28.10.2025;23:15;UTC;23:30;UTC;6,21
28.10.2025;23:30;UTC;23:45;UTC;5,59
28.10.2025;23:45;UTC;00:00;UTC;5,138
29.10.2025;00:00;UTC;00:15;UTC;5,796
29.10.2025;00:15;UTC;00:30;UTC;5,366
29.10.2025;00:30;UTC;00:45;UTC;5,302
29.10.2025;00:45;UTC;01:00;UTC;5,15
29.10.2025;01:00;UTC;01:15;UTC;5,321
29.10.2025;01:15;UTC;01:30;UTC;5,259
29.10.2025;01:30;UTC;01:45;UTC;5,554
29.10.2025;01:45;UTC;02:00;UTC;5,528
29.10.2025;02:00;UTC;02:15;UTC;5,735
29.10.2025;02:15;UTC;02:30;UTC;5,76
29.10.2025;02:30;UTC;02:45;UTC;5,618
29.10.2025;02:45;UTC;03:00;UTC;5,426
29.10.2025;03:00;UTC;03:15;UTC;4,864
29.10.2025;03:15;UTC;03:30;UTC;5,306
29.10.2025;03:30;UTC;03:45;UTC;5,634
29.10.2025;03:45;UTC;04:00;UTC;6,086
29.10.2025;04:00;UTC;04:15;UTC;5,167
29.10.2025;04:15;UTC;04:30;UTC;5,877
29.10.2025;04:30;UTC;04:45;UTC;7,329
29.10.2025;04:45;UTC;05:00;UTC;8,274
29.10.2025;05:00;UTC;05:15;UTC;6,435
29.10.2025;05:15;UTC;05:30;UTC;8,711
29.10.2025;05:30;UTC;05:45;UTC;9,976
29.10.2025;05:45;UTC;06:00;UTC;13,051
29.10.2025;06:00;UTC;06:15;UTC;10,481
29.10.2025;06:15;UTC;06:30;UTC;11,095
29.10.2025;06:30;UTC;06:45;UTC;11,041
29.10.2025;06:45;UTC;07:00;UTC;10,396
29.10.2025;07:00;UTC;07:15;UTC;12,034
29.10.2025;07:15;UTC;07:30;UTC;10,857
29.10.2025;07:30;UTC;07:45;UTC;9,715
29.10.2025;07:45;UTC;08:00;UTC;7,5
29.10.2025;08:00;UTC;08:15;UTC;10,809
29.10.2025;08:15;UTC;08:30;UTC;9,125
29.10.2025;08:30;UTC;08:45;UTC;7,51
29.10.2025;08:45;UTC;09:00;UTC;6,878
29.10.2025;09:00;UTC;09:15;UTC;8,213
29.10.2025;09:15;UTC;09:30;UTC;7,167
29.10.2025;09:30;UTC;09:45;UTC;6,857
29.10.2025;09:45;UTC;10:00;UTC;6,544
29.10.2025;10:00;UTC;10:15;UTC;7,094
29.10.2025;10:15;UTC;10:30;UTC;6,951
29.10.2025;10:30;UTC;10:45;UTC;7,005
29.10.2025;10:45;UTC;11:00;UTC;7,035
29.10.2025;11:00;UTC;11:15;UTC;6,47
29.10.2025;11:15;UTC;11:30;UTC;6,89
29.10.2025;11:30;UTC;11:45;UTC;7,157
29.10.2025;11:45;UTC;12:00;UTC;7,818
29.10.2025;12:00;UTC;12:15;UTC;7,007
29.10.2025;12:15;UTC;12:30;UTC;7,488
29.10.2025;12:30;UTC;12:45;UTC;7,564
29.10.2025;12:45;UTC;13:00;UTC;8,786
29.10.2025;13:00;UTC;13:15;UTC;6,003
29.10.2025;13:15;UTC;13:30;UTC;8
29.10.2025;13:30;UTC;13:45;UTC;10,02
29.10.2025;13:45;UTC;14:00;UTC;11,518
29.10.2025;14:00;UTC;14:15;UTC;9,481
29.10.2025;14:15;UTC;14:30;UTC;10,655
29.10.2025;14:30;UTC;14:45;UTC;12,506
29.10.2025;14:45;UTC;15:00;UTC;13,901
29.10.2025;15:00;UTC;15:15;UTC;11,555
29.10.2025;15:15;UTC;15:30;UTC;12,258
29.10.2025;15:30;UTC;15:45;UTC;12,491
29.10.2025;15:45;UTC;16:00;UTC;14,189
29.10.2025;16:00;UTC;16:15;UTC;12,883
29.10.2025;16:15;UTC;16:30;UTC;12,19
29.10.2025;16:30;UTC;16:45;UTC;12,845
29.10.2025;16:45;UTC;17:00;UTC;12,872
29.10.2025;17:00;UTC;17:15;UTC;12,268
29.10.2025;17:15;UTC;17:30;UTC;12,455
29.10.2025;17:30;UTC;17:45;UTC;13,245
29.10.2025;17:45;UTC;18:00;UTC;13,529
29.10.2025;18:00;UTC;18:15;UTC;12,824
29.10.2025;18:15;UTC;18:30;UTC;11,492
29.10.2025;18:30;UTC;18:45;UTC;11,155
29.10.2025;18:45;UTC;19:00;UTC;9,946
29.10.2025;19:00;UTC;19:15;UTC;10,809
29.10.2025;19:15;UTC;19:30;UTC;10,257
29.10.2025;19:30;UTC;19:45;UTC;10,1
29.10.2025;19:45;UTC;20:00;UTC;9,894
29.10.2025;20:00;UTC;20:15;UTC;10,196
29.10.2025;20:15;UTC;20:30;UTC;10,192
29.10.2025;20:30;UTC;20:45;UTC;9,832
29.10.2025;20:45;UTC;21:00;UTC;8,381
29.10.2025;21:00;UTC;21:15;UTC;10,543
29.10.2025;21:15;UTC;21:30;UTC;10,216
29.10.2025;21:30;UTC;21:45;UTC;8,964
29.10.2025;21:45;UTC;22:00;UTC;8,046
29.10.2025;22:00;UTC;22:15;UTC;9,464
29.10.2025;22:15;UTC;22:30;UTC;8,736
29.10.2025;22:30;UTC;22:45;UTC;8,513
29.10.2025;22:45;UTC;23:00;UTC;8,144
29.10.2025;23:00;UTC;23:15;UTC;9
29.10.2025;23:15;UTC;23:30;UTC;7,7
29.10.2025;23:30;UTC;23:45;UTC;7,212
29.10.2025;23:45;UTC;00:00;UTC;6,186
30.10.2025;00:00;UTC;00:15;UTC;7,878
30.10.2025;00:15;UTC;00:30;UTC;6,801
30.10.2025;00:30;UTC;00:45;UTC;6,838
30.10.2025;00:45;UTC;01:00;UTC;6,525
30.10.2025;01:00;UTC;01:15;UTC;6,745
30.10.2025;01:15;UTC;01:30;UTC;6,423
30.10.2025;01:30;UTC;01:45;UTC;6,679
30.10.2025;01:45;UTC;02:00;UTC;6,363
30.10.2025;02:00;UTC;02:15;UTC;6,707
30.10.2025;02:15;UTC;02:30;UTC;6,447
30.10.2025;02:30;UTC;02:45;UTC;5,936
30.10.2025;02:45;UTC;03:00;UTC;5,077
30.10.2025;03:00;UTC;03:15;UTC;6,306
30.10.2025;03:15;UTC;03:30;UTC;5,58
30.10.2025;03:30;UTC;03:45;UTC;5,465
30.10.2025;03:45;UTC;04:00;UTC;5,51
30.10.2025;04:00;UTC;04:15;UTC;5,317
30.10.2025;04:15;UTC;04:30;UTC;5,91
30.10.2025;04:30;UTC;04:45;UTC;6,165
30.10.2025;04:45;UTC;05:00;UTC;6,613
30.10.2025;05:00;UTC;05:15;UTC;6,06
30.10.2025;05:15;UTC;05:30;UTC;6,756
30.10.2025;05:30;UTC;05:45;UTC;7,235
30.10.2025;05:45;UTC;06:00;UTC;7,62
30.10.2025;06:00;UTC;06:15;UTC;7,039
30.10.2025;06:15;UTC;06:30;UTC;8,157
30.10.2025;06:30;UTC;06:45;UTC;8,52
30.10.2025;06:45;UTC;07:00;UTC;8,259
30.10.2025;07:00;UTC;07:15;UTC;9,884
30.10.2025;07:15;UTC;07:30;UTC;8,635
30.10.2025;07:30;UTC;07:45;UTC;8,833
30.10.2025;07:45;UTC;08:00;UTC;6,767
30.10.2025;08:00;UTC;08:15;UTC;8,782
30.10.2025;08:15;UTC;08:30;UTC;7,46
30.10.2025;08:30;UTC;08:45;UTC;5,872
30.10.2025;08:45;UTC;09:00;UTC;4,575
30.10.2025;09:00;UTC;09:15;UTC;7,757
30.10.2025;09:15;UTC;09:30;UTC;5,885
30.10.2025;09:30;UTC;09:45;UTC;3,015
30.10.2025;09:45;UTC;10:00;UTC;0,504
30.10.2025;10:00;UTC;10:15;UTC;1,36
30.10.2025;10:15;UTC;10:30;UTC;1,339
30.10.2025;10:30;UTC;10:45;UTC;0,134
30.10.2025;10:45;UTC;11:00;UTC;0
30.10.2025;11:00;UTC;11:15;UTC;0
30.10.2025;11:15;UTC;11:30;UTC;0
30.10.2025;11:30;UTC;11:45;UTC;-0,001
30.10.2025;11:45;UTC;12:00;UTC;0
30.10.2025;12:00;UTC;12:15;UTC;-0,004
30.10.2025;12:15;UTC;12:30;UTC;-0,003
30.10.2025;12:30;UTC;12:45;UTC;-0,001
30.10.2025;12:45;UTC;13:00;UTC;0,009
30.10.2025;13:00;UTC;13:15;UTC;0,01
30.10.2025;13:15;UTC;13:30;UTC;1,607
30.10.2025;13:30;UTC;13:45;UTC;4,713
30.10.2025;13:45;UTC;14:00;UTC;6,187
30.10.2025;14:00;UTC;14:15;UTC;2,018
30.10.2025;14:15;UTC;14:30;UTC;5,245
30.10.2025;14:30;UTC;14:45;UTC;8,859
30.10.2025;14:45;UTC;15:00;UTC;11,798
30.10.2025;15:00;UTC;15:15;UTC;4,376
30.10.2025;15:15;UTC;15:30;UTC;7,247
30.10.2025;15:30;UTC;15:45;UTC;9,776
30.10.2025;15:45;UTC;16:00;UTC;12,719
30.10.2025;16:00;UTC;16:15;UTC;10,558
30.10.2025;16:15;UTC;16:30;UTC;11,278
30.10.2025;16:30;UTC;16:45;UTC;12,101
30.10.2025;16:45;UTC;17:00;UTC;13,235
30.10.2025;17:00;UTC;17:15;UTC;11,629
30.10.2025;17:15;UTC;17:30;UTC;11,686
30.10.2025;17:30;UTC;17:45;UTC;11,874
30.10.2025;17:45;UTC;18:00;UTC;11,89
30.10.2025;18:00;UTC;18:15;UTC;12,127
30.10.2025;18:15;UTC;18:30;UTC;11,85
30.10.2025;18:30;UTC;18:45;UTC;11,847
30.10.2025;18:45;UTC;19:00;UTC;11,245
30.10.2025;19:00;UTC;19:15;UTC;11,831
30.10.2025;19:15;UTC;19:30;UTC;10,671
30.10.2025;19:30;UTC;19:45;UTC;10,519
30.10.2025;19:45;UTC;20:00;UTC;9,094
30.10.2025;20:00;UTC;20:15;UTC;10,804
30.10.2025;20:15;UTC;20:30;UTC;10,371
30.10.2025;20:30;UTC;20:45;UTC;9,797
30.10.2025;20:45;UTC;21:00;UTC;8,242
30.10.2025;21:00;UTC;21:15;UTC;10,691
30.10.2025;21:15;UTC;21:30;UTC;10,016
30.10.2025;21:30;UTC;21:45;UTC;10,054
30.10.2025;21:45;UTC;22:00;UTC;8,615
30.10.2025;22:00;UTC;22:15;UTC;10,503
30.10.2025;22:15;UTC;22:30;UTC;9,148
30.10.2025;22:30;UTC;22:45;UTC;7,975
30.10.2025;22:45;UTC;23:00;UTC;6,307
30.10.2025;23:00;UTC;23:15;UTC;10,281
30.10.2025;23:15;UTC;23:30;UTC;8,976
30.10.2025;23:30;UTC;23:45;UTC;8,166
30.10.2025;23:45;UTC;00:00;UTC;7,673
31.10.2025;00:00;UTC;00:15;UTC;8,749
31.10.2025;00:15;UTC;00:30;UTC;8,205
31.10.2025;00:30;UTC;00:45;UTC;7,4
31.10.2025;00:45;UTC;01:00;UTC;6,909
31.10.2025;01:00;UTC;01:15;UTC;8,093
31.10.2025;01:15;UTC;01:30;UTC;7,307
31.10.2025;01:30;UTC;01:45;UTC;7,3
31.10.2025;01:45;UTC;02:00;UTC;7,196
31.10.2025;02:00;UTC;02:15;UTC;7,105
31.10.2025;02:15;UTC;02:30;UTC;7,27
31.10.2025;02:30;UTC;02:45;UTC;7,815
31.10.2025;02:45;UTC;03:00;UTC;8,08
31.10.2025;03:00;UTC;03:15;UTC;7,226
31.10.2025;03:15;UTC;03:30;UTC;7,482
31.10.2025;03:30;UTC;03:45;UTC;8,736
31.10.2025;03:45;UTC;04:00;UTC;8,461
31.10.2025;04:00;UTC;04:15;UTC;8,315
31.10.2025;04:15;UTC;04:30;UTC;8,512
31.10.2025;04:30;UTC;04:45;UTC;9,806
31.10.2025;04:45;UTC;05:00;UTC;10,097
31.10.2025;05:00;UTC;05:15;UTC;10,123
31.10.2025;05:15;UTC;05:30;UTC;12,092
31.10.2025;05:30;UTC;05:45;UTC;12,93
31.10.2025;05:45;UTC;06:00;UTC;13,009
31.10.2025;06:00;UTC;06:15;UTC;12,43
31.10.2025;06:15;UTC;06:30;UTC;12,962
31.10.2025;06:30;UTC;06:45;UTC;11,75
31.10.2025;06:45;UTC;07:00;UTC;10,687
31.10.2025;07:00;UTC;07:15;UTC;13,599
31.10.2025;07:15;UTC;07:30;UTC;11,705
31.10.2025;07:30;UTC;07:45;UTC;9,837
31.10.2025;07:45;UTC;08:00;UTC;8,365
31.10.2025;08:00;UTC;08:15;UTC;10,821
31.10.2025;08:15;UTC;08:30;UTC;8,627
31.10.2025;08:30;UTC;08:45;UTC;7,142
31.10.2025;08:45;UTC;09:00;UTC;6,615
31.10.2025;09:00;UTC;09:15;UTC;7,945
31.10.2025;09:15;UTC;09:30;UTC;7,626
31.10.2025;09:30;UTC;09:45;UTC;7,502
31.10.2025;09:45;UTC;10:00;UTC;7,195
31.10.2025;10:00;UTC;10:15;UTC;7,508
31.10.2025;10:15;UTC;10:30;UTC;7,387
31.10.2025;10:30;UTC;10:45;UTC;7,3
31.10.2025;10:45;UTC;11:00;UTC;7,44
31.10.2025;11:00;UTC;11:15;UTC;7,147
31.10.2025;11:15;UTC;11:30;UTC;7,189
31.10.2025;11:30;UTC;11:45;UTC;7,892
31.10.2025;11:45;UTC;12:00;UTC;8,168
31.10.2025;12:00;UTC;12:15;UTC;7,52
31.10.2025;12:15;UTC;12:30;UTC;7,999
31.10.2025;12:30;UTC;12:45;UTC;8,535
31.10.2025;12:45;UTC;13:00;UTC;9,629
31.10.2025;13:00;UTC;13:15;UTC;7,949
31.10.2025;13:15;UTC;13:30;UTC;9,975
31.10.2025;13:30;UTC;13:45;UTC;11,558
31.10.2025;13:45;UTC;14:00;UTC;13,198
31.10.2025;14:00;UTC;14:15;UTC;10,725
31.10.2025;14:15;UTC;14:30;UTC;12,317
31.10.2025;14:30;UTC;14:45;UTC;13,894
31.10.2025;14:45;UTC;15:00;UTC;13,895
31.10.2025;15:00;UTC;15:15;UTC;13,39
31.10.2025;15:15;UTC;15:30;UTC;13,272
31.10.2025;15:30;UTC;15:45;UTC;13,39
31.10.2025;15:45;UTC;16:00;UTC;12,767
31.10.2025;16:00;UTC;16:15;UTC;13,449
31.10.2025;16:15;UTC;16:30;UTC;12,651
31.10.2025;16:30;UTC;16:45;UTC;12,264
31.10.2025;16:45;UTC;17:00;UTC;10,506
31.10.2025;17:00;UTC;17:15;UTC;12,701
31.10.2025;17:15;UTC;17:30;UTC;11,651
31.10.2025;17:30;UTC;17:45;UTC;10,098
31.10.2025;17:45;UTC;18:00;UTC;8,462
31.10.2025;18:00;UTC;18:15;UTC;9,725
31.10.2025;18:15;UTC;18:30;UTC;8,465
31.10.2025;18:30;UTC;18:45;UTC;9,363
31.10.2025;18:45;UTC;19:00;UTC;8,449
31.10.2025;19:00;UTC;19:15;UTC;9,941
31.10.2025;19:15;UTC;19:30;UTC;9,124
31.10.2025;19:30;UTC;19:45;UTC;8,088
31.10.2025;19:45;UTC;20:00;UTC;7,266
31.10.2025;20:00;UTC;20:15;UTC;9,781
31.10.2025;20:15;UTC;20:30;UTC;9,015
31.10.2025;20:30;UTC;20:45;UTC;8,587
31.10.2025;20:45;UTC;21:00;UTC;7,603
31.10.2025;21:00;UTC;21:15;UTC;9,491
31.10.2025;21:15;UTC;21:30;UTC;8,416
31.10.2025;21:30;UTC;21:45;UTC;7,978
31.10.2025;21:45;UTC;22:00;UTC;6,853
31.10.2025;22:00;UTC;22:15;UTC;9,716
31.10.2025;22:15;UTC;22:30;UTC;7,523
31.10.2025;22:30;UTC;22:45;UTC;5,565
31.10.2025;22:45;UTC;23:00;UTC;4,237
31.10.2025;23:00;UTC;23:15;UTC;6,35
31.10.2025;23:15;UTC;23:30;UTC;5,367
31.10.2025;23:30;UTC;23:45;UTC;5,237
31.10.2025;23:45;UTC;00:00;UTC;4,929
01.11.2025;00:00;UTC;00:15;UTC;5,232
01.11.2025;00:15;UTC;00:30;UTC;4,457
01.11.2025;00:30;UTC;00:45;UTC;3,223
01.11.2025;00:45;UTC;01:00;UTC;2,334
01.11.2025;01:00;UTC;01:15;UTC;2,931
01.11.2025;01:15;UTC;01:30;UTC;2,413
01.11.2025;01:30;UTC;01:45;UTC;3,396
01.11.2025;01:45;UTC;02:00;UTC;2,569
01.11.2025;02:00;UTC;02:15;UTC;5,025
01.11.2025;02:15;UTC;02:30;UTC;3,133
01.11.2025;02:30;UTC;02:45;UTC;2,009
01.11.2025;02:45;UTC;03:00;UTC;1,816
01.11.2025;03:00;UTC;03:15;UTC;2,117
01.11.2025;03:15;UTC;03:30;UTC;2,248
01.11.2025;03:30;UTC;03:45;UTC;2,044
01.11.2025;03:45;UTC;04:00;UTC;1,552
01.11.2025;04:00;UTC;04:15;UTC;1,561
01.11.2025;04:15;UTC;04:30;UTC;2,404
01.11.2025;04:30;UTC;04:45;UTC;1,141
01.11.2025;04:45;UTC;05:00;UTC;1,025
01.11.2025;05:00;UTC;05:15;UTC;1,496
01.11.2025;05:15;UTC;05:30;UTC;1,144
01.11.2025;05:30;UTC;05:45;UTC;1,117
01.11.2025;05:45;UTC;06:00;UTC;0,894
01.11.2025;06:00;UTC;06:15;UTC;2,114
01.11.2025;06:15;UTC;06:30;UTC;1,617
01.11.2025;06:30;UTC;06:45;UTC;1,301
01.11.2025;06:45;UTC;07:00;UTC;2,01
01.11.2025;07:00;UTC;07:15;UTC;4,558
01.11.2025;07:15;UTC;07:30;UTC;3,776
01.11.2025;07:30;UTC;07:45;UTC;2,206
01.11.2025;07:45;UTC;08:00;UTC;1,44
01.11.2025;08:00;UTC;08:15;UTC;4,574
01.11.2025;08:15;UTC;08:30;UTC;3,008
01.11.2025;08:30;UTC;08:45;UTC;1,944
01.11.2025;08:45;UTC;09:00;UTC;1,292
01.11.2025;09:00;UTC;09:15;UTC;2,372
01.11.2025;09:15;UTC;09:30;UTC;1,808
01.11.2025;09:30;UTC;09:45;UTC;1,64
01.11.2025;09:45;UTC;10:00;UTC;1,5
01.11.2025;10:00;UTC;10:15;UTC;1,5
01.11.2025;10:15;UTC;10:30;UTC;1,506
01.11.2025;10:30;UTC;10:45;UTC;1,5
01.11.2025;10:45;UTC;11:00;UTC;1,797
01.11.2025;11:00;UTC;11:15;UTC;1,485
01.11.2025;11:15;UTC;11:30;UTC;1,8
01.11.2025;11:30;UTC;11:45;UTC;2,478
01.11.2025;11:45;UTC;12:00;UTC;2,643
01.11.2025;12:00;UTC;12:15;UTC;2,025
01.11.2025;12:15;UTC;12:30;UTC;2,551
01.11.2025;12:30;UTC;12:45;UTC;3,936
01.11.2025;12:45;UTC;13:00;UTC;4,184
01.11.2025;13:00;UTC;13:15;UTC;4,347
01.11.2025;13:15;UTC;13:30;UTC;5,626
01.11.2025;13:30;UTC;13:45;UTC;5,732
01.11.2025;13:45;UTC;14:00;UTC;5,896
01.11.2025;14:00;UTC;14:15;UTC;4,719
01.11.2025;14:15;UTC;14:30;UTC;5,723
01.11.2025;14:30;UTC;14:45;UTC;6,351
01.11.2025;14:45;UTC;15:00;UTC;6,836
01.11.2025;15:00;UTC;15:15;UTC;5,98
01.11.2025;15:15;UTC;15:30;UTC;7,487
01.11.2025;15:30;UTC;15:45;UTC;8,476
01.11.2025;15:45;UTC;16:00;UTC;8,691
01.11.2025;16:00;UTC;16:15;UTC;8,694
01.11.2025;16:15;UTC;16:30;UTC;8,924
01.11.2025;16:30;UTC;16:45;UTC;8,972
01.11.2025;16:45;UTC;17:00;UTC;8,926
01.11.2025;17:00;UTC;17:15;UTC;8,721
01.11.2025;17:15;UTC;17:30;UTC;9,1
01.11.2025;17:30;UTC;17:45;UTC;9,192
01.11.2025;17:45;UTC;18:00;UTC;8,609
01.11.2025;18:00;UTC;18:15;UTC;8,529
01.11.2025;18:15;UTC;18:30;UTC;8,822
01.11.2025;18:30;UTC;18:45;UTC;8,606
01.11.2025;18:45;UTC;19:00;UTC;8,603
01.11.2025;19:00;UTC;19:15;UTC;9,011
01.11.2025;19:15;UTC;19:30;UTC;9,1
01.11.2025;19:30;UTC;19:45;UTC;8,693
01.11.2025;19:45;UTC;20:00;UTC;7,675
01.11.2025;20:00;UTC;20:15;UTC;8,694
01.11.2025;20:15;UTC;20:30;UTC;8,51
01.11.2025;20:30;UTC;20:45;UTC;8,119
01.11.2025;20:45;UTC;21:00;UTC;7,99
01.11.2025;21:00;UTC;21:15;UTC;8,704
01.11.2025;21:15;UTC;21:30;UTC;8,95
01.11.2025;21:30;UTC;21:45;UTC;8,249
01.11.2025;21:45;UTC;22:00;UTC;7,269
01.11.2025;22:00;UTC;22:15;UTC;8,573
01.11.2025;22:15;UTC;22:30;UTC;8,182
01.11.2025;22:30;UTC;22:45;UTC;7,229
01.11.2025;22:45;UTC;23:00;UTC;7,019
01.11.2025;23:00;UTC;23:15;UTC;5,81
01.11.2025;23:15;UTC;23:30;UTC;6,703
01.11.2025;23:30;UTC;23:45;UTC;6,57
01.11.2025;23:45;UTC;00:00;UTC;6,631
02.11.2025;00:00;UTC;00:15;UTC;6,234
02.11.2025;00:15;UTC;00:30;UTC;6,191
02.11.2025;00:30;UTC;00:45;UTC;5,742
02.11.2025;00:45;UTC;01:00;UTC;5,964
02.11.2025;01:00;UTC;01:15;UTC;6,082
02.11.2025;01:15;UTC;01:30;UTC;6,164
02.11.2025;01:30;UTC;01:45;UTC;6,011
02.11.2025;01:45;UTC;02:00;UTC;6,134
02.11.2025;02:00;UTC;02:15;UTC;6,198
02.11.2025;02:15;UTC;02:30;UTC;6,259
02.11.2025;02:30;UTC;02:45;UTC;6,415
02.11.2025;02:45;UTC;03:00;UTC;6,221
02.11.2025;03:00;UTC;03:15;UTC;6,264
02.11.2025;03:15;UTC;03:30;UTC;6,462
02.11.2025;03:30;UTC;03:45;UTC;6,655
02.11.2025;03:45;UTC;04:00;UTC;7,426
02.11.2025;04:00;UTC;04:15;UTC;6,609
02.11.2025;04:15;UTC;04:30;UTC;7,398
02.11.2025;04:30;UTC;04:45;UTC;6,493
02.11.2025;04:45;UTC;05:00;UTC;7,024
02.11.2025;05:00;UTC;05:15;UTC;6,128
02.11.2025;05:15;UTC;05:30;UTC;6,949
02.11.2025;05:30;UTC;05:45;UTC;7,33
02.11.2025;05:45;UTC;06:00;UTC;7,732
02.11.2025;06:00;UTC;06:15;UTC;7,717
02.11.2025;06:15;UTC;06:30;UTC;7,459
02.11.2025;06:30;UTC;06:45;UTC;7,493
02.11.2025;06:45;UTC;07:00;UTC;7,543
02.11.2025;07:00;UTC;07:15;UTC;8,148
02.11.2025;07:15;UTC;07:30;UTC;8,007
02.11.2025;07:30;UTC;07:45;UTC;7,377
02.11.2025;07:45;UTC;08:00;UTC;7,316
02.11.2025;08:00;UTC;08:15;UTC;9,161
02.11.2025;08:15;UTC;08:30;UTC;7,757
02.11.2025;08:30;UTC;08:45;UTC;7,562
02.11.2025;08:45;UTC;09:00;UTC;6,903
02.11.2025;09:00;UTC;09:15;UTC;8,16
02.11.2025;09:15;UTC;09:30;UTC;7,607
02.11.2025;09:30;UTC;09:45;UTC;7,226
02.11.2025;09:45;UTC;10:00;UTC;7,003
02.11.2025;10:00;UTC;10:15;UTC;7,539
02.11.2025;10:15;UTC;10:30;UTC;7,56
02.11.2025;10:30;UTC;10:45;UTC;7,507
02.11.2025;10:45;UTC;11:00;UTC;7,386
02.11.2025;11:00;UTC;11:15;UTC;7,394
02.11.2025;11:15;UTC;11:30;UTC;7,349
02.11.2025;11:30;UTC;11:45;UTC;7,33
02.11.2025;11:45;UTC;12:00;UTC;8,012
02.11.2025;12:00;UTC;12:15;UTC;7,64
02.11.2025;12:15;UTC;12:30;UTC;7,964
02.11.2025;12:30;UTC;12:45;UTC;8,557
02.11.2025;12:45;UTC;13:00;UTC;9,104
02.11.2025;13:00;UTC;13:15;UTC;8,283
02.11.2025;13:15;UTC;13:30;UTC;8,88
02.11.2025;13:30;UTC;13:45;UTC;9,64
02.11.2025;13:45;UTC;14:00;UTC;10,217
02.11.2025;14:00;UTC;14:15;UTC;9,598
02.11.2025;14:15;UTC;14:30;UTC;10,651
02.11.2025;14:30;UTC;14:45;UTC;11,242
02.11.2025;14:45;UTC;15:00;UTC;12,77
02.11.2025;15:00;UTC;15:15;UTC;10,192
02.11.2025;15:15;UTC;15:30;UTC;11,099
02.11.2025;15:30;UTC;15:45;UTC;11,903
02.11.2025;15:45;UTC;16:00;UTC;13,407
02.11.2025;16:00;UTC;16:15;UTC;11,8
02.11.2025;16:15;UTC;16:30;UTC;13,139
02.11.2025;16:30;UTC;16:45;UTC;13,883
02.11.2025;16:45;UTC;17:00;UTC;14,007
02.11.2025;17:00;UTC;17:15;UTC;13,752
02.11.2025;17:15;UTC;17:30;UTC;13,571
02.11.2025;17:30;UTC;17:45;UTC;13,05
02.11.2025;17:45;UTC;18:00;UTC;11,79
02.11.2025;18:00;UTC;18:15;UTC;12,72
02.11.2025;18:15;UTC;18:30;UTC;12,514
02.11.2025;18:30;UTC;18:45;UTC;10,8
02.11.2025;18:45;UTC;19:00;UTC;9,409
02.11.2025;19:00;UTC;19:15;UTC;11,097
02.11.2025;19:15;UTC;19:30;UTC;10,442
02.11.2025;19:30;UTC;19:45;UTC;9,21
02.11.2025;19:45;UTC;20:00;UTC;8,691
02.11.2025;20:00;UTC;20:15;UTC;10,006
02.11.2025;20:15;UTC;20:30;UTC;9,408
02.11.2025;20:30;UTC;20:45;UTC;9,51
02.11.2025;20:45;UTC;21:00;UTC;9,208
02.11.2025;21:00;UTC;21:15;UTC;9,754
02.11.2025;21:15;UTC;21:30;UTC;9,591
02.11.2025;21:30;UTC;21:45;UTC;9,59
02.11.2025;21:45;UTC;22:00;UTC;8,336
02.11.2025;22:00;UTC;22:15;UTC;9,908
02.11.2025;22:15;UTC;22:30;UTC;8,547
02.11.2025;22:30;UTC;22:45;UTC;8,302
02.11.2025;22:45;UTC;23:00;UTC;7,26
02.11.2025;23:00;UTC;23:15;UTC;8,552
02.11.2025;23:15;UTC;23:30;UTC;8,241
02.11.2025;23:30;UTC;23:45;UTC;8,691
02.11.2025;23:45;UTC;00:00;UTC;7,492
03.11.2025;00:00;UTC;00:15;UTC;8,573
03.11.2025;00:15;UTC;00:30;UTC;8,386
03.11.2025;00:30;UTC;00:45;UTC;7,812
03.11.2025;00:45;UTC;01:00;UTC;7,271
03.11.2025;01:00;UTC;01:15;UTC;8,512
03.11.2025;01:15;UTC;01:30;UTC;7,474
03.11.2025;01:30;UTC;01:45;UTC;7,291
03.11.2025;01:45;UTC;02:00;UTC;6,722
03.11.2025;02:00;UTC;02:15;UTC;7,443
03.11.2025;02:15;UTC;02:30;UTC;7,206
03.11.2025;02:30;UTC;02:45;UTC;7,291
03.11.2025;02:45;UTC;03:00;UTC;7,316
03.11.2025;03:00;UTC;03:15;UTC;7,291
03.11.2025;03:15;UTC;03:30;UTC;7,358
03.11.2025;03:30;UTC;03:45;UTC;7,718
03.11.2025;03:45;UTC;04:00;UTC;7,622
03.11.2025;04:00;UTC;04:15;UTC;7,275
03.11.2025;04:15;UTC;04:30;UTC;7,493
03.11.2025;04:30;UTC;04:45;UTC;8,033
03.11.2025;04:45;UTC;05:00;UTC;7,199
03.11.2025;05:00;UTC;05:15;UTC;7,242
03.11.2025;05:15;UTC;05:30;UTC;8,931
03.11.2025;05:30;UTC;05:45;UTC;11,268
03.11.2025;05:45;UTC;06:00;UTC;10,691
03.11.2025;06:00;UTC;06:15;UTC;11,367
03.11.2025;06:15;UTC;06:30;UTC;12,045
03.11.2025;06:30;UTC;06:45;UTC;11,979
03.11.2025;06:45;UTC;07:00;UTC;11,511
03.11.2025;07:00;UTC;07:15;UTC;13,925
03.11.2025;07:15;UTC;07:30;UTC;11
03.11.2025;07:30;UTC;07:45;UTC;9,008
03.11.2025;07:45;UTC;08:00;UTC;8,067
03.11.2025;08:00;UTC;08:15;UTC;10,389
03.11.2025;08:15;UTC;08:30;UTC;9,257
03.11.2025;08:30;UTC;08:45;UTC;7,973
03.11.2025;08:45;UTC;09:00;UTC;6,686
03.11.2025;09:00;UTC;09:15;UTC;9,504
03.11.2025;09:15;UTC;09:30;UTC;7,367
03.11.2025;09:30;UTC;09:45;UTC;6,859
03.11.2025;09:45;UTC;10:00;UTC;6,448
03.11.2025;10:00;UTC;10:15;UTC;7,335
03.11.2025;10:15;UTC;10:30;UTC;7,449
03.11.2025;10:30;UTC;10:45;UTC;6,703
03.11.2025;10:45;UTC;11:00;UTC;7,183
03.11.2025;11:00;UTC;11:15;UTC;6,995
03.11.2025;11:15;UTC;11:30;UTC;6,639
03.11.2025;11:30;UTC;11:45;UTC;6,717
03.11.2025;11:45;UTC;12:00;UTC;6,845
03.11.2025;12:00;UTC;12:15;UTC;6,623
03.11.2025;12:15;UTC;12:30;UTC;7,316
03.11.2025;12:30;UTC;12:45;UTC;7,484
03.11.2025;12:45;UTC;13:00;UTC;7,347
03.11.2025;13:00;UTC;13:15;UTC;6,413
03.11.2025;13:15;UTC;13:30;UTC;6,663
03.11.2025;13:30;UTC;13:45;UTC;7,477
03.11.2025;13:45;UTC;14:00;UTC;9,437
03.11.2025;14:00;UTC;14:15;UTC;6,807
03.11.2025;14:15;UTC;14:30;UTC;8,511
03.11.2025;14:30;UTC;14:45;UTC;8,438
03.11.2025;14:45;UTC;15:00;UTC;9,286
03.11.2025;15:00;UTC;15:15;UTC;8,506
03.11.2025;15:15;UTC;15:30;UTC;9,21
03.11.2025;15:30;UTC;15:45;UTC;9,009
03.11.2025;15:45;UTC;16:00;UTC;10,369
03.11.2025;16:00;UTC;16:15;UTC;9,621
03.11.2025;16:15;UTC;16:30;UTC;9,453
03.11.2025;16:30;UTC;16:45;UTC;8,74
03.11.2025;16:45;UTC;17:00;UTC;9,194
03.11.2025;17:00;UTC;17:15;UTC;9,237
03.11.2025;17:15;UTC;17:30;UTC;8,86
03.11.2025;17:30;UTC;17:45;UTC;9,125
03.11.2025;17:45;UTC;18:00;UTC;9
03.11.2025;18:00;UTC;18:15;UTC;9,071
03.11.2025;18:15;UTC;18:30;UTC;8,68
03.11.2025;18:30;UTC;18:45;UTC;8,208
03.11.2025;18:45;UTC;19:00;UTC;6,671
03.11.2025;19:00;UTC;19:15;UTC;9,004
03.11.2025;19:15;UTC;19:30;UTC;7,052
03.11.2025;19:30;UTC;19:45;UTC;6,834
03.11.2025;19:45;UTC;20:00;UTC;5,763
03.11.2025;20:00;UTC;20:15;UTC;6,376
03.11.2025;20:15;UTC;20:30;UTC;5,673
03.11.2025;20:30;UTC;20:45;UTC;6,524
03.11.2025;20:45;UTC;21:00;UTC;5,43
03.11.2025;21:00;UTC;21:15;UTC;6,641
03.11.2025;21:15;UTC;21:30;UTC;5,442
03.11.2025;21:30;UTC;21:45;UTC;4,799
03.11.2025;21:45;UTC;22:00;UTC;4,203
03.11.2025;22:00;UTC;22:15;UTC;5,065
03.11.2025;22:15;UTC;22:30;UTC;2,603
03.11.2025;22:30;UTC;22:45;UTC;2,898
03.11.2025;22:45;UTC;23:00;UTC;0,92
03.11.2025;23:00;UTC;23:15;UTC;3,51
03.11.2025;23:15;UTC;23:30;UTC;1,507
03.11.2025;23:30;UTC;23:45;UTC;0,995
03.11.2025;23:45;UTC;00:00;UTC;0,6
04.11.2025;00:00;UTC;00:15;UTC;0,9
04.11.2025;00:15;UTC;00:30;UTC;0,672
04.11.2025;00:30;UTC;00:45;UTC;0,742
04.11.2025;00:45;UTC;01:00;UTC;0,589
04.11.2025;01:00;UTC;01:15;UTC;0,514
04.11.2025;01:15;UTC;01:30;UTC;0,435
04.11.2025;01:30;UTC;01:45;UTC;0,505
04.11.2025;01:45;UTC;02:00;UTC;0,516
04.11.2025;02:00;UTC;02:15;UTC;0,511
04.11.2025;02:15;UTC;02:30;UTC;0,516
04.11.2025;02:30;UTC;02:45;UTC;0,576
04.11.2025;02:45;UTC;03:00;UTC;0,922
04.11.2025;03:00;UTC;03:15;UTC;0,519
04.11.2025;03:15;UTC;03:30;UTC;0,517
04.11.2025;03:30;UTC;03:45;UTC;3,95
04.11.2025;03:45;UTC;04:00;UTC;3,493
04.11.2025;04:00;UTC;04:15;UTC;1,877
04.11.2025;04:15;UTC;04:30;UTC;5,616
04.11.2025;04:30;UTC;04:45;UTC;6,989
04.11.2025;04:45;UTC;05:00;UTC;8,891
04.11.2025;05:00;UTC;05:15;UTC;3,392
04.11.2025;05:15;UTC;05:30;UTC;7,962
04.11.2025;05:30;UTC;05:45;UTC;9,944
04.11.2025;05:45;UTC;06:00;UTC;11,117
04.11.2025;06:00;UTC;06:15;UTC;10,688
04.11.2025;06:15;UTC;06:30;UTC;12,453
04.11.2025;06:30;UTC;06:45;UTC;11,801
04.11.2025;06:45;UTC;07:00;UTC;10,781
04.11.2025;07:00;UTC;07:15;UTC;13,078
04.11.2025;07:15;UTC;07:30;UTC;12,144
04.11.2025;07:30;UTC;07:45;UTC;10,296
04.11.2025;07:45;UTC;08:00;UTC;8,482
04.11.2025;08:00;UTC;08:15;UTC;9,8
04.11.2025;08:15;UTC;08:30;UTC;9,604
04.11.2025;08:30;UTC;08:45;UTC;7,295
04.11.2025;08:45;UTC;09:00;UTC;5,64
04.11.2025;09:00;UTC;09:15;UTC;7,302
04.11.2025;09:15;UTC;09:30;UTC;6,064
04.11.2025;09:30;UTC;09:45;UTC;5,745
04.11.2025;09:45;UTC;10:00;UTC;5,148
04.11.2025;10:00;UTC;10:15;UTC;5,779
04.11.2025;10:15;UTC;10:30;UTC;5,447
04.11.2025;10:30;UTC;10:45;UTC;5,023
04.11.2025;10:45;UTC;11:00;UTC;4,899
04.11.2025;11:00;UTC;11:15;UTC;4,713
04.11.2025;11:15;UTC;11:30;UTC;4,795
04.11.2025;11:30;UTC;11:45;UTC;5,01
04.11.2025;11:45;UTC;12:00;UTC;5,543
04.11.2025;12:00;UTC;12:15;UTC;4,499
04.11.2025;12:15;UTC;12:30;UTC;6,28
04.11.2025;12:30;UTC;12:45;UTC;7,552
04.11.2025;12:45;UTC;13:00;UTC;8,444
04.11.2025;13:00;UTC;13:15;UTC;5,289
04.11.2025;13:15;UTC;13:30;UTC;7,041
04.11.2025;13:30;UTC;13:45;UTC;8,689
04.11.2025;13:45;UTC;14:00;UTC;11,401
04.11.2025;14:00;UTC;14:15;UTC;8,419
04.11.2025;14:15;UTC;14:30;UTC;10,025
04.11.2025;14:30;UTC;14:45;UTC;11,435
04.11.2025;14:45;UTC;15:00;UTC;16,627
04.11.2025;15:00;UTC;15:15;UTC;9,223
04.11.2025;15:15;UTC;15:30;UTC;11,4
04.11.2025;15:30;UTC;15:45;UTC;13,129
04.11.2025;15:45;UTC;16:00;UTC;17,238
04.11.2025;16:00;UTC;16:15;UTC;13,2
04.11.2025;16:15;UTC;16:30;UTC;12,925
04.11.2025;16:30;UTC;16:45;UTC;13,185
04.11.2025;16:45;UTC;17:00;UTC;12,33
04.11.2025;17:00;UTC;17:15;UTC;15,306
04.11.2025;17:15;UTC;17:30;UTC;12,701
04.11.2025;17:30;UTC;17:45;UTC;11,8
04.11.2025;17:45;UTC;18:00;UTC;9,298
04.11.2025;18:00;UTC;18:15;UTC;13,23
04.11.2025;18:15;UTC;18:30;UTC;11,4
04.11.2025;18:30;UTC;18:45;UTC;9,5
04.11.2025;18:45;UTC;19:00;UTC;8,549
04.11.2025;19:00;UTC;19:15;UTC;10,601
04.11.2025;19:15;UTC;19:30;UTC;9,841
04.11.2025;19:30;UTC;19:45;UTC;8,768
04.11.2025;19:45;UTC;20:00;UTC;9,491
04.11.2025;20:00;UTC;20:15;UTC;10,576
04.11.2025;20:15;UTC;20:30;UTC;9,127
04.11.2025;20:30;UTC;20:45;UTC;8,89
04.11.2025;20:45;UTC;21:00;UTC;7,953
04.11.2025;21:00;UTC;21:15;UTC;9,106
04.11.2025;21:15;UTC;21:30;UTC;8,873
04.11.2025;21:30;UTC;21:45;UTC;8,682
04.11.2025;21:45;UTC;22:00;UTC;7,834
04.11.2025;22:00;UTC;22:15;UTC;8,065
04.11.2025;22:15;UTC;22:30;UTC;7,507
04.11.2025;22:30;UTC;22:45;UTC;7,953
04.11.2025;22:45;UTC;23:00;UTC;6,924
04.11.2025;23:00;UTC;23:15;UTC;8,04
04.11.2025;23:15;UTC;23:30;UTC;7,361
04.11.2025;23:30;UTC;23:45;UTC;7,824
04.11.2025;23:45;UTC;00:00;UTC;7,707
05.11.2025;00:00;UTC;00:15;UTC;7,625
05.11.2025;00:15;UTC;00:30;UTC;7,514
05.11.2025;00:30;UTC;00:45;UTC;7,598
05.11.2025;00:45;UTC;01:00;UTC;7,592
05.11.2025;01:00;UTC;01:15;UTC;7,046
05.11.2025;01:15;UTC;01:30;UTC;7,33
05.11.2025;01:30;UTC;01:45;UTC;7,542
05.11.2025;01:45;UTC;02:00;UTC;7,824
05.11.2025;02:00;UTC;02:15;UTC;7,331
05.11.2025;02:15;UTC;02:30;UTC;7,244
05.11.2025;02:30;UTC;02:45;UTC;7,8
05.11.2025;02:45;UTC;03:00;UTC;7,498
05.11.2025;03:00;UTC;03:15;UTC;7,33
05.11.2025;03:15;UTC;03:30;UTC;7,348
05.11.2025;03:30;UTC;03:45;UTC;8,279
05.11.2025;03:45;UTC;04:00;UTC;8,597
05.11.2025;04:00;UTC;04:15;UTC;7,143
05.11.2025;04:15;UTC;04:30;UTC;8,188
05.11.2025;04:30;UTC;04:45;UTC;9,084
05.11.2025;04:45;UTC;05:00;UTC;9,585
05.11.2025;05:00;UTC;05:15;UTC;8,231
05.11.2025;05:15;UTC;05:30;UTC;8,462
05.11.2025;05:30;UTC;05:45;UTC;9,038
05.11.2025;05:45;UTC;06:00;UTC;10,814
05.11.2025;06:00;UTC;06:15;UTC;10,88
05.11.2025;06:15;UTC;06:30;UTC;12,701
05.11.2025;06:30;UTC;06:45;UTC;12,225
05.11.2025;06:45;UTC;07:00;UTC;10,554
05.11.2025;07:00;UTC;07:15;UTC;14,029
05.11.2025;07:15;UTC;07:30;UTC;11,727
05.11.2025;07:30;UTC;07:45;UTC;10,344
05.11.2025;07:45;UTC;08:00;UTC;6,746
05.11.2025;08:00;UTC;08:15;UTC;8,948
05.11.2025;08:15;UTC;08:30;UTC;7,634
05.11.2025;08:30;UTC;08:45;UTC;6,765
05.11.2025;08:45;UTC;09:00;UTC;6,469
05.11.2025;09:00;UTC;09:15;UTC;7,015
05.11.2025;09:15;UTC;09:30;UTC;6,004
05.11.2025;09:30;UTC;09:45;UTC;6,169
05.11.2025;09:45;UTC;10:00;UTC;5,965
05.11.2025;10:00;UTC;10:15;UTC;6,131
05.11.2025;10:15;UTC;10:30;UTC;5,999
05.11.2025;10:30;UTC;10:45;UTC;6,103
05.11.2025;10:45;UTC;11:00;UTC;6,57
05.11.2025;11:00;UTC;11:15;UTC;5,089
05.11.2025;11:15;UTC;11:30;UTC;6,108
05.11.2025;11:30;UTC;11:45;UTC;6,541
05.11.2025;11:45;UTC;12:00;UTC;7,09
05.11.2025;12:00;UTC;12:15;UTC;6,079
05.11.2025;12:15;UTC;12:30;UTC;7,109
05.11.2025;12:30;UTC;12:45;UTC;8,315
05.11.2025;12:45;UTC;13:00;UTC;9,43
05.11.2025;13:00;UTC;13:15;UTC;7,328
05.11.2025;13:15;UTC;13:30;UTC;9,124
05.11.2025;13:30;UTC;13:45;UTC;10,27
05.11.2025;13:45;UTC;14:00;UTC;11,755
05.11.2025;14:00;UTC;14:15;UTC;8,102
05.11.2025;14:15;UTC;14:30;UTC;11,064
05.11.2025;14:30;UTC;14:45;UTC;12,59
05.11.2025;14:45;UTC;15:00;UTC;14,402
05.11.2025;15:00;UTC;15:15;UTC;12,307
05.11.2025;15:15;UTC;15:30;UTC;13,088
05.11.2025;15:30;UTC;15:45;UTC;14,455
05.11.2025;15:45;UTC;16:00;UTC;16,703
05.11.2025;16:00;UTC;16:15;UTC;14,813
05.11.2025;16:15;UTC;16:30;UTC;15,309
05.11.2025;16:30;UTC;16:45;UTC;15,144
05.11.2025;16:45;UTC;17:00;UTC;13,701
05.11.2025;17:00;UTC;17:15;UTC;14,822
05.11.2025;17:15;UTC;17:30;UTC;13,477
05.11.2025;17:30;UTC;17:45;UTC;11,921
05.11.2025;17:45;UTC;18:00;UTC;10,812
05.11.2025;18:00;UTC;18:15;UTC;12,848
05.11.2025;18:15;UTC;18:30;UTC;11,672
05.11.2025;18:30;UTC;18:45;UTC;10,973
05.11.2025;18:45;UTC;19:00;UTC;10,409
05.11.2025;19:00;UTC;19:15;UTC;11,093
05.11.2025;19:15;UTC;19:30;UTC;10,337
05.11.2025;19:30;UTC;19:45;UTC;10,302
05.11.2025;19:45;UTC;20:00;UTC;10,184
05.11.2025;20:00;UTC;20:15;UTC;10,839
05.11.2025;20:15;UTC;20:30;UTC;10,283
05.11.2025;20:30;UTC;20:45;UTC;9,902
05.11.2025;20:45;UTC;21:00;UTC;8,543
05.11.2025;21:00;UTC;21:15;UTC;10,248
05.11.2025;21:15;UTC;21:30;UTC;8,989
05.11.2025;21:30;UTC;21:45;UTC;8,549
05.11.2025;21:45;UTC;22:00;UTC;7,753
05.11.2025;22:00;UTC;22:15;UTC;9,132
05.11.2025;22:15;UTC;22:30;UTC;9,186
05.11.2025;22:30;UTC;22:45;UTC;8,937
05.11.2025;22:45;UTC;23:00;UTC;7,825
05.11.2025;23:00;UTC;23:15;UTC;9,678
05.11.2025;23:15;UTC;23:30;UTC;9,311
05.11.2025;23:30;UTC;23:45;UTC;9,343
05.11.2025;23:45;UTC;00:00;UTC;9,017
06.11.2025;00:00;UTC;00:15;UTC;9,338
06.11.2025;00:15;UTC;00:30;UTC;9,108
06.11.2025;00:30;UTC;00:45;UTC;9,026
06.11.2025;00:45;UTC;01:00;UTC;8,86
06.11.2025;01:00;UTC;01:15;UTC;9,302
06.11.2025;01:15;UTC;01:30;UTC;9,054
06.11.2025;01:30;UTC;01:45;UTC;9,175
06.11.2025;01:45;UTC;02:00;UTC;9,028
06.11.2025;02:00;UTC;02:15;UTC;9,167
06.11.2025;02:15;UTC;02:30;UTC;9,109
06.11.2025;02:30;UTC;02:45;UTC;8,912
06.11.2025;02:45;UTC;03:00;UTC;9,014
06.11.2025;03:00;UTC;03:15;UTC;9,161
06.11.2025;03:15;UTC;03:30;UTC;9,108
06.11.2025;03:30;UTC;03:45;UTC;9,153
06.11.2025;03:45;UTC;04:00;UTC;9,338
06.11.2025;04:00;UTC;04:15;UTC;8,611
06.11.2025;04:15;UTC;04:30;UTC;8,876
06.11.2025;04:30;UTC;04:45;UTC;9,46
06.11.2025;04:45;UTC;05:00;UTC;9,921
06.11.2025;05:00;UTC;05:15;UTC;9,388
06.11.2025;05:15;UTC;05:30;UTC;11,352
06.11.2025;05:30;UTC;05:45;UTC;12,199
06.11.2025;05:45;UTC;06:00;UTC;14,401
06.11.2025;06:00;UTC;06:15;UTC;12,772
06.11.2025;06:15;UTC;06:30;UTC;13,6
06.11.2025;06:30;UTC;06:45;UTC;13,6
06.11.2025;06:45;UTC;07:00;UTC;12,121
06.11.2025;07:00;UTC;07:15;UTC;14,497
06.11.2025;07:15;UTC;07:30;UTC;12,901
06.11.2025;07:30;UTC;07:45;UTC;11,168
06.11.2025;07:45;UTC;08:00;UTC;9,306
06.11.2025;08:00;UTC;08:15;UTC;11,073
06.11.2025;08:15;UTC;08:30;UTC;10,06
06.11.2025;08:30;UTC;08:45;UTC;8,629
06.11.2025;08:45;UTC;09:00;UTC;7,523
06.11.2025;09:00;UTC;09:15;UTC;9,48
06.11.2025;09:15;UTC;09:30;UTC;8,755
06.11.2025;09:30;UTC;09:45;UTC;8,034
06.11.2025;09:45;UTC;10:00;UTC;7,794
06.11.2025;10:00;UTC;10:15;UTC;8,69
06.11.2025;10:15;UTC;10:30;UTC;8,497
06.11.2025;10:30;UTC;10:45;UTC;8,293
06.11.2025;10:45;UTC;11:00;UTC;8
06.11.2025;11:00;UTC;11:15;UTC;8,113
06.11.2025;11:15;UTC;11:30;UTC;7,876
06.11.2025;11:30;UTC;11:45;UTC;8,664
06.11.2025;11:45;UTC;12:00;UTC;8,944
06.11.2025;12:00;UTC;12:15;UTC;8,08
06.11.2025;12:15;UTC;12:30;UTC;8,658
06.11.2025;12:30;UTC;12:45;UTC;8,76
06.11.2025;12:45;UTC;13:00;UTC;9,374
06.11.2025;13:00;UTC;13:15;UTC;7,851
06.11.2025;13:15;UTC;13:30;UTC;9,453
06.11.2025;13:30;UTC;13:45;UTC;10,29
06.11.2025;13:45;UTC;14:00;UTC;12,2
06.11.2025;14:00;UTC;14:15;UTC;10,131
06.11.2025;14:15;UTC;14:30;UTC;10,916
06.11.2025;14:30;UTC;14:45;UTC;13,532
06.11.2025;14:45;UTC;15:00;UTC;16,717
06.11.2025;15:00;UTC;15:15;UTC;12,31
06.11.2025;15:15;UTC;15:30;UTC;13,701
06.11.2025;15:30;UTC;15:45;UTC;15,679
06.11.2025;15:45;UTC;16:00;UTC;17,308
06.11.2025;16:00;UTC;16:15;UTC;16,546
06.11.2025;16:15;UTC;16:30;UTC;16,287
06.11.2025;16:30;UTC;16:45;UTC;15,019
06.11.2025;16:45;UTC;17:00;UTC;13,85
06.11.2025;17:00;UTC;17:15;UTC;14,909
06.11.2025;17:15;UTC;17:30;UTC;13,904
06.11.2025;17:30;UTC;17:45;UTC;13,482
06.11.2025;17:45;UTC;18:00;UTC;12,684
06.11.2025;18:00;UTC;18:15;UTC;13,815
06.11.2025;18:15;UTC;18:30;UTC;12,936
06.11.2025;18:30;UTC;18:45;UTC;11,971
06.11.2025;18:45;UTC;19:00;UTC;11,863
06.11.2025;19:00;UTC;19:15;UTC;12,302
06.11.2025;19:15;UTC;19:30;UTC;11,985
06.11.2025;19:30;UTC;19:45;UTC;11,248
06.11.2025;19:45;UTC;20:00;UTC;10,453
06.11.2025;20:00;UTC;20:15;UTC;10,964
06.11.2025;20:15;UTC;20:30;UTC;10,366
06.11.2025;20:30;UTC;20:45;UTC;10,151
06.11.2025;20:45;UTC;21:00;UTC;8,911
06.11.2025;21:00;UTC;21:15;UTC;10,01
06.11.2025;21:15;UTC;21:30;UTC;9,367
06.11.2025;21:30;UTC;21:45;UTC;10,105
06.11.2025;21:45;UTC;22:00;UTC;9,512
06.11.2025;22:00;UTC;22:15;UTC;9,989
06.11.2025;22:15;UTC;22:30;UTC;9,5
06.11.2025;22:30;UTC;22:45;UTC;8,784
06.11.2025;22:45;UTC;23:00;UTC;7,948
06.11.2025;23:00;UTC;23:15;UTC;9,09
06.11.2025;23:15;UTC;23:30;UTC;8,827
06.11.2025;23:30;UTC;23:45;UTC;9,299
06.11.2025;23:45;UTC;00:00;UTC;8,855
07.11.2025;00:00;UTC;00:15;UTC;9,053
07.11.2025;00:15;UTC;00:30;UTC;8,844
07.11.2025;00:30;UTC;00:45;UTC;8,845
07.11.2025;00:45;UTC;01:00;UTC;8,787
07.11.2025;01:00;UTC;01:15;UTC;9,059
07.11.2025;01:15;UTC;01:30;UTC;8,898
07.11.2025;01:30;UTC;01:45;UTC;8,989
07.11.2025;01:45;UTC;02:00;UTC;8,894
07.11.2025;02:00;UTC;02:15;UTC;8,99
07.11.2025;02:15;UTC;02:30;UTC;8,954
07.11.2025;02:30;UTC;02:45;UTC;8,908
07.11.2025;02:45;UTC;03:00;UTC;8,993
07.11.2025;03:00;UTC;03:15;UTC;8,707
07.11.2025;03:15;UTC;03:30;UTC;8,94
07.11.2025;03:30;UTC;03:45;UTC;9,239
07.11.2025;03:45;UTC;04:00;UTC;9,278
07.11.2025;04:00;UTC;04:15;UTC;8,506
07.11.2025;04:15;UTC;04:30;UTC;9,029
07.11.2025;04:30;UTC;04:45;UTC;9,789
07.11.2025;04:45;UTC;05:00;UTC;10,36
07.11.2025;05:00;UTC;05:15;UTC;8,947
07.11.2025;05:15;UTC;05:30;UTC;10,211
07.11.2025;05:30;UTC;05:45;UTC;11,311
07.11.2025;05:45;UTC;06:00;UTC;14,437
07.11.2025;06:00;UTC;06:15;UTC;12,036
07.11.2025;06:15;UTC;06:30;UTC;13,763
07.11.2025;06:30;UTC;06:45;UTC;13,649
07.11.2025;06:45;UTC;07:00;UTC;14,105
07.11.2025;07:00;UTC;07:15;UTC;15,749
07.11.2025;07:15;UTC;07:30;UTC;14,286
07.11.2025;07:30;UTC;07:45;UTC;11,762
07.11.2025;07:45;UTC;08:00;UTC;9,422
07.11.2025;08:00;UTC;08:15;UTC;12,63
07.11.2025;08:15;UTC;08:30;UTC;11,713
07.11.2025;08:30;UTC;08:45;UTC;9,971
07.11.2025;08:45;UTC;09:00;UTC;8,928
07.11.2025;09:00;UTC;09:15;UTC;10,285
07.11.2025;09:15;UTC;09:30;UTC;9,496
07.11.2025;09:30;UTC;09:45;UTC;8,923
07.11.2025;09:45;UTC;10:00;UTC;8,648
07.11.2025;10:00;UTC;10:15;UTC;9,254
07.11.2025;10:15;UTC;10:30;UTC;8,969
07.11.2025;10:30;UTC;10:45;UTC;8,983
07.11.2025;10:45;UTC;11:00;UTC;8,789
07.11.2025;11:00;UTC;11:15;UTC;8,829
07.11.2025;11:15;UTC;11:30;UTC;8,822
07.11.2025;11:30;UTC;11:45;UTC;8,88
07.11.2025;11:45;UTC;12:00;UTC;8,99
07.11.2025;12:00;UTC;12:15;UTC;8,823
07.11.2025;12:15;UTC;12:30;UTC;9,056
07.11.2025;12:30;UTC;12:45;UTC;9,354
07.11.2025;12:45;UTC;13:00;UTC;9,588
07.11.2025;13:00;UTC;13:15;UTC;8,082
07.11.2025;13:15;UTC;13:30;UTC;9,887
07.11.2025;13:30;UTC;13:45;UTC;10,681
07.11.2025;13:45;UTC;14:00;UTC;12,59
07.11.2025;14:00;UTC;14:15;UTC;9,187
07.11.2025;14:15;UTC;14:30;UTC;11,221
07.11.2025;14:30;UTC;14:45;UTC;13,35
07.11.2025;14:45;UTC;15:00;UTC;18,091
07.11.2025;15:00;UTC;15:15;UTC;12,933
07.11.2025;15:15;UTC;15:30;UTC;14,457
07.11.2025;15:30;UTC;15:45;UTC;16,696
07.11.2025;15:45;UTC;16:00;UTC;21,963
07.11.2025;16:00;UTC;16:15;UTC;17,206
07.11.2025;16:15;UTC;16:30;UTC;18,476
07.11.2025;16:30;UTC;16:45;UTC;18,071
07.11.2025;16:45;UTC;17:00;UTC;17,662
07.11.2025;17:00;UTC;17:15;UTC;15,459
07.11.2025;17:15;UTC;17:30;UTC;14,142
07.11.2025;17:30;UTC;17:45;UTC;14,295
07.11.2025;17:45;UTC;18:00;UTC;14,377
07.11.2025;18:00;UTC;18:15;UTC;14,445
07.11.2025;18:15;UTC;18:30;UTC;13,628
07.11.2025;18:30;UTC;18:45;UTC;12,329
07.11.2025;18:45;UTC;19:00;UTC;12,191
07.11.2025;19:00;UTC;19:15;UTC;13,346
07.11.2025;19:15;UTC;19:30;UTC;12,071
07.11.2025;19:30;UTC;19:45;UTC;11,542
07.11.2025;19:45;UTC;20:00;UTC;10,812
07.11.2025;20:00;UTC;20:15;UTC;11,727
07.11.2025;20:15;UTC;20:30;UTC;10,96
07.11.2025;20:30;UTC;20:45;UTC;10,377
07.11.2025;20:45;UTC;21:00;UTC;9,597
07.11.2025;21:00;UTC;21:15;UTC;10,731
07.11.2025;21:15;UTC;21:30;UTC;10,451
07.11.2025;21:30;UTC;21:45;UTC;9,499
07.11.2025;21:45;UTC;22:00;UTC;8,629
07.11.2025;22:00;UTC;22:15;UTC;10,073
07.11.2025;22:15;UTC;22:30;UTC;9,499
07.11.2025;22:30;UTC;22:45;UTC;8,889
07.11.2025;22:45;UTC;23:00;UTC;8,36
07.11.2025;23:00;UTC;23:15;UTC;10,232
07.11.2025;23:15;UTC;23:30;UTC;10,11
07.11.2025;23:30;UTC;23:45;UTC;9,013
07.11.2025;23:45;UTC;00:00;UTC;9,257
08.11.2025;00:00;UTC;00:15;UTC;10,041
08.11.2025;00:15;UTC;00:30;UTC;9,656
08.11.2025;00:30;UTC;00:45;UTC;9,499
08.11.2025;00:45;UTC;01:00;UTC;9,334
08.11.2025;01:00;UTC;01:15;UTC;9,597
08.11.2025;01:15;UTC;01:30;UTC;9,329
08.11.2025;01:30;UTC;01:45;UTC;9,388
08.11.2025;01:45;UTC;02:00;UTC;9,285
08.11.2025;02:00;UTC;02:15;UTC;9,476
08.11.2025;02:15;UTC;02:30;UTC;9,422
08.11.2025;02:30;UTC;02:45;UTC;9,386
08.11.2025;02:45;UTC;03:00;UTC;9,305
08.11.2025;03:00;UTC;03:15;UTC;9,381
08.11.2025;03:15;UTC;03:30;UTC;9,556
08.11.2025;03:30;UTC;03:45;UTC;9,582
08.11.2025;03:45;UTC;04:00;UTC;9,496
08.11.2025;04:00;UTC;04:15;UTC;9,382
08.11.2025;04:15;UTC;04:30;UTC;9,365
08.11.2025;04:30;UTC;04:45;UTC;9,451
08.11.2025;04:45;UTC;05:00;UTC;9,48
08.11.2025;05:00;UTC;05:15;UTC;8,761
08.11.2025;05:15;UTC;05:30;UTC;9,07
08.11.2025;05:30;UTC;05:45;UTC;9,957
08.11.2025;05:45;UTC;06:00;UTC;10,323
08.11.2025;06:00;UTC;06:15;UTC;9,997
08.11.2025;06:15;UTC;06:30;UTC;10,267
08.11.2025;06:30;UTC;06:45;UTC;10,693
08.11.2025;06:45;UTC;07:00;UTC;10,58
08.11.2025;07:00;UTC;07:15;UTC;11,107
08.11.2025;07:15;UTC;07:30;UTC;10,831
08.11.2025;07:30;UTC;07:45;UTC;10,282
08.11.2025;07:45;UTC;08:00;UTC;9,98
08.11.2025;08:00;UTC;08:15;UTC;11,137
08.11.2025;08:15;UTC;08:30;UTC;10,377
08.11.2025;08:30;UTC;08:45;UTC;10,214
08.11.2025;08:45;UTC;09:00;UTC;9,72
08.11.2025;09:00;UTC;09:15;UTC;11,081
08.11.2025;09:15;UTC;09:30;UTC;10,283
08.11.2025;09:30;UTC;09:45;UTC;9,975
08.11.2025;09:45;UTC;10:00;UTC;9,532
08.11.2025;10:00;UTC;10:15;UTC;10,005
08.11.2025;10:15;UTC;10:30;UTC;9,789
08.11.2025;10:30;UTC;10:45;UTC;9,485
08.11.2025;10:45;UTC;11:00;UTC;9,5
08.11.2025;11:00;UTC;11:15;UTC;9,994
08.11.2025;11:15;UTC;11:30;UTC;9,584
08.11.2025;11:30;UTC;11:45;UTC;9,259
08.11.2025;11:45;UTC;12:00;UTC;9,227
08.11.2025;12:00;UTC;12:15;UTC;9,315
08.11.2025;12:15;UTC;12:30;UTC;9,359
08.11.2025;12:30;UTC;12:45;UTC;9,692
08.11.2025;12:45;UTC;13:00;UTC;9,999
08.11.2025;13:00;UTC;13:15;UTC;8,633
08.11.2025;13:15;UTC;13:30;UTC;9,721
08.11.2025;13:30;UTC;13:45;UTC;10,441
08.11.2025;13:45;UTC;14:00;UTC;11,822
08.11.2025;14:00;UTC;14:15;UTC;9,568
08.11.2025;14:15;UTC;14:30;UTC;10,993
08.11.2025;14:30;UTC;14:45;UTC;12,7
08.11.2025;14:45;UTC;15:00;UTC;13,786
08.11.2025;15:00;UTC;15:15;UTC;11,251
08.11.2025;15:15;UTC;15:30;UTC;11,86
08.11.2025;15:30;UTC;15:45;UTC;12,442
08.11.2025;15:45;UTC;16:00;UTC;14,301
08.11.2025;16:00;UTC;16:15;UTC;12,39
08.11.2025;16:15;UTC;16:30;UTC;13,688
08.11.2025;16:30;UTC;16:45;UTC;13,804
08.11.2025;16:45;UTC;17:00;UTC;14,084
08.11.2025;17:00;UTC;17:15;UTC;13,772
08.11.2025;17:15;UTC;17:30;UTC;13,599
08.11.2025;17:30;UTC;17:45;UTC;13,678
08.11.2025;17:45;UTC;18:00;UTC;13,564
08.11.2025;18:00;UTC;18:15;UTC;13,615
08.11.2025;18:15;UTC;18:30;UTC;13,343
08.11.2025;18:30;UTC;18:45;UTC;13,1
08.11.2025;18:45;UTC;19:00;UTC;12,734
08.11.2025;19:00;UTC;19:15;UTC;13,27
08.11.2025;19:15;UTC;19:30;UTC;12,607
08.11.2025;19:30;UTC;19:45;UTC;12,183
08.11.2025;19:45;UTC;20:00;UTC;11,127
08.11.2025;20:00;UTC;20:15;UTC;12,26
08.11.2025;20:15;UTC;20:30;UTC;12,004
08.11.2025;20:30;UTC;20:45;UTC;10,839
08.11.2025;20:45;UTC;21:00;UTC;10,219
08.11.2025;21:00;UTC;21:15;UTC;11,23
08.11.2025;21:15;UTC;21:30;UTC;10,743
08.11.2025;21:30;UTC;21:45;UTC;10,469
08.11.2025;21:45;UTC;22:00;UTC;10,062
08.11.2025;22:00;UTC;22:15;UTC;10,441
08.11.2025;22:15;UTC;22:30;UTC;9,993
08.11.2025;22:30;UTC;22:45;UTC;9,5
08.11.2025;22:45;UTC;23:00;UTC;8,828
08.11.2025;23:00;UTC;23:15;UTC;9,933
08.11.2025;23:15;UTC;23:30;UTC;9,243
08.11.2025;23:30;UTC;23:45;UTC;9,799
08.11.2025;23:45;UTC;00:00;UTC;9,563
09.11.2025;00:00;UTC;00:15;UTC;10,039
09.11.2025;00:15;UTC;00:30;UTC;9,5
09.11.2025;00:30;UTC;00:45;UTC;9,242
09.11.2025;00:45;UTC;01:00;UTC;9,041
09.11.2025;01:00;UTC;01:15;UTC;9,508
09.11.2025;01:15;UTC;01:30;UTC;9,377
09.11.2025;01:30;UTC;01:45;UTC;9,207
09.11.2025;01:45;UTC;02:00;UTC;9,041
09.11.2025;02:00;UTC;02:15;UTC;9,152
09.11.2025;02:15;UTC;02:30;UTC;9,04
09.11.2025;02:30;UTC;02:45;UTC;8,999
09.11.2025;02:45;UTC;03:00;UTC;9,262
09.11.2025;03:00;UTC;03:15;UTC;9,049
09.11.2025;03:15;UTC;03:30;UTC;9,142
09.11.2025;03:30;UTC;03:45;UTC;9,098
09.11.2025;03:45;UTC;04:00;UTC;9,37
09.11.2025;04:00;UTC;04:15;UTC;9,183
09.11.2025;04:15;UTC;04:30;UTC;9,13
09.11.2025;04:30;UTC;04:45;UTC;9,32
09.11.2025;04:45;UTC;05:00;UTC;9,041
09.11.2025;05:00;UTC;05:15;UTC;9,018
09.11.2025;05:15;UTC;05:30;UTC;8,914
09.11.2025;05:30;UTC;05:45;UTC;9,04
09.11.2025;05:45;UTC;06:00;UTC;9,003
09.11.2025;06:00;UTC;06:15;UTC;8,997
09.11.2025;06:15;UTC;06:30;UTC;8,497
09.11.2025;06:30;UTC;06:45;UTC;8,856
09.11.2025;06:45;UTC;07:00;UTC;9,096
09.11.2025;07:00;UTC;07:15;UTC;9,375
09.11.2025;07:15;UTC;07:30;UTC;10,009
09.11.2025;07:30;UTC;07:45;UTC;9,875
09.11.2025;07:45;UTC;08:00;UTC;9,65
09.11.2025;08:00;UTC;08:15;UTC;10,101
09.11.2025;08:15;UTC;08:30;UTC;9,891
09.11.2025;08:30;UTC;08:45;UTC;9,623
09.11.2025;08:45;UTC;09:00;UTC;9,432
09.11.2025;09:00;UTC;09:15;UTC;9,949
09.11.2025;09:15;UTC;09:30;UTC;9,605
09.11.2025;09:30;UTC;09:45;UTC;9,719
09.11.2025;09:45;UTC;10:00;UTC;9,54
09.11.2025;10:00;UTC;10:15;UTC;9,969
09.11.2025;10:15;UTC;10:30;UTC;9,845
09.11.2025;10:30;UTC;10:45;UTC;9,633
09.11.2025;10:45;UTC;11:00;UTC;9,475
09.11.2025;11:00;UTC;11:15;UTC;9,879
09.11.2025;11:15;UTC;11:30;UTC;9,763
09.11.2025;11:30;UTC;11:45;UTC;9,669
09.11.2025;11:45;UTC;12:00;UTC;9,824
09.11.2025;12:00;UTC;12:15;UTC;9,938
09.11.2025;12:15;UTC;12:30;UTC;9,878
09.11.2025;12:30;UTC;12:45;UTC;9,388
09.11.2025;12:45;UTC;13:00;UTC;9,357
09.11.2025;13:00;UTC;13:15;UTC;9,393
09.11.2025;13:15;UTC;13:30;UTC;9,371
09.11.2025;13:30;UTC;13:45;UTC;9,858
09.11.2025;13:45;UTC;14:00;UTC;10,304
09.11.2025;14:00;UTC;14:15;UTC;8,997
09.11.2025;14:15;UTC;14:30;UTC;9,724
09.11.2025;14:30;UTC;14:45;UTC;9,987
09.11.2025;14:45;UTC;15:00;UTC;10,41
09.11.2025;15:00;UTC;15:15;UTC;10,266
09.11.2025;15:15;UTC;15:30;UTC;10,96
09.11.2025;15:30;UTC;15:45;UTC;11,263
09.11.2025;15:45;UTC;16:00;UTC;11,45
09.11.2025;16:00;UTC;16:15;UTC;11,292
09.11.2025;16:15;UTC;16:30;UTC;12,424
09.11.2025;16:30;UTC;16:45;UTC;13,073
09.11.2025;16:45;UTC;17:00;UTC;13,251
09.11.2025;17:00;UTC;17:15;UTC;12,556
09.11.2025;17:15;UTC;17:30;UTC;12,751
09.11.2025;17:30;UTC;17:45;UTC;12,671
09.11.2025;17:45;UTC;18:00;UTC;12,462
09.11.2025;18:00;UTC;18:15;UTC;12,209
09.11.2025;18:15;UTC;18:30;UTC;12,136
09.11.2025;18:30;UTC;18:45;UTC;11,45
09.11.2025;18:45;UTC;19:00;UTC;11,387
09.11.2025;19:00;UTC;19:15;UTC;11,516
09.11.2025;19:15;UTC;19:30;UTC;11,618
09.11.2025;19:30;UTC;19:45;UTC;10,288
09.11.2025;19:45;UTC;20:00;UTC;8,978
09.11.2025;20:00;UTC;20:15;UTC;10,284
09.11.2025;20:15;UTC;20:30;UTC;8,997
09.11.2025;20:30;UTC;20:45;UTC;9,305
09.11.2025;20:45;UTC;21:00;UTC;8,829
09.11.2025;21:00;UTC;21:15;UTC;10,283
09.11.2025;21:15;UTC;21:30;UTC;9,383
09.11.2025;21:30;UTC;21:45;UTC;8,95
09.11.2025;21:45;UTC;22:00;UTC;8,31
09.11.2025;22:00;UTC;22:15;UTC;9,511
09.11.2025;22:15;UTC;22:30;UTC;8,953
09.11.2025;22:30;UTC;22:45;UTC;8,949
09.11.2025;22:45;UTC;23:00;UTC;8,559
09.11.2025;23:00;UTC;23:15;UTC;9,238
09.11.2025;23:15;UTC;23:30;UTC;8,998
09.11.2025;23:30;UTC;23:45;UTC;8,74
09.11.2025;23:45;UTC;00:00;UTC;8,616
10.11.2025;00:00;UTC;00:15;UTC;8,871
10.11.2025;00:15;UTC;00:30;UTC;8,846
10.11.2025;00:30;UTC;00:45;UTC;8,643
10.11.2025;00:45;UTC;01:00;UTC;8,694
10.11.2025;01:00;UTC;01:15;UTC;9,065
10.11.2025;01:15;UTC;01:30;UTC;8,96
10.11.2025;01:30;UTC;01:45;UTC;8,825
10.11.2025;01:45;UTC;02:00;UTC;8,711
10.11.2025;02:00;UTC;02:15;UTC;8,817
10.11.2025;02:15;UTC;02:30;UTC;8,727
10.11.2025;02:30;UTC;02:45;UTC;8,763
10.11.2025;02:45;UTC;03:00;UTC;8,702
10.11.2025;03:00;UTC;03:15;UTC;8,532
10.11.2025;03:15;UTC;03:30;UTC;8,505
10.11.2025;03:30;UTC;03:45;UTC;8,702
10.11.2025;03:45;UTC;04:00;UTC;9,132
10.11.2025;04:00;UTC;04:15;UTC;8,607
10.11.2025;04:15;UTC;04:30;UTC;8,654
10.11.2025;04:30;UTC;04:45;UTC;9,457
10.11.2025;04:45;UTC;05:00;UTC;10,207
10.11.2025;05:00;UTC;05:15;UTC;8,827
10.11.2025;05:15;UTC;05:30;UTC;10,337
10.11.2025;05:30;UTC;05:45;UTC;12,225
10.11.2025;05:45;UTC;06:00;UTC;13,992
10.11.2025;06:00;UTC;06:15;UTC;12,513
10.11.2025;06:15;UTC;06:30;UTC;14,093
10.11.2025;06:30;UTC;06:45;UTC;14,945
10.11.2025;06:45;UTC;07:00;UTC;15,647
10.11.2025;07:00;UTC;07:15;UTC;17,64
10.11.2025;07:15;UTC;07:30;UTC;15,914
10.11.2025;07:30;UTC;07:45;UTC;15,615
10.11.2025;07:45;UTC;08:00;UTC;13,981
10.11.2025;08:00;UTC;08:15;UTC;17,595
10.11.2025;08:15;UTC;08:30;UTC;14,607
10.11.2025;08:30;UTC;08:45;UTC;13,26
10.11.2025;08:45;UTC;09:00;UTC;12,257
10.11.2025;09:00;UTC;09:15;UTC;14,57
10.11.2025;09:15;UTC;09:30;UTC;12,754
10.11.2025;09:30;UTC;09:45;UTC;12,334
10.11.2025;09:45;UTC;10:00;UTC;10,851
10.11.2025;10:00;UTC;10:15;UTC;12,257
10.11.2025;10:15;UTC;10:30;UTC;11,776
10.11.2025;10:30;UTC;10:45;UTC;11,181
10.11.2025;10:45;UTC;11:00;UTC;10,884
10.11.2025;11:00;UTC;11:15;UTC;10,943
10.11.2025;11:15;UTC;11:30;UTC;10,739
10.11.2025;11:30;UTC;11:45;UTC;10,283
10.11.2025;11:45;UTC;12:00;UTC;10,404
10.11.2025;12:00;UTC;12:15;UTC;10,791
10.11.2025;12:15;UTC;12:30;UTC;10,708
10.11.2025;12:30;UTC;12:45;UTC;10,547
10.11.2025;12:45;UTC;13:00;UTC;11,318
10.11.2025;13:00;UTC;13:15;UTC;10,238
10.11.2025;13:15;UTC;13:30;UTC;10,413
10.11.2025;13:30;UTC;13:45;UTC;11,862
10.11.2025;13:45;UTC;14:00;UTC;13,713
10.11.2025;14:00;UTC;14:15;UTC;10,285
10.11.2025;14:15;UTC;14:30;UTC;11,052
10.11.2025;14:30;UTC;14:45;UTC;12,894
10.11.2025;14:45;UTC;15:00;UTC;16,27
10.11.2025;15:00;UTC;15:15;UTC;12,511
10.11.2025;15:15;UTC;15:30;UTC;12,952
10.11.2025;15:30;UTC;15:45;UTC;13,196
10.11.2025;15:45;UTC;16:00;UTC;14,683
10.11.2025;16:00;UTC;16:15;UTC;14,644
10.11.2025;16:15;UTC;16:30;UTC;14,63
10.11.2025;16:30;UTC;16:45;UTC;13,677
10.11.2025;16:45;UTC;17:00;UTC;12,81
10.11.2025;17:00;UTC;17:15;UTC;15,437
10.11.2025;17:15;UTC;17:30;UTC;13,056
10.11.2025;17:30;UTC;17:45;UTC;10,339
10.11.2025;17:45;UTC;18:00;UTC;9,458
10.11.2025;18:00;UTC;18:15;UTC;13,308
10.11.2025;18:15;UTC;18:30;UTC;10,211
10.11.2025;18:30;UTC;18:45;UTC;9,058
10.11.2025;18:45;UTC;19:00;UTC;8,888
10.11.2025;19:00;UTC;19:15;UTC;8,97
10.11.2025;19:15;UTC;19:30;UTC;9,64
10.11.2025;19:30;UTC;19:45;UTC;8,844
10.11.2025;19:45;UTC;20:00;UTC;8,59
10.11.2025;20:00;UTC;20:15;UTC;9,4
10.11.2025;20:15;UTC;20:30;UTC;8,763
10.11.2025;20:30;UTC;20:45;UTC;8,863
10.11.2025;20:45;UTC;21:00;UTC;8,569
10.11.2025;21:00;UTC;21:15;UTC;9,218
10.11.2025;21:15;UTC;21:30;UTC;8,959
10.11.2025;21:30;UTC;21:45;UTC;8,59
10.11.2025;21:45;UTC;22:00;UTC;8,59
10.11.2025;22:00;UTC;22:15;UTC;9,291
10.11.2025;22:15;UTC;22:30;UTC;8,562
10.11.2025;22:30;UTC;22:45;UTC;8,124
10.11.2025;22:45;UTC;23:00;UTC;7,571
10.11.2025;23:00;UTC;23:15;UTC;8,965
10.11.2025;23:15;UTC;23:30;UTC;8,647
10.11.2025;23:30;UTC;23:45;UTC;7,838
10.11.2025;23:45;UTC;00:00;UTC;7,826
11.11.2025;00:00;UTC;00:15;UTC;8,886
11.11.2025;00:15;UTC;00:30;UTC;8,093
11.11.2025;00:30;UTC;00:45;UTC;7,654
11.11.2025;00:45;UTC;01:00;UTC;7,36
11.11.2025;01:00;UTC;01:15;UTC;7,765
11.11.2025;01:15;UTC;01:30;UTC;7,69
11.11.2025;01:30;UTC;01:45;UTC;7,45
11.11.2025;01:45;UTC;02:00;UTC;7,416
11.11.2025;02:00;UTC;02:15;UTC;7,304
11.11.2025;02:15;UTC;02:30;UTC;7,586
11.11.2025;02:30;UTC;02:45;UTC;7,64
11.11.2025;02:45;UTC;03:00;UTC;7,418
11.11.2025;03:00;UTC;03:15;UTC;7,351
11.11.2025;03:15;UTC;03:30;UTC;7,537
11.11.2025;03:30;UTC;03:45;UTC;7,594
11.11.2025;03:45;UTC;04:00;UTC;7,716
11.11.2025;04:00;UTC;04:15;UTC;7,072
11.11.2025;04:15;UTC;04:30;UTC;7,663
11.11.2025;04:30;UTC;04:45;UTC;7,692
11.11.2025;04:45;UTC;05:00;UTC;8,402
11.11.2025;05:00;UTC;05:15;UTC;7,461
11.11.2025;05:15;UTC;05:30;UTC;7,776
11.11.2025;05:30;UTC;05:45;UTC;8,888
11.11.2025;05:45;UTC;06:00;UTC;10,59
11.11.2025;06:00;UTC;06:15;UTC;9,703
11.11.2025;06:15;UTC;06:30;UTC;10,394
11.11.2025;06:30;UTC;06:45;UTC;10,938
11.11.2025;06:45;UTC;07:00;UTC;11,049
11.11.2025;07:00;UTC;07:15;UTC;11,964
11.11.2025;07:15;UTC;07:30;UTC;11,542
11.11.2025;07:30;UTC;07:45;UTC;11,356
11.11.2025;07:45;UTC;08:00;UTC;10,657
11.11.2025;08:00;UTC;08:15;UTC;11,576
11.11.2025;08:15;UTC;08:30;UTC;9,864
11.11.2025;08:30;UTC;08:45;UTC;10,362
11.11.2025;08:45;UTC;09:00;UTC;9,444
11.11.2025;09:00;UTC;09:15;UTC;10,639
11.11.2025;09:15;UTC;09:30;UTC;9,083
11.11.2025;09:30;UTC;09:45;UTC;8,599
11.11.2025;09:45;UTC;10:00;UTC;8,268
11.11.2025;10:00;UTC;10:15;UTC;9,308
11.11.2025;10:15;UTC;10:30;UTC;8,887
11.11.2025;10:30;UTC;10:45;UTC;8,591
11.11.2025;10:45;UTC;11:00;UTC;8,383
11.11.2025;11:00;UTC;11:15;UTC;8,541
11.11.2025;11:15;UTC;11:30;UTC;8,358
11.11.2025;11:30;UTC;11:45;UTC;8,529
11.11.2025;11:45;UTC;12:00;UTC;9,236
11.11.2025;12:00;UTC;12:15;UTC;8,406
11.11.2025;12:15;UTC;12:30;UTC;8,67
11.11.2025;12:30;UTC;12:45;UTC;9,043
11.11.2025;12:45;UTC;13:00;UTC;9,853
11.11.2025;13:00;UTC;13:15;UTC;8,743
11.11.2025;13:15;UTC;13:30;UTC;9,424
11.11.2025;13:30;UTC;13:45;UTC;10,477
11.11.2025;13:45;UTC;14:00;UTC;11,85
11.11.2025;14:00;UTC;14:15;UTC;9,775
11.11.2025;14:15;UTC;14:30;UTC;11,705
11.11.2025;14:30;UTC;14:45;UTC;13,658
11.11.2025;14:45;UTC;15:00;UTC;14,572
11.11.2025;15:00;UTC;15:15;UTC;12,859
11.11.2025;15:15;UTC;15:30;UTC;14,112
11.11.2025;15:30;UTC;15:45;UTC;14,868
11.11.2025;15:45;UTC;16:00;UTC;15,39
11.11.2025;16:00;UTC;16:15;UTC;14,763
11.11.2025;16:15;UTC;16:30;UTC;14,949
11.11.2025;16:30;UTC;16:45;UTC;14,36
11.11.2025;16:45;UTC;17:00;UTC;13,231
11.11.2025;17:00;UTC;17:15;UTC;13,735
11.11.2025;17:15;UTC;17:30;UTC;12,231
11.11.2025;17:30;UTC;17:45;UTC;10,744
11.11.2025;17:45;UTC;18:00;UTC;9,289
11.11.2025;18:00;UTC;18:15;UTC;11,269
11.11.2025;18:15;UTC;18:30;UTC;9,644
11.11.2025;18:30;UTC;18:45;UTC;10,518
11.11.2025;18:45;UTC;19:00;UTC;10,582
11.11.2025;19:00;UTC;19:15;UTC;10,687
11.11.2025;19:15;UTC;19:30;UTC;10,373
11.11.2025;19:30;UTC;19:45;UTC;9,69
11.11.2025;19:45;UTC;20:00;UTC;8,52
11.11.2025;20:00;UTC;20:15;UTC;10,694
11.11.2025;20:15;UTC;20:30;UTC;9,691
11.11.2025;20:30;UTC;20:45;UTC;9,443
11.11.2025;20:45;UTC;21:00;UTC;8,725
11.11.2025;21:00;UTC;21:15;UTC;11,638
11.11.2025;21:15;UTC;21:30;UTC;9,456
11.11.2025;21:30;UTC;21:45;UTC;8,591
11.11.2025;21:45;UTC;22:00;UTC;7,139
11.11.2025;22:00;UTC;22:15;UTC;8,978
11.11.2025;22:15;UTC;22:30;UTC;7,984
11.11.2025;22:30;UTC;22:45;UTC;7,429
11.11.2025;22:45;UTC;23:00;UTC;5,809
11.11.2025;23:00;UTC;23:15;UTC;8,854
11.11.2025;23:15;UTC;23:30;UTC;7,666
11.11.2025;23:30;UTC;23:45;UTC;6,823
11.11.2025;23:45;UTC;00:00;UTC;6,648
12.11.2025;00:00;UTC;00:15;UTC;7,638
12.11.2025;00:15;UTC;00:30;UTC;6,906
12.11.2025;00:30;UTC;00:45;UTC;6,255
12.11.2025;00:45;UTC;01:00;UTC;6,527
12.11.2025;01:00;UTC;01:15;UTC;6,54
12.11.2025;01:15;UTC;01:30;UTC;6,406
12.11.2025;01:30;UTC;01:45;UTC;6,7
12.11.2025;01:45;UTC;02:00;UTC;6,118
12.11.2025;02:00;UTC;02:15;UTC;6,551
12.11.2025;02:15;UTC;02:30;UTC;6,212
12.11.2025;02:30;UTC;02:45;UTC;6,097
12.11.2025;02:45;UTC;03:00;UTC;6,1
12.11.2025;03:00;UTC;03:15;UTC;6,089
12.11.2025;03:15;UTC;03:30;UTC;6,322
12.11.2025;03:30;UTC;03:45;UTC;6,378
12.11.2025;03:45;UTC;04:00;UTC;6,131
12.11.2025;04:00;UTC;04:15;UTC;6,399
12.11.2025;04:15;UTC;04:30;UTC;6,628
12.11.2025;04:30;UTC;04:45;UTC;7,412
12.11.2025;04:45;UTC;05:00;UTC;7,281
12.11.2025;05:00;UTC;05:15;UTC;5,939
12.11.2025;05:15;UTC;05:30;UTC;7,721
12.11.2025;05:30;UTC;05:45;UTC;7,64
12.11.2025;05:45;UTC;06:00;UTC;9,499
12.11.2025;06:00;UTC;06:15;UTC;10,594
12.11.2025;06:15;UTC;06:30;UTC;10,755
12.11.2025;06:30;UTC;06:45;UTC;11,046
12.11.2025;06:45;UTC;07:00;UTC;10,509
12.11.2025;07:00;UTC;07:15;UTC;13,439
12.11.2025;07:15;UTC;07:30;UTC;10,973
12.11.2025;07:30;UTC;07:45;UTC;10,355
12.11.2025;07:45;UTC;08:00;UTC;5,522
12.11.2025;08:00;UTC;08:15;UTC;10,702
12.11.2025;08:15;UTC;08:30;UTC;8,319
12.11.2025;08:30;UTC;08:45;UTC;7,136
12.11.2025;08:45;UTC;09:00;UTC;5,088
12.11.2025;09:00;UTC;09:15;UTC;8,859
12.11.2025;09:15;UTC;09:30;UTC;7,22
12.11.2025;09:30;UTC;09:45;UTC;7,099
12.11.2025;09:45;UTC;10:00;UTC;5,433
12.11.2025;10:00;UTC;10:15;UTC;7,222
12.11.2025;10:15;UTC;10:30;UTC;5,888
12.11.2025;10:30;UTC;10:45;UTC;5,506
12.11.2025;10:45;UTC;11:00;UTC;5,386
12.11.2025;11:00;UTC;11:15;UTC;5,25
12.11.2025;11:15;UTC;11:30;UTC;5,412
12.11.2025;11:30;UTC;11:45;UTC;5,891
12.11.2025;11:45;UTC;12:00;UTC;7,101
12.11.2025;12:00;UTC;12:15;UTC;5,3
12.11.2025;12:15;UTC;12:30;UTC;6,483
12.11.2025;12:30;UTC;12:45;UTC;8,387
12.11.2025;12:45;UTC;13:00;UTC;9,337
12.11.2025;13:00;UTC;13:15;UTC;6,148
12.11.2025;13:15;UTC;13:30;UTC;5,724
12.11.2025;13:30;UTC;13:45;UTC;8
12.11.2025;13:45;UTC;14:00;UTC;12,298
12.11.2025;14:00;UTC;14:15;UTC;6,585
12.11.2025;14:15;UTC;14:30;UTC;9,264
12.11.2025;14:30;UTC;14:45;UTC;12,7
12.11.2025;14:45;UTC;15:00;UTC;13,439
12.11.2025;15:00;UTC;15:15;UTC;10
12.11.2025;15:15;UTC;15:30;UTC;11,4
12.11.2025;15:30;UTC;15:45;UTC;11,6
12.11.2025;15:45;UTC;16:00;UTC;12,45
12.11.2025;16:00;UTC;16:15;UTC;11,721
12.11.2025;16:15;UTC;16:30;UTC;11,599
12.11.2025;16:30;UTC;16:45;UTC;11,9
12.11.2025;16:45;UTC;17:00;UTC;10,938
12.11.2025;17:00;UTC;17:15;UTC;11,599
12.11.2025;17:15;UTC;17:30;UTC;10,99
12.11.2025;17:30;UTC;17:45;UTC;9,905
12.11.2025;17:45;UTC;18:00;UTC;9,453
12.11.2025;18:00;UTC;18:15;UTC;9,935
12.11.2025;18:15;UTC;18:30;UTC;8,742
12.11.2025;18:30;UTC;18:45;UTC;8,721
12.11.2025;18:45;UTC;19:00;UTC;8,173
12.11.2025;19:00;UTC;19:15;UTC;8,55
12.11.2025;19:15;UTC;19:30;UTC;8,481
12.11.2025;19:30;UTC;19:45;UTC;8,603
12.11.2025;19:45;UTC;20:00;UTC;6,744
12.11.2025;20:00;UTC;20:15;UTC;10,653
12.11.2025;20:15;UTC;20:30;UTC;8,602
12.11.2025;20:30;UTC;20:45;UTC;6,3
12.11.2025;20:45;UTC;21:00;UTC;5,207
12.11.2025;21:00;UTC;21:15;UTC;10,213
12.11.2025;21:15;UTC;21:30;UTC;7,943
12.11.2025;21:30;UTC;21:45;UTC;6,463
12.11.2025;21:45;UTC;22:00;UTC;5,599
12.11.2025;22:00;UTC;22:15;UTC;7,357
12.11.2025;22:15;UTC;22:30;UTC;6,453
12.11.2025;22:30;UTC;22:45;UTC;5,141
12.11.2025;22:45;UTC;23:00;UTC;3,823
12.11.2025;23:00;UTC;23:15;UTC;4,457
12.11.2025;23:15;UTC;23:30;UTC;3,624
12.11.2025;23:30;UTC;23:45;UTC;3,088
12.11.2025;23:45;UTC;00:00;UTC;1,998
13.11.2025;00:00;UTC;00:15;UTC;2,537
13.11.2025;00:15;UTC;00:30;UTC;1,903
13.11.2025;00:30;UTC;00:45;UTC;1,726
13.11.2025;00:45;UTC;01:00;UTC;1,423
13.11.2025;01:00;UTC;01:15;UTC;1,42
13.11.2025;01:15;UTC;01:30;UTC;1,336
13.11.2025;01:30;UTC;01:45;UTC;0,925
13.11.2025;01:45;UTC;02:00;UTC;0,794
13.11.2025;02:00;UTC;02:15;UTC;0,857
13.11.2025;02:15;UTC;02:30;UTC;0,809
13.11.2025;02:30;UTC;02:45;UTC;0,791
13.11.2025;02:45;UTC;03:00;UTC;0,655
13.11.2025;03:00;UTC;03:15;UTC;0,564
13.11.2025;03:15;UTC;03:30;UTC;0,563
13.11.2025;03:30;UTC;03:45;UTC;0,563
13.11.2025;03:45;UTC;04:00;UTC;0,71
13.11.2025;04:00;UTC;04:15;UTC;0,918
13.11.2025;04:15;UTC;04:30;UTC;1,563
13.11.2025;04:30;UTC;04:45;UTC;3,21
13.11.2025;04:45;UTC;05:00;UTC;4,698
13.11.2025;05:00;UTC;05:15;UTC;3,377
13.11.2025;05:15;UTC;05:30;UTC;5,499
13.11.2025;05:30;UTC;05:45;UTC;5,717
13.11.2025;05:45;UTC;06:00;UTC;5,761
13.11.2025;06:00;UTC;06:15;UTC;5,618
13.11.2025;06:15;UTC;06:30;UTC;8,502
13.11.2025;06:30;UTC;06:45;UTC;8,611
13.11.2025;06:45;UTC;07:00;UTC;8,007
13.11.2025;07:00;UTC;07:15;UTC;8,529
13.11.2025;07:15;UTC;07:30;UTC;6,791
13.11.2025;07:30;UTC;07:45;UTC;5,165
13.11.2025;07:45;UTC;08:00;UTC;5,948
13.11.2025;08:00;UTC;08:15;UTC;5,879
13.11.2025;08:15;UTC;08:30;UTC;5,676
13.11.2025;08:30;UTC;08:45;UTC;5,06
13.11.2025;08:45;UTC;09:00;UTC;4,829
13.11.2025;09:00;UTC;09:15;UTC;5,851
13.11.2025;09:15;UTC;09:30;UTC;5,04
13.11.2025;09:30;UTC;09:45;UTC;4,759
13.11.2025;09:45;UTC;10:00;UTC;4,479
13.11.2025;10:00;UTC;10:15;UTC;4,725
13.11.2025;10:15;UTC;10:30;UTC;3,695
13.11.2025;10:30;UTC;10:45;UTC;4,007
13.11.2025;10:45;UTC;11:00;UTC;4,757
13.11.2025;11:00;UTC;11:15;UTC;4,205
13.11.2025;11:15;UTC;11:30;UTC;4,686
13.11.2025;11:30;UTC;11:45;UTC;5,123
13.11.2025;11:45;UTC;12:00;UTC;5,222
13.11.2025;12:00;UTC;12:15;UTC;5,041
13.11.2025;12:15;UTC;12:30;UTC;5,221
13.11.2025;12:30;UTC;12:45;UTC;6,801
13.11.2025;12:45;UTC;13:00;UTC;7,166
13.11.2025;13:00;UTC;13:15;UTC;4,849
13.11.2025;13:15;UTC;13:30;UTC;6,437
13.11.2025;13:30;UTC;13:45;UTC;8,027
13.11.2025;13:45;UTC;14:00;UTC;11,621
13.11.2025;14:00;UTC;14:15;UTC;6,694
13.11.2025;14:15;UTC;14:30;UTC;8,544
13.11.2025;14:30;UTC;14:45;UTC;11,821
13.11.2025;14:45;UTC;15:00;UTC;13,607
13.11.2025;15:00;UTC;15:15;UTC;7,535
13.11.2025;15:15;UTC;15:30;UTC;11,817
13.11.2025;15:30;UTC;15:45;UTC;12,96
13.11.2025;15:45;UTC;16:00;UTC;12,293
13.11.2025;16:00;UTC;16:15;UTC;11,495
13.11.2025;16:15;UTC;16:30;UTC;12,849
13.11.2025;16:30;UTC;16:45;UTC;13,441
13.11.2025;16:45;UTC;17:00;UTC;14,255
13.11.2025;17:00;UTC;17:15;UTC;12,567
13.11.2025;17:15;UTC;17:30;UTC;12,847
13.11.2025;17:30;UTC;17:45;UTC;13,435
13.11.2025;17:45;UTC;18:00;UTC;13,872
13.11.2025;18:00;UTC;18:15;UTC;13,232
13.11.2025;18:15;UTC;18:30;UTC;13,057
13.11.2025;18:30;UTC;18:45;UTC;13,015
13.11.2025;18:45;UTC;19:00;UTC;12,651
13.11.2025;19:00;UTC;19:15;UTC;12,299
13.11.2025;19:15;UTC;19:30;UTC;10,794
13.11.2025;19:30;UTC;19:45;UTC;10,216
13.11.2025;19:45;UTC;20:00;UTC;11,429
13.11.2025;20:00;UTC;20:15;UTC;13,132
13.11.2025;20:15;UTC;20:30;UTC;12,382
13.11.2025;20:30;UTC;20:45;UTC;11,133
13.11.2025;20:45;UTC;21:00;UTC;9,996
13.11.2025;21:00;UTC;21:15;UTC;12,732
13.11.2025;21:15;UTC;21:30;UTC;11,418
13.11.2025;21:30;UTC;21:45;UTC;10,383
13.11.2025;21:45;UTC;22:00;UTC;9,701
13.11.2025;22:00;UTC;22:15;UTC;11,709
13.11.2025;22:15;UTC;22:30;UTC;10,952
13.11.2025;22:30;UTC;22:45;UTC;10,001
13.11.2025;22:45;UTC;23:00;UTC;8,447
13.11.2025;23:00;UTC;23:15;UTC;9,796
13.11.2025;23:15;UTC;23:30;UTC;9,494
13.11.2025;23:30;UTC;23:45;UTC;10,13
13.11.2025;23:45;UTC;00:00;UTC;9,957
14.11.2025;00:00;UTC;00:15;UTC;9,696
14.11.2025;00:15;UTC;00:30;UTC;9,172
14.11.2025;00:30;UTC;00:45;UTC;9,889
14.11.2025;00:45;UTC;01:00;UTC;9,564
14.11.2025;01:00;UTC;01:15;UTC;9,865
14.11.2025;01:15;UTC;01:30;UTC;9,73
14.11.2025;01:30;UTC;01:45;UTC;9,709
14.11.2025;01:45;UTC;02:00;UTC;8,669
14.11.2025;02:00;UTC;02:15;UTC;9,079
14.11.2025;02:15;UTC;02:30;UTC;8,983
14.11.2025;02:30;UTC;02:45;UTC;9,062
14.11.2025;02:45;UTC;03:00;UTC;9,488
14.11.2025;03:00;UTC;03:15;UTC;8,883
14.11.2025;03:15;UTC;03:30;UTC;9,007
14.11.2025;03:30;UTC;03:45;UTC;9,305
14.11.2025;03:45;UTC;04:00;UTC;9,657
14.11.2025;04:00;UTC;04:15;UTC;9,569
14.11.2025;04:15;UTC;04:30;UTC;9,208
14.11.2025;04:30;UTC;04:45;UTC;8,608
14.11.2025;04:45;UTC;05:00;UTC;9,256
14.11.2025;05:00;UTC;05:15;UTC;9,764
14.11.2025;05:15;UTC;05:30;UTC;11,31
14.11.2025;05:30;UTC;05:45;UTC;11,287
14.11.2025;05:45;UTC;06:00;UTC;12,75
14.11.2025;06:00;UTC;06:15;UTC;13,1
14.11.2025;06:15;UTC;06:30;UTC;14
14.11.2025;06:30;UTC;06:45;UTC;13,999
14.11.2025;06:45;UTC;07:00;UTC;14,24
14.11.2025;07:00;UTC;07:15;UTC;15,368
14.11.2025;07:15;UTC;07:30;UTC;14,031
14.11.2025;07:30;UTC;07:45;UTC;13,254
14.11.2025;07:45;UTC;08:00;UTC;11,901
14.11.2025;08:00;UTC;08:15;UTC;13,474
14.11.2025;08:15;UTC;08:30;UTC;12,193
14.11.2025;08:30;UTC;08:45;UTC;11,99
14.11.2025;08:45;UTC;09:00;UTC;10,704
14.11.2025;09:00;UTC;09:15;UTC;12,28
14.11.2025;09:15;UTC;09:30;UTC;11,564
14.11.2025;09:30;UTC;09:45;UTC;10,617
14.11.2025;09:45;UTC;10:00;UTC;10,35
14.11.2025;10:00;UTC;10:15;UTC;11,037
14.11.2025;10:15;UTC;10:30;UTC;10,629
14.11.2025;10:30;UTC;10:45;UTC;10,523
14.11.2025;10:45;UTC;11:00;UTC;10,225
14.11.2025;11:00;UTC;11:15;UTC;10,21
14.11.2025;11:15;UTC;11:30;UTC;10
14.11.2025;11:30;UTC;11:45;UTC;9,955
14.11.2025;11:45;UTC;12:00;UTC;10,325
14.11.2025;12:00;UTC;12:15;UTC;10,219
14.11.2025;12:15;UTC;12:30;UTC;10,152
14.11.2025;12:30;UTC;12:45;UTC;10,528
14.11.2025;12:45;UTC;13:00;UTC;11,27
14.11.2025;13:00;UTC;13:15;UTC;10,369
14.11.2025;13:15;UTC;13:30;UTC;11,07
14.11.2025;13:30;UTC;13:45;UTC;10,127
14.11.2025;13:45;UTC;14:00;UTC;11,259
14.11.2025;14:00;UTC;14:15;UTC;11,271
14.11.2025;14:15;UTC;14:30;UTC;10,777
14.11.2025;14:30;UTC;14:45;UTC;11,726
14.11.2025;14:45;UTC;15:00;UTC;12,383
14.11.2025;15:00;UTC;15:15;UTC;11,704
14.11.2025;15:15;UTC;15:30;UTC;12,491
14.11.2025;15:30;UTC;15:45;UTC;10,69
14.11.2025;15:45;UTC;16:00;UTC;11,501
14.11.2025;16:00;UTC;16:15;UTC;13,555
14.11.2025;16:15;UTC;16:30;UTC;13,426
14.11.2025;16:30;UTC;16:45;UTC;13,094
14.11.2025;16:45;UTC;17:00;UTC;12,553
14.11.2025;17:00;UTC;17:15;UTC;12,117
14.11.2025;17:15;UTC;17:30;UTC;10,601
14.11.2025;17:30;UTC;17:45;UTC;11,706
14.11.2025;17:45;UTC;18:00;UTC;13,5
14.11.2025;18:00;UTC;18:15;UTC;12,496
14.11.2025;18:15;UTC;18:30;UTC;10,229
14.11.2025;18:30;UTC;18:45;UTC;10
14.11.2025;18:45;UTC;19:00;UTC;9,871
14.11.2025;19:00;UTC;19:15;UTC;10,125
14.11.2025;19:15;UTC;19:30;UTC;9,469
14.11.2025;19:30;UTC;19:45;UTC;9,842
14.11.2025;19:45;UTC;20:00;UTC;10,13
14.11.2025;20:00;UTC;20:15;UTC;10,27
14.11.2025;20:15;UTC;20:30;UTC;8,906
14.11.2025;20:30;UTC;20:45;UTC;9,294
14.11.2025;20:45;UTC;21:00;UTC;8,795
14.11.2025;21:00;UTC;21:15;UTC;10,32
14.11.2025;21:15;UTC;21:30;UTC;10,122
14.11.2025;21:30;UTC;21:45;UTC;9,972
14.11.2025;21:45;UTC;22:00;UTC;8,392
14.11.2025;22:00;UTC;22:15;UTC;9,868
14.11.2025;22:15;UTC;22:30;UTC;8,512
14.11.2025;22:30;UTC;22:45;UTC;7,297
14.11.2025;22:45;UTC;23:00;UTC;5,783
14.11.2025;23:00;UTC;23:15;UTC;8,567
14.11.2025;23:15;UTC;23:30;UTC;7,899
14.11.2025;23:30;UTC;23:45;UTC;7,858
14.11.2025;23:45;UTC;00:00;UTC;6,627
15.11.2025;00:00;UTC;00:15;UTC;8,39
15.11.2025;00:15;UTC;00:30;UTC;8,159
15.11.2025;00:30;UTC;00:45;UTC;7,597
15.11.2025;00:45;UTC;01:00;UTC;7,034
15.11.2025;01:00;UTC;01:15;UTC;8,124
15.11.2025;01:15;UTC;01:30;UTC;7,507
15.11.2025;01:30;UTC;01:45;UTC;7,39
15.11.2025;01:45;UTC;02:00;UTC;6,866
15.11.2025;02:00;UTC;02:15;UTC;7,6
15.11.2025;02:15;UTC;02:30;UTC;6,939
15.11.2025;02:30;UTC;02:45;UTC;7,416
15.11.2025;02:45;UTC;03:00;UTC;7,257
15.11.2025;03:00;UTC;03:15;UTC;7,716
15.11.2025;03:15;UTC;03:30;UTC;7,394
15.11.2025;03:30;UTC;03:45;UTC;6,864
15.11.2025;03:45;UTC;04:00;UTC;6,906
15.11.2025;04:00;UTC;04:15;UTC;6,621
15.11.2025;04:15;UTC;04:30;UTC;6,691
15.11.2025;04:30;UTC;04:45;UTC;6,923
15.11.2025;04:45;UTC;05:00;UTC;8,011
15.11.2025;05:00;UTC;05:15;UTC;5,515
15.11.2025;05:15;UTC;05:30;UTC;6,67
15.11.2025;05:30;UTC;05:45;UTC;7,026
15.11.2025;05:45;UTC;06:00;UTC;8,052
15.11.2025;06:00;UTC;06:15;UTC;7,702
15.11.2025;06:15;UTC;06:30;UTC;7,791
15.11.2025;06:30;UTC;06:45;UTC;7,787
15.11.2025;06:45;UTC;07:00;UTC;7,542
15.11.2025;07:00;UTC;07:15;UTC;7,437
15.11.2025;07:15;UTC;07:30;UTC;7,505
15.11.2025;07:30;UTC;07:45;UTC;8,693
15.11.2025;07:45;UTC;08:00;UTC;8,391
15.11.2025;08:00;UTC;08:15;UTC;8,534
15.11.2025;08:15;UTC;08:30;UTC;8,035
15.11.2025;08:30;UTC;08:45;UTC;8,991
15.11.2025;08:45;UTC;09:00;UTC;8,534
15.11.2025;09:00;UTC;09:15;UTC;8,685
15.11.2025;09:15;UTC;09:30;UTC;8,594
15.11.2025;09:30;UTC;09:45;UTC;8,326
15.11.2025;09:45;UTC;10:00;UTC;8,64
15.11.2025;10:00;UTC;10:15;UTC;8,632
15.11.2025;10:15;UTC;10:30;UTC;8,568
15.11.2025;10:30;UTC;10:45;UTC;8,613
15.11.2025;10:45;UTC;11:00;UTC;8,356
15.11.2025;11:00;UTC;11:15;UTC;8,074
15.11.2025;11:15;UTC;11:30;UTC;8,124
15.11.2025;11:30;UTC;11:45;UTC;8,728
15.11.2025;11:45;UTC;12:00;UTC;8,751
15.11.2025;12:00;UTC;12:15;UTC;8,599
15.11.2025;12:15;UTC;12:30;UTC;9,342
15.11.2025;12:30;UTC;12:45;UTC;8,931
15.11.2025;12:45;UTC;13:00;UTC;9,395
15.11.2025;13:00;UTC;13:15;UTC;8,991
15.11.2025;13:15;UTC;13:30;UTC;8,992
15.11.2025;13:30;UTC;13:45;UTC;8,991
15.11.2025;13:45;UTC;14:00;UTC;10,887
15.11.2025;14:00;UTC;14:15;UTC;9,582
15.11.2025;14:15;UTC;14:30;UTC;10,691
15.11.2025;14:30;UTC;14:45;UTC;9,128
15.11.2025;14:45;UTC;15:00;UTC;11,076
15.11.2025;15:00;UTC;15:15;UTC;10,637
15.11.2025;15:15;UTC;15:30;UTC;10,15
15.11.2025;15:30;UTC;15:45;UTC;11,03
15.11.2025;15:45;UTC;16:00;UTC;12,1
15.11.2025;16:00;UTC;16:15;UTC;11,426
15.11.2025;16:15;UTC;16:30;UTC;12,502
15.11.2025;16:30;UTC;16:45;UTC;12,501
15.11.2025;16:45;UTC;17:00;UTC;12,291
15.11.2025;17:00;UTC;17:15;UTC;12,504
15.11.2025;17:15;UTC;17:30;UTC;12,639
15.11.2025;17:30;UTC;17:45;UTC;12,084
15.11.2025;17:45;UTC;18:00;UTC;11,382
15.11.2025;18:00;UTC;18:15;UTC;11,79
15.11.2025;18:15;UTC;18:30;UTC;11,06
15.11.2025;18:30;UTC;18:45;UTC;11,756
15.11.2025;18:45;UTC;19:00;UTC;11,02
15.11.2025;19:00;UTC;19:15;UTC;11,098
15.11.2025;19:15;UTC;19:30;UTC;11,868
15.11.2025;19:30;UTC;19:45;UTC;10,816
15.11.2025;19:45;UTC;20:00;UTC;9,868
15.11.2025;20:00;UTC;20:15;UTC;10,562
15.11.2025;20:15;UTC;20:30;UTC;10,329
15.11.2025;20:30;UTC;20:45;UTC;10,264
15.11.2025;20:45;UTC;21:00;UTC;9,999
15.11.2025;21:00;UTC;21:15;UTC;10,866
15.11.2025;21:15;UTC;21:30;UTC;10,321
15.11.2025;21:30;UTC;21:45;UTC;10,003
15.11.2025;21:45;UTC;22:00;UTC;9,497
15.11.2025;22:00;UTC;22:15;UTC;10,539
15.11.2025;22:15;UTC;22:30;UTC;10
15.11.2025;22:30;UTC;22:45;UTC;9,879
15.11.2025;22:45;UTC;23:00;UTC;8,729
15.11.2025;23:00;UTC;23:15;UTC;9,671
15.11.2025;23:15;UTC;23:30;UTC;9,315
15.11.2025;23:30;UTC;23:45;UTC;9,208
15.11.2025;23:45;UTC;00:00;UTC;9,305
16.11.2025;00:00;UTC;00:15;UTC;9,778
16.11.2025;00:15;UTC;00:30;UTC;9,171
16.11.2025;00:30;UTC;00:45;UTC;9,665
16.11.2025;00:45;UTC;01:00;UTC;9,386
16.11.2025;01:00;UTC;01:15;UTC;9,327
16.11.2025;01:15;UTC;01:30;UTC;8,856
16.11.2025;01:30;UTC;01:45;UTC;9,581
16.11.2025;01:45;UTC;02:00;UTC;9,576
16.11.2025;02:00;UTC;02:15;UTC;9,681
16.11.2025;02:15;UTC;02:30;UTC;9,475
16.11.2025;02:30;UTC;02:45;UTC;8,709
16.11.2025;02:45;UTC;03:00;UTC;8,715
16.11.2025;03:00;UTC;03:15;UTC;9,081
16.11.2025;03:15;UTC;03:30;UTC;8,821
16.11.2025;03:30;UTC;03:45;UTC;8,71
16.11.2025;03:45;UTC;04:00;UTC;8,674
16.11.2025;04:00;UTC;04:15;UTC;9,799
16.11.2025;04:15;UTC;04:30;UTC;9,041
16.11.2025;04:30;UTC;04:45;UTC;8,905
16.11.2025;04:45;UTC;05:00;UTC;8,707
16.11.2025;05:00;UTC;05:15;UTC;8,165
16.11.2025;05:15;UTC;05:30;UTC;8,692
16.11.2025;05:30;UTC;05:45;UTC;8,703
16.11.2025;05:45;UTC;06:00;UTC;8,709
16.11.2025;06:00;UTC;06:15;UTC;8,708
16.11.2025;06:15;UTC;06:30;UTC;9,816
16.11.2025;06:30;UTC;06:45;UTC;8,834
16.11.2025;06:45;UTC;07:00;UTC;9,637
16.11.2025;07:00;UTC;07:15;UTC;9,91
16.11.2025;07:15;UTC;07:30;UTC;9,91
16.11.2025;07:30;UTC;07:45;UTC;9,983
16.11.2025;07:45;UTC;08:00;UTC;9,593
16.11.2025;08:00;UTC;08:15;UTC;10,231
16.11.2025;08:15;UTC;08:30;UTC;10,176
16.11.2025;08:30;UTC;08:45;UTC;10,073
16.11.2025;08:45;UTC;09:00;UTC;9,994
16.11.2025;09:00;UTC;09:15;UTC;10,03
16.11.2025;09:15;UTC;09:30;UTC;9,955
16.11.2025;09:30;UTC;09:45;UTC;9,784
16.11.2025;09:45;UTC;10:00;UTC;9,942
16.11.2025;10:00;UTC;10:15;UTC;10,212
16.11.2025;10:15;UTC;10:30;UTC;10,386
16.11.2025;10:30;UTC;10:45;UTC;10,362
16.11.2025;10:45;UTC;11:00;UTC;10,067
16.11.2025;11:00;UTC;11:15;UTC;10,558
16.11.2025;11:15;UTC;11:30;UTC;10,12
16.11.2025;11:30;UTC;11:45;UTC;10,182
16.11.2025;11:45;UTC;12:00;UTC;10,127
16.11.2025;12:00;UTC;12:15;UTC;10,321
16.11.2025;12:15;UTC;12:30;UTC;10,663
16.11.2025;12:30;UTC;12:45;UTC;10,218
16.11.2025;12:45;UTC;13:00;UTC;10,397
16.11.2025;13:00;UTC;13:15;UTC;10,078
16.11.2025;13:15;UTC;13:30;UTC;10,96
16.11.2025;13:30;UTC;13:45;UTC;11,281
16.11.2025;13:45;UTC;14:00;UTC;11,387
16.11.2025;14:00;UTC;14:15;UTC;10,738
16.11.2025;14:15;UTC;14:30;UTC;11,355
16.11.2025;14:30;UTC;14:45;UTC;11,889
16.11.2025;14:45;UTC;15:00;UTC;12,706
16.11.2025;15:00;UTC;15:15;UTC;11,632
16.11.2025;15:15;UTC;15:30;UTC;12,155
16.11.2025;15:30;UTC;15:45;UTC;12,493
16.11.2025;15:45;UTC;16:00;UTC;13,518
16.11.2025;16:00;UTC;16:15;UTC;12,383
16.11.2025;16:15;UTC;16:30;UTC;12,89
16.11.2025;16:30;UTC;16:45;UTC;13,294
16.11.2025;16:45;UTC;17:00;UTC;13,182
16.11.2025;17:00;UTC;17:15;UTC;12,95
16.11.2025;17:15;UTC;17:30;UTC;12,513
16.11.2025;17:30;UTC;17:45;UTC;12,471
16.11.2025;17:45;UTC;18:00;UTC;12,15
16.11.2025;18:00;UTC;18:15;UTC;12,02
16.11.2025;18:15;UTC;18:30;UTC;11,698
16.11.2025;18:30;UTC;18:45;UTC;11,605
16.11.2025;18:45;UTC;19:00;UTC;10,809
16.11.2025;19:00;UTC;19:15;UTC;11,196
16.11.2025;19:15;UTC;19:30;UTC;10,327
16.11.2025;19:30;UTC;19:45;UTC;10
16.11.2025;19:45;UTC;20:00;UTC;9,564
16.11.2025;20:00;UTC;20:15;UTC;9,438
16.11.2025;20:15;UTC;20:30;UTC;9,104
16.11.2025;20:30;UTC;20:45;UTC;9,303
16.11.2025;20:45;UTC;21:00;UTC;8,719
16.11.2025;21:00;UTC;21:15;UTC;9,999
16.11.2025;21:15;UTC;21:30;UTC;9,631
16.11.2025;21:30;UTC;21:45;UTC;9,074
16.11.2025;21:45;UTC;22:00;UTC;9,05
16.11.2025;22:00;UTC;22:15;UTC;10,002
16.11.2025;22:15;UTC;22:30;UTC;8,678
16.11.2025;22:30;UTC;22:45;UTC;8,478
16.11.2025;22:45;UTC;23:00;UTC;7,453
16.11.2025;23:00;UTC;23:15;UTC;9,005
16.11.2025;23:15;UTC;23:30;UTC;8,884
16.11.2025;23:30;UTC;23:45;UTC;9,004
16.11.2025;23:45;UTC;00:00;UTC;8,423
17.11.2025;00:00;UTC;00:15;UTC;8,636
17.11.2025;00:15;UTC;00:30;UTC;8,226
17.11.2025;00:30;UTC;00:45;UTC;7,97
17.11.2025;00:45;UTC;01:00;UTC;7,391
17.11.2025;01:00;UTC;01:15;UTC;7,813
17.11.2025;01:15;UTC;01:30;UTC;7,467
17.11.2025;01:30;UTC;01:45;UTC;7,27
17.11.2025;01:45;UTC;02:00;UTC;7,085
17.11.2025;02:00;UTC;02:15;UTC;7,235
17.11.2025;02:15;UTC;02:30;UTC;7,061
17.11.2025;02:30;UTC;02:45;UTC;7,124
17.11.2025;02:45;UTC;03:00;UTC;7,109
17.11.2025;03:00;UTC;03:15;UTC;7,139
17.11.2025;03:15;UTC;03:30;UTC;7,15
17.11.2025;03:30;UTC;03:45;UTC;7,401
17.11.2025;03:45;UTC;04:00;UTC;7,948
17.11.2025;04:00;UTC;04:15;UTC;7,171
17.11.2025;04:15;UTC;04:30;UTC;8,286
17.11.2025;04:30;UTC;04:45;UTC;8,778
17.11.2025;04:45;UTC;05:00;UTC;9,205
17.11.2025;05:00;UTC;05:15;UTC;8,587
17.11.2025;05:15;UTC;05:30;UTC;9,413
17.11.2025;05:30;UTC;05:45;UTC;8,631
17.11.2025;05:45;UTC;06:00;UTC;9,205
17.11.2025;06:00;UTC;06:15;UTC;11,005
17.11.2025;06:15;UTC;06:30;UTC;11,53
17.11.2025;06:30;UTC;06:45;UTC;11,498
17.11.2025;06:45;UTC;07:00;UTC;11,914
17.11.2025;07:00;UTC;07:15;UTC;12,304
17.11.2025;07:15;UTC;07:30;UTC;13,009
17.11.2025;07:30;UTC;07:45;UTC;12,916
17.11.2025;07:45;UTC;08:00;UTC;12,568
17.11.2025;08:00;UTC;08:15;UTC;12,244
17.11.2025;08:15;UTC;08:30;UTC;12,878
17.11.2025;08:30;UTC;08:45;UTC;12,631
17.11.2025;08:45;UTC;09:00;UTC;10,922
17.11.2025;09:00;UTC;09:15;UTC;12,489
17.11.2025;09:15;UTC;09:30;UTC;11,01
17.11.2025;09:30;UTC;09:45;UTC;9,655
17.11.2025;09:45;UTC;10:00;UTC;8,932
17.11.2025;10:00;UTC;10:15;UTC;9,135
17.11.2025;10:15;UTC;10:30;UTC;8,419
17.11.2025;10:30;UTC;10:45;UTC;8,381
17.11.2025;10:45;UTC;11:00;UTC;7,822
17.11.2025;11:00;UTC;11:15;UTC;8,178
17.11.2025;11:15;UTC;11:30;UTC;7,75
17.11.2025;11:30;UTC;11:45;UTC;7,704
17.11.2025;11:45;UTC;12:00;UTC;7,49
17.11.2025;12:00;UTC;12:15;UTC;7,322
17.11.2025;12:15;UTC;12:30;UTC;7,631
17.11.2025;12:30;UTC;12:45;UTC;7,792
17.11.2025;12:45;UTC;13:00;UTC;8,369
17.11.2025;13:00;UTC;13:15;UTC;8,504
17.11.2025;13:15;UTC;13:30;UTC;8,507
17.11.2025;13:30;UTC;13:45;UTC;8,454
17.11.2025;13:45;UTC;14:00;UTC;9,349
17.11.2025;14:00;UTC;14:15;UTC;8,415
17.11.2025;14:15;UTC;14:30;UTC;9,63
17.11.2025;14:30;UTC;14:45;UTC;10,199
17.11.2025;14:45;UTC;15:00;UTC;10,764
17.11.2025;15:00;UTC;15:15;UTC;10,179
17.11.2025;15:15;UTC;15:30;UTC;10,831
17.11.2025;15:30;UTC;15:45;UTC;10,698
17.11.2025;15:45;UTC;16:00;UTC;11,22
17.11.2025;16:00;UTC;16:15;UTC;11,43
17.11.2025;16:15;UTC;16:30;UTC;11,826
17.11.2025;16:30;UTC;16:45;UTC;11,786
17.11.2025;16:45;UTC;17:00;UTC;11,9
17.11.2025;17:00;UTC;17:15;UTC;11,97
17.11.2025;17:15;UTC;17:30;UTC;11,432
17.11.2025;17:30;UTC;17:45;UTC;11,585
17.11.2025;17:45;UTC;18:00;UTC;11,61
17.11.2025;18:00;UTC;18:15;UTC;11,459
17.11.2025;18:15;UTC;18:30;UTC;11,222
17.11.2025;18:30;UTC;18:45;UTC;10,872
17.11.2025;18:45;UTC;19:00;UTC;10,728
17.11.2025;19:00;UTC;19:15;UTC;10,798
17.11.2025;19:15;UTC;19:30;UTC;10,728
17.11.2025;19:30;UTC;19:45;UTC;10,432
17.11.2025;19:45;UTC;20:00;UTC;9,198
17.11.2025;20:00;UTC;20:15;UTC;10,142
17.11.2025;20:15;UTC;20:30;UTC;9,442
17.11.2025;20:30;UTC;20:45;UTC;9,024
17.11.2025;20:45;UTC;21:00;UTC;8,471
17.11.2025;21:00;UTC;21:15;UTC;9,36
17.11.2025;21:15;UTC;21:30;UTC;9,05
17.11.2025;21:30;UTC;21:45;UTC;9,001
17.11.2025;21:45;UTC;22:00;UTC;8,472
17.11.2025;22:00;UTC;22:15;UTC;9,045
17.11.2025;22:15;UTC;22:30;UTC;8,372
17.11.2025;22:30;UTC;22:45;UTC;7,839
17.11.2025;22:45;UTC;23:00;UTC;7,2
17.11.2025;23:00;UTC;23:15;UTC;8,907
17.11.2025;23:15;UTC;23:30;UTC;8,352
17.11.2025;23:30;UTC;23:45;UTC;8,598
17.11.2025;23:45;UTC;00:00;UTC;8,097
18.11.2025;00:00;UTC;00:15;UTC;8,666
18.11.2025;00:15;UTC;00:30;UTC;8,294
18.11.2025;00:30;UTC;00:45;UTC;8,233
18.11.2025;00:45;UTC;01:00;UTC;7,939
18.11.2025;01:00;UTC;01:15;UTC;8,129
18.11.2025;01:15;UTC;01:30;UTC;7,915
18.11.2025;01:30;UTC;01:45;UTC;7,888
18.11.2025;01:45;UTC;02:00;UTC;7,683
18.11.2025;02:00;UTC;02:15;UTC;7,821
18.11.2025;02:15;UTC;02:30;UTC;7,769
18.11.2025;02:30;UTC;02:45;UTC;7,762
18.11.2025;02:45;UTC;03:00;UTC;7,735
18.11.2025;03:00;UTC;03:15;UTC;7,688
18.11.2025;03:15;UTC;03:30;UTC;7,89
18.11.2025;03:30;UTC;03:45;UTC;8,158
18.11.2025;03:45;UTC;04:00;UTC;8,469
18.11.2025;04:00;UTC;04:15;UTC;7,678
18.11.2025;04:15;UTC;04:30;UTC;8,295
18.11.2025;04:30;UTC;04:45;UTC;8,606
18.11.2025;04:45;UTC;05:00;UTC;8,81
18.11.2025;05:00;UTC;05:15;UTC;8,715
18.11.2025;05:15;UTC;05:30;UTC;9,511
18.11.2025;05:30;UTC;05:45;UTC;9,155
18.11.2025;05:45;UTC;06:00;UTC;9,038
18.11.2025;06:00;UTC;06:15;UTC;10,237
18.11.2025;06:15;UTC;06:30;UTC;9,889
18.11.2025;06:30;UTC;06:45;UTC;10,779
18.11.2025;06:45;UTC;07:00;UTC;10,989
18.11.2025;07:00;UTC;07:15;UTC;13,209
18.11.2025;07:15;UTC;07:30;UTC;12,56
18.11.2025;07:30;UTC;07:45;UTC;11,892
18.11.2025;07:45;UTC;08:00;UTC;10,275
18.11.2025;08:00;UTC;08:15;UTC;13,383
18.11.2025;08:15;UTC;08:30;UTC;11,046
18.11.2025;08:30;UTC;08:45;UTC;9,772
18.11.2025;08:45;UTC;09:00;UTC;8,779
18.11.2025;09:00;UTC;09:15;UTC;10,155
18.11.2025;09:15;UTC;09:30;UTC;8,974
18.11.2025;09:30;UTC;09:45;UTC;8,931
18.11.2025;09:45;UTC;10:00;UTC;8,791
18.11.2025;10:00;UTC;10:15;UTC;8,713
18.11.2025;10:15;UTC;10:30;UTC;8,817
18.11.2025;10:30;UTC;10:45;UTC;8,955
18.11.2025;10:45;UTC;11:00;UTC;9,034
18.11.2025;11:00;UTC;11:15;UTC;8,911
18.11.2025;11:15;UTC;11:30;UTC;8,881
18.11.2025;11:30;UTC;11:45;UTC;8,936
18.11.2025;11:45;UTC;12:00;UTC;8,952
18.11.2025;12:00;UTC;12:15;UTC;9,046
18.11.2025;12:15;UTC;12:30;UTC;9,247
18.11.2025;12:30;UTC;12:45;UTC;8,912
18.11.2025;12:45;UTC;13:00;UTC;9,035
18.11.2025;13:00;UTC;13:15;UTC;8,911
18.11.2025;13:15;UTC;13:30;UTC;9,062
18.11.2025;13:30;UTC;13:45;UTC;10,193
18.11.2025;13:45;UTC;14:00;UTC;10,464
18.11.2025;14:00;UTC;14:15;UTC;10,638
18.11.2025;14:15;UTC;14:30;UTC;11,428
18.11.2025;14:30;UTC;14:45;UTC;12,573
18.11.2025;14:45;UTC;15:00;UTC;13,599
18.11.2025;15:00;UTC;15:15;UTC;12,207
18.11.2025;15:15;UTC;15:30;UTC;13,6
18.11.2025;15:30;UTC;15:45;UTC;14,501
18.11.2025;15:45;UTC;16:00;UTC;16,457
18.11.2025;16:00;UTC;16:15;UTC;14,675
18.11.2025;16:15;UTC;16:30;UTC;15,529
18.11.2025;16:30;UTC;16:45;UTC;15,394
18.11.2025;16:45;UTC;17:00;UTC;15,066
18.11.2025;17:00;UTC;17:15;UTC;15,131
18.11.2025;17:15;UTC;17:30;UTC;14,451
18.11.2025;17:30;UTC;17:45;UTC;13,967
18.11.2025;17:45;UTC;18:00;UTC;13,972
18.11.2025;18:00;UTC;18:15;UTC;13,464
18.11.2025;18:15;UTC;18:30;UTC;13,276
18.11.2025;18:30;UTC;18:45;UTC;13,093
18.11.2025;18:45;UTC;19:00;UTC;12,627
18.11.2025;19:00;UTC;19:15;UTC;12,259
18.11.2025;19:15;UTC;19:30;UTC;10,466
18.11.2025;19:30;UTC;19:45;UTC;10,376
18.11.2025;19:45;UTC;20:00;UTC;9,751
18.11.2025;20:00;UTC;20:15;UTC;10,038
18.11.2025;20:15;UTC;20:30;UTC;9,261
18.11.2025;20:30;UTC;20:45;UTC;9,501
18.11.2025;20:45;UTC;21:00;UTC;9,057
18.11.2025;21:00;UTC;21:15;UTC;10,229
18.11.2025;21:15;UTC;21:30;UTC;9,624
18.11.2025;21:30;UTC;21:45;UTC;10,008
18.11.2025;21:45;UTC;22:00;UTC;9,132
18.11.2025;22:00;UTC;22:15;UTC;9,735
18.11.2025;22:15;UTC;22:30;UTC;8,912
18.11.2025;22:30;UTC;22:45;UTC;8,885
18.11.2025;22:45;UTC;23:00;UTC;8,453
18.11.2025;23:00;UTC;23:15;UTC;9,146
18.11.2025;23:15;UTC;23:30;UTC;8,718
18.11.2025;23:30;UTC;23:45;UTC;8,652
18.11.2025;23:45;UTC;00:00;UTC;8,435
19.11.2025;00:00;UTC;00:15;UTC;8,685
19.11.2025;00:15;UTC;00:30;UTC;8,47
19.11.2025;00:30;UTC;00:45;UTC;8,712
19.11.2025;00:45;UTC;01:00;UTC;8,623
19.11.2025;01:00;UTC;01:15;UTC;8,577
19.11.2025;01:15;UTC;01:30;UTC;8,258
19.11.2025;01:30;UTC;01:45;UTC;8,44
19.11.2025;01:45;UTC;02:00;UTC;8,392
19.11.2025;02:00;UTC;02:15;UTC;8,207
19.11.2025;02:15;UTC;02:30;UTC;8,288
19.11.2025;02:30;UTC;02:45;UTC;8,355
19.11.2025;02:45;UTC;03:00;UTC;8,424
19.11.2025;03:00;UTC;03:15;UTC;8,116
19.11.2025;03:15;UTC;03:30;UTC;8,349
19.11.2025;03:30;UTC;03:45;UTC;8,56
19.11.2025;03:45;UTC;04:00;UTC;8,732
19.11.2025;04:00;UTC;04:15;UTC;8,723
19.11.2025;04:15;UTC;04:30;UTC;8,799
19.11.2025;04:30;UTC;04:45;UTC;8,744
19.11.2025;04:45;UTC;05:00;UTC;8,535
19.11.2025;05:00;UTC;05:15;UTC;8,86
19.11.2025;05:15;UTC;05:30;UTC;9,774
19.11.2025;05:30;UTC;05:45;UTC;10,04
19.11.2025;05:45;UTC;06:00;UTC;10,938
19.11.2025;06:00;UTC;06:15;UTC;12,33
19.11.2025;06:15;UTC;06:30;UTC;12,569
19.11.2025;06:30;UTC;06:45;UTC;12,864
19.11.2025;06:45;UTC;07:00;UTC;13,049
19.11.2025;07:00;UTC;07:15;UTC;15,684
19.11.2025;07:15;UTC;07:30;UTC;14,152
19.11.2025;07:30;UTC;07:45;UTC;13,276
19.11.2025;07:45;UTC;08:00;UTC;11,556
19.11.2025;08:00;UTC;08:15;UTC;12,958
19.11.2025;08:15;UTC;08:30;UTC;11,934
19.11.2025;08:30;UTC;08:45;UTC;11,432
19.11.2025;08:45;UTC;09:00;UTC;9,741
19.11.2025;09:00;UTC;09:15;UTC;11,098
19.11.2025;09:15;UTC;09:30;UTC;9,728
19.11.2025;09:30;UTC;09:45;UTC;9,333
19.11.2025;09:45;UTC;10:00;UTC;8,85
19.11.2025;10:00;UTC;10:15;UTC;9,482
19.11.2025;10:15;UTC;10:30;UTC;9,134
19.11.2025;10:30;UTC;10:45;UTC;8,962
19.11.2025;10:45;UTC;11:00;UTC;9,07
19.11.2025;11:00;UTC;11:15;UTC;8,907
19.11.2025;11:15;UTC;11:30;UTC;8,953
19.11.2025;11:30;UTC;11:45;UTC;9,019
19.11.2025;11:45;UTC;12:00;UTC;8,957
19.11.2025;12:00;UTC;12:15;UTC;8,795
19.11.2025;12:15;UTC;12:30;UTC;8,931
19.11.2025;12:30;UTC;12:45;UTC;9,493
19.11.2025;12:45;UTC;13:00;UTC;10,22
19.11.2025;13:00;UTC;13:15;UTC;8,903
19.11.2025;13:15;UTC;13:30;UTC;10,115
19.11.2025;13:30;UTC;13:45;UTC;10,93
19.11.2025;13:45;UTC;14:00;UTC;11,9
19.11.2025;14:00;UTC;14:15;UTC;10,339
19.11.2025;14:15;UTC;14:30;UTC;11,781
19.11.2025;14:30;UTC;14:45;UTC;11
19.11.2025;14:45;UTC;15:00;UTC;12,1
19.11.2025;15:00;UTC;15:15;UTC;10,822
19.11.2025;15:15;UTC;15:30;UTC;12,1
19.11.2025;15:30;UTC;15:45;UTC;12,1
19.11.2025;15:45;UTC;16:00;UTC;12,101
19.11.2025;16:00;UTC;16:15;UTC;12,101
19.11.2025;16:15;UTC;16:30;UTC;12,7
19.11.2025;16:30;UTC;16:45;UTC;13,007
19.11.2025;16:45;UTC;17:00;UTC;13,219
19.11.2025;17:00;UTC;17:15;UTC;11,699
19.11.2025;17:15;UTC;17:30;UTC;11,776
19.11.2025;17:30;UTC;17:45;UTC;12,1
19.11.2025;17:45;UTC;18:00;UTC;12,101
19.11.2025;18:00;UTC;18:15;UTC;11,976
19.11.2025;18:15;UTC;18:30;UTC;11,685
19.11.2025;18:30;UTC;18:45;UTC;11,859
19.11.2025;18:45;UTC;19:00;UTC;12,1
19.11.2025;19:00;UTC;19:15;UTC;11,95
19.11.2025;19:15;UTC;19:30;UTC;10,832
19.11.2025;19:30;UTC;19:45;UTC;10,184
19.11.2025;19:45;UTC;20:00;UTC;9,309
19.11.2025;20:00;UTC;20:15;UTC;10,357
19.11.2025;20:15;UTC;20:30;UTC;10,232
19.11.2025;20:30;UTC;20:45;UTC;10,108
19.11.2025;20:45;UTC;21:00;UTC;9,393
19.11.2025;21:00;UTC;21:15;UTC;10,003
19.11.2025;21:15;UTC;21:30;UTC;9,938
19.11.2025;21:30;UTC;21:45;UTC;10,166
19.11.2025;21:45;UTC;22:00;UTC;9,561
19.11.2025;22:00;UTC;22:15;UTC;9,575
19.11.2025;22:15;UTC;22:30;UTC;9,348
19.11.2025;22:30;UTC;22:45;UTC;9,019
19.11.2025;22:45;UTC;23:00;UTC;8,812
19.11.2025;23:00;UTC;23:15;UTC;9,339
19.11.2025;23:15;UTC;23:30;UTC;9,239
19.11.2025;23:30;UTC;23:45;UTC;8,912
19.11.2025;23:45;UTC;00:00;UTC;8,761
20.11.2025;00:00;UTC;00:15;UTC;8,949
20.11.2025;00:15;UTC;00:30;UTC;8,828
20.11.2025;00:30;UTC;00:45;UTC;8,761
20.11.2025;00:45;UTC;01:00;UTC;8,699
20.11.2025;01:00;UTC;01:15;UTC;8,811
20.11.2025;01:15;UTC;01:30;UTC;8,72
20.11.2025;01:30;UTC;01:45;UTC;8,652
20.11.2025;01:45;UTC;02:00;UTC;8,63
20.11.2025;02:00;UTC;02:15;UTC;8,63
20.11.2025;02:15;UTC;02:30;UTC;8,714
20.11.2025;02:30;UTC;02:45;UTC;8,688
20.11.2025;02:45;UTC;03:00;UTC;8,686
20.11.2025;03:00;UTC;03:15;UTC;8,599
20.11.2025;03:15;UTC;03:30;UTC;8,651
20.11.2025;03:30;UTC;03:45;UTC;8,724
20.11.2025;03:45;UTC;04:00;UTC;8,876
20.11.2025;04:00;UTC;04:15;UTC;8,784
20.11.2025;04:15;UTC;04:30;UTC;9,245
20.11.2025;04:30;UTC;04:45;UTC;8,95
20.11.2025;04:45;UTC;05:00;UTC;9,222
20.11.2025;05:00;UTC;05:15;UTC;9,108
20.11.2025;05:15;UTC;05:30;UTC;9,892
20.11.2025;05:30;UTC;05:45;UTC;10,475
20.11.2025;05:45;UTC;06:00;UTC;11,998
20.11.2025;06:00;UTC;06:15;UTC;13,772
20.11.2025;06:15;UTC;06:30;UTC;13,6
20.11.2025;06:30;UTC;06:45;UTC;14,676
20.11.2025;06:45;UTC;07:00;UTC;15,715
20.11.2025;07:00;UTC;07:15;UTC;15,393
20.11.2025;07:15;UTC;07:30;UTC;16,218
20.11.2025;07:30;UTC;07:45;UTC;15,708
20.11.2025;07:45;UTC;08:00;UTC;14,967
20.11.2025;08:00;UTC;08:15;UTC;17,453
20.11.2025;08:15;UTC;08:30;UTC;15,375
20.11.2025;08:30;UTC;08:45;UTC;15,082
20.11.2025;08:45;UTC;09:00;UTC;13,552
20.11.2025;09:00;UTC;09:15;UTC;16,252
20.11.2025;09:15;UTC;09:30;UTC;14,154
20.11.2025;09:30;UTC;09:45;UTC;13,6
20.11.2025;09:45;UTC;10:00;UTC;12,502
20.11.2025;10:00;UTC;10:15;UTC;13,539
20.11.2025;10:15;UTC;10:30;UTC;13,09
20.11.2025;10:30;UTC;10:45;UTC;12,8
20.11.2025;10:45;UTC;11:00;UTC;12,292
20.11.2025;11:00;UTC;11:15;UTC;12,789
20.11.2025;11:15;UTC;11:30;UTC;12,337
20.11.2025;11:30;UTC;11:45;UTC;12,466
20.11.2025;11:45;UTC;12:00;UTC;12,43
20.11.2025;12:00;UTC;12:15;UTC;12,079
20.11.2025;12:15;UTC;12:30;UTC;12,517
20.11.2025;12:30;UTC;12:45;UTC;12,8
20.11.2025;12:45;UTC;13:00;UTC;13,044
20.11.2025;13:00;UTC;13:15;UTC;12,497
20.11.2025;13:15;UTC;13:30;UTC;13,367
20.11.2025;13:30;UTC;13:45;UTC;13,851
20.11.2025;13:45;UTC;14:00;UTC;13,966
20.11.2025;14:00;UTC;14:15;UTC;13,218
20.11.2025;14:15;UTC;14:30;UTC;14,512
20.11.2025;14:30;UTC;14:45;UTC;15
20.11.2025;14:45;UTC;15:00;UTC;17,144
20.11.2025;15:00;UTC;15:15;UTC;15,2
20.11.2025;15:15;UTC;15:30;UTC;16,451
20.11.2025;15:30;UTC;15:45;UTC;18,846
20.11.2025;15:45;UTC;16:00;UTC;19,835
20.11.2025;16:00;UTC;16:15;UTC;17,657
20.11.2025;16:15;UTC;16:30;UTC;17,853
20.11.2025;16:30;UTC;16:45;UTC;17,546
20.11.2025;16:45;UTC;17:00;UTC;17,133
20.11.2025;17:00;UTC;17:15;UTC;17,061
20.11.2025;17:15;UTC;17:30;UTC;16,44
20.11.2025;17:30;UTC;17:45;UTC;15,967
20.11.2025;17:45;UTC;18:00;UTC;15,832
20.11.2025;18:00;UTC;18:15;UTC;16,67
20.11.2025;18:15;UTC;18:30;UTC;15,679
20.11.2025;18:30;UTC;18:45;UTC;15,452
20.11.2025;18:45;UTC;19:00;UTC;14,606
20.11.2025;19:00;UTC;19:15;UTC;14,605
20.11.2025;19:15;UTC;19:30;UTC;14,717
20.11.2025;19:30;UTC;19:45;UTC;13,56
20.11.2025;19:45;UTC;20:00;UTC;11,959
20.11.2025;20:00;UTC;20:15;UTC;13,6
20.11.2025;20:15;UTC;20:30;UTC;12,807
20.11.2025;20:30;UTC;20:45;UTC;11,49
20.11.2025;20:45;UTC;21:00;UTC;10,404
20.11.2025;21:00;UTC;21:15;UTC;11,603
20.11.2025;21:15;UTC;21:30;UTC;11,127
20.11.2025;21:30;UTC;21:45;UTC;10,554
20.11.2025;21:45;UTC;22:00;UTC;10,01
20.11.2025;22:00;UTC;22:15;UTC;10,567
20.11.2025;22:15;UTC;22:30;UTC;9,349
20.11.2025;22:30;UTC;22:45;UTC;9
20.11.2025;22:45;UTC;23:00;UTC;8,589
20.11.2025;23:00;UTC;23:15;UTC;10,402
20.11.2025;23:15;UTC;23:30;UTC;10,449
20.11.2025;23:30;UTC;23:45;UTC;10,203
20.11.2025;23:45;UTC;00:00;UTC;9,567
21.11.2025;00:00;UTC;00:15;UTC;10,271
21.11.2025;00:15;UTC;00:30;UTC;9,535
21.11.2025;00:30;UTC;00:45;UTC;9,008
21.11.2025;00:45;UTC;01:00;UTC;8,842
21.11.2025;01:00;UTC;01:15;UTC;9,399
21.11.2025;01:15;UTC;01:30;UTC;8,909
21.11.2025;01:30;UTC;01:45;UTC;8,886
21.11.2025;01:45;UTC;02:00;UTC;8,919
21.11.2025;02:00;UTC;02:15;UTC;9
21.11.2025;02:15;UTC;02:30;UTC;8,929
21.11.2025;02:30;UTC;02:45;UTC;9,039
21.11.2025;02:45;UTC;03:00;UTC;9,106
21.11.2025;03:00;UTC;03:15;UTC;8,87
21.11.2025;03:15;UTC;03:30;UTC;9,008
21.11.2025;03:30;UTC;03:45;UTC;9,432
21.11.2025;03:45;UTC;04:00;UTC;10,14
21.11.2025;04:00;UTC;04:15;UTC;9,077
21.11.2025;04:15;UTC;04:30;UTC;9,891
21.11.2025;04:30;UTC;04:45;UTC;10,314
21.11.2025;04:45;UTC;05:00;UTC;11,464
21.11.2025;05:00;UTC;05:15;UTC;10,849
21.11.2025;05:15;UTC;05:30;UTC;12,151
21.11.2025;05:30;UTC;05:45;UTC;13,36
21.11.2025;05:45;UTC;06:00;UTC;17,05
21.11.2025;06:00;UTC;06:15;UTC;14,932
21.11.2025;06:15;UTC;06:30;UTC;18,225
21.11.2025;06:30;UTC;06:45;UTC;19,011
21.11.2025;06:45;UTC;07:00;UTC;20
21.11.2025;07:00;UTC;07:15;UTC;22,962
21.11.2025;07:15;UTC;07:30;UTC;22,339
21.11.2025;07:30;UTC;07:45;UTC;20
21.11.2025;07:45;UTC;08:00;UTC;16,852
21.11.2025;08:00;UTC;08:15;UTC;22
21.11.2025;08:15;UTC;08:30;UTC;19,032
21.11.2025;08:30;UTC;08:45;UTC;16,83
21.11.2025;08:45;UTC;09:00;UTC;14,87
21.11.2025;09:00;UTC;09:15;UTC;17,932
21.11.2025;09:15;UTC;09:30;UTC;15,578
21.11.2025;09:30;UTC;09:45;UTC;14,351
21.11.2025;09:45;UTC;10:00;UTC;12,545
21.11.2025;10:00;UTC;10:15;UTC;15,243
21.11.2025;10:15;UTC;10:30;UTC;14
21.11.2025;10:30;UTC;10:45;UTC;13,249
21.11.2025;10:45;UTC;11:00;UTC;12,596
21.11.2025;11:00;UTC;11:15;UTC;13,28
21.11.2025;11:15;UTC;11:30;UTC;12,875
21.11.2025;11:30;UTC;11:45;UTC;12,927
21.11.2025;11:45;UTC;12:00;UTC;13,055
21.11.2025;12:00;UTC;12:15;UTC;12,598
21.11.2025;12:15;UTC;12:30;UTC;13,074
21.11.2025;12:30;UTC;12:45;UTC;13,525
21.11.2025;12:45;UTC;13:00;UTC;15,033
21.11.2025;13:00;UTC;13:15;UTC;12,08
21.11.2025;13:15;UTC;13:30;UTC;14,757
21.11.2025;13:30;UTC;13:45;UTC;17,274
21.11.2025;13:45;UTC;14:00;UTC;17,39
21.11.2025;14:00;UTC;14:15;UTC;14,882
21.11.2025;14:15;UTC;14:30;UTC;17,203
21.11.2025;14:30;UTC;14:45;UTC;20,258
21.11.2025;14:45;UTC;15:00;UTC;26,392
21.11.2025;15:00;UTC;15:15;UTC;19,683
21.11.2025;15:15;UTC;15:30;UTC;23,786
21.11.2025;15:30;UTC;15:45;UTC;25,952
21.11.2025;15:45;UTC;16:00;UTC;31,327
21.11.2025;16:00;UTC;16:15;UTC;25,817
21.11.2025;16:15;UTC;16:30;UTC;26,978
21.11.2025;16:30;UTC;16:45;UTC;24,57
21.11.2025;16:45;UTC;17:00;UTC;22,638
21.11.2025;17:00;UTC;17:15;UTC;23,004
21.11.2025;17:15;UTC;17:30;UTC;21,46
21.11.2025;17:30;UTC;17:45;UTC;19,38
21.11.2025;17:45;UTC;18:00;UTC;18,191
21.11.2025;18:00;UTC;18:15;UTC;18,435
21.11.2025;18:15;UTC;18:30;UTC;16,606
21.11.2025;18:30;UTC;18:45;UTC;16,77
21.11.2025;18:45;UTC;19:00;UTC;16,736
21.11.2025;19:00;UTC;19:15;UTC;17,42
21.11.2025;19:15;UTC;19:30;UTC;15,341
21.11.2025;19:30;UTC;19:45;UTC;12,398
21.11.2025;19:45;UTC;20:00;UTC;11,621
21.11.2025;20:00;UTC;20:15;UTC;13,36
21.11.2025;20:15;UTC;20:30;UTC;12,027
21.11.2025;20:30;UTC;20:45;UTC;11,235
21.11.2025;20:45;UTC;21:00;UTC;10,301
21.11.2025;21:00;UTC;21:15;UTC;11,568
21.11.2025;21:15;UTC;21:30;UTC;11,043
21.11.2025;21:30;UTC;21:45;UTC;10,059
21.11.2025;21:45;UTC;22:00;UTC;9,29
21.11.2025;22:00;UTC;22:15;UTC;10,87
21.11.2025;22:15;UTC;22:30;UTC;9,5
21.11.2025;22:30;UTC;22:45;UTC;9,037
21.11.2025;22:45;UTC;23:00;UTC;8,606
21.11.2025;23:00;UTC;23:15;UTC;12,249
21.11.2025;23:15;UTC;23:30;UTC;10,686
21.11.2025;23:30;UTC;23:45;UTC;9,344
21.11.2025;23:45;UTC;00:00;UTC;8,62
22.11.2025;00:00;UTC;00:15;UTC;9,895
22.11.2025;00:15;UTC;00:30;UTC;9,373
22.11.2025;00:30;UTC;00:45;UTC;9,222
22.11.2025;00:45;UTC;01:00;UTC;9,35
22.11.2025;01:00;UTC;01:15;UTC;9,037
22.11.2025;01:15;UTC;01:30;UTC;8,916
22.11.2025;01:30;UTC;01:45;UTC;8,723
22.11.2025;01:45;UTC;02:00;UTC;8,7
22.11.2025;02:00;UTC;02:15;UTC;8,664
22.11.2025;02:15;UTC;02:30;UTC;8,507
22.11.2025;02:30;UTC;02:45;UTC;8,549
22.11.2025;02:45;UTC;03:00;UTC;8,391
22.11.2025;03:00;UTC;03:15;UTC;8,219
22.11.2025;03:15;UTC;03:30;UTC;8,659
22.11.2025;03:30;UTC;03:45;UTC;8,693
22.11.2025;03:45;UTC;04:00;UTC;8,868
22.11.2025;04:00;UTC;04:15;UTC;8,505
22.11.2025;04:15;UTC;04:30;UTC;8,464
22.11.2025;04:30;UTC;04:45;UTC;8,46
22.11.2025;04:45;UTC;05:00;UTC;8,682
22.11.2025;05:00;UTC;05:15;UTC;8,55
22.11.2025;05:15;UTC;05:30;UTC;8,704
22.11.2025;05:30;UTC;05:45;UTC;8,977
22.11.2025;05:45;UTC;06:00;UTC;9,978
22.11.2025;06:00;UTC;06:15;UTC;9,817
22.11.2025;06:15;UTC;06:30;UTC;10,462
22.11.2025;06:30;UTC;06:45;UTC;11,063
22.11.2025;06:45;UTC;07:00;UTC;11,357
22.11.2025;07:00;UTC;07:15;UTC;12,1
22.11.2025;07:15;UTC;07:30;UTC;11,443
22.11.2025;07:30;UTC;07:45;UTC;9,664
22.11.2025;07:45;UTC;08:00;UTC;8,477
22.11.2025;08:00;UTC;08:15;UTC;11,524
22.11.2025;08:15;UTC;08:30;UTC;8,493
22.11.2025;08:30;UTC;08:45;UTC;8,529
22.11.2025;08:45;UTC;09:00;UTC;7,101
22.11.2025;09:00;UTC;09:15;UTC;8,716
22.11.2025;09:15;UTC;09:30;UTC;7,953
22.11.2025;09:30;UTC;09:45;UTC;8,066
22.11.2025;09:45;UTC;10:00;UTC;8,069
22.11.2025;10:00;UTC;10:15;UTC;7,977
22.11.2025;10:15;UTC;10:30;UTC;7,909
22.11.2025;10:30;UTC;10:45;UTC;7,874
22.11.2025;10:45;UTC;11:00;UTC;7,672
22.11.2025;11:00;UTC;11:15;UTC;7,696
22.11.2025;11:15;UTC;11:30;UTC;7,592
22.11.2025;11:30;UTC;11:45;UTC;7,642
22.11.2025;11:45;UTC;12:00;UTC;7,583
22.11.2025;12:00;UTC;12:15;UTC;7,4
22.11.2025;12:15;UTC;12:30;UTC;7,401
22.11.2025;12:30;UTC;12:45;UTC;7,494
22.11.2025;12:45;UTC;13:00;UTC;7,852
22.11.2025;13:00;UTC;13:15;UTC;7,687
22.11.2025;13:15;UTC;13:30;UTC;7,591
22.11.2025;13:30;UTC;13:45;UTC;8,071
22.11.2025;13:45;UTC;14:00;UTC;9,309
22.11.2025;14:00;UTC;14:15;UTC;8,39
22.11.2025;14:15;UTC;14:30;UTC;8,278
22.11.2025;14:30;UTC;14:45;UTC;9,828
22.11.2025;14:45;UTC;15:00;UTC;9,09
22.11.2025;15:00;UTC;15:15;UTC;10,045
22.11.2025;15:15;UTC;15:30;UTC;10,265
22.11.2025;15:30;UTC;15:45;UTC;10,319
22.11.2025;15:45;UTC;16:00;UTC;11,371
22.11.2025;16:00;UTC;16:15;UTC;11,224
22.11.2025;16:15;UTC;16:30;UTC;11,726
22.11.2025;16:30;UTC;16:45;UTC;11,511
22.11.2025;16:45;UTC;17:00;UTC;11,321
22.11.2025;17:00;UTC;17:15;UTC;11,894
22.11.2025;17:15;UTC;17:30;UTC;11,323
22.11.2025;17:30;UTC;17:45;UTC;10,611
22.11.2025;17:45;UTC;18:00;UTC;9,873
22.11.2025;18:00;UTC;18:15;UTC;10,199
22.11.2025;18:15;UTC;18:30;UTC;10,107
22.11.2025;18:30;UTC;18:45;UTC;9,661
22.11.2025;18:45;UTC;19:00;UTC;9,365
22.11.2025;19:00;UTC;19:15;UTC;8,875
22.11.2025;19:15;UTC;19:30;UTC;8,419
22.11.2025;19:30;UTC;19:45;UTC;8,717
22.11.2025;19:45;UTC;20:00;UTC;8,633
22.11.2025;20:00;UTC;20:15;UTC;9,433
22.11.2025;20:15;UTC;20:30;UTC;9,237
22.11.2025;20:30;UTC;20:45;UTC;8,786
22.11.2025;20:45;UTC;21:00;UTC;8,243
22.11.2025;21:00;UTC;21:15;UTC;9,448
22.11.2025;21:15;UTC;21:30;UTC;9,002
22.11.2025;21:30;UTC;21:45;UTC;8,916
22.11.2025;21:45;UTC;22:00;UTC;8,405
22.11.2025;22:00;UTC;22:15;UTC;8,799
22.11.2025;22:15;UTC;22:30;UTC;8,39
22.11.2025;22:30;UTC;22:45;UTC;7,969
22.11.2025;22:45;UTC;23:00;UTC;7,734
22.11.2025;23:00;UTC;23:15;UTC;9,506
22.11.2025;23:15;UTC;23:30;UTC;8,883
22.11.2025;23:30;UTC;23:45;UTC;7,5
22.11.2025;23:45;UTC;00:00;UTC;6,722
23.11.2025;00:00;UTC;00:15;UTC;8,122
23.11.2025;00:15;UTC;00:30;UTC;7,354
23.11.2025;00:30;UTC;00:45;UTC;7,146
23.11.2025;00:45;UTC;01:00;UTC;7,119
23.11.2025;01:00;UTC;01:15;UTC;7,484
23.11.2025;01:15;UTC;01:30;UTC;7,142
23.11.2025;01:30;UTC;01:45;UTC;6,869
23.11.2025;01:45;UTC;02:00;UTC;6,681
23.11.2025;02:00;UTC;02:15;UTC;6,518
23.11.2025;02:15;UTC;02:30;UTC;6,301
23.11.2025;02:30;UTC;02:45;UTC;6,338
23.11.2025;02:45;UTC;03:00;UTC;6,135
23.11.2025;03:00;UTC;03:15;UTC;6,274
23.11.2025;03:15;UTC;03:30;UTC;6,143
23.11.2025;03:30;UTC;03:45;UTC;6,066
23.11.2025;03:45;UTC;04:00;UTC;5,871
23.11.2025;04:00;UTC;04:15;UTC;6,389
23.11.2025;04:15;UTC;04:30;UTC;6,422
23.11.2025;04:30;UTC;04:45;UTC;6,5
23.11.2025;04:45;UTC;05:00;UTC;6,373
23.11.2025;05:00;UTC;05:15;UTC;6,04
23.11.2025;05:15;UTC;05:30;UTC;6,099
23.11.2025;05:30;UTC;05:45;UTC;6,249
23.11.2025;05:45;UTC;06:00;UTC;6,424
23.11.2025;06:00;UTC;06:15;UTC;6,426
23.11.2025;06:15;UTC;06:30;UTC;6,871
23.11.2025;06:30;UTC;06:45;UTC;6,859
23.11.2025;06:45;UTC;07:00;UTC;7,037
23.11.2025;07:00;UTC;07:15;UTC;7,156
23.11.2025;07:15;UTC;07:30;UTC;6,795
23.11.2025;07:30;UTC;07:45;UTC;6,934
23.11.2025;07:45;UTC;08:00;UTC;6,248
23.11.2025;08:00;UTC;08:15;UTC;6,93
23.11.2025;08:15;UTC;08:30;UTC;6,574
23.11.2025;08:30;UTC;08:45;UTC;6,685
23.11.2025;08:45;UTC;09:00;UTC;6,195
23.11.2025;09:00;UTC;09:15;UTC;6,888
23.11.2025;09:15;UTC;09:30;UTC;6,838
23.11.2025;09:30;UTC;09:45;UTC;6,325
23.11.2025;09:45;UTC;10:00;UTC;6,343
23.11.2025;10:00;UTC;10:15;UTC;6,431
23.11.2025;10:15;UTC;10:30;UTC;6,675
23.11.2025;10:30;UTC;10:45;UTC;6,716
23.11.2025;10:45;UTC;11:00;UTC;6,854
23.11.2025;11:00;UTC;11:15;UTC;6,676
23.11.2025;11:15;UTC;11:30;UTC;6,746
23.11.2025;11:30;UTC;11:45;UTC;6,851
23.11.2025;11:45;UTC;12:00;UTC;6,872
23.11.2025;12:00;UTC;12:15;UTC;6,937
23.11.2025;12:15;UTC;12:30;UTC;6,457
23.11.2025;12:30;UTC;12:45;UTC;6,385
23.11.2025;12:45;UTC;13:00;UTC;6,404
23.11.2025;13:00;UTC;13:15;UTC;6,648
23.11.2025;13:15;UTC;13:30;UTC;6,68
23.11.2025;13:30;UTC;13:45;UTC;7,109
23.11.2025;13:45;UTC;14:00;UTC;7,334
23.11.2025;14:00;UTC;14:15;UTC;7,13
23.11.2025;14:15;UTC;14:30;UTC;7,444
23.11.2025;14:30;UTC;14:45;UTC;8,021
23.11.2025;14:45;UTC;15:00;UTC;8,321
23.11.2025;15:00;UTC;15:15;UTC;8,239
23.11.2025;15:15;UTC;15:30;UTC;7,558
23.11.2025;15:30;UTC;15:45;UTC;7,542
23.11.2025;15:45;UTC;16:00;UTC;7,816
23.11.2025;16:00;UTC;16:15;UTC;7,89
23.11.2025;16:15;UTC;16:30;UTC;8,215
23.11.2025;16:30;UTC;16:45;UTC;8,093
23.11.2025;16:45;UTC;17:00;UTC;8,138
23.11.2025;17:00;UTC;17:15;UTC;8,235
23.11.2025;17:15;UTC;17:30;UTC;8,109
23.11.2025;17:30;UTC;17:45;UTC;7,863
23.11.2025;17:45;UTC;18:00;UTC;8,81
23.11.2025;18:00;UTC;18:15;UTC;8,737
23.11.2025;18:15;UTC;18:30;UTC;8,622
23.11.2025;18:30;UTC;18:45;UTC;8,211
23.11.2025;18:45;UTC;19:00;UTC;7,949
23.11.2025;19:00;UTC;19:15;UTC;8,217
23.11.2025;19:15;UTC;19:30;UTC;7,908
23.11.2025;19:30;UTC;19:45;UTC;7,677
23.11.2025;19:45;UTC;20:00;UTC;7,163
23.11.2025;20:00;UTC;20:15;UTC;7,92
23.11.2025;20:15;UTC;20:30;UTC;7,42
23.11.2025;20:30;UTC;20:45;UTC;7,258
23.11.2025;20:45;UTC;21:00;UTC;7,066
23.11.2025;21:00;UTC;21:15;UTC;7,746
23.11.2025;21:15;UTC;21:30;UTC;7,676
23.11.2025;21:30;UTC;21:45;UTC;7,462
23.11.2025;21:45;UTC;22:00;UTC;7,183
23.11.2025;22:00;UTC;22:15;UTC;7,251
23.11.2025;22:15;UTC;22:30;UTC;7,186
23.11.2025;22:30;UTC;22:45;UTC;7,174
23.11.2025;22:45;UTC;23:00;UTC;6,894
23.11.2025;23:00;UTC;23:15;UTC;8,012
23.11.2025;23:15;UTC;23:30;UTC;7,096
23.11.2025;23:30;UTC;23:45;UTC;6,938
23.11.2025;23:45;UTC;00:00;UTC;6,937
24.11.2025;00:00;UTC;00:15;UTC;7,015
24.11.2025;00:15;UTC;00:30;UTC;6,959
24.11.2025;00:30;UTC;00:45;UTC;7,013
24.11.2025;00:45;UTC;01:00;UTC;7,038
24.11.2025;01:00;UTC;01:15;UTC;6,9
24.11.2025;01:15;UTC;01:30;UTC;7,302
24.11.2025;01:30;UTC;01:45;UTC;7,291
24.11.2025;01:45;UTC;02:00;UTC;7,409
24.11.2025;02:00;UTC;02:15;UTC;7,125
24.11.2025;02:15;UTC;02:30;UTC;7,187
24.11.2025;02:30;UTC;02:45;UTC;7,498
24.11.2025;02:45;UTC;03:00;UTC;7,5
24.11.2025;03:00;UTC;03:15;UTC;7,074
24.11.2025;03:15;UTC;03:30;UTC;7,397
24.11.2025;03:30;UTC;03:45;UTC;7,215
24.11.2025;03:45;UTC;04:00;UTC;7,816
24.11.2025;04:00;UTC;04:15;UTC;7,071
24.11.2025;04:15;UTC;04:30;UTC;7,388
24.11.2025;04:30;UTC;04:45;UTC;8,376
24.11.2025;04:45;UTC;05:00;UTC;9,191
24.11.2025;05:00;UTC;05:15;UTC;7,608
24.11.2025;05:15;UTC;05:30;UTC;9,003
24.11.2025;05:30;UTC;05:45;UTC;9,238
24.11.2025;05:45;UTC;06:00;UTC;10,274
24.11.2025;06:00;UTC;06:15;UTC;9,486
24.11.2025;06:15;UTC;06:30;UTC;10,442
24.11.2025;06:30;UTC;06:45;UTC;10,707
24.11.2025;06:45;UTC;07:00;UTC;11,122
24.11.2025;07:00;UTC;07:15;UTC;11,499
24.11.2025;07:15;UTC;07:30;UTC;10,474
24.11.2025;07:30;UTC;07:45;UTC;10,566
24.11.2025;07:45;UTC;08:00;UTC;10,575
24.11.2025;08:00;UTC;08:15;UTC;11
24.11.2025;08:15;UTC;08:30;UTC;10,638
24.11.2025;08:30;UTC;08:45;UTC;11,417
24.11.2025;08:45;UTC;09:00;UTC;11,049
24.11.2025;09:00;UTC;09:15;UTC;11,597
24.11.2025;09:15;UTC;09:30;UTC;11,253
24.11.2025;09:30;UTC;09:45;UTC;11,627
24.11.2025;09:45;UTC;10:00;UTC;12,502
24.11.2025;10:00;UTC;10:15;UTC;12,142
24.11.2025;10:15;UTC;10:30;UTC;12,691
24.11.2025;10:30;UTC;10:45;UTC;13,001
24.11.2025;10:45;UTC;11:00;UTC;13,381
24.11.2025;11:00;UTC;11:15;UTC;12,288
24.11.2025;11:15;UTC;11:30;UTC;13,195
24.11.2025;11:30;UTC;11:45;UTC;13,549
24.11.2025;11:45;UTC;12:00;UTC;14,662
24.11.2025;12:00;UTC;12:15;UTC;13,181
24.11.2025;12:15;UTC;12:30;UTC;14,1
24.11.2025;12:30;UTC;12:45;UTC;15,582
24.11.2025;12:45;UTC;13:00;UTC;17,134
24.11.2025;13:00;UTC;13:15;UTC;17,109
24.11.2025;13:15;UTC;13:30;UTC;19,276
24.11.2025;13:30;UTC;13:45;UTC;15,995
24.11.2025;13:45;UTC;14:00;UTC;17,035
24.11.2025;14:00;UTC;14:15;UTC;17,213
24.11.2025;14:15;UTC;14:30;UTC;19,093
24.11.2025;14:30;UTC;14:45;UTC;21,019
24.11.2025;14:45;UTC;15:00;UTC;21
24.11.2025;15:00;UTC;15:15;UTC;17,656
24.11.2025;15:15;UTC;15:30;UTC;20,253
24.11.2025;15:30;UTC;15:45;UTC;22,497
24.11.2025;15:45;UTC;16:00;UTC;29,904
24.11.2025;16:00;UTC;16:15;UTC;23,205
24.11.2025;16:15;UTC;16:30;UTC;26,498
24.11.2025;16:30;UTC;16:45;UTC;27,519
24.11.2025;16:45;UTC;17:00;UTC;28,171
24.11.2025;17:00;UTC;17:15;UTC;27,01
24.11.2025;17:15;UTC;17:30;UTC;22,997
24.11.2025;17:30;UTC;17:45;UTC;21,996
24.11.2025;17:45;UTC;18:00;UTC;20,232
24.11.2025;18:00;UTC;18:15;UTC;21,321
24.11.2025;18:15;UTC;18:30;UTC;18,454
24.11.2025;18:30;UTC;18:45;UTC;18,755
24.11.2025;18:45;UTC;19:00;UTC;16,792
24.11.2025;19:00;UTC;19:15;UTC;16,326
24.11.2025;19:15;UTC;19:30;UTC;14,5
24.11.2025;19:30;UTC;19:45;UTC;15,543
24.11.2025;19:45;UTC;20:00;UTC;14,105
24.11.2025;20:00;UTC;20:15;UTC;15,533
24.11.2025;20:15;UTC;20:30;UTC;13,777
24.11.2025;20:30;UTC;20:45;UTC;12,889
24.11.2025;20:45;UTC;21:00;UTC;11,895
24.11.2025;21:00;UTC;21:15;UTC;13,487
24.11.2025;21:15;UTC;21:30;UTC;13,029
24.11.2025;21:30;UTC;21:45;UTC;11,92
24.11.2025;21:45;UTC;22:00;UTC;10,778
24.11.2025;22:00;UTC;22:15;UTC;11,51
24.11.2025;22:15;UTC;22:30;UTC;10,619
24.11.2025;22:30;UTC;22:45;UTC;10,32
24.11.2025;22:45;UTC;23:00;UTC;9,713
24.11.2025;23:00;UTC;23:15;UTC;10,175
24.11.2025;23:15;UTC;23:30;UTC;9,993
24.11.2025;23:30;UTC;23:45;UTC;10,191
24.11.2025;23:45;UTC;00:00;UTC;10,001
25.11.2025;00:00;UTC;00:15;UTC;10,208
25.11.2025;00:15;UTC;00:30;UTC;10,155
25.11.2025;00:30;UTC;00:45;UTC;9,66
25.11.2025;00:45;UTC;01:00;UTC;9,638
25.11.2025;01:00;UTC;01:15;UTC;9,869
25.11.2025;01:15;UTC;01:30;UTC;9,701
25.11.2025;01:30;UTC;01:45;UTC;9,713
25.11.2025;01:45;UTC;02:00;UTC;9,752
25.11.2025;02:00;UTC;02:15;UTC;9,902
25.11.2025;02:15;UTC;02:30;UTC;9,423
25.11.2025;02:30;UTC;02:45;UTC;9,501
25.11.2025;02:45;UTC;03:00;UTC;9,613
25.11.2025;03:00;UTC;03:15;UTC;9,769
25.11.2025;03:15;UTC;03:30;UTC;10,032
25.11.2025;03:30;UTC;03:45;UTC;9,752
25.11.2025;03:45;UTC;04:00;UTC;10,251
25.11.2025;04:00;UTC;04:15;UTC;9,92
25.11.2025;04:15;UTC;04:30;UTC;10,127
25.11.2025;04:30;UTC;04:45;UTC;11,196
25.11.2025;04:45;UTC;05:00;UTC;11,449
25.11.2025;05:00;UTC;05:15;UTC;8,92
25.11.2025;05:15;UTC;05:30;UTC;10,616
25.11.2025;05:30;UTC;05:45;UTC;12,4
25.11.2025;05:45;UTC;06:00;UTC;17,027
25.11.2025;06:00;UTC;06:15;UTC;15,769
25.11.2025;06:15;UTC;06:30;UTC;25,288
25.11.2025;06:30;UTC;06:45;UTC;36,136
25.11.2025;06:45;UTC;07:00;UTC;39,215
25.11.2025;07:00;UTC;07:15;UTC;28,917
25.11.2025;07:15;UTC;07:30;UTC;35,194
25.11.2025;07:30;UTC;07:45;UTC;35,001
25.11.2025;07:45;UTC;08:00;UTC;34,198
25.11.2025;08:00;UTC;08:15;UTC;29,604
25.11.2025;08:15;UTC;08:30;UTC;33,301
25.11.2025;08:30;UTC;08:45;UTC;27,145
25.11.2025;08:45;UTC;09:00;UTC;27,01
25.11.2025;09:00;UTC;09:15;UTC;32,13
25.11.2025;09:15;UTC;09:30;UTC;27,134
25.11.2025;09:30;UTC;09:45;UTC;25,426
25.11.2025;09:45;UTC;10:00;UTC;24,544
25.11.2025;10:00;UTC;10:15;UTC;28,379
25.11.2025;10:15;UTC;10:30;UTC;33,301
25.11.2025;10:30;UTC;10:45;UTC;34,598
25.11.2025;10:45;UTC;11:00;UTC;34,373
25.11.2025;11:00;UTC;11:15;UTC;33,301
25.11.2025;11:15;UTC;11:30;UTC;33,301
25.11.2025;11:30;UTC;11:45;UTC;34,412
25.11.2025;11:45;UTC;12:00;UTC;39,386
25.11.2025;12:00;UTC;12:15;UTC;34,13
25.11.2025;12:15;UTC;12:30;UTC;33,301
25.11.2025;12:30;UTC;12:45;UTC;30,761
25.11.2025;12:45;UTC;13:00;UTC;28,869
25.11.2025;13:00;UTC;13:15;UTC;27,009
25.11.2025;13:15;UTC;13:30;UTC;31,636
25.11.2025;13:30;UTC;13:45;UTC;28,054
25.11.2025;13:45;UTC;14:00;UTC;33,301
25.11.2025;14:00;UTC;14:15;UTC;31,048
25.11.2025;14:15;UTC;14:30;UTC;33,388
25.11.2025;14:30;UTC;14:45;UTC;29,098
25.11.2025;14:45;UTC;15:00;UTC;30,464
25.11.2025;15:00;UTC;15:15;UTC;26,62
25.11.2025;15:15;UTC;15:30;UTC;30,642
25.11.2025;15:30;UTC;15:45;UTC;35,001
25.11.2025;15:45;UTC;16:00;UTC;37,77
25.11.2025;16:00;UTC;16:15;UTC;34,87
25.11.2025;16:15;UTC;16:30;UTC;39,993
25.11.2025;16:30;UTC;16:45;UTC;39,501
25.11.2025;16:45;UTC;17:00;UTC;34,961
25.11.2025;17:00;UTC;17:15;UTC;33,301
25.11.2025;17:15;UTC;17:30;UTC;30,042
25.11.2025;17:30;UTC;17:45;UTC;30,878
25.11.2025;17:45;UTC;18:00;UTC;24,941
25.11.2025;18:00;UTC;18:15;UTC;35,706
25.11.2025;18:15;UTC;18:30;UTC;26,661
25.11.2025;18:30;UTC;18:45;UTC;20,581
25.11.2025;18:45;UTC;19:00;UTC;16,801
25.11.2025;19:00;UTC;19:15;UTC;22,367
25.11.2025;19:15;UTC;19:30;UTC;17,587
25.11.2025;19:30;UTC;19:45;UTC;15,58
25.11.2025;19:45;UTC;20:00;UTC;13,6
25.11.2025;20:00;UTC;20:15;UTC;16,8
25.11.2025;20:15;UTC;20:30;UTC;14,187
25.11.2025;20:30;UTC;20:45;UTC;12,215
25.11.2025;20:45;UTC;21:00;UTC;10,806
25.11.2025;21:00;UTC;21:15;UTC;13,041
25.11.2025;21:15;UTC;21:30;UTC;12,386
25.11.2025;21:30;UTC;21:45;UTC;11,68
25.11.2025;21:45;UTC;22:00;UTC;10,555
25.11.2025;22:00;UTC;22:15;UTC;11,711
25.11.2025;22:15;UTC;22:30;UTC;10,559
25.11.2025;22:30;UTC;22:45;UTC;9,714
25.11.2025;22:45;UTC;23:00;UTC;8,83
25.11.2025;23:00;UTC;23:15;UTC;10,207
25.11.2025;23:15;UTC;23:30;UTC;9,014
25.11.2025;23:30;UTC;23:45;UTC;9,05
25.11.2025;23:45;UTC;00:00;UTC;8,871
26.11.2025;00:00;UTC;00:15;UTC;9,232
26.11.2025;00:15;UTC;00:30;UTC;8,941
26.11.2025;00:30;UTC;00:45;UTC;8,907
26.11.2025;00:45;UTC;01:00;UTC;8,9
26.11.2025;01:00;UTC;01:15;UTC;8,95
26.11.2025;01:15;UTC;01:30;UTC;8,898
26.11.2025;01:30;UTC;01:45;UTC;8,742
26.11.2025;01:45;UTC;02:00;UTC;8,74
26.11.2025;02:00;UTC;02:15;UTC;8,893
26.11.2025;02:15;UTC;02:30;UTC;8,899
26.11.2025;02:30;UTC;02:45;UTC;9,007
26.11.2025;02:45;UTC;03:00;UTC;8,975
26.11.2025;03:00;UTC;03:15;UTC;8,728
26.11.2025;03:15;UTC;03:30;UTC;8,874
26.11.2025;03:30;UTC;03:45;UTC;9,026
26.11.2025;03:45;UTC;04:00;UTC;9,293
26.11.2025;04:00;UTC;04:15;UTC;8,709
26.11.2025;04:15;UTC;04:30;UTC;9,059
26.11.2025;04:30;UTC;04:45;UTC;10,119
26.11.2025;04:45;UTC;05:00;UTC;11,013
26.11.2025;05:00;UTC;05:15;UTC;10,089
26.11.2025;05:15;UTC;05:30;UTC;11,884
26.11.2025;05:30;UTC;05:45;UTC;13,326
26.11.2025;05:45;UTC;06:00;UTC;16,63
26.11.2025;06:00;UTC;06:15;UTC;14,666
26.11.2025;06:15;UTC;06:30;UTC;18,257
26.11.2025;06:30;UTC;06:45;UTC;20,4
26.11.2025;06:45;UTC;07:00;UTC;23,145
26.11.2025;07:00;UTC;07:15;UTC;21,304
26.11.2025;07:15;UTC;07:30;UTC;22,062
26.11.2025;07:30;UTC;07:45;UTC;27,01
26.11.2025;07:45;UTC;08:00;UTC;24,513
26.11.2025;08:00;UTC;08:15;UTC;24,051
26.11.2025;08:15;UTC;08:30;UTC;20,408
26.11.2025;08:30;UTC;08:45;UTC;20,685
26.11.2025;08:45;UTC;09:00;UTC;19,595
26.11.2025;09:00;UTC;09:15;UTC;24,04
26.11.2025;09:15;UTC;09:30;UTC;19,952
26.11.2025;09:30;UTC;09:45;UTC;17,953
26.11.2025;09:45;UTC;10:00;UTC;16,91
26.11.2025;10:00;UTC;10:15;UTC;17,709
26.11.2025;10:15;UTC;10:30;UTC;17,528
26.11.2025;10:30;UTC;10:45;UTC;16,982
26.11.2025;10:45;UTC;11:00;UTC;15,98
26.11.2025;11:00;UTC;11:15;UTC;16,655
26.11.2025;11:15;UTC;11:30;UTC;16,043
26.11.2025;11:30;UTC;11:45;UTC;16,576
26.11.2025;11:45;UTC;12:00;UTC;16,599
26.11.2025;12:00;UTC;12:15;UTC;16,965
26.11.2025;12:15;UTC;12:30;UTC;17,718
26.11.2025;12:30;UTC;12:45;UTC;16,744
26.11.2025;12:45;UTC;13:00;UTC;15,868
26.11.2025;13:00;UTC;13:15;UTC;16,177
26.11.2025;13:15;UTC;13:30;UTC;17,143
26.11.2025;13:30;UTC;13:45;UTC;19,67
26.11.2025;13:45;UTC;14:00;UTC;20,806
26.11.2025;14:00;UTC;14:15;UTC;16,944
26.11.2025;14:15;UTC;14:30;UTC;20,004
26.11.2025;14:30;UTC;14:45;UTC;23,681
26.11.2025;14:45;UTC;15:00;UTC;28,86
26.11.2025;15:00;UTC;15:15;UTC;21,495
26.11.2025;15:15;UTC;15:30;UTC;27,729
26.11.2025;15:30;UTC;15:45;UTC;31,403
26.11.2025;15:45;UTC;16:00;UTC;37,124
26.11.2025;16:00;UTC;16:15;UTC;29,15
26.11.2025;16:15;UTC;16:30;UTC;29,858
26.11.2025;16:30;UTC;16:45;UTC;29,542
26.11.2025;16:45;UTC;17:00;UTC;29,294
26.11.2025;17:00;UTC;17:15;UTC;26,796
26.11.2025;17:15;UTC;17:30;UTC;21,357
26.11.2025;17:30;UTC;17:45;UTC;22,625
26.11.2025;17:45;UTC;18:00;UTC;20,794
26.11.2025;18:00;UTC;18:15;UTC;21,926
26.11.2025;18:15;UTC;18:30;UTC;19
26.11.2025;18:30;UTC;18:45;UTC;16,981
26.11.2025;18:45;UTC;19:00;UTC;15,563
26.11.2025;19:00;UTC;19:15;UTC;17,501
26.11.2025;19:15;UTC;19:30;UTC;14,999
26.11.2025;19:30;UTC;19:45;UTC;12,889
26.11.2025;19:45;UTC;20:00;UTC;11,115
26.11.2025;20:00;UTC;20:15;UTC;14,1
26.11.2025;20:15;UTC;20:30;UTC;12,433
26.11.2025;20:30;UTC;20:45;UTC;10,306
26.11.2025;20:45;UTC;21:00;UTC;9,14
26.11.2025;21:00;UTC;21:15;UTC;11,894
26.11.2025;21:15;UTC;21:30;UTC;10,508
26.11.2025;21:30;UTC;21:45;UTC;9,427
26.11.2025;21:45;UTC;22:00;UTC;8,968
26.11.2025;22:00;UTC;22:15;UTC;9,979
26.11.2025;22:15;UTC;22:30;UTC;9,09
26.11.2025;22:30;UTC;22:45;UTC;8,806
26.11.2025;22:45;UTC;23:00;UTC;8,2
26.11.2025;23:00;UTC;23:15;UTC;9,407
26.11.2025;23:15;UTC;23:30;UTC;9,121
26.11.2025;23:30;UTC;23:45;UTC;8,781
26.11.2025;23:45;UTC;00:00;UTC;8,669
27.11.2025;00:00;UTC;00:15;UTC;8,891
27.11.2025;00:15;UTC;00:30;UTC;8,562
27.11.2025;00:30;UTC;00:45;UTC;8,262
27.11.2025;00:45;UTC;01:00;UTC;7,995
27.11.2025;01:00;UTC;01:15;UTC;8,373
27.11.2025;01:15;UTC;01:30;UTC;8,109
27.11.2025;01:30;UTC;01:45;UTC;7,937
27.11.2025;01:45;UTC;02:00;UTC;7,56
27.11.2025;02:00;UTC;02:15;UTC;8,085
27.11.2025;02:15;UTC;02:30;UTC;7,937
27.11.2025;02:30;UTC;02:45;UTC;7,742
27.11.2025;02:45;UTC;03:00;UTC;7,173
27.11.2025;03:00;UTC;03:15;UTC;7,669
27.11.2025;03:15;UTC;03:30;UTC;7,692
27.11.2025;03:30;UTC;03:45;UTC;8,283
27.11.2025;03:45;UTC;04:00;UTC;8,335
27.11.2025;04:00;UTC;04:15;UTC;8,319
27.11.2025;04:15;UTC;04:30;UTC;7,346
27.11.2025;04:30;UTC;04:45;UTC;8,435
27.11.2025;04:45;UTC;05:00;UTC;8,731
27.11.2025;05:00;UTC;05:15;UTC;8,698
27.11.2025;05:15;UTC;05:30;UTC;11,157
27.11.2025;05:30;UTC;05:45;UTC;11,944
27.11.2025;05:45;UTC;06:00;UTC;13,089
27.11.2025;06:00;UTC;06:15;UTC;11,639
27.11.2025;06:15;UTC;06:30;UTC;12,06
27.11.2025;06:30;UTC;06:45;UTC;12,598
27.11.2025;06:45;UTC;07:00;UTC;12,503
27.11.2025;07:00;UTC;07:15;UTC;13,201
27.11.2025;07:15;UTC;07:30;UTC;12,684
27.11.2025;07:30;UTC;07:45;UTC;11,991
27.11.2025;07:45;UTC;08:00;UTC;11,366
27.11.2025;08:00;UTC;08:15;UTC;11,65
27.11.2025;08:15;UTC;08:30;UTC;11,982
27.11.2025;08:30;UTC;08:45;UTC;10,34
27.11.2025;08:45;UTC;09:00;UTC;8,809
27.11.2025;09:00;UTC;09:15;UTC;10,309
27.11.2025;09:15;UTC;09:30;UTC;8,754
27.11.2025;09:30;UTC;09:45;UTC;8,649
27.11.2025;09:45;UTC;10:00;UTC;8,667
27.11.2025;10:00;UTC;10:15;UTC;9,282
27.11.2025;10:15;UTC;10:30;UTC;8,939
27.11.2025;10:30;UTC;10:45;UTC;8,661
27.11.2025;10:45;UTC;11:00;UTC;8,584
27.11.2025;11:00;UTC;11:15;UTC;9,038
27.11.2025;11:15;UTC;11:30;UTC;8,572
27.11.2025;11:30;UTC;11:45;UTC;8,575
27.11.2025;11:45;UTC;12:00;UTC;8,64
27.11.2025;12:00;UTC;12:15;UTC;8,645
27.11.2025;12:15;UTC;12:30;UTC;8,506
27.11.2025;12:30;UTC;12:45;UTC;8,532
27.11.2025;12:45;UTC;13:00;UTC;8,621
27.11.2025;13:00;UTC;13:15;UTC;8,632
27.11.2025;13:15;UTC;13:30;UTC;8,652
27.11.2025;13:30;UTC;13:45;UTC;9
27.11.2025;13:45;UTC;14:00;UTC;9,415
27.11.2025;14:00;UTC;14:15;UTC;8,661
27.11.2025;14:15;UTC;14:30;UTC;8,882
27.11.2025;14:30;UTC;14:45;UTC;9,713
27.11.2025;14:45;UTC;15:00;UTC;8,984
27.11.2025;15:00;UTC;15:15;UTC;9,41
27.11.2025;15:15;UTC;15:30;UTC;8,632
27.11.2025;15:30;UTC;15:45;UTC;8,821
27.11.2025;15:45;UTC;16:00;UTC;9,309
27.11.2025;16:00;UTC;16:15;UTC;8,547
27.11.2025;16:15;UTC;16:30;UTC;9,201
27.11.2025;16:30;UTC;16:45;UTC;10,019
27.11.2025;16:45;UTC;17:00;UTC;11,236
27.11.2025;17:00;UTC;17:15;UTC;10,357
27.11.2025;17:15;UTC;17:30;UTC;9,975
27.11.2025;17:30;UTC;17:45;UTC;10,178
27.11.2025;17:45;UTC;18:00;UTC;10,047
27.11.2025;18:00;UTC;18:15;UTC;9,854
27.11.2025;18:15;UTC;18:30;UTC;8,866
27.11.2025;18:30;UTC;18:45;UTC;8,53
27.11.2025;18:45;UTC;19:00;UTC;8,058
27.11.2025;19:00;UTC;19:15;UTC;9,142
27.11.2025;19:15;UTC;19:30;UTC;9,083
27.11.2025;19:30;UTC;19:45;UTC;8,201
27.11.2025;19:45;UTC;20:00;UTC;7,733
27.11.2025;20:00;UTC;20:15;UTC;8,862
27.11.2025;20:15;UTC;20:30;UTC;7,577
27.11.2025;20:30;UTC;20:45;UTC;8,057
27.11.2025;20:45;UTC;21:00;UTC;7,754
27.11.2025;21:00;UTC;21:15;UTC;9,043
27.11.2025;21:15;UTC;21:30;UTC;8,369
27.11.2025;21:30;UTC;21:45;UTC;8,703
27.11.2025;21:45;UTC;22:00;UTC;7,927
27.11.2025;22:00;UTC;22:15;UTC;8,49
27.11.2025;22:15;UTC;22:30;UTC;7,468
27.11.2025;22:30;UTC;22:45;UTC;6,689
27.11.2025;22:45;UTC;23:00;UTC;5,136
27.11.2025;23:00;UTC;23:15;UTC;7,039
27.11.2025;23:15;UTC;23:30;UTC;6,507
27.11.2025;23:30;UTC;23:45;UTC;5,581
27.11.2025;23:45;UTC;00:00;UTC;5,209
28.11.2025;00:00;UTC;00:15;UTC;6,516
28.11.2025;00:15;UTC;00:30;UTC;5,25
28.11.2025;00:30;UTC;00:45;UTC;5,372
28.11.2025;00:45;UTC;01:00;UTC;4,862
28.11.2025;01:00;UTC;01:15;UTC;5,494
28.11.2025;01:15;UTC;01:30;UTC;5,341
28.11.2025;01:30;UTC;01:45;UTC;5,271
28.11.2025;01:45;UTC;02:00;UTC;5,066
28.11.2025;02:00;UTC;02:15;UTC;4,688
28.11.2025;02:15;UTC;02:30;UTC;4,821
28.11.2025;02:30;UTC;02:45;UTC;4,788
28.11.2025;02:45;UTC;03:00;UTC;4,856
28.11.2025;03:00;UTC;03:15;UTC;5,21
28.11.2025;03:15;UTC;03:30;UTC;5,142
28.11.2025;03:30;UTC;03:45;UTC;6,007
28.11.2025;03:45;UTC;04:00;UTC;6,991
28.11.2025;04:00;UTC;04:15;UTC;5,15
28.11.2025;04:15;UTC;04:30;UTC;5,46
28.11.2025;04:30;UTC;04:45;UTC;5,993
28.11.2025;04:45;UTC;05:00;UTC;7,813
28.11.2025;05:00;UTC;05:15;UTC;6,373
28.11.2025;05:15;UTC;05:30;UTC;7,811
28.11.2025;05:30;UTC;05:45;UTC;8,733
28.11.2025;05:45;UTC;06:00;UTC;10,228
28.11.2025;06:00;UTC;06:15;UTC;7,823
28.11.2025;06:15;UTC;06:30;UTC;9,096
28.11.2025;06:30;UTC;06:45;UTC;9,5
28.11.2025;06:45;UTC;07:00;UTC;8,709
28.11.2025;07:00;UTC;07:15;UTC;10,289
28.11.2025;07:15;UTC;07:30;UTC;9,863
28.11.2025;07:30;UTC;07:45;UTC;10,037
28.11.2025;07:45;UTC;08:00;UTC;10,001
28.11.2025;08:00;UTC;08:15;UTC;11,43
28.11.2025;08:15;UTC;08:30;UTC;10,225
28.11.2025;08:30;UTC;08:45;UTC;10,01
28.11.2025;08:45;UTC;09:00;UTC;9,695
28.11.2025;09:00;UTC;09:15;UTC;10,224
28.11.2025;09:15;UTC;09:30;UTC;9,607
28.11.2025;09:30;UTC;09:45;UTC;9,701
28.11.2025;09:45;UTC;10:00;UTC;9,606
28.11.2025;10:00;UTC;10:15;UTC;10,45
28.11.2025;10:15;UTC;10:30;UTC;10,298
28.11.2025;10:30;UTC;10:45;UTC;10,283
28.11.2025;10:45;UTC;11:00;UTC;10,097
28.11.2025;11:00;UTC;11:15;UTC;9,473
28.11.2025;11:15;UTC;11:30;UTC;9,42
28.11.2025;11:30;UTC;11:45;UTC;10,274
28.11.2025;11:45;UTC;12:00;UTC;10,318
28.11.2025;12:00;UTC;12:15;UTC;9,756
28.11.2025;12:15;UTC;12:30;UTC;9,996
28.11.2025;12:30;UTC;12:45;UTC;10,096
28.11.2025;12:45;UTC;13:00;UTC;9,932
28.11.2025;13:00;UTC;13:15;UTC;9,235
28.11.2025;13:15;UTC;13:30;UTC;9,454
28.11.2025;13:30;UTC;13:45;UTC;10,232
28.11.2025;13:45;UTC;14:00;UTC;10,595
28.11.2025;14:00;UTC;14:15;UTC;9,463
28.11.2025;14:15;UTC;14:30;UTC;10,402
28.11.2025;14:30;UTC;14:45;UTC;11,763
28.11.2025;14:45;UTC;15:00;UTC;10,24
28.11.2025;15:00;UTC;15:15;UTC;10,613
28.11.2025;15:15;UTC;15:30;UTC;10,3
28.11.2025;15:30;UTC;15:45;UTC;10,142
28.11.2025;15:45;UTC;16:00;UTC;10,305
28.11.2025;16:00;UTC;16:15;UTC;9,432
28.11.2025;16:15;UTC;16:30;UTC;9,695
28.11.2025;16:30;UTC;16:45;UTC;9,647
28.11.2025;16:45;UTC;17:00;UTC;9,689
28.11.2025;17:00;UTC;17:15;UTC;10,104
28.11.2025;17:15;UTC;17:30;UTC;9,541
28.11.2025;17:30;UTC;17:45;UTC;9,803
28.11.2025;17:45;UTC;18:00;UTC;9,802
28.11.2025;18:00;UTC;18:15;UTC;10,232
28.11.2025;18:15;UTC;18:30;UTC;9,61
28.11.2025;18:30;UTC;18:45;UTC;9,157
28.11.2025;18:45;UTC;19:00;UTC;8,329
28.11.2025;19:00;UTC;19:15;UTC;10,28
28.11.2025;19:15;UTC;19:30;UTC;8,762
28.11.2025;19:30;UTC;19:45;UTC;8,529
28.11.2025;19:45;UTC;20:00;UTC;7,812
28.11.2025;20:00;UTC;20:15;UTC;9,134
28.11.2025;20:15;UTC;20:30;UTC;8,937
28.11.2025;20:30;UTC;20:45;UTC;8,605
28.11.2025;20:45;UTC;21:00;UTC;7,488
28.11.2025;21:00;UTC;21:15;UTC;9,161
28.11.2025;21:15;UTC;21:30;UTC;8,473
28.11.2025;21:30;UTC;21:45;UTC;8,843
28.11.2025;21:45;UTC;22:00;UTC;7,741
28.11.2025;22:00;UTC;22:15;UTC;8,583
28.11.2025;22:15;UTC;22:30;UTC;7,769
28.11.2025;22:30;UTC;22:45;UTC;7,584
28.11.2025;22:45;UTC;23:00;UTC;7,196
28.11.2025;23:00;UTC;23:15;UTC;9,522
28.11.2025;23:15;UTC;23:30;UTC;8,355
28.11.2025;23:30;UTC;23:45;UTC;7,791
28.11.2025;23:45;UTC;00:00;UTC;7,024
29.11.2025;00:00;UTC;00:15;UTC;8,348
29.11.2025;00:15;UTC;00:30;UTC;7,865
29.11.2025;00:30;UTC;00:45;UTC;8,062
29.11.2025;00:45;UTC;01:00;UTC;8,084
29.11.2025;01:00;UTC;01:15;UTC;8,428
29.11.2025;01:15;UTC;01:30;UTC;8,311
29.11.2025;01:30;UTC;01:45;UTC;7,897
29.11.2025;01:45;UTC;02:00;UTC;7,898
29.11.2025;02:00;UTC;02:15;UTC;8,407
29.11.2025;02:15;UTC;02:30;UTC;8,089
29.11.2025;02:30;UTC;02:45;UTC;8,218
29.11.2025;02:45;UTC;03:00;UTC;8,309
29.11.2025;03:00;UTC;03:15;UTC;8,302
29.11.2025;03:15;UTC;03:30;UTC;8,54
29.11.2025;03:30;UTC;03:45;UTC;8,679
29.11.2025;03:45;UTC;04:00;UTC;8,758
29.11.2025;04:00;UTC;04:15;UTC;9,025
29.11.2025;04:15;UTC;04:30;UTC;9,188
29.11.2025;04:30;UTC;04:45;UTC;8,493
29.11.2025;04:45;UTC;05:00;UTC;9,293
29.11.2025;05:00;UTC;05:15;UTC;8,11
29.11.2025;05:15;UTC;05:30;UTC;8,726
29.11.2025;05:30;UTC;05:45;UTC;9,364
29.11.2025;05:45;UTC;06:00;UTC;10,155
29.11.2025;06:00;UTC;06:15;UTC;7,912
29.11.2025;06:15;UTC;06:30;UTC;8,855
29.11.2025;06:30;UTC;06:45;UTC;10,437
29.11.2025;06:45;UTC;07:00;UTC;11,266
29.11.2025;07:00;UTC;07:15;UTC;9,27
29.11.2025;07:15;UTC;07:30;UTC;8,578
29.11.2025;07:30;UTC;07:45;UTC;8,98
29.11.2025;07:45;UTC;08:00;UTC;8,832
29.11.2025;08:00;UTC;08:15;UTC;9,987
29.11.2025;08:15;UTC;08:30;UTC;10,178
29.11.2025;08:30;UTC;08:45;UTC;10,198
29.11.2025;08:45;UTC;09:00;UTC;10,27
29.11.2025;09:00;UTC;09:15;UTC;10,999
29.11.2025;09:15;UTC;09:30;UTC;10,369
29.11.2025;09:30;UTC;09:45;UTC;9,974
29.11.2025;09:45;UTC;10:00;UTC;9,234
29.11.2025;10:00;UTC;10:15;UTC;10,08
29.11.2025;10:15;UTC;10:30;UTC;9,976
29.11.2025;10:30;UTC;10:45;UTC;9,48
29.11.2025;10:45;UTC;11:00;UTC;8,569
29.11.2025;11:00;UTC;11:15;UTC;9,103
29.11.2025;11:15;UTC;11:30;UTC;8,522
29.11.2025;11:30;UTC;11:45;UTC;8,525
29.11.2025;11:45;UTC;12:00;UTC;8,289
29.11.2025;12:00;UTC;12:15;UTC;9,316
29.11.2025;12:15;UTC;12:30;UTC;8,526
29.11.2025;12:30;UTC;12:45;UTC;8,552
29.11.2025;12:45;UTC;13:00;UTC;8,789
29.11.2025;13:00;UTC;13:15;UTC;8,61
29.11.2025;13:15;UTC;13:30;UTC;8,882
29.11.2025;13:30;UTC;13:45;UTC;9,364
29.11.2025;13:45;UTC;14:00;UTC;9,835
29.11.2025;14:00;UTC;14:15;UTC;9,731
29.11.2025;14:15;UTC;14:30;UTC;10,793
29.11.2025;14:30;UTC;14:45;UTC;10,244
29.11.2025;14:45;UTC;15:00;UTC;10,321
29.11.2025;15:00;UTC;15:15;UTC;9,177
29.11.2025;15:15;UTC;15:30;UTC;10,012
29.11.2025;15:30;UTC;15:45;UTC;10,457
29.11.2025;15:45;UTC;16:00;UTC;11,412
29.11.2025;16:00;UTC;16:15;UTC;10,743
29.11.2025;16:15;UTC;16:30;UTC;10,938
29.11.2025;16:30;UTC;16:45;UTC;10,814
29.11.2025;16:45;UTC;17:00;UTC;10,339
29.11.2025;17:00;UTC;17:15;UTC;10,741
29.11.2025;17:15;UTC;17:30;UTC;9,8
29.11.2025;17:30;UTC;17:45;UTC;9,502
29.11.2025;17:45;UTC;18:00;UTC;9,209
29.11.2025;18:00;UTC;18:15;UTC;9,217
29.11.2025;18:15;UTC;18:30;UTC;8,988
29.11.2025;18:30;UTC;18:45;UTC;8,561
29.11.2025;18:45;UTC;19:00;UTC;8,606
29.11.2025;19:00;UTC;19:15;UTC;8,988
29.11.2025;19:15;UTC;19:30;UTC;8,311
29.11.2025;19:30;UTC;19:45;UTC;7,691
29.11.2025;19:45;UTC;20:00;UTC;7,455
29.11.2025;20:00;UTC;20:15;UTC;8,561
29.11.2025;20:15;UTC;20:30;UTC;8,258
29.11.2025;20:30;UTC;20:45;UTC;7,831
29.11.2025;20:45;UTC;21:00;UTC;7,67
29.11.2025;21:00;UTC;21:15;UTC;8,695
29.11.2025;21:15;UTC;21:30;UTC;8,391
29.11.2025;21:30;UTC;21:45;UTC;8,643
29.11.2025;21:45;UTC;22:00;UTC;7,667
29.11.2025;22:00;UTC;22:15;UTC;8,31
29.11.2025;22:15;UTC;22:30;UTC;7,695
29.11.2025;22:30;UTC;22:45;UTC;7,6
29.11.2025;22:45;UTC;23:00;UTC;7,486
29.11.2025;23:00;UTC;23:15;UTC;8,465
29.11.2025;23:15;UTC;23:30;UTC;7,822
29.11.2025;23:30;UTC;23:45;UTC;7,164
29.11.2025;23:45;UTC;00:00;UTC;6,938
30.11.2025;00:00;UTC;00:15;UTC;7,413
30.11.2025;00:15;UTC;00:30;UTC;6,856
30.11.2025;00:30;UTC;00:45;UTC;6,838
30.11.2025;00:45;UTC;01:00;UTC;6,806
30.11.2025;01:00;UTC;01:15;UTC;6,934
30.11.2025;01:15;UTC;01:30;UTC;6,874
30.11.2025;01:30;UTC;01:45;UTC;6,774
30.11.2025;01:45;UTC;02:00;UTC;6,393
30.11.2025;02:00;UTC;02:15;UTC;6,856
30.11.2025;02:15;UTC;02:30;UTC;6,703
30.11.2025;02:30;UTC;02:45;UTC;6,514
30.11.2025;02:45;UTC;03:00;UTC;6,069
30.11.2025;03:00;UTC;03:15;UTC;6,555
30.11.2025;03:15;UTC;03:30;UTC;6,709
30.11.2025;03:30;UTC;03:45;UTC;6,87
30.11.2025;03:45;UTC;04:00;UTC;6,666
30.11.2025;04:00;UTC;04:15;UTC;7,204
30.11.2025;04:15;UTC;04:30;UTC;7,148
30.11.2025;04:30;UTC;04:45;UTC;7,574
30.11.2025;04:45;UTC;05:00;UTC;7,791
30.11.2025;05:00;UTC;05:15;UTC;7,132
30.11.2025;05:15;UTC;05:30;UTC;7,286
30.11.2025;05:30;UTC;05:45;UTC;7,718
30.11.2025;05:45;UTC;06:00;UTC;8,095
30.11.2025;06:00;UTC;06:15;UTC;7,24
30.11.2025;06:15;UTC;06:30;UTC;7,146
30.11.2025;06:30;UTC;06:45;UTC;7,791
30.11.2025;06:45;UTC;07:00;UTC;8,213
30.11.2025;07:00;UTC;07:15;UTC;7,579
30.11.2025;07:15;UTC;07:30;UTC;8,306
30.11.2025;07:30;UTC;07:45;UTC;7,977
30.11.2025;07:45;UTC;08:00;UTC;8,074
30.11.2025;08:00;UTC;08:15;UTC;8,206
30.11.2025;08:15;UTC;08:30;UTC;8,24
30.11.2025;08:30;UTC;08:45;UTC;8,2
30.11.2025;08:45;UTC;09:00;UTC;7,614
30.11.2025;09:00;UTC;09:15;UTC;8,779
30.11.2025;09:15;UTC;09:30;UTC;8,51
30.11.2025;09:30;UTC;09:45;UTC;8,374
30.11.2025;09:45;UTC;10:00;UTC;8,106
30.11.2025;10:00;UTC;10:15;UTC;7,79
30.11.2025;10:15;UTC;10:30;UTC;8,016
30.11.2025;10:30;UTC;10:45;UTC;8,411
30.11.2025;10:45;UTC;11:00;UTC;8,4
30.11.2025;11:00;UTC;11:15;UTC;7,881
30.11.2025;11:15;UTC;11:30;UTC;7,641
30.11.2025;11:30;UTC;11:45;UTC;8,248
30.11.2025;11:45;UTC;12:00;UTC;8,508
30.11.2025;12:00;UTC;12:15;UTC;7,791
30.11.2025;12:15;UTC;12:30;UTC;8,074
30.11.2025;12:30;UTC;12:45;UTC;8,368
30.11.2025;12:45;UTC;13:00;UTC;8,774
30.11.2025;13:00;UTC;13:15;UTC;7,832
30.11.2025;13:15;UTC;13:30;UTC;8,718
30.11.2025;13:30;UTC;13:45;UTC;8,908
30.11.2025;13:45;UTC;14:00;UTC;9,561
30.11.2025;14:00;UTC;14:15;UTC;8,182
30.11.2025;14:15;UTC;14:30;UTC;8,859
30.11.2025;14:30;UTC;14:45;UTC;10,314
30.11.2025;14:45;UTC;15:00;UTC;10,076
30.11.2025;15:00;UTC;15:15;UTC;8,279
30.11.2025;15:15;UTC;15:30;UTC;8,661
30.11.2025;15:30;UTC;15:45;UTC;9,994
30.11.2025;15:45;UTC;16:00;UTC;10,19
30.11.2025;16:00;UTC;16:15;UTC;10,302
30.11.2025;16:15;UTC;16:30;UTC;10,309
30.11.2025;16:30;UTC;16:45;UTC;10,503
30.11.2025;16:45;UTC;17:00;UTC;10,505
30.11.2025;17:00;UTC;17:15;UTC;10,637
30.11.2025;17:15;UTC;17:30;UTC;10,507
30.11.2025;17:30;UTC;17:45;UTC;10,51
30.11.2025;17:45;UTC;18:00;UTC;10,831
30.11.2025;18:00;UTC;18:15;UTC;10,308
30.11.2025;18:15;UTC;18:30;UTC;10,501
30.11.2025;18:30;UTC;18:45;UTC;10,328
30.11.2025;18:45;UTC;19:00;UTC;10,514
30.11.2025;19:00;UTC;19:15;UTC;9,727
30.11.2025;19:15;UTC;19:30;UTC;9,77
30.11.2025;19:30;UTC;19:45;UTC;9,674
30.11.2025;19:45;UTC;20:00;UTC;9,839
30.11.2025;20:00;UTC;20:15;UTC;9,594
30.11.2025;20:15;UTC;20:30;UTC;9,666
30.11.2025;20:30;UTC;20:45;UTC;9,092
30.11.2025;20:45;UTC;21:00;UTC;8,82
30.11.2025;21:00;UTC;21:15;UTC;9,551
30.11.2025;21:15;UTC;21:30;UTC;9,393
30.11.2025;21:30;UTC;21:45;UTC;9,164
30.11.2025;21:45;UTC;22:00;UTC;8,931
30.11.2025;22:00;UTC;22:15;UTC;8,851
30.11.2025;22:15;UTC;22:30;UTC;8,644
30.11.2025;22:30;UTC;22:45;UTC;8,727
30.11.2025;22:45;UTC;23:00;UTC;8,629
30.11.2025;23:00;UTC;23:15;UTC;9,091
30.11.2025;23:15;UTC;23:30;UTC;9,044
30.11.2025;23:30;UTC;23:45;UTC;8,629
30.11.2025;23:45;UTC;00:00;UTC;8,434
01.12.2025;00:00;UTC;00:15;UTC;9,079
01.12.2025;00:15;UTC;00:30;UTC;8,505
01.12.2025;00:30;UTC;00:45;UTC;8,546
01.12.2025;00:45;UTC;01:00;UTC;8,279
01.12.2025;01:00;UTC;01:15;UTC;8,503
01.12.2025;01:15;UTC;01:30;UTC;8,135
01.12.2025;01:30;UTC;01:45;UTC;7,891
01.12.2025;01:45;UTC;02:00;UTC;8,007
01.12.2025;02:00;UTC;02:15;UTC;8,629
01.12.2025;02:15;UTC;02:30;UTC;8,502
01.12.2025;02:30;UTC;02:45;UTC;8,28
01.12.2025;02:45;UTC;03:00;UTC;8,645
01.12.2025;03:00;UTC;03:15;UTC;8,008
01.12.2025;03:15;UTC;03:30;UTC;8,132
01.12.2025;03:30;UTC;03:45;UTC;7,683
01.12.2025;03:45;UTC;04:00;UTC;8,28
01.12.2025;04:00;UTC;04:15;UTC;8,136
01.12.2025;04:15;UTC;04:30;UTC;7,944
01.12.2025;04:30;UTC;04:45;UTC;9,09
01.12.2025;04:45;UTC;05:00;UTC;10,328
01.12.2025;05:00;UTC;05:15;UTC;7,79
01.12.2025;05:15;UTC;05:30;UTC;8,133
01.12.2025;05:30;UTC;05:45;UTC;9,236
01.12.2025;05:45;UTC;06:00;UTC;10,291
01.12.2025;06:00;UTC;06:15;UTC;11,901
01.12.2025;06:15;UTC;06:30;UTC;11,906
01.12.2025;06:30;UTC;06:45;UTC;13,098
01.12.2025;06:45;UTC;07:00;UTC;14,239
01.12.2025;07:00;UTC;07:15;UTC;17,036
01.12.2025;07:15;UTC;07:30;UTC;14,672
01.12.2025;07:30;UTC;07:45;UTC;12,286
01.12.2025;07:45;UTC;08:00;UTC;11,739
01.12.2025;08:00;UTC;08:15;UTC;11,7
01.12.2025;08:15;UTC;08:30;UTC;11,259
01.12.2025;08:30;UTC;08:45;UTC;10,45
01.12.2025;08:45;UTC;09:00;UTC;8,629
01.12.2025;09:00;UTC;09:15;UTC;9,771
01.12.2025;09:15;UTC;09:30;UTC;9,505
01.12.2025;09:30;UTC;09:45;UTC;9,502
01.12.2025;09:45;UTC;10:00;UTC;8,715
01.12.2025;10:00;UTC;10:15;UTC;9,058
01.12.2025;10:15;UTC;10:30;UTC;8,63
01.12.2025;10:30;UTC;10:45;UTC;8,332
01.12.2025;10:45;UTC;11:00;UTC;8,364
01.12.2025;11:00;UTC;11:15;UTC;8,629
01.12.2025;11:15;UTC;11:30;UTC;8,14
01.12.2025;11:30;UTC;11:45;UTC;8,49
01.12.2025;11:45;UTC;12:00;UTC;8,748
01.12.2025;12:00;UTC;12:15;UTC;8,619
01.12.2025;12:15;UTC;12:30;UTC;8,698
01.12.2025;12:30;UTC;12:45;UTC;8,991
01.12.2025;12:45;UTC;13:00;UTC;9,72
01.12.2025;13:00;UTC;13:15;UTC;9,821
01.12.2025;13:15;UTC;13:30;UTC;10,689
01.12.2025;13:30;UTC;13:45;UTC;11,477
01.12.2025;13:45;UTC;14:00;UTC;10,9
01.12.2025;14:00;UTC;14:15;UTC;11,743
01.12.2025;14:15;UTC;14:30;UTC;12,289
01.12.2025;14:30;UTC;14:45;UTC;12,675
01.12.2025;14:45;UTC;15:00;UTC;11,422
01.12.2025;15:00;UTC;15:15;UTC;11,892
01.12.2025;15:15;UTC;15:30;UTC;11,994
01.12.2025;15:30;UTC;15:45;UTC;11,245
01.12.2025;15:45;UTC;16:00;UTC;10,055
01.12.2025;16:00;UTC;16:15;UTC;8,991
01.12.2025;16:15;UTC;16:30;UTC;9,782
01.12.2025;16:30;UTC;16:45;UTC;10,056
01.12.2025;16:45;UTC;17:00;UTC;8,936
01.12.2025;17:00;UTC;17:15;UTC;8,691
01.12.2025;17:15;UTC;17:30;UTC;8,97
01.12.2025;17:30;UTC;17:45;UTC;9,108
01.12.2025;17:45;UTC;18:00;UTC;8,828
01.12.2025;18:00;UTC;18:15;UTC;9,508
01.12.2025;18:15;UTC;18:30;UTC;8,538
01.12.2025;18:30;UTC;18:45;UTC;8,591
01.12.2025;18:45;UTC;19:00;UTC;8,07
01.12.2025;19:00;UTC;19:15;UTC;9,199
01.12.2025;19:15;UTC;19:30;UTC;8,407
01.12.2025;19:30;UTC;19:45;UTC;7,591
01.12.2025;19:45;UTC;20:00;UTC;7,723
01.12.2025;20:00;UTC;20:15;UTC;8,686
01.12.2025;20:15;UTC;20:30;UTC;8,098
01.12.2025;20:30;UTC;20:45;UTC;6,987
01.12.2025;20:45;UTC;21:00;UTC;6,609
01.12.2025;21:00;UTC;21:15;UTC;8,408
01.12.2025;21:15;UTC;21:30;UTC;7,256
01.12.2025;21:30;UTC;21:45;UTC;7,969
01.12.2025;21:45;UTC;22:00;UTC;6,939
01.12.2025;22:00;UTC;22:15;UTC;8,247
01.12.2025;22:15;UTC;22:30;UTC;7,076
01.12.2025;22:30;UTC;22:45;UTC;7,118
01.12.2025;22:45;UTC;23:00;UTC;6,28
01.12.2025;23:00;UTC;23:15;UTC;7,408
01.12.2025;23:15;UTC;23:30;UTC;6,992
01.12.2025;23:30;UTC;23:45;UTC;6,316
01.12.2025;23:45;UTC;00:00;UTC;5,595
02.12.2025;00:00;UTC;00:15;UTC;6,541
02.12.2025;00:15;UTC;00:30;UTC;5,849
02.12.2025;00:30;UTC;00:45;UTC;5,659
02.12.2025;00:45;UTC;01:00;UTC;5,479
02.12.2025;01:00;UTC;01:15;UTC;5,508
02.12.2025;01:15;UTC;01:30;UTC;5,424
02.12.2025;01:30;UTC;01:45;UTC;5,469
02.12.2025;01:45;UTC;02:00;UTC;5,573
02.12.2025;02:00;UTC;02:15;UTC;5,516
02.12.2025;02:15;UTC;02:30;UTC;5,371
02.12.2025;02:30;UTC;02:45;UTC;5,416
02.12.2025;02:45;UTC;03:00;UTC;5,19
02.12.2025;03:00;UTC;03:15;UTC;4,896
02.12.2025;03:15;UTC;03:30;UTC;4,978
02.12.2025;03:30;UTC;03:45;UTC;5,102
02.12.2025;03:45;UTC;04:00;UTC;5,211
02.12.2025;04:00;UTC;04:15;UTC;5,029
02.12.2025;04:15;UTC;04:30;UTC;5,931
02.12.2025;04:30;UTC;04:45;UTC;6,917
02.12.2025;04:45;UTC;05:00;UTC;7,957
02.12.2025;05:00;UTC;05:15;UTC;6,256
02.12.2025;05:15;UTC;05:30;UTC;7,67
02.12.2025;05:30;UTC;05:45;UTC;9,005
02.12.2025;05:45;UTC;06:00;UTC;8,474
02.12.2025;06:00;UTC;06:15;UTC;7,421
02.12.2025;06:15;UTC;06:30;UTC;8,08
02.12.2025;06:30;UTC;06:45;UTC;9,282
02.12.2025;06:45;UTC;07:00;UTC;10,332
02.12.2025;07:00;UTC;07:15;UTC;8,42
02.12.2025;07:15;UTC;07:30;UTC;8,79
02.12.2025;07:30;UTC;07:45;UTC;8,812
02.12.2025;07:45;UTC;08:00;UTC;9,038
02.12.2025;08:00;UTC;08:15;UTC;8,879
02.12.2025;08:15;UTC;08:30;UTC;8,998
02.12.2025;08:30;UTC;08:45;UTC;8,916
02.12.2025;08:45;UTC;09:00;UTC;8,519
02.12.2025;09:00;UTC;09:15;UTC;8,761
02.12.2025;09:15;UTC;09:30;UTC;8,538
02.12.2025;09:30;UTC;09:45;UTC;8,461
02.12.2025;09:45;UTC;10:00;UTC;8,573
02.12.2025;10:00;UTC;10:15;UTC;8,507
02.12.2025;10:15;UTC;10:30;UTC;8,52
02.12.2025;10:30;UTC;10:45;UTC;8,784
02.12.2025;10:45;UTC;11:00;UTC;8,878
02.12.2025;11:00;UTC;11:15;UTC;8,701
02.12.2025;11:15;UTC;11:30;UTC;8,699
02.12.2025;11:30;UTC;11:45;UTC;8,758
02.12.2025;11:45;UTC;12:00;UTC;8,821
02.12.2025;12:00;UTC;12:15;UTC;9,484
02.12.2025;12:15;UTC;12:30;UTC;9,179
02.12.2025;12:30;UTC;12:45;UTC;9,484
02.12.2025;12:45;UTC;13:00;UTC;10,667
02.12.2025;13:00;UTC;13:15;UTC;8,449
02.12.2025;13:15;UTC;13:30;UTC;8,675
02.12.2025;13:30;UTC;13:45;UTC;11,652
02.12.2025;13:45;UTC;14:00;UTC;13,227
02.12.2025;14:00;UTC;14:15;UTC;12,227
02.12.2025;14:15;UTC;14:30;UTC;13,787
02.12.2025;14:30;UTC;14:45;UTC;15,035
02.12.2025;14:45;UTC;15:00;UTC;15,099
02.12.2025;15:00;UTC;15:15;UTC;13,007
02.12.2025;15:15;UTC;15:30;UTC;12,639
02.12.2025;15:30;UTC;15:45;UTC;13,663
02.12.2025;15:45;UTC;16:00;UTC;15,227
02.12.2025;16:00;UTC;16:15;UTC;14,201
02.12.2025;16:15;UTC;16:30;UTC;15,291
02.12.2025;16:30;UTC;16:45;UTC;15,784
02.12.2025;16:45;UTC;17:00;UTC;15,38
02.12.2025;17:00;UTC;17:15;UTC;15,472
02.12.2025;17:15;UTC;17:30;UTC;15,397
02.12.2025;17:30;UTC;17:45;UTC;16,089
02.12.2025;17:45;UTC;18:00;UTC;17,899
02.12.2025;18:00;UTC;18:15;UTC;16,542
02.12.2025;18:15;UTC;18:30;UTC;15,712
02.12.2025;18:30;UTC;18:45;UTC;17,228
02.12.2025;18:45;UTC;19:00;UTC;15,799
02.12.2025;19:00;UTC;19:15;UTC;18,142
02.12.2025;19:15;UTC;19:30;UTC;16,001
02.12.2025;19:30;UTC;19:45;UTC;14,798
02.12.2025;19:45;UTC;20:00;UTC;13,013
02.12.2025;20:00;UTC;20:15;UTC;14,025
02.12.2025;20:15;UTC;20:30;UTC;13,599
02.12.2025;20:30;UTC;20:45;UTC;12,703
02.12.2025;20:45;UTC;21:00;UTC;11,412
02.12.2025;21:00;UTC;21:15;UTC;12,963
02.12.2025;21:15;UTC;21:30;UTC;12,253
02.12.2025;21:30;UTC;21:45;UTC;11,606
02.12.2025;21:45;UTC;22:00;UTC;10,867
02.12.2025;22:00;UTC;22:15;UTC;10,806
02.12.2025;22:15;UTC;22:30;UTC;10,504
02.12.2025;22:30;UTC;22:45;UTC;9,624
02.12.2025;22:45;UTC;23:00;UTC;8,721
02.12.2025;23:00;UTC;23:15;UTC;9,222
02.12.2025;23:15;UTC;23:30;UTC;8,998
02.12.2025;23:30;UTC;23:45;UTC;9,088
02.12.2025;23:45;UTC;00:00;UTC;9,026
03.12.2025;00:00;UTC;00:15;UTC;8,722
03.12.2025;00:15;UTC;00:30;UTC;8,651
03.12.2025;00:30;UTC;00:45;UTC;9,13
03.12.2025;00:45;UTC;01:00;UTC;9,126
03.12.2025;01:00;UTC;01:15;UTC;8,998
03.12.2025;01:15;UTC;01:30;UTC;8,987
03.12.2025;01:30;UTC;01:45;UTC;9,064
03.12.2025;01:45;UTC;02:00;UTC;9,054
03.12.2025;02:00;UTC;02:15;UTC;9,139
03.12.2025;02:15;UTC;02:30;UTC;9,075
03.12.2025;02:30;UTC;02:45;UTC;8,866
03.12.2025;02:45;UTC;03:00;UTC;8,871
03.12.2025;03:00;UTC;03:15;UTC;9,024
03.12.2025;03:15;UTC;03:30;UTC;8,902
03.12.2025;03:30;UTC;03:45;UTC;8,989
03.12.2025;03:45;UTC;04:00;UTC;9,093
03.12.2025;04:00;UTC;04:15;UTC;8,937
03.12.2025;04:15;UTC;04:30;UTC;9,083
03.12.2025;04:30;UTC;04:45;UTC;9,982
03.12.2025;04:45;UTC;05:00;UTC;11,59
03.12.2025;05:00;UTC;05:15;UTC;11,145
03.12.2025;05:15;UTC;05:30;UTC;13,189
03.12.2025;05:30;UTC;05:45;UTC;16,034
03.12.2025;05:45;UTC;06:00;UTC;20,01
03.12.2025;06:00;UTC;06:15;UTC;15,39
03.12.2025;06:15;UTC;06:30;UTC;18,4
03.12.2025;06:30;UTC;06:45;UTC;23,6
03.12.2025;06:45;UTC;07:00;UTC;22,61
03.12.2025;07:00;UTC;07:15;UTC;23,603
03.12.2025;07:15;UTC;07:30;UTC;26,08
03.12.2025;07:30;UTC;07:45;UTC;27,009
03.12.2025;07:45;UTC;08:00;UTC;23,307
03.12.2025;08:00;UTC;08:15;UTC;26,37
03.12.2025;08:15;UTC;08:30;UTC;24,076
03.12.2025;08:30;UTC;08:45;UTC;18,707
03.12.2025;08:45;UTC;09:00;UTC;18,803
03.12.2025;09:00;UTC;09:15;UTC;20,982
03.12.2025;09:15;UTC;09:30;UTC;18,412
03.12.2025;09:30;UTC;09:45;UTC;17,824
03.12.2025;09:45;UTC;10:00;UTC;17,654
03.12.2025;10:00;UTC;10:15;UTC;17,676
03.12.2025;10:15;UTC;10:30;UTC;17,213
03.12.2025;10:30;UTC;10:45;UTC;17,079
03.12.2025;10:45;UTC;11:00;UTC;17,381
03.12.2025;11:00;UTC;11:15;UTC;16,5
03.12.2025;11:15;UTC;11:30;UTC;15,701
03.12.2025;11:30;UTC;11:45;UTC;16,905
03.12.2025;11:45;UTC;12:00;UTC;17,984
03.12.2025;12:00;UTC;12:15;UTC;17,162
03.12.2025;12:15;UTC;12:30;UTC;17,555
03.12.2025;12:30;UTC;12:45;UTC;18,846
03.12.2025;12:45;UTC;13:00;UTC;19
03.12.2025;13:00;UTC;13:15;UTC;17,628
03.12.2025;13:15;UTC;13:30;UTC;19
03.12.2025;13:30;UTC;13:45;UTC;22
03.12.2025;13:45;UTC;14:00;UTC;21,347
03.12.2025;14:00;UTC;14:15;UTC;19,449
03.12.2025;14:15;UTC;14:30;UTC;21,467
03.12.2025;14:30;UTC;14:45;UTC;26,825
03.12.2025;14:45;UTC;15:00;UTC;29,284
03.12.2025;15:00;UTC;15:15;UTC;23,989
03.12.2025;15:15;UTC;15:30;UTC;30,499
03.12.2025;15:30;UTC;15:45;UTC;33,024
03.12.2025;15:45;UTC;16:00;UTC;35,828
03.12.2025;16:00;UTC;16:15;UTC;27,681
03.12.2025;16:15;UTC;16:30;UTC;28,807
03.12.2025;16:30;UTC;16:45;UTC;25,445
03.12.2025;16:45;UTC;17:00;UTC;21,908
03.12.2025;17:00;UTC;17:15;UTC;21,969
03.12.2025;17:15;UTC;17:30;UTC;22,059
03.12.2025;17:30;UTC;17:45;UTC;19,75
03.12.2025;17:45;UTC;18:00;UTC;17,87
03.12.2025;18:00;UTC;18:15;UTC;20,214
03.12.2025;18:15;UTC;18:30;UTC;17,513
03.12.2025;18:30;UTC;18:45;UTC;16,116
03.12.2025;18:45;UTC;19:00;UTC;15,208
03.12.2025;19:00;UTC;19:15;UTC;17,33
03.12.2025;19:15;UTC;19:30;UTC;15,123
03.12.2025;19:30;UTC;19:45;UTC;13,58
03.12.2025;19:45;UTC;20:00;UTC;12,463
03.12.2025;20:00;UTC;20:15;UTC;14,013
03.12.2025;20:15;UTC;20:30;UTC;13,367
03.12.2025;20:30;UTC;20:45;UTC;11,718
03.12.2025;20:45;UTC;21:00;UTC;10,832
03.12.2025;21:00;UTC;21:15;UTC;12,884
03.12.2025;21:15;UTC;21:30;UTC;11,717
03.12.2025;21:30;UTC;21:45;UTC;10,677
03.12.2025;21:45;UTC;22:00;UTC;10,084
03.12.2025;22:00;UTC;22:15;UTC;11,678
03.12.2025;22:15;UTC;22:30;UTC;10,561
03.12.2025;22:30;UTC;22:45;UTC;9,972
03.12.2025;22:45;UTC;23:00;UTC;9,443
03.12.2025;23:00;UTC;23:15;UTC;10,072
03.12.2025;23:15;UTC;23:30;UTC;9,964
03.12.2025;23:30;UTC;23:45;UTC;9,684
03.12.2025;23:45;UTC;00:00;UTC;9,233
04.12.2025;00:00;UTC;00:15;UTC;9,999
04.12.2025;00:15;UTC;00:30;UTC;9,523
04.12.2025;00:30;UTC;00:45;UTC;9,126
04.12.2025;00:45;UTC;01:00;UTC;8,905
04.12.2025;01:00;UTC;01:15;UTC;9,332
04.12.2025;01:15;UTC;01:30;UTC;8,99
04.12.2025;01:30;UTC;01:45;UTC;8,95
04.12.2025;01:45;UTC;02:00;UTC;9,061
04.12.2025;02:00;UTC;02:15;UTC;9,225
04.12.2025;02:15;UTC;02:30;UTC;9,052
04.12.2025;02:30;UTC;02:45;UTC;8,991
04.12.2025;02:45;UTC;03:00;UTC;8,875
04.12.2025;03:00;UTC;03:15;UTC;8,981
04.12.2025;03:15;UTC;03:30;UTC;9,173
04.12.2025;03:30;UTC;03:45;UTC;9,282
04.12.2025;03:45;UTC;04:00;UTC;9,495
04.12.2025;04:00;UTC;04:15;UTC;9,117
04.12.2025;04:15;UTC;04:30;UTC;9,563
04.12.2025;04:30;UTC;04:45;UTC;9,974
04.12.2025;04:45;UTC;05:00;UTC;10,048
04.12.2025;05:00;UTC;05:15;UTC;10,686
04.12.2025;05:15;UTC;05:30;UTC;10,898
04.12.2025;05:30;UTC;05:45;UTC;13,001
04.12.2025;05:45;UTC;06:00;UTC;15,361
04.12.2025;06:00;UTC;06:15;UTC;12,9
04.12.2025;06:15;UTC;06:30;UTC;13,004
04.12.2025;06:30;UTC;06:45;UTC;12,166
04.12.2025;06:45;UTC;07:00;UTC;13,294
04.12.2025;07:00;UTC;07:15;UTC;14,021
04.12.2025;07:15;UTC;07:30;UTC;15
04.12.2025;07:30;UTC;07:45;UTC;14,839
04.12.2025;07:45;UTC;08:00;UTC;14,021
04.12.2025;08:00;UTC;08:15;UTC;16,61
04.12.2025;08:15;UTC;08:30;UTC;16,995
04.12.2025;08:30;UTC;08:45;UTC;15,99
04.12.2025;08:45;UTC;09:00;UTC;15,999
04.12.2025;09:00;UTC;09:15;UTC;13,6
04.12.2025;09:15;UTC;09:30;UTC;13,69
04.12.2025;09:30;UTC;09:45;UTC;14,021
04.12.2025;09:45;UTC;10:00;UTC;14,051
04.12.2025;10:00;UTC;10:15;UTC;14,968
04.12.2025;10:15;UTC;10:30;UTC;14,816
04.12.2025;10:30;UTC;10:45;UTC;14,578
04.12.2025;10:45;UTC;11:00;UTC;14,875
04.12.2025;11:00;UTC;11:15;UTC;14,099
04.12.2025;11:15;UTC;11:30;UTC;13,6
04.12.2025;11:30;UTC;11:45;UTC;14,086
04.12.2025;11:45;UTC;12:00;UTC;15
04.12.2025;12:00;UTC;12:15;UTC;14,201
04.12.2025;12:15;UTC;12:30;UTC;14,44
04.12.2025;12:30;UTC;12:45;UTC;14,632
04.12.2025;12:45;UTC;13:00;UTC;14,8
04.12.2025;13:00;UTC;13:15;UTC;14,262
04.12.2025;13:15;UTC;13:30;UTC;15,116
04.12.2025;13:30;UTC;13:45;UTC;15,857
04.12.2025;13:45;UTC;14:00;UTC;15,592
04.12.2025;14:00;UTC;14:15;UTC;15,166
04.12.2025;14:15;UTC;14:30;UTC;16,055
04.12.2025;14:30;UTC;14:45;UTC;14,976
04.12.2025;14:45;UTC;15:00;UTC;14,2
04.12.2025;15:00;UTC;15:15;UTC;15,2
04.12.2025;15:15;UTC;15:30;UTC;15,068
04.12.2025;15:30;UTC;15:45;UTC;13,781
04.12.2025;15:45;UTC;16:00;UTC;14,03
04.12.2025;16:00;UTC;16:15;UTC;14,999
04.12.2025;16:15;UTC;16:30;UTC;14,613
04.12.2025;16:30;UTC;16:45;UTC;14,132
04.12.2025;16:45;UTC;17:00;UTC;14,135
04.12.2025;17:00;UTC;17:15;UTC;13,932
04.12.2025;17:15;UTC;17:30;UTC;13,801
04.12.2025;17:30;UTC;17:45;UTC;14,201
04.12.2025;17:45;UTC;18:00;UTC;14,999
04.12.2025;18:00;UTC;18:15;UTC;15,005
04.12.2025;18:15;UTC;18:30;UTC;13,978
04.12.2025;18:30;UTC;18:45;UTC;13
04.12.2025;18:45;UTC;19:00;UTC;12,011
04.12.2025;19:00;UTC;19:15;UTC;13,41
04.12.2025;19:15;UTC;19:30;UTC;12,404
04.12.2025;19:30;UTC;19:45;UTC;11,151
04.12.2025;19:45;UTC;20:00;UTC;10,476
04.12.2025;20:00;UTC;20:15;UTC;10,835
04.12.2025;20:15;UTC;20:30;UTC;10,688
04.12.2025;20:30;UTC;20:45;UTC;10,299
04.12.2025;20:45;UTC;21:00;UTC;9,519
04.12.2025;21:00;UTC;21:15;UTC;11,302
04.12.2025;21:15;UTC;21:30;UTC;11,195
04.12.2025;21:30;UTC;21:45;UTC;10,871
04.12.2025;21:45;UTC;22:00;UTC;10,247
04.12.2025;22:00;UTC;22:15;UTC;10,594
04.12.2025;22:15;UTC;22:30;UTC;10,246
04.12.2025;22:30;UTC;22:45;UTC;9,67
04.12.2025;22:45;UTC;23:00;UTC;8,793
04.12.2025;23:00;UTC;23:15;UTC;9,96
04.12.2025;23:15;UTC;23:30;UTC;9,8
04.12.2025;23:30;UTC;23:45;UTC;9,47
04.12.2025;23:45;UTC;00:00;UTC;9,067
05.12.2025;00:00;UTC;00:15;UTC;9,742
05.12.2025;00:15;UTC;00:30;UTC;9,478
05.12.2025;00:30;UTC;00:45;UTC;9,279
05.12.2025;00:45;UTC;01:00;UTC;9,046
05.12.2025;01:00;UTC;01:15;UTC;9,2
05.12.2025;01:15;UTC;01:30;UTC;9,183
05.12.2025;01:30;UTC;01:45;UTC;9,184
05.12.2025;01:45;UTC;02:00;UTC;8,801
05.12.2025;02:00;UTC;02:15;UTC;8,767
05.12.2025;02:15;UTC;02:30;UTC;8,941
05.12.2025;02:30;UTC;02:45;UTC;9,009
05.12.2025;02:45;UTC;03:00;UTC;9,51
05.12.2025;03:00;UTC;03:15;UTC;9,079
05.12.2025;03:15;UTC;03:30;UTC;9,11
05.12.2025;03:30;UTC;03:45;UTC;9,578
05.12.2025;03:45;UTC;04:00;UTC;9,845
05.12.2025;04:00;UTC;04:15;UTC;9,122
05.12.2025;04:15;UTC;04:30;UTC;9,611
05.12.2025;04:30;UTC;04:45;UTC;10,21
05.12.2025;04:45;UTC;05:00;UTC;11,406
05.12.2025;05:00;UTC;05:15;UTC;9,916
05.12.2025;05:15;UTC;05:30;UTC;11,4
05.12.2025;05:30;UTC;05:45;UTC;12,58
05.12.2025;05:45;UTC;06:00;UTC;15,7
05.12.2025;06:00;UTC;06:15;UTC;15,267
05.12.2025;06:15;UTC;06:30;UTC;16,845
05.12.2025;06:30;UTC;06:45;UTC;16,513
05.12.2025;06:45;UTC;07:00;UTC;16,342
05.12.2025;07:00;UTC;07:15;UTC;16,073
05.12.2025;07:15;UTC;07:30;UTC;18,213
05.12.2025;07:30;UTC;07:45;UTC;19,871
05.12.2025;07:45;UTC;08:00;UTC;19,616
05.12.2025;08:00;UTC;08:15;UTC;19,76
05.12.2025;08:15;UTC;08:30;UTC;19,233
05.12.2025;08:30;UTC;08:45;UTC;17,747
05.12.2025;08:45;UTC;09:00;UTC;16,918
05.12.2025;09:00;UTC;09:15;UTC;17,777
05.12.2025;09:15;UTC;09:30;UTC;17,774
05.12.2025;09:30;UTC;09:45;UTC;16,831
05.12.2025;09:45;UTC;10:00;UTC;16,157
05.12.2025;10:00;UTC;10:15;UTC;17,243
05.12.2025;10:15;UTC;10:30;UTC;16,843
05.12.2025;10:30;UTC;10:45;UTC;16,987
05.12.2025;10:45;UTC;11:00;UTC;15,933
05.12.2025;11:00;UTC;11:15;UTC;16,637
05.12.2025;11:15;UTC;11:30;UTC;15,745
05.12.2025;11:30;UTC;11:45;UTC;15,861
05.12.2025;11:45;UTC;12:00;UTC;16,381
05.12.2025;12:00;UTC;12:15;UTC;16,24
05.12.2025;12:15;UTC;12:30;UTC;16,004
05.12.2025;12:30;UTC;12:45;UTC;15,736
05.12.2025;12:45;UTC;13:00;UTC;14,999
05.12.2025;13:00;UTC;13:15;UTC;15,87
05.12.2025;13:15;UTC;13:30;UTC;15,566
05.12.2025;13:30;UTC;13:45;UTC;16,049
05.12.2025;13:45;UTC;14:00;UTC;16,986
05.12.2025;14:00;UTC;14:15;UTC;15,861
05.12.2025;14:15;UTC;14:30;UTC;15,609
05.12.2025;14:30;UTC;14:45;UTC;16,987
05.12.2025;14:45;UTC;15:00;UTC;16,482
05.12.2025;15:00;UTC;15:15;UTC;15,791
05.12.2025;15:15;UTC;15:30;UTC;17,111
05.12.2025;15:30;UTC;15:45;UTC;17,39
05.12.2025;15:45;UTC;16:00;UTC;17,507
05.12.2025;16:00;UTC;16:15;UTC;16,504
05.12.2025;16:15;UTC;16:30;UTC;15,67
05.12.2025;16:30;UTC;16:45;UTC;16,25
05.12.2025;16:45;UTC;17:00;UTC;14,898
05.12.2025;17:00;UTC;17:15;UTC;16,106
05.12.2025;17:15;UTC;17:30;UTC;15,14
05.12.2025;17:30;UTC;17:45;UTC;14,379
05.12.2025;17:45;UTC;18:00;UTC;13,274
05.12.2025;18:00;UTC;18:15;UTC;14,75
05.12.2025;18:15;UTC;18:30;UTC;13,63
05.12.2025;18:30;UTC;18:45;UTC;13,007
05.12.2025;18:45;UTC;19:00;UTC;11,229
05.12.2025;19:00;UTC;19:15;UTC;12,569
05.12.2025;19:15;UTC;19:30;UTC;12,211
05.12.2025;19:30;UTC;19:45;UTC;11,236
05.12.2025;19:45;UTC;20:00;UTC;10,044
05.12.2025;20:00;UTC;20:15;UTC;10,707
05.12.2025;20:15;UTC;20:30;UTC;10,244
05.12.2025;20:30;UTC;20:45;UTC;9,241
05.12.2025;20:45;UTC;21:00;UTC;8,83
05.12.2025;21:00;UTC;21:15;UTC;10,007
05.12.2025;21:15;UTC;21:30;UTC;9,471
05.12.2025;21:30;UTC;21:45;UTC;9,08
05.12.2025;21:45;UTC;22:00;UTC;8,674
05.12.2025;22:00;UTC;22:15;UTC;9,857
05.12.2025;22:15;UTC;22:30;UTC;8,802
05.12.2025;22:30;UTC;22:45;UTC;7,865
05.12.2025;22:45;UTC;23:00;UTC;7,125
05.12.2025;23:00;UTC;23:15;UTC;9,419
05.12.2025;23:15;UTC;23:30;UTC;8,112
05.12.2025;23:30;UTC;23:45;UTC;7,696
05.12.2025;23:45;UTC;00:00;UTC;7,605
06.12.2025;00:00;UTC;00:15;UTC;8,524
06.12.2025;00:15;UTC;00:30;UTC;7,847
06.12.2025;00:30;UTC;00:45;UTC;7,58
06.12.2025;00:45;UTC;01:00;UTC;6,838
06.12.2025;01:00;UTC;01:15;UTC;7,957
06.12.2025;01:15;UTC;01:30;UTC;7,533
06.12.2025;01:30;UTC;01:45;UTC;7,065
06.12.2025;01:45;UTC;02:00;UTC;6,897
06.12.2025;02:00;UTC;02:15;UTC;7,531
06.12.2025;02:15;UTC;02:30;UTC;6,913
06.12.2025;02:30;UTC;02:45;UTC;7,084
06.12.2025;02:45;UTC;03:00;UTC;6,476
06.12.2025;03:00;UTC;03:15;UTC;6,754
06.12.2025;03:15;UTC;03:30;UTC;6,625
06.12.2025;03:30;UTC;03:45;UTC;6,831
06.12.2025;03:45;UTC;04:00;UTC;6,761
06.12.2025;04:00;UTC;04:15;UTC;6,76
06.12.2025;04:15;UTC;04:30;UTC;6,468
06.12.2025;04:30;UTC;04:45;UTC;6,535
06.12.2025;04:45;UTC;05:00;UTC;6,226
06.12.2025;05:00;UTC;05:15;UTC;6,166
06.12.2025;05:15;UTC;05:30;UTC;6,398
06.12.2025;05:30;UTC;05:45;UTC;6,663
06.12.2025;05:45;UTC;06:00;UTC;6,607
06.12.2025;06:00;UTC;06:15;UTC;6,429
06.12.2025;06:15;UTC;06:30;UTC;6,761
06.12.2025;06:30;UTC;06:45;UTC;6,736
06.12.2025;06:45;UTC;07:00;UTC;7,222
06.12.2025;07:00;UTC;07:15;UTC;7,512
06.12.2025;07:15;UTC;07:30;UTC;7,653
06.12.2025;07:30;UTC;07:45;UTC;8,078
06.12.2025;07:45;UTC;08:00;UTC;8,202
06.12.2025;08:00;UTC;08:15;UTC;8,231
06.12.2025;08:15;UTC;08:30;UTC;8,264
06.12.2025;08:30;UTC;08:45;UTC;8,242
06.12.2025;08:45;UTC;09:00;UTC;7,639
06.12.2025;09:00;UTC;09:15;UTC;8,055
06.12.2025;09:15;UTC;09:30;UTC;8,409
06.12.2025;09:30;UTC;09:45;UTC;8,35
06.12.2025;09:45;UTC;10:00;UTC;8,104
06.12.2025;10:00;UTC;10:15;UTC;8,058
06.12.2025;10:15;UTC;10:30;UTC;8,212
06.12.2025;10:30;UTC;10:45;UTC;7,998
06.12.2025;10:45;UTC;11:00;UTC;7,977
06.12.2025;11:00;UTC;11:15;UTC;7,917
06.12.2025;11:15;UTC;11:30;UTC;7,861
06.12.2025;11:30;UTC;11:45;UTC;7,891
06.12.2025;11:45;UTC;12:00;UTC;8,577
06.12.2025;12:00;UTC;12:15;UTC;7,857
06.12.2025;12:15;UTC;12:30;UTC;7,765
06.12.2025;12:30;UTC;12:45;UTC;8,239
06.12.2025;12:45;UTC;13:00;UTC;8,669
06.12.2025;13:00;UTC;13:15;UTC;8,26
06.12.2025;13:15;UTC;13:30;UTC;8,66
06.12.2025;13:30;UTC;13:45;UTC;8,75
06.12.2025;13:45;UTC;14:00;UTC;8,799
06.12.2025;14:00;UTC;14:15;UTC;8,854
06.12.2025;14:15;UTC;14:30;UTC;8,927
06.12.2025;14:30;UTC;14:45;UTC;9,123
06.12.2025;14:45;UTC;15:00;UTC;9,505
06.12.2025;15:00;UTC;15:15;UTC;9,001
06.12.2025;15:15;UTC;15:30;UTC;9,455
06.12.2025;15:30;UTC;15:45;UTC;9,317
06.12.2025;15:45;UTC;16:00;UTC;10,462
06.12.2025;16:00;UTC;16:15;UTC;9,309
06.12.2025;16:15;UTC;16:30;UTC;9,714
06.12.2025;16:30;UTC;16:45;UTC;9,9
06.12.2025;16:45;UTC;17:00;UTC;9,124
06.12.2025;17:00;UTC;17:15;UTC;9,5
06.12.2025;17:15;UTC;17:30;UTC;8,81
06.12.2025;17:30;UTC;17:45;UTC;9,008
06.12.2025;17:45;UTC;18:00;UTC;8,355
06.12.2025;18:00;UTC;18:15;UTC;10,311
06.12.2025;18:15;UTC;18:30;UTC;8,558
06.12.2025;18:30;UTC;18:45;UTC;8,468
06.12.2025;18:45;UTC;19:00;UTC;8,525
06.12.2025;19:00;UTC;19:15;UTC;8,897
06.12.2025;19:15;UTC;19:30;UTC;8,012
06.12.2025;19:30;UTC;19:45;UTC;8,543
06.12.2025;19:45;UTC;20:00;UTC;7,902
06.12.2025;20:00;UTC;20:15;UTC;8,898
06.12.2025;20:15;UTC;20:30;UTC;8,369
06.12.2025;20:30;UTC;20:45;UTC;7,944
06.12.2025;20:45;UTC;21:00;UTC;7,033
06.12.2025;21:00;UTC;21:15;UTC;8,689
06.12.2025;21:15;UTC;21:30;UTC;7,603
06.12.2025;21:30;UTC;21:45;UTC;7,262
06.12.2025;21:45;UTC;22:00;UTC;7,044
06.12.2025;22:00;UTC;22:15;UTC;7,461
06.12.2025;22:15;UTC;22:30;UTC;7,463
06.12.2025;22:30;UTC;22:45;UTC;7,162
06.12.2025;22:45;UTC;23:00;UTC;6,54
06.12.2025;23:00;UTC;23:15;UTC;7,66
06.12.2025;23:15;UTC;23:30;UTC;6,861
06.12.2025;23:30;UTC;23:45;UTC;6,344
06.12.2025;23:45;UTC;00:00;UTC;6,064
07.12.2025;00:00;UTC;00:15;UTC;6,189
07.12.2025;00:15;UTC;00:30;UTC;6,077
07.12.2025;00:30;UTC;00:45;UTC;6,093
07.12.2025;00:45;UTC;01:00;UTC;6,039
07.12.2025;01:00;UTC;01:15;UTC;5,999
07.12.2025;01:15;UTC;01:30;UTC;5,955
07.12.2025;01:30;UTC;01:45;UTC;5,913
07.12.2025;01:45;UTC;02:00;UTC;5,902
07.12.2025;02:00;UTC;02:15;UTC;5,838
07.12.2025;02:15;UTC;02:30;UTC;5,838
07.12.2025;02:30;UTC;02:45;UTC;5,857
07.12.2025;02:45;UTC;03:00;UTC;5,891
07.12.2025;03:00;UTC;03:15;UTC;6,074
07.12.2025;03:15;UTC;03:30;UTC;6,194
07.12.2025;03:30;UTC;03:45;UTC;6,262
07.12.2025;03:45;UTC;04:00;UTC;6,3
07.12.2025;04:00;UTC;04:15;UTC;6,091
07.12.2025;04:15;UTC;04:30;UTC;6,151
07.12.2025;04:30;UTC;04:45;UTC;6,46
07.12.2025;04:45;UTC;05:00;UTC;6,1
07.12.2025;05:00;UTC;05:15;UTC;6,047
07.12.2025;05:15;UTC;05:30;UTC;6,514
07.12.2025;05:30;UTC;05:45;UTC;6,446
07.12.2025;05:45;UTC;06:00;UTC;6,481
07.12.2025;06:00;UTC;06:15;UTC;7,123
07.12.2025;06:15;UTC;06:30;UTC;6,521
07.12.2025;06:30;UTC;06:45;UTC;7,259
07.12.2025;06:45;UTC;07:00;UTC;7,831
07.12.2025;07:00;UTC;07:15;UTC;7,008
07.12.2025;07:15;UTC;07:30;UTC;7,274
07.12.2025;07:30;UTC;07:45;UTC;8,259
07.12.2025;07:45;UTC;08:00;UTC;8,658
07.12.2025;08:00;UTC;08:15;UTC;8,501
07.12.2025;08:15;UTC;08:30;UTC;8,935
07.12.2025;08:30;UTC;08:45;UTC;8,499
07.12.2025;08:45;UTC;09:00;UTC;8,287
07.12.2025;09:00;UTC;09:15;UTC;9,189
07.12.2025;09:15;UTC;09:30;UTC;9,121
07.12.2025;09:30;UTC;09:45;UTC;8,783
07.12.2025;09:45;UTC;10:00;UTC;9,119
07.12.2025;10:00;UTC;10:15;UTC;8,688
07.12.2025;10:15;UTC;10:30;UTC;9,063
07.12.2025;10:30;UTC;10:45;UTC;9,197
07.12.2025;10:45;UTC;11:00;UTC;9,821
07.12.2025;11:00;UTC;11:15;UTC;9,711
07.12.2025;11:15;UTC;11:30;UTC;9,599
07.12.2025;11:30;UTC;11:45;UTC;9,861
07.12.2025;11:45;UTC;12:00;UTC;9,804
07.12.2025;12:00;UTC;12:15;UTC;9,766
07.12.2025;12:15;UTC;12:30;UTC;9,662
07.12.2025;12:30;UTC;12:45;UTC;9,941
07.12.2025;12:45;UTC;13:00;UTC;10,46
07.12.2025;13:00;UTC;13:15;UTC;10,159
07.12.2025;13:15;UTC;13:30;UTC;10,422
07.12.2025;13:30;UTC;13:45;UTC;10,282
07.12.2025;13:45;UTC;14:00;UTC;10,795
07.12.2025;14:00;UTC;14:15;UTC;10,278
07.12.2025;14:15;UTC;14:30;UTC;10,538
07.12.2025;14:30;UTC;14:45;UTC;10,629
07.12.2025;14:45;UTC;15:00;UTC;10,849
07.12.2025;15:00;UTC;15:15;UTC;10,6
07.12.2025;15:15;UTC;15:30;UTC;10,701
07.12.2025;15:30;UTC;15:45;UTC;10,942
07.12.2025;15:45;UTC;16:00;UTC;11,6
07.12.2025;16:00;UTC;16:15;UTC;11,601
07.12.2025;16:15;UTC;16:30;UTC;11,627
07.12.2025;16:30;UTC;16:45;UTC;10,956
07.12.2025;16:45;UTC;17:00;UTC;10,544
07.12.2025;17:00;UTC;17:15;UTC;10,66
07.12.2025;17:15;UTC;17:30;UTC;9,853
07.12.2025;17:30;UTC;17:45;UTC;9,59
07.12.2025;17:45;UTC;18:00;UTC;8,649
07.12.2025;18:00;UTC;18:15;UTC;9,469
07.12.2025;18:15;UTC;18:30;UTC;8,314
07.12.2025;18:30;UTC;18:45;UTC;9,012
07.12.2025;18:45;UTC;19:00;UTC;8,19
07.12.2025;19:00;UTC;19:15;UTC;8,362
07.12.2025;19:15;UTC;19:30;UTC;9,452
07.12.2025;19:30;UTC;19:45;UTC;8,335
07.12.2025;19:45;UTC;20:00;UTC;7,355
07.12.2025;20:00;UTC;20:15;UTC;8,921
07.12.2025;20:15;UTC;20:30;UTC;7,586
07.12.2025;20:30;UTC;20:45;UTC;7,288
07.12.2025;20:45;UTC;21:00;UTC;5,693
07.12.2025;21:00;UTC;21:15;UTC;7,854
07.12.2025;21:15;UTC;21:30;UTC;6,774
07.12.2025;21:30;UTC;21:45;UTC;6,287
07.12.2025;21:45;UTC;22:00;UTC;5,324
07.12.2025;22:00;UTC;22:15;UTC;5,776
07.12.2025;22:15;UTC;22:30;UTC;4,586
07.12.2025;22:30;UTC;22:45;UTC;3,83
07.12.2025;22:45;UTC;23:00;UTC;2,503
07.12.2025;23:00;UTC;23:15;UTC;2,203
07.12.2025;23:15;UTC;23:30;UTC;2,649
07.12.2025;23:30;UTC;23:45;UTC;2,003
07.12.2025;23:45;UTC;00:00;UTC;0,853
08.12.2025;00:00;UTC;00:15;UTC;1,538
08.12.2025;00:15;UTC;00:30;UTC;1,572
08.12.2025;00:30;UTC;00:45;UTC;0,926
08.12.2025;00:45;UTC;01:00;UTC;0,4
08.12.2025;01:00;UTC;01:15;UTC;1,681
08.12.2025;01:15;UTC;01:30;UTC;1,236
08.12.2025;01:30;UTC;01:45;UTC;0,921
08.12.2025;01:45;UTC;02:00;UTC;0,827
08.12.2025;02:00;UTC;02:15;UTC;0,594
08.12.2025;02:15;UTC;02:30;UTC;0,555
08.12.2025;02:30;UTC;02:45;UTC;0,54
08.12.2025;02:45;UTC;03:00;UTC;0,547
08.12.2025;03:00;UTC;03:15;UTC;0,691
08.12.2025;03:15;UTC;03:30;UTC;0,932
08.12.2025;03:30;UTC;03:45;UTC;1,383
08.12.2025;03:45;UTC;04:00;UTC;2,15
08.12.2025;04:00;UTC;04:15;UTC;0,897
08.12.2025;04:15;UTC;04:30;UTC;1,856
08.12.2025;04:30;UTC;04:45;UTC;3,509
08.12.2025;04:45;UTC;05:00;UTC;5,2
08.12.2025;05:00;UTC;05:15;UTC;3,484
08.12.2025;05:15;UTC;05:30;UTC;6,946
08.12.2025;05:30;UTC;05:45;UTC;6,806
08.12.2025;05:45;UTC;06:00;UTC;8,491
08.12.2025;06:00;UTC;06:15;UTC;6,423
08.12.2025;06:15;UTC;06:30;UTC;8,729
08.12.2025;06:30;UTC;06:45;UTC;9,185
08.12.2025;06:45;UTC;07:00;UTC;8,799
08.12.2025;07:00;UTC;07:15;UTC;9,503
08.12.2025;07:15;UTC;07:30;UTC;10,037
08.12.2025;07:30;UTC;07:45;UTC;10,379
08.12.2025;07:45;UTC;08:00;UTC;10,081
08.12.2025;08:00;UTC;08:15;UTC;10,535
08.12.2025;08:15;UTC;08:30;UTC;10,29
08.12.2025;08:30;UTC;08:45;UTC;9,705
08.12.2025;08:45;UTC;09:00;UTC;8,805
08.12.2025;09:00;UTC;09:15;UTC;9,535
08.12.2025;09:15;UTC;09:30;UTC;8,596
08.12.2025;09:30;UTC;09:45;UTC;8,291
08.12.2025;09:45;UTC;10:00;UTC;7,993
08.12.2025;10:00;UTC;10:15;UTC;8,201
08.12.2025;10:15;UTC;10:30;UTC;7,798
08.12.2025;10:30;UTC;10:45;UTC;7,792
08.12.2025;10:45;UTC;11:00;UTC;8,205
08.12.2025;11:00;UTC;11:15;UTC;7,631
08.12.2025;11:15;UTC;11:30;UTC;7,731
08.12.2025;11:30;UTC;11:45;UTC;7,942
08.12.2025;11:45;UTC;12:00;UTC;8,435
08.12.2025;12:00;UTC;12:15;UTC;8,392
08.12.2025;12:15;UTC;12:30;UTC;8,779
08.12.2025;12:30;UTC;12:45;UTC;8,829
08.12.2025;12:45;UTC;13:00;UTC;8,738
08.12.2025;13:00;UTC;13:15;UTC;8,049
08.12.2025;13:15;UTC;13:30;UTC;9,361
08.12.2025;13:30;UTC;13:45;UTC;10,055
08.12.2025;13:45;UTC;14:00;UTC;10,167
08.12.2025;14:00;UTC;14:15;UTC;10,408
08.12.2025;14:15;UTC;14:30;UTC;9,44
08.12.2025;14:30;UTC;14:45;UTC;10,01
08.12.2025;14:45;UTC;15:00;UTC;10,2
08.12.2025;15:00;UTC;15:15;UTC;9,594
08.12.2025;15:15;UTC;15:30;UTC;10,302
08.12.2025;15:30;UTC;15:45;UTC;10,293
08.12.2025;15:45;UTC;16:00;UTC;10,241
08.12.2025;16:00;UTC;16:15;UTC;11,003
08.12.2025;16:15;UTC;16:30;UTC;11,145
08.12.2025;16:30;UTC;16:45;UTC;10,884
08.12.2025;16:45;UTC;17:00;UTC;10,908
08.12.2025;17:00;UTC;17:15;UTC;10,352
08.12.2025;17:15;UTC;17:30;UTC;9,848
08.12.2025;17:30;UTC;17:45;UTC;10,312
08.12.2025;17:45;UTC;18:00;UTC;9,593
08.12.2025;18:00;UTC;18:15;UTC;9,87
08.12.2025;18:15;UTC;18:30;UTC;9,474
08.12.2025;18:30;UTC;18:45;UTC;9,803
08.12.2025;18:45;UTC;19:00;UTC;9,507
08.12.2025;19:00;UTC;19:15;UTC;9,785
08.12.2025;19:15;UTC;19:30;UTC;9,447
08.12.2025;19:30;UTC;19:45;UTC;8,579
08.12.2025;19:45;UTC;20:00;UTC;7,927
08.12.2025;20:00;UTC;20:15;UTC;8,908
08.12.2025;20:15;UTC;20:30;UTC;9,127
08.12.2025;20:30;UTC;20:45;UTC;8,195
08.12.2025;20:45;UTC;21:00;UTC;7,177
08.12.2025;21:00;UTC;21:15;UTC;9,46
08.12.2025;21:15;UTC;21:30;UTC;8,649
08.12.2025;21:30;UTC;21:45;UTC;7,585
08.12.2025;21:45;UTC;22:00;UTC;6,39
08.12.2025;22:00;UTC;22:15;UTC;8,537
08.12.2025;22:15;UTC;22:30;UTC;7,336
08.12.2025;22:30;UTC;22:45;UTC;7,1
08.12.2025;22:45;UTC;23:00;UTC;6,328
08.12.2025;23:00;UTC;23:15;UTC;7,732
08.12.2025;23:15;UTC;23:30;UTC;7,149
08.12.2025;23:30;UTC;23:45;UTC;7,192
08.12.2025;23:45;UTC;00:00;UTC;7,406
09.12.2025;00:00;UTC;00:15;UTC;7,122
09.12.2025;00:15;UTC;00:30;UTC;7,155
09.12.2025;00:30;UTC;00:45;UTC;7,398
09.12.2025;00:45;UTC;01:00;UTC;7,439
09.12.2025;01:00;UTC;01:15;UTC;7,025
09.12.2025;01:15;UTC;01:30;UTC;7,171
09.12.2025;01:30;UTC;01:45;UTC;7,33
09.12.2025;01:45;UTC;02:00;UTC;7,959
09.12.2025;02:00;UTC;02:15;UTC;7,228
09.12.2025;02:15;UTC;02:30;UTC;7,286
09.12.2025;02:30;UTC;02:45;UTC;7,594
09.12.2025;02:45;UTC;03:00;UTC;7,83
09.12.2025;03:00;UTC;03:15;UTC;6,865
09.12.2025;03:15;UTC;03:30;UTC;7,212
09.12.2025;03:30;UTC;03:45;UTC;7,577
09.12.2025;03:45;UTC;04:00;UTC;7,834
09.12.2025;04:00;UTC;04:15;UTC;6,132
09.12.2025;04:15;UTC;04:30;UTC;7,009
09.12.2025;04:30;UTC;04:45;UTC;8,241
09.12.2025;04:45;UTC;05:00;UTC;10,7
09.12.2025;05:00;UTC;05:15;UTC;7,422
09.12.2025;05:15;UTC;05:30;UTC;9,819
09.12.2025;05:30;UTC;05:45;UTC;11,099
09.12.2025;05:45;UTC;06:00;UTC;11,199
09.12.2025;06:00;UTC;06:15;UTC;9,403
09.12.2025;06:15;UTC;06:30;UTC;10,26
09.12.2025;06:30;UTC;06:45;UTC;10,853
09.12.2025;06:45;UTC;07:00;UTC;11,8
09.12.2025;07:00;UTC;07:15;UTC;13,599
09.12.2025;07:15;UTC;07:30;UTC;13,361
09.12.2025;07:30;UTC;07:45;UTC;12,98
09.12.2025;07:45;UTC;08:00;UTC;11,96
09.12.2025;08:00;UTC;08:15;UTC;12,608
09.12.2025;08:15;UTC;08:30;UTC;11,145
09.12.2025;08:30;UTC;08:45;UTC;10,774
09.12.2025;08:45;UTC;09:00;UTC;10,007
09.12.2025;09:00;UTC;09:15;UTC;10,752
09.12.2025;09:15;UTC;09:30;UTC;10,268
09.12.2025;09:30;UTC;09:45;UTC;10,22
09.12.2025;09:45;UTC;10:00;UTC;9,984
09.12.2025;10:00;UTC;10:15;UTC;10,535
09.12.2025;10:15;UTC;10:30;UTC;10,392
09.12.2025;10:30;UTC;10:45;UTC;10,322
09.12.2025;10:45;UTC;11:00;UTC;10,087
09.12.2025;11:00;UTC;11:15;UTC;9,921
09.12.2025;11:15;UTC;11:30;UTC;9,604
09.12.2025;11:30;UTC;11:45;UTC;9,791
09.12.2025;11:45;UTC;12:00;UTC;9,816
09.12.2025;12:00;UTC;12:15;UTC;9,926
09.12.2025;12:15;UTC;12:30;UTC;9,983
09.12.2025;12:30;UTC;12:45;UTC;10,196
09.12.2025;12:45;UTC;13:00;UTC;10,335
09.12.2025;13:00;UTC;13:15;UTC;9,174
09.12.2025;13:15;UTC;13:30;UTC;9,932
09.12.2025;13:30;UTC;13:45;UTC;10,399
09.12.2025;13:45;UTC;14:00;UTC;10,583
09.12.2025;14:00;UTC;14:15;UTC;10,432
09.12.2025;14:15;UTC;14:30;UTC;10,871
09.12.2025;14:30;UTC;14:45;UTC;11,66
09.12.2025;14:45;UTC;15:00;UTC;11,391
09.12.2025;15:00;UTC;15:15;UTC;10,546
09.12.2025;15:15;UTC;15:30;UTC;11,079
09.12.2025;15:30;UTC;15:45;UTC;10,995
09.12.2025;15:45;UTC;16:00;UTC;10,7
09.12.2025;16:00;UTC;16:15;UTC;10,517
09.12.2025;16:15;UTC;16:30;UTC;10,478
09.12.2025;16:30;UTC;16:45;UTC;10,625
09.12.2025;16:45;UTC;17:00;UTC;10,207
09.12.2025;17:00;UTC;17:15;UTC;10,172
09.12.2025;17:15;UTC;17:30;UTC;9,771
09.12.2025;17:30;UTC;17:45;UTC;10,185
09.12.2025;17:45;UTC;18:00;UTC;8,636
09.12.2025;18:00;UTC;18:15;UTC;9,59
09.12.2025;18:15;UTC;18:30;UTC;8,665
09.12.2025;18:30;UTC;18:45;UTC;8,111
09.12.2025;18:45;UTC;19:00;UTC;7,675
09.12.2025;19:00;UTC;19:15;UTC;9,606
09.12.2025;19:15;UTC;19:30;UTC;8,299
09.12.2025;19:30;UTC;19:45;UTC;7,955
09.12.2025;19:45;UTC;20:00;UTC;7,608
09.12.2025;20:00;UTC;20:15;UTC;9,347
09.12.2025;20:15;UTC;20:30;UTC;8,116
09.12.2025;20:30;UTC;20:45;UTC;7,583
09.12.2025;20:45;UTC;21:00;UTC;6,696
09.12.2025;21:00;UTC;21:15;UTC;8,246
09.12.2025;21:15;UTC;21:30;UTC;7,793
09.12.2025;21:30;UTC;21:45;UTC;6,988
09.12.2025;21:45;UTC;22:00;UTC;6,306
09.12.2025;22:00;UTC;22:15;UTC;6,662
09.12.2025;22:15;UTC;22:30;UTC;5,914
09.12.2025;22:30;UTC;22:45;UTC;5,26
09.12.2025;22:45;UTC;23:00;UTC;4,332
09.12.2025;23:00;UTC;23:15;UTC;5,431
09.12.2025;23:15;UTC;23:30;UTC;5,051
09.12.2025;23:30;UTC;23:45;UTC;4,106
09.12.2025;23:45;UTC;00:00;UTC;2,972
10.12.2025;00:00;UTC;00:15;UTC;4,368
10.12.2025;00:15;UTC;00:30;UTC;3,659
10.12.2025;00:30;UTC;00:45;UTC;3,521
10.12.2025;00:45;UTC;01:00;UTC;3,044
10.12.2025;01:00;UTC;01:15;UTC;3,443
10.12.2025;01:15;UTC;01:30;UTC;2,97
10.12.2025;01:30;UTC;01:45;UTC;3,143
10.12.2025;01:45;UTC;02:00;UTC;2,844
10.12.2025;02:00;UTC;02:15;UTC;4,008
10.12.2025;02:15;UTC;02:30;UTC;3,813
10.12.2025;02:30;UTC;02:45;UTC;3,002
10.12.2025;02:45;UTC;03:00;UTC;3,222
10.12.2025;03:00;UTC;03:15;UTC;3,177
10.12.2025;03:15;UTC;03:30;UTC;4,101
10.12.2025;03:30;UTC;03:45;UTC;5,295
10.12.2025;03:45;UTC;04:00;UTC;6,663
10.12.2025;04:00;UTC;04:15;UTC;5,19
10.12.2025;04:15;UTC;04:30;UTC;6,563
10.12.2025;04:30;UTC;04:45;UTC;7,037
10.12.2025;04:45;UTC;05:00;UTC;9,07
10.12.2025;05:00;UTC;05:15;UTC;4,418
10.12.2025;05:15;UTC;05:30;UTC;6,822
10.12.2025;05:30;UTC;05:45;UTC;9,079
10.12.2025;05:45;UTC;06:00;UTC;11,329
10.12.2025;06:00;UTC;06:15;UTC;8,101
10.12.2025;06:15;UTC;06:30;UTC;8,977
10.12.2025;06:30;UTC;06:45;UTC;9,234
10.12.2025;06:45;UTC;07:00;UTC;8,69
10.12.2025;07:00;UTC;07:15;UTC;9,117
10.12.2025;07:15;UTC;07:30;UTC;10,154
10.12.2025;07:30;UTC;07:45;UTC;9,69
10.12.2025;07:45;UTC;08:00;UTC;8,772
10.12.2025;08:00;UTC;08:15;UTC;10,645
10.12.2025;08:15;UTC;08:30;UTC;9,734
10.12.2025;08:30;UTC;08:45;UTC;9,109
10.12.2025;08:45;UTC;09:00;UTC;8,202
10.12.2025;09:00;UTC;09:15;UTC;10,338
10.12.2025;09:15;UTC;09:30;UTC;8,865
10.12.2025;09:30;UTC;09:45;UTC;8,188
10.12.2025;09:45;UTC;10:00;UTC;7,7
10.12.2025;10:00;UTC;10:15;UTC;8,442
10.12.2025;10:15;UTC;10:30;UTC;8,07
10.12.2025;10:30;UTC;10:45;UTC;7,887
10.12.2025;10:45;UTC;11:00;UTC;8
10.12.2025;11:00;UTC;11:15;UTC;8,047
10.12.2025;11:15;UTC;11:30;UTC;7,545
10.12.2025;11:30;UTC;11:45;UTC;8,101
10.12.2025;11:45;UTC;12:00;UTC;8,107
10.12.2025;12:00;UTC;12:15;UTC;8,138
10.12.2025;12:15;UTC;12:30;UTC;8,091
10.12.2025;12:30;UTC;12:45;UTC;8,092
10.12.2025;12:45;UTC;13:00;UTC;8,256
10.12.2025;13:00;UTC;13:15;UTC;8,279
10.12.2025;13:15;UTC;13:30;UTC;8,79
10.12.2025;13:30;UTC;13:45;UTC;9,2
10.12.2025;13:45;UTC;14:00;UTC;9,82
10.12.2025;14:00;UTC;14:15;UTC;9,723
10.12.2025;14:15;UTC;14:30;UTC;10,111
10.12.2025;14:30;UTC;14:45;UTC;10,284
10.12.2025;14:45;UTC;15:00;UTC;10,148
10.12.2025;15:00;UTC;15:15;UTC;10,176
10.12.2025;15:15;UTC;15:30;UTC;10,317
10.12.2025;15:30;UTC;15:45;UTC;10,241
10.12.2025;15:45;UTC;16:00;UTC;10,867
10.12.2025;16:00;UTC;16:15;UTC;10,793
10.12.2025;16:15;UTC;16:30;UTC;10,424
10.12.2025;16:30;UTC;16:45;UTC;10,411
10.12.2025;16:45;UTC;17:00;UTC;10,641
10.12.2025;17:00;UTC;17:15;UTC;10,446
10.12.2025;17:15;UTC;17:30;UTC;10,454
10.12.2025;17:30;UTC;17:45;UTC;10,467
10.12.2025;17:45;UTC;18:00;UTC;10,511
10.12.2025;18:00;UTC;18:15;UTC;10,506
10.12.2025;18:15;UTC;18:30;UTC;9,88
10.12.2025;18:30;UTC;18:45;UTC;10,054
10.12.2025;18:45;UTC;19:00;UTC;8,269
10.12.2025;19:00;UTC;19:15;UTC;9,471
10.12.2025;19:15;UTC;19:30;UTC;8,336
10.12.2025;19:30;UTC;19:45;UTC;8,256
10.12.2025;19:45;UTC;20:00;UTC;9,037
10.12.2025;20:00;UTC;20:15;UTC;9,523
10.12.2025;20:15;UTC;20:30;UTC;8,6
10.12.2025;20:30;UTC;20:45;UTC;8,331
10.12.2025;20:45;UTC;21:00;UTC;8,07
10.12.2025;21:00;UTC;21:15;UTC;8,653
10.12.2025;21:15;UTC;21:30;UTC;8,012
10.12.2025;21:30;UTC;21:45;UTC;8,368
10.12.2025;21:45;UTC;22:00;UTC;7,961
10.12.2025;22:00;UTC;22:15;UTC;7,555
10.12.2025;22:15;UTC;22:30;UTC;7,989
10.12.2025;22:30;UTC;22:45;UTC;7,86
10.12.2025;22:45;UTC;23:00;UTC;7,166
10.12.2025;23:00;UTC;23:15;UTC;8,142
10.12.2025;23:15;UTC;23:30;UTC;7,309
10.12.2025;23:30;UTC;23:45;UTC;7,206
10.12.2025;23:45;UTC;00:00;UTC;6,933
11.12.2025;00:00;UTC;00:15;UTC;7,938
11.12.2025;00:15;UTC;00:30;UTC;7,22
11.12.2025;00:30;UTC;00:45;UTC;7,227
11.12.2025;00:45;UTC;01:00;UTC;6,982
11.12.2025;01:00;UTC;01:15;UTC;7,167
11.12.2025;01:15;UTC;01:30;UTC;7,11
11.12.2025;01:30;UTC;01:45;UTC;7,33
11.12.2025;01:45;UTC;02:00;UTC;7,399
11.12.2025;02:00;UTC;02:15;UTC;7,321
11.12.2025;02:15;UTC;02:30;UTC;7,291
11.12.2025;02:30;UTC;02:45;UTC;7,469
11.12.2025;02:45;UTC;03:00;UTC;8,002
11.12.2025;03:00;UTC;03:15;UTC;7,057
11.12.2025;03:15;UTC;03:30;UTC;7,465
11.12.2025;03:30;UTC;03:45;UTC;7,9
11.12.2025;03:45;UTC;04:00;UTC;8,343
11.12.2025;04:00;UTC;04:15;UTC;7,902
11.12.2025;04:15;UTC;04:30;UTC;7,895
11.12.2025;04:30;UTC;04:45;UTC;7,902
11.12.2025;04:45;UTC;05:00;UTC;8,538
11.12.2025;05:00;UTC;05:15;UTC;7,59
11.12.2025;05:15;UTC;05:30;UTC;8,948
11.12.2025;05:30;UTC;05:45;UTC;9,146
11.12.2025;05:45;UTC;06:00;UTC;10,352
11.12.2025;06:00;UTC;06:15;UTC;8,909
11.12.2025;06:15;UTC;06:30;UTC;9,453
11.12.2025;06:30;UTC;06:45;UTC;10,185
11.12.2025;06:45;UTC;07:00;UTC;10,697
11.12.2025;07:00;UTC;07:15;UTC;10,297
11.12.2025;07:15;UTC;07:30;UTC;11,296
11.12.2025;07:30;UTC;07:45;UTC;11,399
11.12.2025;07:45;UTC;08:00;UTC;11,151
11.12.2025;08:00;UTC;08:15;UTC;11,817
11.12.2025;08:15;UTC;08:30;UTC;11,063
11.12.2025;08:30;UTC;08:45;UTC;10,487
11.12.2025;08:45;UTC;09:00;UTC;9,1
11.12.2025;09:00;UTC;09:15;UTC;10,619
11.12.2025;09:15;UTC;09:30;UTC;9,383
11.12.2025;09:30;UTC;09:45;UTC;8,68
11.12.2025;09:45;UTC;10:00;UTC;8,59
11.12.2025;10:00;UTC;10:15;UTC;9,639
11.12.2025;10:15;UTC;10:30;UTC;9,506
11.12.2025;10:30;UTC;10:45;UTC;9,012
11.12.2025;10:45;UTC;11:00;UTC;8,61
11.12.2025;11:00;UTC;11:15;UTC;9,243
11.12.2025;11:15;UTC;11:30;UTC;8,701
11.12.2025;11:30;UTC;11:45;UTC;8,878
11.12.2025;11:45;UTC;12:00;UTC;8,938
11.12.2025;12:00;UTC;12:15;UTC;8,519
11.12.2025;12:15;UTC;12:30;UTC;8,645
11.12.2025;12:30;UTC;12:45;UTC;9,263
11.12.2025;12:45;UTC;13:00;UTC;9,661
11.12.2025;13:00;UTC;13:15;UTC;8,478
11.12.2025;13:15;UTC;13:30;UTC;9,402
11.12.2025;13:30;UTC;13:45;UTC;9,956
11.12.2025;13:45;UTC;14:00;UTC;11,279
11.12.2025;14:00;UTC;14:15;UTC;9,815
11.12.2025;14:15;UTC;14:30;UTC;10,606
11.12.2025;14:30;UTC;14:45;UTC;11,595
11.12.2025;14:45;UTC;15:00;UTC;12,49
11.12.2025;15:00;UTC;15:15;UTC;10,905
11.12.2025;15:15;UTC;15:30;UTC;10,954
11.12.2025;15:30;UTC;15:45;UTC;11,812
11.12.2025;15:45;UTC;16:00;UTC;12,209
11.12.2025;16:00;UTC;16:15;UTC;11,065
11.12.2025;16:15;UTC;16:30;UTC;11,693
11.12.2025;16:30;UTC;16:45;UTC;11,795
11.12.2025;16:45;UTC;17:00;UTC;11,609
11.12.2025;17:00;UTC;17:15;UTC;11,659
11.12.2025;17:15;UTC;17:30;UTC;11,251
11.12.2025;17:30;UTC;17:45;UTC;11,103
11.12.2025;17:45;UTC;18:00;UTC;11,014
11.12.2025;18:00;UTC;18:15;UTC;10,83
11.12.2025;18:15;UTC;18:30;UTC;10,569
11.12.2025;18:30;UTC;18:45;UTC;10,908
11.12.2025;18:45;UTC;19:00;UTC;10,809
11.12.2025;19:00;UTC;19:15;UTC;11,396
11.12.2025;19:15;UTC;19:30;UTC;10,382
11.12.2025;19:30;UTC;19:45;UTC;9,979
11.12.2025;19:45;UTC;20:00;UTC;9,7
11.12.2025;20:00;UTC;20:15;UTC;10,357
11.12.2025;20:15;UTC;20:30;UTC;9,904
11.12.2025;20:30;UTC;20:45;UTC;9,227
11.12.2025;20:45;UTC;21:00;UTC;8,269
11.12.2025;21:00;UTC;21:15;UTC;10,059
11.12.2025;21:15;UTC;21:30;UTC;9,153
11.12.2025;21:30;UTC;21:45;UTC;9,279
11.12.2025;21:45;UTC;22:00;UTC;8,943
11.12.2025;22:00;UTC;22:15;UTC;10,103
11.12.2025;22:15;UTC;22:30;UTC;9,501
11.12.2025;22:30;UTC;22:45;UTC;9,131
11.12.2025;22:45;UTC;23:00;UTC;8,759
11.12.2025;23:00;UTC;23:15;UTC;8,814
11.12.2025;23:15;UTC;23:30;UTC;8,691
11.12.2025;23:30;UTC;23:45;UTC;7,9
11.12.2025;23:45;UTC;00:00;UTC;8,107
12.12.2025;00:00;UTC;00:15;UTC;8,434
12.12.2025;00:15;UTC;00:30;UTC;8,357
12.12.2025;00:30;UTC;00:45;UTC;8,923
12.12.2025;00:45;UTC;01:00;UTC;8,774
12.12.2025;01:00;UTC;01:15;UTC;8,809
12.12.2025;01:15;UTC;01:30;UTC;8,458
12.12.2025;01:30;UTC;01:45;UTC;8,88
12.12.2025;01:45;UTC;02:00;UTC;9,013
12.12.2025;02:00;UTC;02:15;UTC;9,081
12.12.2025;02:15;UTC;02:30;UTC;8,892
12.12.2025;02:30;UTC;02:45;UTC;9,048
12.12.2025;02:45;UTC;03:00;UTC;9,052
12.12.2025;03:00;UTC;03:15;UTC;8,783
12.12.2025;03:15;UTC;03:30;UTC;8,99
12.12.2025;03:30;UTC;03:45;UTC;9,51
12.12.2025;03:45;UTC;04:00;UTC;9
12.12.2025;04:00;UTC;04:15;UTC;8,467
12.12.2025;04:15;UTC;04:30;UTC;8,711
12.12.2025;04:30;UTC;04:45;UTC;9,706
12.12.2025;04:45;UTC;05:00;UTC;10,001
12.12.2025;05:00;UTC;05:15;UTC;8,446
12.12.2025;05:15;UTC;05:30;UTC;9,709
12.12.2025;05:30;UTC;05:45;UTC;11,028
12.12.2025;05:45;UTC;06:00;UTC;11,308
12.12.2025;06:00;UTC;06:15;UTC;10,832
12.12.2025;06:15;UTC;06:30;UTC;12,53
12.12.2025;06:30;UTC;06:45;UTC;12,278
12.12.2025;06:45;UTC;07:00;UTC;12,89
12.12.2025;07:00;UTC;07:15;UTC;12,879
12.12.2025;07:15;UTC;07:30;UTC;13,296
12.12.2025;07:30;UTC;07:45;UTC;13,352
12.12.2025;07:45;UTC;08:00;UTC;12,814
12.12.2025;08:00;UTC;08:15;UTC;13,397
12.12.2025;08:15;UTC;08:30;UTC;12,7
12.12.2025;08:30;UTC;08:45;UTC;12,464
12.12.2025;08:45;UTC;09:00;UTC;12,2
12.12.2025;09:00;UTC;09:15;UTC;12,92
12.12.2025;09:15;UTC;09:30;UTC;12,692
12.12.2025;09:30;UTC;09:45;UTC;11,818
12.12.2025;09:45;UTC;10:00;UTC;11,352
12.12.2025;10:00;UTC;10:15;UTC;12,21
12.12.2025;10:15;UTC;10:30;UTC;11,852
12.12.2025;10:30;UTC;10:45;UTC;11,791
12.12.2025;10:45;UTC;11:00;UTC;11,469
12.12.2025;11:00;UTC;11:15;UTC;11,163
12.12.2025;11:15;UTC;11:30;UTC;11,275
12.12.2025;11:30;UTC;11:45;UTC;11,329
12.12.2025;11:45;UTC;12:00;UTC;11,46
12.12.2025;12:00;UTC;12:15;UTC;11,422
12.12.2025;12:15;UTC;12:30;UTC;11,504
12.12.2025;12:30;UTC;12:45;UTC;11,981
12.12.2025;12:45;UTC;13:00;UTC;12,397
12.12.2025;13:00;UTC;13:15;UTC;11,408
12.12.2025;13:15;UTC;13:30;UTC;12,173
12.12.2025;13:30;UTC;13:45;UTC;13,305
12.12.2025;13:45;UTC;14:00;UTC;13,843
12.12.2025;14:00;UTC;14:15;UTC;12,21
12.12.2025;14:15;UTC;14:30;UTC;12,73
12.12.2025;14:30;UTC;14:45;UTC;13,599
12.12.2025;14:45;UTC;15:00;UTC;14,24
12.12.2025;15:00;UTC;15:15;UTC;13,403
12.12.2025;15:15;UTC;15:30;UTC;13,81
12.12.2025;15:30;UTC;15:45;UTC;14,895
12.12.2025;15:45;UTC;16:00;UTC;16,087
12.12.2025;16:00;UTC;16:15;UTC;15
12.12.2025;16:15;UTC;16:30;UTC;15,181
12.12.2025;16:30;UTC;16:45;UTC;14,479
12.12.2025;16:45;UTC;17:00;UTC;14,07
12.12.2025;17:00;UTC;17:15;UTC;13,883
12.12.2025;17:15;UTC;17:30;UTC;13,366
12.12.2025;17:30;UTC;17:45;UTC;13,101
12.12.2025;17:45;UTC;18:00;UTC;12,89
12.12.2025;18:00;UTC;18:15;UTC;12,9
12.12.2025;18:15;UTC;18:30;UTC;12,73
12.12.2025;18:30;UTC;18:45;UTC;12,863
12.12.2025;18:45;UTC;19:00;UTC;12,73
12.12.2025;19:00;UTC;19:15;UTC;12,2
12.12.2025;19:15;UTC;19:30;UTC;12,2
12.12.2025;19:30;UTC;19:45;UTC;11,99
12.12.2025;19:45;UTC;20:00;UTC;10,411
12.12.2025;20:00;UTC;20:15;UTC;13,057
12.12.2025;20:15;UTC;20:30;UTC;11,733
12.12.2025;20:30;UTC;20:45;UTC;10,922
12.12.2025;20:45;UTC;21:00;UTC;10,26
12.12.2025;21:00;UTC;21:15;UTC;10,992
12.12.2025;21:15;UTC;21:30;UTC;10,764
12.12.2025;21:30;UTC;21:45;UTC;10,358
12.12.2025;21:45;UTC;22:00;UTC;9,414
12.12.2025;22:00;UTC;22:15;UTC;10,295
12.12.2025;22:15;UTC;22:30;UTC;9,531
12.12.2025;22:30;UTC;22:45;UTC;8,768
12.12.2025;22:45;UTC;23:00;UTC;8,107
12.12.2025;23:00;UTC;23:15;UTC;10,381
12.12.2025;23:15;UTC;23:30;UTC;9,333
12.12.2025;23:30;UTC;23:45;UTC;8,921
12.12.2025;23:45;UTC;00:00;UTC;8,278
13.12.2025;00:00;UTC;00:15;UTC;9,935
13.12.2025;00:15;UTC;00:30;UTC;9,278
13.12.2025;00:30;UTC;00:45;UTC;8,752
13.12.2025;00:45;UTC;01:00;UTC;8,236
13.12.2025;01:00;UTC;01:15;UTC;9,252
13.12.2025;01:15;UTC;01:30;UTC;8,552
13.12.2025;01:30;UTC;01:45;UTC;8,748
13.12.2025;01:45;UTC;02:00;UTC;8,404
13.12.2025;02:00;UTC;02:15;UTC;9,219
13.12.2025;02:15;UTC;02:30;UTC;8,723
13.12.2025;02:30;UTC;02:45;UTC;8,595
13.12.2025;02:45;UTC;03:00;UTC;8,28
13.12.2025;03:00;UTC;03:15;UTC;8,651
13.12.2025;03:15;UTC;03:30;UTC;8,434
13.12.2025;03:30;UTC;03:45;UTC;8,491
13.12.2025;03:45;UTC;04:00;UTC;8,424
13.12.2025;04:00;UTC;04:15;UTC;8,507
13.12.2025;04:15;UTC;04:30;UTC;8,438
13.12.2025;04:30;UTC;04:45;UTC;8,353
13.12.2025;04:45;UTC;05:00;UTC;8,569
13.12.2025;05:00;UTC;05:15;UTC;8,177
13.12.2025;05:15;UTC;05:30;UTC;7,59
13.12.2025;05:30;UTC;05:45;UTC;7,893
13.12.2025;05:45;UTC;06:00;UTC;7,997
13.12.2025;06:00;UTC;06:15;UTC;7,483
13.12.2025;06:15;UTC;06:30;UTC;7,648
13.12.2025;06:30;UTC;06:45;UTC;8,493
13.12.2025;06:45;UTC;07:00;UTC;8,83
13.12.2025;07:00;UTC;07:15;UTC;8,542
13.12.2025;07:15;UTC;07:30;UTC;9,079
13.12.2025;07:30;UTC;07:45;UTC;10,006
13.12.2025;07:45;UTC;08:00;UTC;10,754
13.12.2025;08:00;UTC;08:15;UTC;10,727
13.12.2025;08:15;UTC;08:30;UTC;10,733
13.12.2025;08:30;UTC;08:45;UTC;10,793
13.12.2025;08:45;UTC;09:00;UTC;10,455
13.12.2025;09:00;UTC;09:15;UTC;10,827
13.12.2025;09:15;UTC;09:30;UTC;10,562
13.12.2025;09:30;UTC;09:45;UTC;10,114
13.12.2025;09:45;UTC;10:00;UTC;9,531
13.12.2025;10:00;UTC;10:15;UTC;10,285
13.12.2025;10:15;UTC;10:30;UTC;10,07
13.12.2025;10:30;UTC;10:45;UTC;9,777
13.12.2025;10:45;UTC;11:00;UTC;9,105
13.12.2025;11:00;UTC;11:15;UTC;9,895
13.12.2025;11:15;UTC;11:30;UTC;9,359
13.12.2025;11:30;UTC;11:45;UTC;9,278
13.12.2025;11:45;UTC;12:00;UTC;8,971
13.12.2025;12:00;UTC;12:15;UTC;9,498
13.12.2025;12:15;UTC;12:30;UTC;9,195
13.12.2025;12:30;UTC;12:45;UTC;9,178
13.12.2025;12:45;UTC;13:00;UTC;9,303
13.12.2025;13:00;UTC;13:15;UTC;8,537
13.12.2025;13:15;UTC;13:30;UTC;8,798
13.12.2025;13:30;UTC;13:45;UTC;10,015
13.12.2025;13:45;UTC;14:00;UTC;10,953
13.12.2025;14:00;UTC;14:15;UTC;10,245
13.12.2025;14:15;UTC;14:30;UTC;11,563
13.12.2025;14:30;UTC;14:45;UTC;11,919
13.12.2025;14:45;UTC;15:00;UTC;12,136
13.12.2025;15:00;UTC;15:15;UTC;11,399
13.12.2025;15:15;UTC;15:30;UTC;11,8
13.12.2025;15:30;UTC;15:45;UTC;12,199
13.12.2025;15:45;UTC;16:00;UTC;12,485
13.12.2025;16:00;UTC;16:15;UTC;12,003
13.12.2025;16:15;UTC;16:30;UTC;12,067
13.12.2025;16:30;UTC;16:45;UTC;11,878
13.12.2025;16:45;UTC;17:00;UTC;11,431
13.12.2025;17:00;UTC;17:15;UTC;11,8
13.12.2025;17:15;UTC;17:30;UTC;11,505
13.12.2025;17:30;UTC;17:45;UTC;11,139
13.12.2025;17:45;UTC;18:00;UTC;10,458
13.12.2025;18:00;UTC;18:15;UTC;11,677
13.12.2025;18:15;UTC;18:30;UTC;10,67
13.12.2025;18:30;UTC;18:45;UTC;9,824
13.12.2025;18:45;UTC;19:00;UTC;9,281
13.12.2025;19:00;UTC;19:15;UTC;10,019
13.12.2025;19:15;UTC;19:30;UTC;9,359
13.12.2025;19:30;UTC;19:45;UTC;8,678
13.12.2025;19:45;UTC;20:00;UTC;8,627
13.12.2025;20:00;UTC;20:15;UTC;9,446
13.12.2025;20:15;UTC;20:30;UTC;9,471
13.12.2025;20:30;UTC;20:45;UTC;8,816
13.12.2025;20:45;UTC;21:00;UTC;8,49
13.12.2025;21:00;UTC;21:15;UTC;10,787
13.12.2025;21:15;UTC;21:30;UTC;9,629
13.12.2025;21:30;UTC;21:45;UTC;8,825
13.12.2025;21:45;UTC;22:00;UTC;8,233
13.12.2025;22:00;UTC;22:15;UTC;9,376
13.12.2025;22:15;UTC;22:30;UTC;8,973
13.12.2025;22:30;UTC;22:45;UTC;8,271
13.12.2025;22:45;UTC;23:00;UTC;7,135
13.12.2025;23:00;UTC;23:15;UTC;9,75
13.12.2025;23:15;UTC;23:30;UTC;9,192
13.12.2025;23:30;UTC;23:45;UTC;8,847
13.12.2025;23:45;UTC;00:00;UTC;8,689
14.12.2025;00:00;UTC;00:15;UTC;9,902
14.12.2025;00:15;UTC;00:30;UTC;9,524
14.12.2025;00:30;UTC;00:45;UTC;8,59
14.12.2025;00:45;UTC;01:00;UTC;8,193
14.12.2025;01:00;UTC;01:15;UTC;8,94
14.12.2025;01:15;UTC;01:30;UTC;8,334
14.12.2025;01:30;UTC;01:45;UTC;7,886
14.12.2025;01:45;UTC;02:00;UTC;7,6
14.12.2025;02:00;UTC;02:15;UTC;7,867
14.12.2025;02:15;UTC;02:30;UTC;8,17
14.12.2025;02:30;UTC;02:45;UTC;8,087
14.12.2025;02:45;UTC;03:00;UTC;7,856
14.12.2025;03:00;UTC;03:15;UTC;7,79
14.12.2025;03:15;UTC;03:30;UTC;7,684
14.12.2025;03:30;UTC;03:45;UTC;7,728
14.12.2025;03:45;UTC;04:00;UTC;7,72
14.12.2025;04:00;UTC;04:15;UTC;8,15
14.12.2025;04:15;UTC;04:30;UTC;7,868
14.12.2025;04:30;UTC;04:45;UTC;7,753
14.12.2025;04:45;UTC;05:00;UTC;7,734
14.12.2025;05:00;UTC;05:15;UTC;7,633
14.12.2025;05:15;UTC;05:30;UTC;7,647
14.12.2025;05:30;UTC;05:45;UTC;7,733
14.12.2025;05:45;UTC;06:00;UTC;7,857
14.12.2025;06:00;UTC;06:15;UTC;8,086
14.12.2025;06:15;UTC;06:30;UTC;7,606
14.12.2025;06:30;UTC;06:45;UTC;7,689
14.12.2025;06:45;UTC;07:00;UTC;7,608
14.12.2025;07:00;UTC;07:15;UTC;7,791
14.12.2025;07:15;UTC;07:30;UTC;8,165
14.12.2025;07:30;UTC;07:45;UTC;8,267
14.12.2025;07:45;UTC;08:00;UTC;8,481
14.12.2025;08:00;UTC;08:15;UTC;8,017
14.12.2025;08:15;UTC;08:30;UTC;8,591
14.12.2025;08:30;UTC;08:45;UTC;8,491
14.12.2025;08:45;UTC;09:00;UTC;7,839
14.12.2025;09:00;UTC;09:15;UTC;8,219
14.12.2025;09:15;UTC;09:30;UTC;7,991
14.12.2025;09:30;UTC;09:45;UTC;7,99
14.12.2025;09:45;UTC;10:00;UTC;7,802
14.12.2025;10:00;UTC;10:15;UTC;8,376
14.12.2025;10:15;UTC;10:30;UTC;8,509
14.12.2025;10:30;UTC;10:45;UTC;8,49
14.12.2025;10:45;UTC;11:00;UTC;8,256
14.12.2025;11:00;UTC;11:15;UTC;8,869
14.12.2025;11:15;UTC;11:30;UTC;8,743
14.12.2025;11:30;UTC;11:45;UTC;8,731
14.12.2025;11:45;UTC;12:00;UTC;8,566
14.12.2025;12:00;UTC;12:15;UTC;8,743
14.12.2025;12:15;UTC;12:30;UTC;8,59
14.12.2025;12:30;UTC;12:45;UTC;8,469
14.12.2025;12:45;UTC;13:00;UTC;8,981
14.12.2025;13:00;UTC;13:15;UTC;8,59
14.12.2025;13:15;UTC;13:30;UTC;8,069
14.12.2025;13:30;UTC;13:45;UTC;8,885
14.12.2025;13:45;UTC;14:00;UTC;9,916
14.12.2025;14:00;UTC;14:15;UTC;8,3
14.12.2025;14:15;UTC;14:30;UTC;8,891
14.12.2025;14:30;UTC;14:45;UTC;9,953
14.12.2025;14:45;UTC;15:00;UTC;9,695
14.12.2025;15:00;UTC;15:15;UTC;9,909
14.12.2025;15:15;UTC;15:30;UTC;10,183
14.12.2025;15:30;UTC;15:45;UTC;9,562
14.12.2025;15:45;UTC;16:00;UTC;10,059
14.12.2025;16:00;UTC;16:15;UTC;9,971
14.12.2025;16:15;UTC;16:30;UTC;10,528
14.12.2025;16:30;UTC;16:45;UTC;10,487
14.12.2025;16:45;UTC;17:00;UTC;10,128
14.12.2025;17:00;UTC;17:15;UTC;11,125
14.12.2025;17:15;UTC;17:30;UTC;10,604
14.12.2025;17:30;UTC;17:45;UTC;9,99
14.12.2025;17:45;UTC;18:00;UTC;9,598
14.12.2025;18:00;UTC;18:15;UTC;10,363
14.12.2025;18:15;UTC;18:30;UTC;9,804
14.12.2025;18:30;UTC;18:45;UTC;8,913
14.12.2025;18:45;UTC;19:00;UTC;8,116
14.12.2025;19:00;UTC;19:15;UTC;10,314
14.12.2025;19:15;UTC;19:30;UTC;9,247
14.12.2025;19:30;UTC;19:45;UTC;8,686
14.12.2025;19:45;UTC;20:00;UTC;7,912
14.12.2025;20:00;UTC;20:15;UTC;8,862
14.12.2025;20:15;UTC;20:30;UTC;8,538
14.12.2025;20:30;UTC;20:45;UTC;8,491
14.12.2025;20:45;UTC;21:00;UTC;7,87
14.12.2025;21:00;UTC;21:15;UTC;8,814
14.12.2025;21:15;UTC;21:30;UTC;8,33
14.12.2025;21:30;UTC;21:45;UTC;8,138
14.12.2025;21:45;UTC;22:00;UTC;7,778
14.12.2025;22:00;UTC;22:15;UTC;8,5
14.12.2025;22:15;UTC;22:30;UTC;7,47
14.12.2025;22:30;UTC;22:45;UTC;7,734
14.12.2025;22:45;UTC;23:00;UTC;6,596
14.12.2025;23:00;UTC;23:15;UTC;7,217
14.12.2025;23:15;UTC;23:30;UTC;7,504
14.12.2025;23:30;UTC;23:45;UTC;6,689
14.12.2025;23:45;UTC;00:00;UTC;7,59
15.12.2025;00:00;UTC;00:15;UTC;7,534
15.12.2025;00:15;UTC;00:30;UTC;7,269
15.12.2025;00:30;UTC;00:45;UTC;7,091
15.12.2025;00:45;UTC;01:00;UTC;6,857
15.12.2025;01:00;UTC;01:15;UTC;7,207
15.12.2025;01:15;UTC;01:30;UTC;7,057
15.12.2025;01:30;UTC;01:45;UTC;7,054
15.12.2025;01:45;UTC;02:00;UTC;7,097
15.12.2025;02:00;UTC;02:15;UTC;7,091
15.12.2025;02:15;UTC;02:30;UTC;6,976
15.12.2025;02:30;UTC;02:45;UTC;7,013
15.12.2025;02:45;UTC;03:00;UTC;7,187
15.12.2025;03:00;UTC;03:15;UTC;7,022
15.12.2025;03:15;UTC;03:30;UTC;7,271
15.12.2025;03:30;UTC;03:45;UTC;7,628
15.12.2025;03:45;UTC;04:00;UTC;8,191
15.12.2025;04:00;UTC;04:15;UTC;7,046
15.12.2025;04:15;UTC;04:30;UTC;7,039
15.12.2025;04:30;UTC;04:45;UTC;7,749
15.12.2025;04:45;UTC;05:00;UTC;8,887
15.12.2025;05:00;UTC;05:15;UTC;7,1
15.12.2025;05:15;UTC;05:30;UTC;8,402
15.12.2025;05:30;UTC;05:45;UTC;8,58
15.12.2025;05:45;UTC;06:00;UTC;10,528
15.12.2025;06:00;UTC;06:15;UTC;7,889
15.12.2025;06:15;UTC;06:30;UTC;9,288
15.12.2025;06:30;UTC;06:45;UTC;10,439
15.12.2025;06:45;UTC;07:00;UTC;11,9
15.12.2025;07:00;UTC;07:15;UTC;10,408
15.12.2025;07:15;UTC;07:30;UTC;10,485
15.12.2025;07:30;UTC;07:45;UTC;10,437
15.12.2025;07:45;UTC;08:00;UTC;9,121
15.12.2025;08:00;UTC;08:15;UTC;10,302
15.12.2025;08:15;UTC;08:30;UTC;10,541
15.12.2025;08:30;UTC;08:45;UTC;9,782
15.12.2025;08:45;UTC;09:00;UTC;8,035
15.12.2025;09:00;UTC;09:15;UTC;11,279
15.12.2025;09:15;UTC;09:30;UTC;9,364
15.12.2025;09:30;UTC;09:45;UTC;8,03
15.12.2025;09:45;UTC;10:00;UTC;7,173
15.12.2025;10:00;UTC;10:15;UTC;8,693
15.12.2025;10:15;UTC;10:30;UTC;7,705
15.12.2025;10:30;UTC;10:45;UTC;7,758
15.12.2025;10:45;UTC;11:00;UTC;7,733
15.12.2025;11:00;UTC;11:15;UTC;7,617
15.12.2025;11:15;UTC;11:30;UTC;7,535
15.12.2025;11:30;UTC;11:45;UTC;8,11
15.12.2025;11:45;UTC;12:00;UTC;8,646
15.12.2025;12:00;UTC;12:15;UTC;8,359
15.12.2025;12:15;UTC;12:30;UTC;8,609
15.12.2025;12:30;UTC;12:45;UTC;8,704
15.12.2025;12:45;UTC;13:00;UTC;9,632
15.12.2025;13:00;UTC;13:15;UTC;8,312
15.12.2025;13:15;UTC;13:30;UTC;8,824
15.12.2025;13:30;UTC;13:45;UTC;10,496
15.12.2025;13:45;UTC;14:00;UTC;10,543
15.12.2025;14:00;UTC;14:15;UTC;10,351
15.12.2025;14:15;UTC;14:30;UTC;10,569
15.12.2025;14:30;UTC;14:45;UTC;10,5
15.12.2025;14:45;UTC;15:00;UTC;11,5
15.12.2025;15:00;UTC;15:15;UTC;10,055
15.12.2025;15:15;UTC;15:30;UTC;11,012
15.12.2025;15:30;UTC;15:45;UTC;11,135
15.12.2025;15:45;UTC;16:00;UTC;11,26
15.12.2025;16:00;UTC;16:15;UTC;10,371
15.12.2025;16:15;UTC;16:30;UTC;10,505
15.12.2025;16:30;UTC;16:45;UTC;10,407
15.12.2025;16:45;UTC;17:00;UTC;10,402
15.12.2025;17:00;UTC;17:15;UTC;10,307
15.12.2025;17:15;UTC;17:30;UTC;9,827
15.12.2025;17:30;UTC;17:45;UTC;9,951
15.12.2025;17:45;UTC;18:00;UTC;9,178
15.12.2025;18:00;UTC;18:15;UTC;10,005
15.12.2025;18:15;UTC;18:30;UTC;9,182
15.12.2025;18:30;UTC;18:45;UTC;8,675
15.12.2025;18:45;UTC;19:00;UTC;8,305
15.12.2025;19:00;UTC;19:15;UTC;9,324
15.12.2025;19:15;UTC;19:30;UTC;8,678
15.12.2025;19:30;UTC;19:45;UTC;8,029
15.12.2025;19:45;UTC;20:00;UTC;7,669
15.12.2025;20:00;UTC;20:15;UTC;8,736
15.12.2025;20:15;UTC;20:30;UTC;8,732
15.12.2025;20:30;UTC;20:45;UTC;8,608
15.12.2025;20:45;UTC;21:00;UTC;7,992
15.12.2025;21:00;UTC;21:15;UTC;9,2
15.12.2025;21:15;UTC;21:30;UTC;8,308
15.12.2025;21:30;UTC;21:45;UTC;8,293
15.12.2025;21:45;UTC;22:00;UTC;8,19
15.12.2025;22:00;UTC;22:15;UTC;8,19
15.12.2025;22:15;UTC;22:30;UTC;8,438
15.12.2025;22:30;UTC;22:45;UTC;8,012
15.12.2025;22:45;UTC;23:00;UTC;7,545
15.12.2025;23:00;UTC;23:15;UTC;8,091
15.12.2025;23:15;UTC;23:30;UTC;8,307
15.12.2025;23:30;UTC;23:45;UTC;8,191
15.12.2025;23:45;UTC;00:00;UTC;7,679
16.12.2025;00:00;UTC;00:15;UTC;8,217
16.12.2025;00:15;UTC;00:30;UTC;7,902
16.12.2025;00:30;UTC;00:45;UTC;7,818
16.12.2025;00:45;UTC;01:00;UTC;7,684
16.12.2025;01:00;UTC;01:15;UTC;7,784
16.12.2025;01:15;UTC;01:30;UTC;7,626
16.12.2025;01:30;UTC;01:45;UTC;7,719
16.12.2025;01:45;UTC;02:00;UTC;7,71
16.12.2025;02:00;UTC;02:15;UTC;7,741
16.12.2025;02:15;UTC;02:30;UTC;7,719
16.12.2025;02:30;UTC;02:45;UTC;8,029
16.12.2025;02:45;UTC;03:00;UTC;8,132
16.12.2025;03:00;UTC;03:15;UTC;7,808
16.12.2025;03:15;UTC;03:30;UTC;8,212
16.12.2025;03:30;UTC;03:45;UTC;7,915
16.12.2025;03:45;UTC;04:00;UTC;8,22
16.12.2025;04:00;UTC;04:15;UTC;7,86
16.12.2025;04:15;UTC;04:30;UTC;7,927
16.12.2025;04:30;UTC;04:45;UTC;8,21
16.12.2025;04:45;UTC;05:00;UTC;8,928
16.12.2025;05:00;UTC;05:15;UTC;8,029
16.12.2025;05:15;UTC;05:30;UTC;8,744
16.12.2025;05:30;UTC;05:45;UTC;8,98
16.12.2025;05:45;UTC;06:00;UTC;9,607
16.12.2025;06:00;UTC;06:15;UTC;8,991
16.12.2025;06:15;UTC;06:30;UTC;9,052
16.12.2025;06:30;UTC;06:45;UTC;9,031
16.12.2025;06:45;UTC;07:00;UTC;9,48
16.12.2025;07:00;UTC;07:15;UTC;10,054
16.12.2025;07:15;UTC;07:30;UTC;10,448
16.12.2025;07:30;UTC;07:45;UTC;10,431
16.12.2025;07:45;UTC;08:00;UTC;9,254
16.12.2025;08:00;UTC;08:15;UTC;10,842
16.12.2025;08:15;UTC;08:30;UTC;10,837
16.12.2025;08:30;UTC;08:45;UTC;9,827
16.12.2025;08:45;UTC;09:00;UTC;9
16.12.2025;09:00;UTC;09:15;UTC;10,069
16.12.2025;09:15;UTC;09:30;UTC;9,396
16.12.2025;09:30;UTC;09:45;UTC;8,878
16.12.2025;09:45;UTC;10:00;UTC;8,595
16.12.2025;10:00;UTC;10:15;UTC;9,158
16.12.2025;10:15;UTC;10:30;UTC;9,003
16.12.2025;10:30;UTC;10:45;UTC;9,014
16.12.2025;10:45;UTC;11:00;UTC;9,068
16.12.2025;11:00;UTC;11:15;UTC;8,972
16.12.2025;11:15;UTC;11:30;UTC;8,792
16.12.2025;11:30;UTC;11:45;UTC;9,132
16.12.2025;11:45;UTC;12:00;UTC;9,709
16.12.2025;12:00;UTC;12:15;UTC;8,776
16.12.2025;12:15;UTC;12:30;UTC;9,075
16.12.2025;12:30;UTC;12:45;UTC;10,058
16.12.2025;12:45;UTC;13:00;UTC;12,045
16.12.2025;13:00;UTC;13:15;UTC;10,083
16.12.2025;13:15;UTC;13:30;UTC;11,501
16.12.2025;13:30;UTC;13:45;UTC;13,936
16.12.2025;13:45;UTC;14:00;UTC;14,239
16.12.2025;14:00;UTC;14:15;UTC;12,214
16.12.2025;14:15;UTC;14:30;UTC;13,88
16.12.2025;14:30;UTC;14:45;UTC;14,369
16.12.2025;14:45;UTC;15:00;UTC;15,288
16.12.2025;15:00;UTC;15:15;UTC;14,001
16.12.2025;15:15;UTC;15:30;UTC;14,095
16.12.2025;15:30;UTC;15:45;UTC;16,235
16.12.2025;15:45;UTC;16:00;UTC;17,794
16.12.2025;16:00;UTC;16:15;UTC;15,792
16.12.2025;16:15;UTC;16:30;UTC;16,854
16.12.2025;16:30;UTC;16:45;UTC;16,522
16.12.2025;16:45;UTC;17:00;UTC;15,714
16.12.2025;17:00;UTC;17:15;UTC;15,111
16.12.2025;17:15;UTC;17:30;UTC;14,203
16.12.2025;17:30;UTC;17:45;UTC;13,893
16.12.2025;17:45;UTC;18:00;UTC;13,693
16.12.2025;18:00;UTC;18:15;UTC;14,729
16.12.2025;18:15;UTC;18:30;UTC;14,041
16.12.2025;18:30;UTC;18:45;UTC;13,17
16.12.2025;18:45;UTC;19:00;UTC;12,899
16.12.2025;19:00;UTC;19:15;UTC;13,062
16.12.2025;19:15;UTC;19:30;UTC;13,877
16.12.2025;19:30;UTC;19:45;UTC;12,7
16.12.2025;19:45;UTC;20:00;UTC;11,901
16.12.2025;20:00;UTC;20:15;UTC;13,359
16.12.2025;20:15;UTC;20:30;UTC;12,313
16.12.2025;20:30;UTC;20:45;UTC;11,56
16.12.2025;20:45;UTC;21:00;UTC;10,345
16.12.2025;21:00;UTC;21:15;UTC;12,733
16.12.2025;21:15;UTC;21:30;UTC;11,656
16.12.2025;21:30;UTC;21:45;UTC;11,272
16.12.2025;21:45;UTC;22:00;UTC;10,569
16.12.2025;22:00;UTC;22:15;UTC;11,371
16.12.2025;22:15;UTC;22:30;UTC;10,654
16.12.2025;22:30;UTC;22:45;UTC;10,142
16.12.2025;22:45;UTC;23:00;UTC;9,201
16.12.2025;23:00;UTC;23:15;UTC;8,99
16.12.2025;23:15;UTC;23:30;UTC;8,912
16.12.2025;23:30;UTC;23:45;UTC;8,912
16.12.2025;23:45;UTC;00:00;UTC;8,787
17.12.2025;00:00;UTC;00:15;UTC;9,378
17.12.2025;00:15;UTC;00:30;UTC;9,009
17.12.2025;00:30;UTC;00:45;UTC;8,834
17.12.2025;00:45;UTC;01:00;UTC;8,695
17.12.2025;01:00;UTC;01:15;UTC;8,793
17.12.2025;01:15;UTC;01:30;UTC;8,555
17.12.2025;01:30;UTC;01:45;UTC;8,605
17.12.2025;01:45;UTC;02:00;UTC;8,644
17.12.2025;02:00;UTC;02:15;UTC;8,515
17.12.2025;02:15;UTC;02:30;UTC;8,491
17.12.2025;02:30;UTC;02:45;UTC;8,491
17.12.2025;02:45;UTC;03:00;UTC;8,513
17.12.2025;03:00;UTC;03:15;UTC;8,676
17.12.2025;03:15;UTC;03:30;UTC;8,574
17.12.2025;03:30;UTC;03:45;UTC;8,882
17.12.2025;03:45;UTC;04:00;UTC;9,099
17.12.2025;04:00;UTC;04:15;UTC;8,953
17.12.2025;04:15;UTC;04:30;UTC;8,761
17.12.2025;04:30;UTC;04:45;UTC;9,127
17.12.2025;04:45;UTC;05:00;UTC;9,358
17.12.2025;05:00;UTC;05:15;UTC;7,671
17.12.2025;05:15;UTC;05:30;UTC;8,51
17.12.2025;05:30;UTC;05:45;UTC;9,524
17.12.2025;05:45;UTC;06:00;UTC;12,49
17.12.2025;06:00;UTC;06:15;UTC;8,626
17.12.2025;06:15;UTC;06:30;UTC;9,726
17.12.2025;06:30;UTC;06:45;UTC;12,163
17.12.2025;06:45;UTC;07:00;UTC;13,015
17.12.2025;07:00;UTC;07:15;UTC;12,899
17.12.2025;07:15;UTC;07:30;UTC;13,7
17.12.2025;07:30;UTC;07:45;UTC;13,588
17.12.2025;07:45;UTC;08:00;UTC;13,197
17.12.2025;08:00;UTC;08:15;UTC;13,2
17.12.2025;08:15;UTC;08:30;UTC;13,361
17.12.2025;08:30;UTC;08:45;UTC;12,395
17.12.2025;08:45;UTC;09:00;UTC;11,562
17.12.2025;09:00;UTC;09:15;UTC;13,548
17.12.2025;09:15;UTC;09:30;UTC;12,634
17.12.2025;09:30;UTC;09:45;UTC;12,098
17.12.2025;09:45;UTC;10:00;UTC;11,534
17.12.2025;10:00;UTC;10:15;UTC;12,537
17.12.2025;10:15;UTC;10:30;UTC;11,9
17.12.2025;10:30;UTC;10:45;UTC;11,6
17.12.2025;10:45;UTC;11:00;UTC;11,223
17.12.2025;11:00;UTC;11:15;UTC;10,966
17.12.2025;11:15;UTC;11:30;UTC;10,834
17.12.2025;11:30;UTC;11:45;UTC;11,3
17.12.2025;11:45;UTC;12:00;UTC;11,658
17.12.2025;12:00;UTC;12:15;UTC;11,81
17.12.2025;12:15;UTC;12:30;UTC;11,901
17.12.2025;12:30;UTC;12:45;UTC;12,64
17.12.2025;12:45;UTC;13:00;UTC;12,712
17.12.2025;13:00;UTC;13:15;UTC;12,065
17.12.2025;13:15;UTC;13:30;UTC;12,166
17.12.2025;13:30;UTC;13:45;UTC;12,9
17.12.2025;13:45;UTC;14:00;UTC;14,857
17.12.2025;14:00;UTC;14:15;UTC;11,692
17.12.2025;14:15;UTC;14:30;UTC;12,498
17.12.2025;14:30;UTC;14:45;UTC;13,329
17.12.2025;14:45;UTC;15:00;UTC;13,482
17.12.2025;15:00;UTC;15:15;UTC;12,161
17.12.2025;15:15;UTC;15:30;UTC;12,556
17.12.2025;15:30;UTC;15:45;UTC;12,863
17.12.2025;15:45;UTC;16:00;UTC;13,019
17.12.2025;16:00;UTC;16:15;UTC;12,991
17.12.2025;16:15;UTC;16:30;UTC;12,637
17.12.2025;16:30;UTC;16:45;UTC;12,299
17.12.2025;16:45;UTC;17:00;UTC;11,203
17.12.2025;17:00;UTC;17:15;UTC;13,14
17.12.2025;17:15;UTC;17:30;UTC;11,856
17.12.2025;17:30;UTC;17:45;UTC;10,478
17.12.2025;17:45;UTC;18:00;UTC;9,086
17.12.2025;18:00;UTC;18:15;UTC;11,424
17.12.2025;18:15;UTC;18:30;UTC;9,563
17.12.2025;18:30;UTC;18:45;UTC;9,298
17.12.2025;18:45;UTC;19:00;UTC;8,717
17.12.2025;19:00;UTC;19:15;UTC;11,226
17.12.2025;19:15;UTC;19:30;UTC;9,828
17.12.2025;19:30;UTC;19:45;UTC;8,49
17.12.2025;19:45;UTC;20:00;UTC;8,34
17.12.2025;20:00;UTC;20:15;UTC;11,256
17.12.2025;20:15;UTC;20:30;UTC;9,464
17.12.2025;20:30;UTC;20:45;UTC;8,867
17.12.2025;20:45;UTC;21:00;UTC;8,294
17.12.2025;21:00;UTC;21:15;UTC;10,517
17.12.2025;21:15;UTC;21:30;UTC;9,991
17.12.2025;21:30;UTC;21:45;UTC;8,728
17.12.2025;21:45;UTC;22:00;UTC;8,051
17.12.2025;22:00;UTC;22:15;UTC;10,574
17.12.2025;22:15;UTC;22:30;UTC;8,841
17.12.2025;22:30;UTC;22:45;UTC;7,476
17.12.2025;22:45;UTC;23:00;UTC;7,109
17.12.2025;23:00;UTC;23:15;UTC;8,356
17.12.2025;23:15;UTC;23:30;UTC;8,415
17.12.2025;23:30;UTC;23:45;UTC;7,379
17.12.2025;23:45;UTC;00:00;UTC;6,952
18.12.2025;00:00;UTC;00:15;UTC;8,291
18.12.2025;00:15;UTC;00:30;UTC;6,955
18.12.2025;00:30;UTC;00:45;UTC;6,433
18.12.2025;00:45;UTC;01:00;UTC;5,947
18.12.2025;01:00;UTC;01:15;UTC;6,368
18.12.2025;01:15;UTC;01:30;UTC;5,917
18.12.2025;01:30;UTC;01:45;UTC;5,96
18.12.2025;01:45;UTC;02:00;UTC;5,806
18.12.2025;02:00;UTC;02:15;UTC;5,735
18.12.2025;02:15;UTC;02:30;UTC;5,206
18.12.2025;02:30;UTC;02:45;UTC;4,459
18.12.2025;02:45;UTC;03:00;UTC;4,156
18.12.2025;03:00;UTC;03:15;UTC;4,652
18.12.2025;03:15;UTC;03:30;UTC;4,319
18.12.2025;03:30;UTC;03:45;UTC;4,651
18.12.2025;03:45;UTC;04:00;UTC;4,305
18.12.2025;04:00;UTC;04:15;UTC;3,458
18.12.2025;04:15;UTC;04:30;UTC;3,987
18.12.2025;04:30;UTC;04:45;UTC;6,322
18.12.2025;04:45;UTC;05:00;UTC;6,564
18.12.2025;05:00;UTC;05:15;UTC;5,869
18.12.2025;05:15;UTC;05:30;UTC;6,026
18.12.2025;05:30;UTC;05:45;UTC;6,601
18.12.2025;05:45;UTC;06:00;UTC;6,801
18.12.2025;06:00;UTC;06:15;UTC;6,925
18.12.2025;06:15;UTC;06:30;UTC;7,787
18.12.2025;06:30;UTC;06:45;UTC;9,194
18.12.2025;06:45;UTC;07:00;UTC;8,704
18.12.2025;07:00;UTC;07:15;UTC;9,982
18.12.2025;07:15;UTC;07:30;UTC;8,61
18.12.2025;07:30;UTC;07:45;UTC;9,334
18.12.2025;07:45;UTC;08:00;UTC;8,371
18.12.2025;08:00;UTC;08:15;UTC;11,801
18.12.2025;08:15;UTC;08:30;UTC;8,861
18.12.2025;08:30;UTC;08:45;UTC;7,246
18.12.2025;08:45;UTC;09:00;UTC;7,515
18.12.2025;09:00;UTC;09:15;UTC;8,291
18.12.2025;09:15;UTC;09:30;UTC;9,161
18.12.2025;09:30;UTC;09:45;UTC;7,464
18.12.2025;09:45;UTC;10:00;UTC;6,397
18.12.2025;10:00;UTC;10:15;UTC;8,517
18.12.2025;10:15;UTC;10:30;UTC;7,622
18.12.2025;10:30;UTC;10:45;UTC;7,839
18.12.2025;10:45;UTC;11:00;UTC;7,337
18.12.2025;11:00;UTC;11:15;UTC;7,371
18.12.2025;11:15;UTC;11:30;UTC;7,315
18.12.2025;11:30;UTC;11:45;UTC;7,795
18.12.2025;11:45;UTC;12:00;UTC;8,488
18.12.2025;12:00;UTC;12:15;UTC;6,867
18.12.2025;12:15;UTC;12:30;UTC;7,408
18.12.2025;12:30;UTC;12:45;UTC;8,5
18.12.2025;12:45;UTC;13:00;UTC;9,016
18.12.2025;13:00;UTC;13:15;UTC;8,248
18.12.2025;13:15;UTC;13:30;UTC;9,8
18.12.2025;13:30;UTC;13:45;UTC;12,08
18.12.2025;13:45;UTC;14:00;UTC;11,374
18.12.2025;14:00;UTC;14:15;UTC;10,666
18.12.2025;14:15;UTC;14:30;UTC;10,789
18.12.2025;14:30;UTC;14:45;UTC;11,552
18.12.2025;14:45;UTC;15:00;UTC;12,79
18.12.2025;15:00;UTC;15:15;UTC;10,275
18.12.2025;15:15;UTC;15:30;UTC;11,028
18.12.2025;15:30;UTC;15:45;UTC;12,077
18.12.2025;15:45;UTC;16:00;UTC;10,973
18.12.2025;16:00;UTC;16:15;UTC;10,849
18.12.2025;16:15;UTC;16:30;UTC;10,454
18.12.2025;16:30;UTC;16:45;UTC;10,34
18.12.2025;16:45;UTC;17:00;UTC;9,724
18.12.2025;17:00;UTC;17:15;UTC;8,461
18.12.2025;17:15;UTC;17:30;UTC;8,682
18.12.2025;17:30;UTC;17:45;UTC;9,65
18.12.2025;17:45;UTC;18:00;UTC;8,509
18.12.2025;18:00;UTC;18:15;UTC;9,712
18.12.2025;18:15;UTC;18:30;UTC;8,42
18.12.2025;18:30;UTC;18:45;UTC;7,439
18.12.2025;18:45;UTC;19:00;UTC;6,485
18.12.2025;19:00;UTC;19:15;UTC;7,7
18.12.2025;19:15;UTC;19:30;UTC;7,414
18.12.2025;19:30;UTC;19:45;UTC;6,55
18.12.2025;19:45;UTC;20:00;UTC;5,409
18.12.2025;20:00;UTC;20:15;UTC;6,002
18.12.2025;20:15;UTC;20:30;UTC;5,88
18.12.2025;20:30;UTC;20:45;UTC;5,023
18.12.2025;20:45;UTC;21:00;UTC;4,397
18.12.2025;21:00;UTC;21:15;UTC;6,173
18.12.2025;21:15;UTC;21:30;UTC;5,373
18.12.2025;21:30;UTC;21:45;UTC;5,238
18.12.2025;21:45;UTC;22:00;UTC;3,936
18.12.2025;22:00;UTC;22:15;UTC;3,2
18.12.2025;22:15;UTC;22:30;UTC;2,107
18.12.2025;22:30;UTC;22:45;UTC;1,446
18.12.2025;22:45;UTC;23:00;UTC;0,708
18.12.2025;23:00;UTC;23:15;UTC;1,277
18.12.2025;23:15;UTC;23:30;UTC;1,035
18.12.2025;23:30;UTC;23:45;UTC;0,924
18.12.2025;23:45;UTC;00:00;UTC;0,7
19.12.2025;00:00;UTC;00:15;UTC;0,81
19.12.2025;00:15;UTC;00:30;UTC;0,589
19.12.2025;00:30;UTC;00:45;UTC;0,505
19.12.2025;00:45;UTC;01:00;UTC;0,439
19.12.2025;01:00;UTC;01:15;UTC;0,435
19.12.2025;01:15;UTC;01:30;UTC;0,432
19.12.2025;01:30;UTC;01:45;UTC;0,433
19.12.2025;01:45;UTC;02:00;UTC;0,432
19.12.2025;02:00;UTC;02:15;UTC;0,369
19.12.2025;02:15;UTC;02:30;UTC;0,347
19.12.2025;02:30;UTC;02:45;UTC;0,328
19.12.2025;02:45;UTC;03:00;UTC;0,362
19.12.2025;03:00;UTC;03:15;UTC;0,34
19.12.2025;03:15;UTC;03:30;UTC;0,401
19.12.2025;03:30;UTC;03:45;UTC;0,432
19.12.2025;03:45;UTC;04:00;UTC;0,473
19.12.2025;04:00;UTC;04:15;UTC;0,464
19.12.2025;04:15;UTC;04:30;UTC;0,852
19.12.2025;04:30;UTC;04:45;UTC;1
19.12.2025;04:45;UTC;05:00;UTC;1,994
19.12.2025;05:00;UTC;05:15;UTC;1,5
19.12.2025;05:15;UTC;05:30;UTC;3,771
19.12.2025;05:30;UTC;05:45;UTC;4,381
19.12.2025;05:45;UTC;06:00;UTC;6,46
19.12.2025;06:00;UTC;06:15;UTC;5,375
19.12.2025;06:15;UTC;06:30;UTC;6,984
19.12.2025;06:30;UTC;06:45;UTC;8,813
19.12.2025;06:45;UTC;07:00;UTC;9,513
19.12.2025;07:00;UTC;07:15;UTC;8,759
19.12.2025;07:15;UTC;07:30;UTC;8,944
19.12.2025;07:30;UTC;07:45;UTC;9,222
19.12.2025;07:45;UTC;08:00;UTC;8,892
19.12.2025;08:00;UTC;08:15;UTC;9,281
19.12.2025;08:15;UTC;08:30;UTC;8,98
19.12.2025;08:30;UTC;08:45;UTC;8,877
19.12.2025;08:45;UTC;09:00;UTC;8,616
19.12.2025;09:00;UTC;09:15;UTC;9,311
19.12.2025;09:15;UTC;09:30;UTC;9,013
19.12.2025;09:30;UTC;09:45;UTC;8,768
19.12.2025;09:45;UTC;10:00;UTC;8,6
19.12.2025;10:00;UTC;10:15;UTC;8,723
19.12.2025;10:15;UTC;10:30;UTC;8,614
19.12.2025;10:30;UTC;10:45;UTC;8,794
19.12.2025;10:45;UTC;11:00;UTC;8,865
19.12.2025;11:00;UTC;11:15;UTC;7,991
19.12.2025;11:15;UTC;11:30;UTC;8,169
19.12.2025;11:30;UTC;11:45;UTC;8,731
19.12.2025;11:45;UTC;12:00;UTC;8,938
19.12.2025;12:00;UTC;12:15;UTC;8,92
19.12.2025;12:15;UTC;12:30;UTC;8,66
19.12.2025;12:30;UTC;12:45;UTC;8,608
19.12.2025;12:45;UTC;13:00;UTC;8,862
19.12.2025;13:00;UTC;13:15;UTC;8,66
19.12.2025;13:15;UTC;13:30;UTC;9,259
19.12.2025;13:30;UTC;13:45;UTC;9,886
19.12.2025;13:45;UTC;14:00;UTC;9,534
19.12.2025;14:00;UTC;14:15;UTC;9,226
19.12.2025;14:15;UTC;14:30;UTC;9,71
19.12.2025;14:30;UTC;14:45;UTC;10,01
19.12.2025;14:45;UTC;15:00;UTC;10,015
19.12.2025;15:00;UTC;15:15;UTC;9,428
19.12.2025;15:15;UTC;15:30;UTC;9,578
19.12.2025;15:30;UTC;15:45;UTC;10,325
19.12.2025;15:45;UTC;16:00;UTC;10,802
19.12.2025;16:00;UTC;16:15;UTC;10,356
19.12.2025;16:15;UTC;16:30;UTC;10,771
19.12.2025;16:30;UTC;16:45;UTC;10,74
19.12.2025;16:45;UTC;17:00;UTC;10,895
19.12.2025;17:00;UTC;17:15;UTC;10,807
19.12.2025;17:15;UTC;17:30;UTC;10,804
19.12.2025;17:30;UTC;17:45;UTC;10,804
19.12.2025;17:45;UTC;18:00;UTC;10,577
19.12.2025;18:00;UTC;18:15;UTC;10,808
19.12.2025;18:15;UTC;18:30;UTC;10,544
19.12.2025;18:30;UTC;18:45;UTC;10,663
19.12.2025;18:45;UTC;19:00;UTC;10,034
19.12.2025;19:00;UTC;19:15;UTC;10,729
19.12.2025;19:15;UTC;19:30;UTC;10,745
19.12.2025;19:30;UTC;19:45;UTC;9,888
19.12.2025;19:45;UTC;20:00;UTC;9,802
19.12.2025;20:00;UTC;20:15;UTC;10,452
19.12.2025;20:15;UTC;20:30;UTC;10,124
19.12.2025;20:30;UTC;20:45;UTC;9,619
19.12.2025;20:45;UTC;21:00;UTC;9,19
19.12.2025;21:00;UTC;21:15;UTC;10,025
19.12.2025;21:15;UTC;21:30;UTC;9,833
19.12.2025;21:30;UTC;21:45;UTC;9,559
19.12.2025;21:45;UTC;22:00;UTC;9,094
19.12.2025;22:00;UTC;22:15;UTC;9,714
19.12.2025;22:15;UTC;22:30;UTC;8,915
19.12.2025;22:30;UTC;22:45;UTC;9,012
19.12.2025;22:45;UTC;23:00;UTC;8,431
19.12.2025;23:00;UTC;23:15;UTC;9,036
19.12.2025;23:15;UTC;23:30;UTC;8,646
19.12.2025;23:30;UTC;23:45;UTC;8,119
19.12.2025;23:45;UTC;00:00;UTC;8,124
20.12.2025;00:00;UTC;00:15;UTC;8,7
20.12.2025;00:15;UTC;00:30;UTC;8,337
20.12.2025;00:30;UTC;00:45;UTC;8,19
20.12.2025;00:45;UTC;01:00;UTC;8,133
20.12.2025;01:00;UTC;01:15;UTC;8,688
20.12.2025;01:15;UTC;01:30;UTC;8,528
20.12.2025;01:30;UTC;01:45;UTC;8,294
20.12.2025;01:45;UTC;02:00;UTC;8,491
20.12.2025;02:00;UTC;02:15;UTC;8,656
20.12.2025;02:15;UTC;02:30;UTC;8,586
20.12.2025;02:30;UTC;02:45;UTC;8,797
20.12.2025;02:45;UTC;03:00;UTC;8,956
20.12.2025;03:00;UTC;03:15;UTC;8,691
20.12.2025;03:15;UTC;03:30;UTC;8,693
20.12.2025;03:30;UTC;03:45;UTC;8,818
20.12.2025;03:45;UTC;04:00;UTC;9,182
20.12.2025;04:00;UTC;04:15;UTC;8,69
20.12.2025;04:15;UTC;04:30;UTC;8,551
20.12.2025;04:30;UTC;04:45;UTC;8,925
20.12.2025;04:45;UTC;05:00;UTC;9,8
20.12.2025;05:00;UTC;05:15;UTC;9,207
20.12.2025;05:15;UTC;05:30;UTC;9,438
20.12.2025;05:30;UTC;05:45;UTC;9,518
20.12.2025;05:45;UTC;06:00;UTC;10,227
20.12.2025;06:00;UTC;06:15;UTC;9,884
20.12.2025;06:15;UTC;06:30;UTC;10,221
20.12.2025;06:30;UTC;06:45;UTC;10,5
20.12.2025;06:45;UTC;07:00;UTC;10,995
20.12.2025;07:00;UTC;07:15;UTC;10,888
20.12.2025;07:15;UTC;07:30;UTC;11,044
20.12.2025;07:30;UTC;07:45;UTC;11,551
20.12.2025;07:45;UTC;08:00;UTC;11,8
20.12.2025;08:00;UTC;08:15;UTC;11,487
20.12.2025;08:15;UTC;08:30;UTC;11,697
20.12.2025;08:30;UTC;08:45;UTC;11,437
20.12.2025;08:45;UTC;09:00;UTC;11,299
20.12.2025;09:00;UTC;09:15;UTC;11,433
20.12.2025;09:15;UTC;09:30;UTC;11,519
20.12.2025;09:30;UTC;09:45;UTC;11,21
20.12.2025;09:45;UTC;10:00;UTC;10,905
20.12.2025;10:00;UTC;10:15;UTC;11,315
20.12.2025;10:15;UTC;10:30;UTC;11,033
20.12.2025;10:30;UTC;10:45;UTC;11,082
20.12.2025;10:45;UTC;11:00;UTC;10,965
20.12.2025;11:00;UTC;11:15;UTC;10,874
20.12.2025;11:15;UTC;11:30;UTC;10,755
20.12.2025;11:30;UTC;11:45;UTC;11,163
20.12.2025;11:45;UTC;12:00;UTC;11,315
20.12.2025;12:00;UTC;12:15;UTC;10,933
20.12.2025;12:15;UTC;12:30;UTC;11,17
20.12.2025;12:30;UTC;12:45;UTC;11,797
20.12.2025;12:45;UTC;13:00;UTC;12,093
20.12.2025;13:00;UTC;13:15;UTC;11,562
20.12.2025;13:15;UTC;13:30;UTC;12,153
20.12.2025;13:30;UTC;13:45;UTC;12,039
20.12.2025;13:45;UTC;14:00;UTC;12,039
20.12.2025;14:00;UTC;14:15;UTC;11,659
20.12.2025;14:15;UTC;14:30;UTC;11,8
20.12.2025;14:30;UTC;14:45;UTC;12,101
20.12.2025;14:45;UTC;15:00;UTC;12,695
20.12.2025;15:00;UTC;15:15;UTC;11,425
20.12.2025;15:15;UTC;15:30;UTC;12,039
20.12.2025;15:30;UTC;15:45;UTC;12,04
20.12.2025;15:45;UTC;16:00;UTC;12,578
20.12.2025;16:00;UTC;16:15;UTC;12,7
20.12.2025;16:15;UTC;16:30;UTC;12,246
20.12.2025;16:30;UTC;16:45;UTC;12,04
20.12.2025;16:45;UTC;17:00;UTC;11,971
20.12.2025;17:00;UTC;17:15;UTC;12,899
20.12.2025;17:15;UTC;17:30;UTC;12,06
20.12.2025;17:30;UTC;17:45;UTC;11,37
20.12.2025;17:45;UTC;18:00;UTC;10,977
20.12.2025;18:00;UTC;18:15;UTC;11,348
20.12.2025;18:15;UTC;18:30;UTC;10,449
20.12.2025;18:30;UTC;18:45;UTC;10,338
20.12.2025;18:45;UTC;19:00;UTC;9,509
20.12.2025;19:00;UTC;19:15;UTC;10,408
20.12.2025;19:15;UTC;19:30;UTC;9,655
20.12.2025;19:30;UTC;19:45;UTC;9,504
20.12.2025;19:45;UTC;20:00;UTC;8,986
20.12.2025;20:00;UTC;20:15;UTC;9,503
20.12.2025;20:15;UTC;20:30;UTC;9,154
20.12.2025;20:30;UTC;20:45;UTC;9,45
20.12.2025;20:45;UTC;21:00;UTC;9,097
20.12.2025;21:00;UTC;21:15;UTC;10,153
20.12.2025;21:15;UTC;21:30;UTC;9,073
20.12.2025;21:30;UTC;21:45;UTC;8,601
20.12.2025;21:45;UTC;22:00;UTC;9,071
20.12.2025;22:00;UTC;22:15;UTC;10,436
20.12.2025;22:15;UTC;22:30;UTC;9,086
20.12.2025;22:30;UTC;22:45;UTC;8,45
20.12.2025;22:45;UTC;23:00;UTC;8,297
20.12.2025;23:00;UTC;23:15;UTC;10,392
20.12.2025;23:15;UTC;23:30;UTC;9,8
20.12.2025;23:30;UTC;23:45;UTC;9,313
20.12.2025;23:45;UTC;00:00;UTC;8,775
21.12.2025;00:00;UTC;00:15;UTC;9,899
21.12.2025;00:15;UTC;00:30;UTC;9,005
21.12.2025;00:30;UTC;00:45;UTC;8,614
21.12.2025;00:45;UTC;01:00;UTC;8,5
21.12.2025;01:00;UTC;01:15;UTC;9,075
21.12.2025;01:15;UTC;01:30;UTC;8,656
21.12.2025;01:30;UTC;01:45;UTC;8,569
21.12.2025;01:45;UTC;02:00;UTC;8,294
21.12.2025;02:00;UTC;02:15;UTC;8,573
21.12.2025;02:15;UTC;02:30;UTC;8,641
21.12.2025;02:30;UTC;02:45;UTC;8,551
21.12.2025;02:45;UTC;03:00;UTC;8,393
21.12.2025;03:00;UTC;03:15;UTC;8,554
21.12.2025;03:15;UTC;03:30;UTC;8,429
21.12.2025;03:30;UTC;03:45;UTC;8,703
21.12.2025;03:45;UTC;04:00;UTC;8,565
21.12.2025;04:00;UTC;04:15;UTC;8,724
21.12.2025;04:15;UTC;04:30;UTC;8,628
21.12.2025;04:30;UTC;04:45;UTC;8,711
21.12.2025;04:45;UTC;05:00;UTC;8,667
21.12.2025;05:00;UTC;05:15;UTC;8,434
21.12.2025;05:15;UTC;05:30;UTC;8,687
21.12.2025;05:30;UTC;05:45;UTC;8,76
21.12.2025;05:45;UTC;06:00;UTC;9,375
21.12.2025;06:00;UTC;06:15;UTC;8,789
21.12.2025;06:15;UTC;06:30;UTC;9,057
21.12.2025;06:30;UTC;06:45;UTC;9,295
21.12.2025;06:45;UTC;07:00;UTC;10
21.12.2025;07:00;UTC;07:15;UTC;9,898
21.12.2025;07:15;UTC;07:30;UTC;10,242
21.12.2025;07:30;UTC;07:45;UTC;10,309
21.12.2025;07:45;UTC;08:00;UTC;10,41
21.12.2025;08:00;UTC;08:15;UTC;10,67
21.12.2025;08:15;UTC;08:30;UTC;10,999
21.12.2025;08:30;UTC;08:45;UTC;10,739
21.12.2025;08:45;UTC;09:00;UTC;10,396
21.12.2025;09:00;UTC;09:15;UTC;11,183
21.12.2025;09:15;UTC;09:30;UTC;10,554
21.12.2025;09:30;UTC;09:45;UTC;9,937
21.12.2025;09:45;UTC;10:00;UTC;9,359
21.12.2025;10:00;UTC;10:15;UTC;10,458
21.12.2025;10:15;UTC;10:30;UTC;10,352
21.12.2025;10:30;UTC;10:45;UTC;9,929
21.12.2025;10:45;UTC;11:00;UTC;9,781
21.12.2025;11:00;UTC;11:15;UTC;10,195
21.12.2025;11:15;UTC;11:30;UTC;9,806
21.12.2025;11:30;UTC;11:45;UTC;9,747
21.12.2025;11:45;UTC;12:00;UTC;9,645
21.12.2025;12:00;UTC;12:15;UTC;9,932
21.12.2025;12:15;UTC;12:30;UTC;9,687
21.12.2025;12:30;UTC;12:45;UTC;9,286
21.12.2025;12:45;UTC;13:00;UTC;9,042
21.12.2025;13:00;UTC;13:15;UTC;9,439
21.12.2025;13:15;UTC;13:30;UTC;9,615
21.12.2025;13:30;UTC;13:45;UTC;10,107
21.12.2025;13:45;UTC;14:00;UTC;10,396
21.12.2025;14:00;UTC;14:15;UTC;9,403
21.12.2025;14:15;UTC;14:30;UTC;10,308
21.12.2025;14:30;UTC;14:45;UTC;10,263
21.12.2025;14:45;UTC;15:00;UTC;10,374
21.12.2025;15:00;UTC;15:15;UTC;9,164
21.12.2025;15:15;UTC;15:30;UTC;10,011
21.12.2025;15:30;UTC;15:45;UTC;9,856
21.12.2025;15:45;UTC;16:00;UTC;9,975
21.12.2025;16:00;UTC;16:15;UTC;10,21
21.12.2025;16:15;UTC;16:30;UTC;9,994
21.12.2025;16:30;UTC;16:45;UTC;9,553
21.12.2025;16:45;UTC;17:00;UTC;9,07
21.12.2025;17:00;UTC;17:15;UTC;10,083
21.12.2025;17:15;UTC;17:30;UTC;9,075
21.12.2025;17:30;UTC;17:45;UTC;8,603
21.12.2025;17:45;UTC;18:00;UTC;8,557
21.12.2025;18:00;UTC;18:15;UTC;8,815
21.12.2025;18:15;UTC;18:30;UTC;8,719
21.12.2025;18:30;UTC;18:45;UTC;8,528
21.12.2025;18:45;UTC;19:00;UTC;8,394
21.12.2025;19:00;UTC;19:15;UTC;8,48
21.12.2025;19:15;UTC;19:30;UTC;8,228
21.12.2025;19:30;UTC;19:45;UTC;8,061
21.12.2025;19:45;UTC;20:00;UTC;7,893
21.12.2025;20:00;UTC;20:15;UTC;8,351
21.12.2025;20:15;UTC;20:30;UTC;7,77
21.12.2025;20:30;UTC;20:45;UTC;7,994
21.12.2025;20:45;UTC;21:00;UTC;7,43
21.12.2025;21:00;UTC;21:15;UTC;8,34
21.12.2025;21:15;UTC;21:30;UTC;7,877
21.12.2025;21:30;UTC;21:45;UTC;7,624
21.12.2025;21:45;UTC;22:00;UTC;7,157
21.12.2025;22:00;UTC;22:15;UTC;7,803
21.12.2025;22:15;UTC;22:30;UTC;7,229
21.12.2025;22:30;UTC;22:45;UTC;6,917
21.12.2025;22:45;UTC;23:00;UTC;6,413
21.12.2025;23:00;UTC;23:15;UTC;7,25
21.12.2025;23:15;UTC;23:30;UTC;7,049
21.12.2025;23:30;UTC;23:45;UTC;6,935
21.12.2025;23:45;UTC;00:00;UTC;6,857
22.12.2025;00:00;UTC;00:15;UTC;7,127
22.12.2025;00:15;UTC;00:30;UTC;6,833
22.12.2025;00:30;UTC;00:45;UTC;6,867
22.12.2025;00:45;UTC;01:00;UTC;6,704
22.12.2025;01:00;UTC;01:15;UTC;6,922
22.12.2025;01:15;UTC;01:30;UTC;6,747
22.12.2025;01:30;UTC;01:45;UTC;6,723
22.12.2025;01:45;UTC;02:00;UTC;6,722
22.12.2025;02:00;UTC;02:15;UTC;6,592
22.12.2025;02:15;UTC;02:30;UTC;6,587
22.12.2025;02:30;UTC;02:45;UTC;6,633
22.12.2025;02:45;UTC;03:00;UTC;6,712
22.12.2025;03:00;UTC;03:15;UTC;7,097
22.12.2025;03:15;UTC;03:30;UTC;7,004
22.12.2025;03:30;UTC;03:45;UTC;7,159
22.12.2025;03:45;UTC;04:00;UTC;7,347
22.12.2025;04:00;UTC;04:15;UTC;7,044
22.12.2025;04:15;UTC;04:30;UTC;7,285
22.12.2025;04:30;UTC;04:45;UTC;7,71
22.12.2025;04:45;UTC;05:00;UTC;7,606
22.12.2025;05:00;UTC;05:15;UTC;7,137
22.12.2025;05:15;UTC;05:30;UTC;7,547
22.12.2025;05:30;UTC;05:45;UTC;7,852
22.12.2025;05:45;UTC;06:00;UTC;8,739
22.12.2025;06:00;UTC;06:15;UTC;8,09
22.12.2025;06:15;UTC;06:30;UTC;8,124
22.12.2025;06:30;UTC;06:45;UTC;9,553
22.12.2025;06:45;UTC;07:00;UTC;10,412
22.12.2025;07:00;UTC;07:15;UTC;8,857
22.12.2025;07:15;UTC;07:30;UTC;9,065
22.12.2025;07:30;UTC;07:45;UTC;10,069
22.12.2025;07:45;UTC;08:00;UTC;9,346
22.12.2025;08:00;UTC;08:15;UTC;9,355
22.12.2025;08:15;UTC;08:30;UTC;9,066
22.12.2025;08:30;UTC;08:45;UTC;8,966
22.12.2025;08:45;UTC;09:00;UTC;8,93
22.12.2025;09:00;UTC;09:15;UTC;10,154
22.12.2025;09:15;UTC;09:30;UTC;9,07
22.12.2025;09:30;UTC;09:45;UTC;8,689
22.12.2025;09:45;UTC;10:00;UTC;7,786
22.12.2025;10:00;UTC;10:15;UTC;8,643
22.12.2025;10:15;UTC;10:30;UTC;8,242
22.12.2025;10:30;UTC;10:45;UTC;8,496
22.12.2025;10:45;UTC;11:00;UTC;8,619
22.12.2025;11:00;UTC;11:15;UTC;8,772
22.12.2025;11:15;UTC;11:30;UTC;8,413
22.12.2025;11:30;UTC;11:45;UTC;8,688
22.12.2025;11:45;UTC;12:00;UTC;8,663
22.12.2025;12:00;UTC;12:15;UTC;9
22.12.2025;12:15;UTC;12:30;UTC;8,832
22.12.2025;12:30;UTC;12:45;UTC;8,714
22.12.2025;12:45;UTC;13:00;UTC;8,9
22.12.2025;13:00;UTC;13:15;UTC;9,107
22.12.2025;13:15;UTC;13:30;UTC;9,182
22.12.2025;13:30;UTC;13:45;UTC;9,207
22.12.2025;13:45;UTC;14:00;UTC;9,353
22.12.2025;14:00;UTC;14:15;UTC;9,155
22.12.2025;14:15;UTC;14:30;UTC;10,291
22.12.2025;14:30;UTC;14:45;UTC;10,1
22.12.2025;14:45;UTC;15:00;UTC;10,269
22.12.2025;15:00;UTC;15:15;UTC;9,453
22.12.2025;15:15;UTC;15:30;UTC;10,139
22.12.2025;15:30;UTC;15:45;UTC;10,349
22.12.2025;15:45;UTC;16:00;UTC;10,531
22.12.2025;16:00;UTC;16:15;UTC;10,704
22.12.2025;16:15;UTC;16:30;UTC;10,896
22.12.2025;16:30;UTC;16:45;UTC;10,931
22.12.2025;16:45;UTC;17:00;UTC;10,626
22.12.2025;17:00;UTC;17:15;UTC;10,431
22.12.2025;17:15;UTC;17:30;UTC;10,21
22.12.2025;17:30;UTC;17:45;UTC;9,873
22.12.2025;17:45;UTC;18:00;UTC;9,846
22.12.2025;18:00;UTC;18:15;UTC;9,495
22.12.2025;18:15;UTC;18:30;UTC;9,504
22.12.2025;18:30;UTC;18:45;UTC;9,307
22.12.2025;18:45;UTC;19:00;UTC;9,21
22.12.2025;19:00;UTC;19:15;UTC;9,207
22.12.2025;19:15;UTC;19:30;UTC;9,121
22.12.2025;19:30;UTC;19:45;UTC;8,814
22.12.2025;19:45;UTC;20:00;UTC;8,649
22.12.2025;20:00;UTC;20:15;UTC;9,164
22.12.2025;20:15;UTC;20:30;UTC;8,484
22.12.2025;20:30;UTC;20:45;UTC;8,316
22.12.2025;20:45;UTC;21:00;UTC;7,98
22.12.2025;21:00;UTC;21:15;UTC;9,168
22.12.2025;21:15;UTC;21:30;UTC;8,789
22.12.2025;21:30;UTC;21:45;UTC;8,298
22.12.2025;21:45;UTC;22:00;UTC;7,674
22.12.2025;22:00;UTC;22:15;UTC;8,9
22.12.2025;22:15;UTC;22:30;UTC;8,021
22.12.2025;22:30;UTC;22:45;UTC;7,414
22.12.2025;22:45;UTC;23:00;UTC;6,852
22.12.2025;23:00;UTC;23:15;UTC;8,033
22.12.2025;23:15;UTC;23:30;UTC;7,34
22.12.2025;23:30;UTC;23:45;UTC;7,1
22.12.2025;23:45;UTC;00:00;UTC;6,42
23.12.2025;00:00;UTC;00:15;UTC;6,66
23.12.2025;00:15;UTC;00:30;UTC;6,471
23.12.2025;00:30;UTC;00:45;UTC;6,488
23.12.2025;00:45;UTC;01:00;UTC;6,394
23.12.2025;01:00;UTC;01:15;UTC;6,41
23.12.2025;01:15;UTC;01:30;UTC;6,206
23.12.2025;01:30;UTC;01:45;UTC;6,099
23.12.2025;01:45;UTC;02:00;UTC;6,087
23.12.2025;02:00;UTC;02:15;UTC;5,953
23.12.2025;02:15;UTC;02:30;UTC;5,959
23.12.2025;02:30;UTC;02:45;UTC;5,958
23.12.2025;02:45;UTC;03:00;UTC;5,754
23.12.2025;03:00;UTC;03:15;UTC;5,837
23.12.2025;03:15;UTC;03:30;UTC;5,812
23.12.2025;03:30;UTC;03:45;UTC;5,813
23.12.2025;03:45;UTC;04:00;UTC;5,783
23.12.2025;04:00;UTC;04:15;UTC;5,821
23.12.2025;04:15;UTC;04:30;UTC;5,836
23.12.2025;04:30;UTC;04:45;UTC;5,935
23.12.2025;04:45;UTC;05:00;UTC;6,017
23.12.2025;05:00;UTC;05:15;UTC;6,359
23.12.2025;05:15;UTC;05:30;UTC;6,434
23.12.2025;05:30;UTC;05:45;UTC;7,075
23.12.2025;05:45;UTC;06:00;UTC;7,271
23.12.2025;06:00;UTC;06:15;UTC;7,208
23.12.2025;06:15;UTC;06:30;UTC;7,638
23.12.2025;06:30;UTC;06:45;UTC;7,999
23.12.2025;06:45;UTC;07:00;UTC;8,362
23.12.2025;07:00;UTC;07:15;UTC;7,92
23.12.2025;07:15;UTC;07:30;UTC;8,435
23.12.2025;07:30;UTC;07:45;UTC;8,423
23.12.2025;07:45;UTC;08:00;UTC;8,772
23.12.2025;08:00;UTC;08:15;UTC;8,538
23.12.2025;08:15;UTC;08:30;UTC;8,619
23.12.2025;08:30;UTC;08:45;UTC;8,678
23.12.2025;08:45;UTC;09:00;UTC;8,351
23.12.2025;09:00;UTC;09:15;UTC;8,482
23.12.2025;09:15;UTC;09:30;UTC;8,645
23.12.2025;09:30;UTC;09:45;UTC;8,408
23.12.2025;09:45;UTC;10:00;UTC;8
23.12.2025;10:00;UTC;10:15;UTC;8,611
23.12.2025;10:15;UTC;10:30;UTC;8,246
23.12.2025;10:30;UTC;10:45;UTC;8,06
23.12.2025;10:45;UTC;11:00;UTC;7,83
23.12.2025;11:00;UTC;11:15;UTC;8,333
23.12.2025;11:15;UTC;11:30;UTC;7,99
23.12.2025;11:30;UTC;11:45;UTC;8,012
23.12.2025;11:45;UTC;12:00;UTC;7,859
23.12.2025;12:00;UTC;12:15;UTC;8,086
23.12.2025;12:15;UTC;12:30;UTC;7,9
23.12.2025;12:30;UTC;12:45;UTC;7,825
23.12.2025;12:45;UTC;13:00;UTC;7,874
23.12.2025;13:00;UTC;13:15;UTC;7,659
23.12.2025;13:15;UTC;13:30;UTC;7,835
23.12.2025;13:30;UTC;13:45;UTC;8,054
23.12.2025;13:45;UTC;14:00;UTC;8,138
23.12.2025;14:00;UTC;14:15;UTC;7,615
23.12.2025;14:15;UTC;14:30;UTC;8,06
23.12.2025;14:30;UTC;14:45;UTC;8,43
23.12.2025;14:45;UTC;15:00;UTC;8,626
23.12.2025;15:00;UTC;15:15;UTC;8,181
23.12.2025;15:15;UTC;15:30;UTC;7,975
23.12.2025;15:30;UTC;15:45;UTC;8,459
23.12.2025;15:45;UTC;16:00;UTC;8,86
23.12.2025;16:00;UTC;16:15;UTC;8,007
23.12.2025;16:15;UTC;16:30;UTC;8,059
23.12.2025;16:30;UTC;16:45;UTC;8,449
23.12.2025;16:45;UTC;17:00;UTC;8,472
23.12.2025;17:00;UTC;17:15;UTC;8,411
23.12.2025;17:15;UTC;17:30;UTC;8,232
23.12.2025;17:30;UTC;17:45;UTC;8,499
23.12.2025;17:45;UTC;18:00;UTC;8,436
23.12.2025;18:00;UTC;18:15;UTC;8,337
23.12.2025;18:15;UTC;18:30;UTC;8,266
23.12.2025;18:30;UTC;18:45;UTC;8,208
23.12.2025;18:45;UTC;19:00;UTC;8,175
23.12.2025;19:00;UTC;19:15;UTC;8,66
23.12.2025;19:15;UTC;19:30;UTC;8,31
23.12.2025;19:30;UTC;19:45;UTC;7,418
23.12.2025;19:45;UTC;20:00;UTC;6,814
23.12.2025;20:00;UTC;20:15;UTC;7,669
23.12.2025;20:15;UTC;20:30;UTC;7,384
23.12.2025;20:30;UTC;20:45;UTC;6,815
23.12.2025;20:45;UTC;21:00;UTC;6,104
23.12.2025;21:00;UTC;21:15;UTC;7,736
23.12.2025;21:15;UTC;21:30;UTC;7,083
23.12.2025;21:30;UTC;21:45;UTC;7,25
23.12.2025;21:45;UTC;22:00;UTC;6,665
23.12.2025;22:00;UTC;22:15;UTC;7,156
23.12.2025;22:15;UTC;22:30;UTC;6,389
23.12.2025;22:30;UTC;22:45;UTC;6,357
23.12.2025;22:45;UTC;23:00;UTC;5,735
23.12.2025;23:00;UTC;23:15;UTC;6,641
23.12.2025;23:15;UTC;23:30;UTC;6,621
23.12.2025;23:30;UTC;23:45;UTC;5,685
23.12.2025;23:45;UTC;00:00;UTC;5,152
24.12.2025;00:00;UTC;00:15;UTC;5,847
24.12.2025;00:15;UTC;00:30;UTC;5,57
24.12.2025;00:30;UTC;00:45;UTC;5,417
24.12.2025;00:45;UTC;01:00;UTC;5,511
24.12.2025;01:00;UTC;01:15;UTC;5,603
24.12.2025;01:15;UTC;01:30;UTC;5,692
24.12.2025;01:30;UTC;01:45;UTC;5,742
24.12.2025;01:45;UTC;02:00;UTC;5,683
24.12.2025;02:00;UTC;02:15;UTC;5,702
24.12.2025;02:15;UTC;02:30;UTC;5,615
24.12.2025;02:30;UTC;02:45;UTC;5,609
24.12.2025;02:45;UTC;03:00;UTC;5,41
24.12.2025;03:00;UTC;03:15;UTC;5,564
24.12.2025;03:15;UTC;03:30;UTC;5,616
24.12.2025;03:30;UTC;03:45;UTC;5,584
24.12.2025;03:45;UTC;04:00;UTC;5,575
24.12.2025;04:00;UTC;04:15;UTC;5,649
24.12.2025;04:15;UTC;04:30;UTC;5,31
24.12.2025;04:30;UTC;04:45;UTC;5,65
24.12.2025;04:45;UTC;05:00;UTC;5,731
24.12.2025;05:00;UTC;05:15;UTC;5,43
24.12.2025;05:15;UTC;05:30;UTC;5,439
24.12.2025;05:30;UTC;05:45;UTC;5,973
24.12.2025;05:45;UTC;06:00;UTC;6,044
24.12.2025;06:00;UTC;06:15;UTC;5,924
24.12.2025;06:15;UTC;06:30;UTC;6,676
24.12.2025;06:30;UTC;06:45;UTC;6,747
24.12.2025;06:45;UTC;07:00;UTC;7,631
24.12.2025;07:00;UTC;07:15;UTC;7,489
24.12.2025;07:15;UTC;07:30;UTC;7,501
24.12.2025;07:30;UTC;07:45;UTC;8,554
24.12.2025;07:45;UTC;08:00;UTC;8,856
24.12.2025;08:00;UTC;08:15;UTC;8,937
24.12.2025;08:15;UTC;08:30;UTC;8,495
24.12.2025;08:30;UTC;08:45;UTC;8,096
24.12.2025;08:45;UTC;09:00;UTC;7,46
24.12.2025;09:00;UTC;09:15;UTC;8,022
24.12.2025;09:15;UTC;09:30;UTC;7,59
24.12.2025;09:30;UTC;09:45;UTC;7,508
24.12.2025;09:45;UTC;10:00;UTC;7,289
24.12.2025;10:00;UTC;10:15;UTC;7,147
24.12.2025;10:15;UTC;10:30;UTC;6,971
24.12.2025;10:30;UTC;10:45;UTC;6,85
24.12.2025;10:45;UTC;11:00;UTC;6,747
24.12.2025;11:00;UTC;11:15;UTC;6,992
24.12.2025;11:15;UTC;11:30;UTC;6,875
24.12.2025;11:30;UTC;11:45;UTC;6,823
24.12.2025;11:45;UTC;12:00;UTC;6,715
24.12.2025;12:00;UTC;12:15;UTC;6,717
24.12.2025;12:15;UTC;12:30;UTC;6,726
24.12.2025;12:30;UTC;12:45;UTC;6,836
24.12.2025;12:45;UTC;13:00;UTC;6,916
24.12.2025;13:00;UTC;13:15;UTC;6,924
24.12.2025;13:15;UTC;13:30;UTC;7,068
24.12.2025;13:30;UTC;13:45;UTC;7,391
24.12.2025;13:45;UTC;14:00;UTC;8,12
24.12.2025;14:00;UTC;14:15;UTC;7,263
24.12.2025;14:15;UTC;14:30;UTC;8,751
24.12.2025;14:30;UTC;14:45;UTC;8,683
24.12.2025;14:45;UTC;15:00;UTC;8,524
24.12.2025;15:00;UTC;15:15;UTC;8,323
24.12.2025;15:15;UTC;15:30;UTC;8,882
24.12.2025;15:30;UTC;15:45;UTC;9,074
24.12.2025;15:45;UTC;16:00;UTC;8,881
24.12.2025;16:00;UTC;16:15;UTC;8,98
24.12.2025;16:15;UTC;16:30;UTC;8,9
24.12.2025;16:30;UTC;16:45;UTC;9,01
24.12.2025;16:45;UTC;17:00;UTC;8,763
24.12.2025;17:00;UTC;17:15;UTC;8,882
24.12.2025;17:15;UTC;17:30;UTC;7,636
24.12.2025;17:30;UTC;17:45;UTC;7,716
24.12.2025;17:45;UTC;18:00;UTC;7,329
24.12.2025;18:00;UTC;18:15;UTC;7,386
24.12.2025;18:15;UTC;18:30;UTC;7,229
24.12.2025;18:30;UTC;18:45;UTC;7,175
24.12.2025;18:45;UTC;19:00;UTC;6,919
24.12.2025;19:00;UTC;19:15;UTC;7,118
24.12.2025;19:15;UTC;19:30;UTC;6,949
24.12.2025;19:30;UTC;19:45;UTC;6,801
24.12.2025;19:45;UTC;20:00;UTC;6,395
24.12.2025;20:00;UTC;20:15;UTC;7,113
24.12.2025;20:15;UTC;20:30;UTC;6,749
24.12.2025;20:30;UTC;20:45;UTC;6,755
24.12.2025;20:45;UTC;21:00;UTC;6,578
24.12.2025;21:00;UTC;21:15;UTC;7,181
24.12.2025;21:15;UTC;21:30;UTC;6,931
24.12.2025;21:30;UTC;21:45;UTC;6,86
24.12.2025;21:45;UTC;22:00;UTC;6,631
24.12.2025;22:00;UTC;22:15;UTC;7,03
24.12.2025;22:15;UTC;22:30;UTC;7,085
24.12.2025;22:30;UTC;22:45;UTC;6,495
24.12.2025;22:45;UTC;23:00;UTC;5,455
24.12.2025;23:00;UTC;23:15;UTC;6,614
24.12.2025;23:15;UTC;23:30;UTC;6,129
24.12.2025;23:30;UTC;23:45;UTC;6,136
24.12.2025;23:45;UTC;00:00;UTC;6,409
25.12.2025;00:00;UTC;00:15;UTC;6,003
25.12.2025;00:15;UTC;00:30;UTC;5,9
25.12.2025;00:30;UTC;00:45;UTC;5,745
25.12.2025;00:45;UTC;01:00;UTC;5,729
25.12.2025;01:00;UTC;01:15;UTC;5,786
25.12.2025;01:15;UTC;01:30;UTC;5,663
25.12.2025;01:30;UTC;01:45;UTC;5,664
25.12.2025;01:45;UTC;02:00;UTC;5,63
25.12.2025;02:00;UTC;02:15;UTC;5,694
25.12.2025;02:15;UTC;02:30;UTC;5,587
25.12.2025;02:30;UTC;02:45;UTC;5,554
25.12.2025;02:45;UTC;03:00;UTC;5,503
25.12.2025;03:00;UTC;03:15;UTC;5,467
25.12.2025;03:15;UTC;03:30;UTC;5,433
25.12.2025;03:30;UTC;03:45;UTC;5,457
25.12.2025;03:45;UTC;04:00;UTC;5,455
25.12.2025;04:00;UTC;04:15;UTC;5,389
25.12.2025;04:15;UTC;04:30;UTC;5,399
25.12.2025;04:30;UTC;04:45;UTC;5,092
25.12.2025;04:45;UTC;05:00;UTC;5,162
25.12.2025;05:00;UTC;05:15;UTC;4,749
25.12.2025;05:15;UTC;05:30;UTC;5,102
25.12.2025;05:30;UTC;05:45;UTC;5,1
25.12.2025;05:45;UTC;06:00;UTC;4,715
25.12.2025;06:00;UTC;06:15;UTC;4,655
25.12.2025;06:15;UTC;06:30;UTC;5,099
25.12.2025;06:30;UTC;06:45;UTC;5,813
25.12.2025;06:45;UTC;07:00;UTC;6,044
25.12.2025;07:00;UTC;07:15;UTC;6,4
25.12.2025;07:15;UTC;07:30;UTC;6,443
25.12.2025;07:30;UTC;07:45;UTC;6,749
25.12.2025;07:45;UTC;08:00;UTC;6,09
25.12.2025;08:00;UTC;08:15;UTC;6,76
25.12.2025;08:15;UTC;08:30;UTC;6,545
25.12.2025;08:30;UTC;08:45;UTC;6,408
25.12.2025;08:45;UTC;09:00;UTC;6,17
25.12.2025;09:00;UTC;09:15;UTC;5,807
25.12.2025;09:15;UTC;09:30;UTC;5,355
25.12.2025;09:30;UTC;09:45;UTC;4,946
25.12.2025;09:45;UTC;10:00;UTC;5,398
25.12.2025;10:00;UTC;10:15;UTC;5
25.12.2025;10:15;UTC;10:30;UTC;4,622
25.12.2025;10:30;UTC;10:45;UTC;4,871
25.12.2025;10:45;UTC;11:00;UTC;5,1
25.12.2025;11:00;UTC;11:15;UTC;5,485
25.12.2025;11:15;UTC;11:30;UTC;5,001
25.12.2025;11:30;UTC;11:45;UTC;4,504
25.12.2025;11:45;UTC;12:00;UTC;4,405
25.12.2025;12:00;UTC;12:15;UTC;4,215
25.12.2025;12:15;UTC;12:30;UTC;4,255
25.12.2025;12:30;UTC;12:45;UTC;4,702
25.12.2025;12:45;UTC;13:00;UTC;5,974
25.12.2025;13:00;UTC;13:15;UTC;5,179
25.12.2025;13:15;UTC;13:30;UTC;6,639
25.12.2025;13:30;UTC;13:45;UTC;7,154
25.12.2025;13:45;UTC;14:00;UTC;8,447
25.12.2025;14:00;UTC;14:15;UTC;7,494
25.12.2025;14:15;UTC;14:30;UTC;8,389
25.12.2025;14:30;UTC;14:45;UTC;9,789
25.12.2025;14:45;UTC;15:00;UTC;10,094
25.12.2025;15:00;UTC;15:15;UTC;8,996
25.12.2025;15:15;UTC;15:30;UTC;8,511
25.12.2025;15:30;UTC;15:45;UTC;9,694
25.12.2025;15:45;UTC;16:00;UTC;9,693
25.12.2025;16:00;UTC;16:15;UTC;8,802
25.12.2025;16:15;UTC;16:30;UTC;9,411
25.12.2025;16:30;UTC;16:45;UTC;9,691
25.12.2025;16:45;UTC;17:00;UTC;9,698
25.12.2025;17:00;UTC;17:15;UTC;9,515
25.12.2025;17:15;UTC;17:30;UTC;9,492
25.12.2025;17:30;UTC;17:45;UTC;9,392
25.12.2025;17:45;UTC;18:00;UTC;9,223
25.12.2025;18:00;UTC;18:15;UTC;9,203
25.12.2025;18:15;UTC;18:30;UTC;9,179
25.12.2025;18:30;UTC;18:45;UTC;9,071
25.12.2025;18:45;UTC;19:00;UTC;9,233
25.12.2025;19:00;UTC;19:15;UTC;9,569
25.12.2025;19:15;UTC;19:30;UTC;9,637
25.12.2025;19:30;UTC;19:45;UTC;8,755
25.12.2025;19:45;UTC;20:00;UTC;8,452
25.12.2025;20:00;UTC;20:15;UTC;8,971
25.12.2025;20:15;UTC;20:30;UTC;9,615
25.12.2025;20:30;UTC;20:45;UTC;9,452
25.12.2025;20:45;UTC;21:00;UTC;9,042
25.12.2025;21:00;UTC;21:15;UTC;9,765
25.12.2025;21:15;UTC;21:30;UTC;9,698
25.12.2025;21:30;UTC;21:45;UTC;9,692
25.12.2025;21:45;UTC;22:00;UTC;9,306
25.12.2025;22:00;UTC;22:15;UTC;9,585
25.12.2025;22:15;UTC;22:30;UTC;9,149
25.12.2025;22:30;UTC;22:45;UTC;9,053
25.12.2025;22:45;UTC;23:00;UTC;8,801
25.12.2025;23:00;UTC;23:15;UTC;10,645
25.12.2025;23:15;UTC;23:30;UTC;9,996
25.12.2025;23:30;UTC;23:45;UTC;9,146
25.12.2025;23:45;UTC;00:00;UTC;9,053
26.12.2025;00:00;UTC;00:15;UTC;9,566
26.12.2025;00:15;UTC;00:30;UTC;9,135
26.12.2025;00:30;UTC;00:45;UTC;9,074
26.12.2025;00:45;UTC;01:00;UTC;8,646
26.12.2025;01:00;UTC;01:15;UTC;9,074
26.12.2025;01:15;UTC;01:30;UTC;8,628
26.12.2025;01:30;UTC;01:45;UTC;8,453
26.12.2025;01:45;UTC;02:00;UTC;8,172
26.12.2025;02:00;UTC;02:15;UTC;8,5
26.12.2025;02:15;UTC;02:30;UTC;8,309
26.12.2025;02:30;UTC;02:45;UTC;8,212
26.12.2025;02:45;UTC;03:00;UTC;8,2
26.12.2025;03:00;UTC;03:15;UTC;8,026
26.12.2025;03:15;UTC;03:30;UTC;8,184
26.12.2025;03:30;UTC;03:45;UTC;8,315
26.12.2025;03:45;UTC;04:00;UTC;8,432
26.12.2025;04:00;UTC;04:15;UTC;8,104
26.12.2025;04:15;UTC;04:30;UTC;8,133
26.12.2025;04:30;UTC;04:45;UTC;8,344
26.12.2025;04:45;UTC;05:00;UTC;8,553
26.12.2025;05:00;UTC;05:15;UTC;8,038
26.12.2025;05:15;UTC;05:30;UTC;8,135
26.12.2025;05:30;UTC;05:45;UTC;8,789
26.12.2025;05:45;UTC;06:00;UTC;9,046
26.12.2025;06:00;UTC;06:15;UTC;8,682
26.12.2025;06:15;UTC;06:30;UTC;9,101
26.12.2025;06:30;UTC;06:45;UTC;9,404
26.12.2025;06:45;UTC;07:00;UTC;10,059
26.12.2025;07:00;UTC;07:15;UTC;9,474
26.12.2025;07:15;UTC;07:30;UTC;9,711
26.12.2025;07:30;UTC;07:45;UTC;10,195
26.12.2025;07:45;UTC;08:00;UTC;10,18
26.12.2025;08:00;UTC;08:15;UTC;10,368
26.12.2025;08:15;UTC;08:30;UTC;10,344
26.12.2025;08:30;UTC;08:45;UTC;9,457
26.12.2025;08:45;UTC;09:00;UTC;8,523
26.12.2025;09:00;UTC;09:15;UTC;9,6
26.12.2025;09:15;UTC;09:30;UTC;9,122
26.12.2025;09:30;UTC;09:45;UTC;8,69
26.12.2025;09:45;UTC;10:00;UTC;8,288
26.12.2025;10:00;UTC;10:15;UTC;8,9
26.12.2025;10:15;UTC;10:30;UTC;8,528
26.12.2025;10:30;UTC;10:45;UTC;8,371
26.12.2025;10:45;UTC;11:00;UTC;8,198
26.12.2025;11:00;UTC;11:15;UTC;8,311
26.12.2025;11:15;UTC;11:30;UTC;8,2
26.12.2025;11:30;UTC;11:45;UTC;8,183
26.12.2025;11:45;UTC;12:00;UTC;8,231
26.12.2025;12:00;UTC;12:15;UTC;8
26.12.2025;12:15;UTC;12:30;UTC;8,068
26.12.2025;12:30;UTC;12:45;UTC;8,592
26.12.2025;12:45;UTC;13:00;UTC;8,579
26.12.2025;13:00;UTC;13:15;UTC;7,512
26.12.2025;13:15;UTC;13:30;UTC;8,568
26.12.2025;13:30;UTC;13:45;UTC;9,4
26.12.2025;13:45;UTC;14:00;UTC;11,6
26.12.2025;14:00;UTC;14:15;UTC;9,052
26.12.2025;14:15;UTC;14:30;UTC;10,797
26.12.2025;14:30;UTC;14:45;UTC;11,644
26.12.2025;14:45;UTC;15:00;UTC;12,164
26.12.2025;15:00;UTC;15:15;UTC;11,082
26.12.2025;15:15;UTC;15:30;UTC;11,729
26.12.2025;15:30;UTC;15:45;UTC;11,834
26.12.2025;15:45;UTC;16:00;UTC;12,064
26.12.2025;16:00;UTC;16:15;UTC;11,902
26.12.2025;16:15;UTC;16:30;UTC;12,134
26.12.2025;16:30;UTC;16:45;UTC;12,171
26.12.2025;16:45;UTC;17:00;UTC;11,981
26.12.2025;17:00;UTC;17:15;UTC;11,883
26.12.2025;17:15;UTC;17:30;UTC;11,748
26.12.2025;17:30;UTC;17:45;UTC;11,776
26.12.2025;17:45;UTC;18:00;UTC;11,382
26.12.2025;18:00;UTC;18:15;UTC;11,766
26.12.2025;18:15;UTC;18:30;UTC;11,629
26.12.2025;18:30;UTC;18:45;UTC;11,658
26.12.2025;18:45;UTC;19:00;UTC;11,452
26.12.2025;19:00;UTC;19:15;UTC;12,169
26.12.2025;19:15;UTC;19:30;UTC;11,697
26.12.2025;19:30;UTC;19:45;UTC;11,058
26.12.2025;19:45;UTC;20:00;UTC;10,566
26.12.2025;20:00;UTC;20:15;UTC;11,829
26.12.2025;20:15;UTC;20:30;UTC;11,542
26.12.2025;20:30;UTC;20:45;UTC;10,907
26.12.2025;20:45;UTC;21:00;UTC;10,322
26.12.2025;21:00;UTC;21:15;UTC;11,725
26.12.2025;21:15;UTC;21:30;UTC;11,403
26.12.2025;21:30;UTC;21:45;UTC;10,525
26.12.2025;21:45;UTC;22:00;UTC;9,649
26.12.2025;22:00;UTC;22:15;UTC;11,083
26.12.2025;22:15;UTC;22:30;UTC;10,396
26.12.2025;22:30;UTC;22:45;UTC;9,441
26.12.2025;22:45;UTC;23:00;UTC;8,827
26.12.2025;23:00;UTC;23:15;UTC;10,36
26.12.2025;23:15;UTC;23:30;UTC;9,939
26.12.2025;23:30;UTC;23:45;UTC;9,392
26.12.2025;23:45;UTC;00:00;UTC;8,985
27.12.2025;00:00;UTC;00:15;UTC;10,248
27.12.2025;00:15;UTC;00:30;UTC;9,115
27.12.2025;00:30;UTC;00:45;UTC;8,866
27.12.2025;00:45;UTC;01:00;UTC;8,461
27.12.2025;01:00;UTC;01:15;UTC;8,861
27.12.2025;01:15;UTC;01:30;UTC;8,557
27.12.2025;01:30;UTC;01:45;UTC;8,367
27.12.2025;01:45;UTC;02:00;UTC;8,098
27.12.2025;02:00;UTC;02:15;UTC;8,511
27.12.2025;02:15;UTC;02:30;UTC;8,309
27.12.2025;02:30;UTC;02:45;UTC;8,233
27.12.2025;02:45;UTC;03:00;UTC;8,034
27.12.2025;03:00;UTC;03:15;UTC;8,418
27.12.2025;03:15;UTC;03:30;UTC;8,434
27.12.2025;03:30;UTC;03:45;UTC;8,386
27.12.2025;03:45;UTC;04:00;UTC;8,361
27.12.2025;04:00;UTC;04:15;UTC;7,945
27.12.2025;04:15;UTC;04:30;UTC;8,168
27.12.2025;04:30;UTC;04:45;UTC;8,301
27.12.2025;04:45;UTC;05:00;UTC;8,854
27.12.2025;05:00;UTC;05:15;UTC;7,761
27.12.2025;05:15;UTC;05:30;UTC;8,545
27.12.2025;05:30;UTC;05:45;UTC;9,082
27.12.2025;05:45;UTC;06:00;UTC;9,818
27.12.2025;06:00;UTC;06:15;UTC;9,33
27.12.2025;06:15;UTC;06:30;UTC;9,653
27.12.2025;06:30;UTC;06:45;UTC;10,313
27.12.2025;06:45;UTC;07:00;UTC;10,506
27.12.2025;07:00;UTC;07:15;UTC;10,495
27.12.2025;07:15;UTC;07:30;UTC;10,496
27.12.2025;07:30;UTC;07:45;UTC;10,427
27.12.2025;07:45;UTC;08:00;UTC;9,51
27.12.2025;08:00;UTC;08:15;UTC;10,896
27.12.2025;08:15;UTC;08:30;UTC;10,354
27.12.2025;08:30;UTC;08:45;UTC;8,784
27.12.2025;08:45;UTC;09:00;UTC;7,49
27.12.2025;09:00;UTC;09:15;UTC;10,21
27.12.2025;09:15;UTC;09:30;UTC;7,761
27.12.2025;09:30;UTC;09:45;UTC;7,115
27.12.2025;09:45;UTC;10:00;UTC;6,927
27.12.2025;10:00;UTC;10:15;UTC;7,786
27.12.2025;10:15;UTC;10:30;UTC;7,7
27.12.2025;10:30;UTC;10:45;UTC;7,534
27.12.2025;10:45;UTC;11:00;UTC;7,138
27.12.2025;11:00;UTC;11:15;UTC;7,751
27.12.2025;11:15;UTC;11:30;UTC;7,115
27.12.2025;11:30;UTC;11:45;UTC;7,443
27.12.2025;11:45;UTC;12:00;UTC;7,507
27.12.2025;12:00;UTC;12:15;UTC;7,09
27.12.2025;12:15;UTC;12:30;UTC;7,383
27.12.2025;12:30;UTC;12:45;UTC;7,761
27.12.2025;12:45;UTC;13:00;UTC;8,461
27.12.2025;13:00;UTC;13:15;UTC;6,916
27.12.2025;13:15;UTC;13:30;UTC;7,891
27.12.2025;13:30;UTC;13:45;UTC;8,232
27.12.2025;13:45;UTC;14:00;UTC;9,441
27.12.2025;14:00;UTC;14:15;UTC;7,603
27.12.2025;14:15;UTC;14:30;UTC;8,866
27.12.2025;14:30;UTC;14:45;UTC;10,03
27.12.2025;14:45;UTC;15:00;UTC;11,318
27.12.2025;15:00;UTC;15:15;UTC;9,225
27.12.2025;15:15;UTC;15:30;UTC;9,916
27.12.2025;15:30;UTC;15:45;UTC;10,764
27.12.2025;15:45;UTC;16:00;UTC;11,298
27.12.2025;16:00;UTC;16:15;UTC;9,579
27.12.2025;16:15;UTC;16:30;UTC;10,899
27.12.2025;16:30;UTC;16:45;UTC;11,013
27.12.2025;16:45;UTC;17:00;UTC;10,879
27.12.2025;17:00;UTC;17:15;UTC;10,94
27.12.2025;17:15;UTC;17:30;UTC;10,882
27.12.2025;17:30;UTC;17:45;UTC;10,763
27.12.2025;17:45;UTC;18:00;UTC;10,786
27.12.2025;18:00;UTC;18:15;UTC;10,933
27.12.2025;18:15;UTC;18:30;UTC;10,494
27.12.2025;18:30;UTC;18:45;UTC;10,083
27.12.2025;18:45;UTC;19:00;UTC;10,49
27.12.2025;19:00;UTC;19:15;UTC;11,505
27.12.2025;19:15;UTC;19:30;UTC;10,509
27.12.2025;19:30;UTC;19:45;UTC;9,9
27.12.2025;19:45;UTC;20:00;UTC;9,121
27.12.2025;20:00;UTC;20:15;UTC;10,267
27.12.2025;20:15;UTC;20:30;UTC;9,626
27.12.2025;20:30;UTC;20:45;UTC;9,151
27.12.2025;20:45;UTC;21:00;UTC;8,514
27.12.2025;21:00;UTC;21:15;UTC;10,523
27.12.2025;21:15;UTC;21:30;UTC;9,981
27.12.2025;21:30;UTC;21:45;UTC;9,029
27.12.2025;21:45;UTC;22:00;UTC;8,634
27.12.2025;22:00;UTC;22:15;UTC;10,286
27.12.2025;22:15;UTC;22:30;UTC;9,52
27.12.2025;22:30;UTC;22:45;UTC;8,807
27.12.2025;22:45;UTC;23:00;UTC;7,905
27.12.2025;23:00;UTC;23:15;UTC;9,117
27.12.2025;23:15;UTC;23:30;UTC;8,836
27.12.2025;23:30;UTC;23:45;UTC;8,3
27.12.2025;23:45;UTC;00:00;UTC;7,481
28.12.2025;00:00;UTC;00:15;UTC;9,122
28.12.2025;00:15;UTC;00:30;UTC;8,554
28.12.2025;00:30;UTC;00:45;UTC;8,173
28.12.2025;00:45;UTC;01:00;UTC;7,499
28.12.2025;01:00;UTC;01:15;UTC;8,564
28.12.2025;01:15;UTC;01:30;UTC;8,037
28.12.2025;01:30;UTC;01:45;UTC;7,676
28.12.2025;01:45;UTC;02:00;UTC;7,707
28.12.2025;02:00;UTC;02:15;UTC;7,7
28.12.2025;02:15;UTC;02:30;UTC;7,614
28.12.2025;02:30;UTC;02:45;UTC;8,013
28.12.2025;02:45;UTC;03:00;UTC;8,2
28.12.2025;03:00;UTC;03:15;UTC;7,814
28.12.2025;03:15;UTC;03:30;UTC;7,941
28.12.2025;03:30;UTC;03:45;UTC;8,256
28.12.2025;03:45;UTC;04:00;UTC;8,168
28.12.2025;04:00;UTC;04:15;UTC;7,994
28.12.2025;04:15;UTC;04:30;UTC;8,082
28.12.2025;04:30;UTC;04:45;UTC;8,461
28.12.2025;04:45;UTC;05:00;UTC;8,907
28.12.2025;05:00;UTC;05:15;UTC;7,921
28.12.2025;05:15;UTC;05:30;UTC;8,461
28.12.2025;05:30;UTC;05:45;UTC;8,828
28.12.2025;05:45;UTC;06:00;UTC;9,381
28.12.2025;06:00;UTC;06:15;UTC;8,178
28.12.2025;06:15;UTC;06:30;UTC;8,981
28.12.2025;06:30;UTC;06:45;UTC;9,511
28.12.2025;06:45;UTC;07:00;UTC;10,19
28.12.2025;07:00;UTC;07:15;UTC;9,306
28.12.2025;07:15;UTC;07:30;UTC;9,775
28.12.2025;07:30;UTC;07:45;UTC;9,976
28.12.2025;07:45;UTC;08:00;UTC;9,888
28.12.2025;08:00;UTC;08:15;UTC;10,362
28.12.2025;08:15;UTC;08:30;UTC;10,005
28.12.2025;08:30;UTC;08:45;UTC;9,8
28.12.2025;08:45;UTC;09:00;UTC;8,459
28.12.2025;09:00;UTC;09:15;UTC;9,999
28.12.2025;09:15;UTC;09:30;UTC;8,953
28.12.2025;09:30;UTC;09:45;UTC;8,333
28.12.2025;09:45;UTC;10:00;UTC;8
28.12.2025;10:00;UTC;10:15;UTC;9,535
28.12.2025;10:15;UTC;10:30;UTC;9,058
28.12.2025;10:30;UTC;10:45;UTC;8,654
28.12.2025;10:45;UTC;11:00;UTC;8,1
28.12.2025;11:00;UTC;11:15;UTC;8,271
28.12.2025;11:15;UTC;11:30;UTC;7,874
28.12.2025;11:30;UTC;11:45;UTC;7,955
28.12.2025;11:45;UTC;12:00;UTC;7,909
28.12.2025;12:00;UTC;12:15;UTC;7,66
28.12.2025;12:15;UTC;12:30;UTC;7,772
28.12.2025;12:30;UTC;12:45;UTC;8,097
28.12.2025;12:45;UTC;13:00;UTC;8,481
28.12.2025;13:00;UTC;13:15;UTC;8,001
28.12.2025;13:15;UTC;13:30;UTC;8,202
28.12.2025;13:30;UTC;13:45;UTC;8,73
28.12.2025;13:45;UTC;14:00;UTC;9,738
28.12.2025;14:00;UTC;14:15;UTC;8,745
28.12.2025;14:15;UTC;14:30;UTC;9,611
28.12.2025;14:30;UTC;14:45;UTC;11,124
28.12.2025;14:45;UTC;15:00;UTC;10,868
28.12.2025;15:00;UTC;15:15;UTC;10,254
28.12.2025;15:15;UTC;15:30;UTC;11,1
28.12.2025;15:30;UTC;15:45;UTC;11,439
28.12.2025;15:45;UTC;16:00;UTC;11,56
28.12.2025;16:00;UTC;16:15;UTC;11,216
28.12.2025;16:15;UTC;16:30;UTC;11,466
28.12.2025;16:30;UTC;16:45;UTC;11,407
28.12.2025;16:45;UTC;17:00;UTC;11,392
28.12.2025;17:00;UTC;17:15;UTC;12,051
28.12.2025;17:15;UTC;17:30;UTC;11,597
28.12.2025;17:30;UTC;17:45;UTC;11,356
28.12.2025;17:45;UTC;18:00;UTC;10,778
28.12.2025;18:00;UTC;18:15;UTC;11,425
28.12.2025;18:15;UTC;18:30;UTC;10,973
28.12.2025;18:30;UTC;18:45;UTC;10,759
28.12.2025;18:45;UTC;19:00;UTC;10,576
28.12.2025;19:00;UTC;19:15;UTC;10,844
28.12.2025;19:15;UTC;19:30;UTC;10,7
28.12.2025;19:30;UTC;19:45;UTC;10,366
28.12.2025;19:45;UTC;20:00;UTC;10,094
28.12.2025;20:00;UTC;20:15;UTC;10,108
28.12.2025;20:15;UTC;20:30;UTC;10,001
28.12.2025;20:30;UTC;20:45;UTC;9,904
28.12.2025;20:45;UTC;21:00;UTC;9,598
28.12.2025;21:00;UTC;21:15;UTC;10,001
28.12.2025;21:15;UTC;21:30;UTC;9,87
28.12.2025;21:30;UTC;21:45;UTC;9,822
28.12.2025;21:45;UTC;22:00;UTC;9,62
28.12.2025;22:00;UTC;22:15;UTC;9,774
28.12.2025;22:15;UTC;22:30;UTC;9,301
28.12.2025;22:30;UTC;22:45;UTC;8,571
28.12.2025;22:45;UTC;23:00;UTC;7,73
28.12.2025;23:00;UTC;23:15;UTC;10,075
28.12.2025;23:15;UTC;23:30;UTC;9,469
28.12.2025;23:30;UTC;23:45;UTC;8,501
28.12.2025;23:45;UTC;00:00;UTC;7,907
29.12.2025;00:00;UTC;00:15;UTC;8,999
29.12.2025;00:15;UTC;00:30;UTC;7,935
29.12.2025;00:30;UTC;00:45;UTC;8,46
29.12.2025;00:45;UTC;01:00;UTC;8,599
29.12.2025;01:00;UTC;01:15;UTC;8,989
29.12.2025;01:15;UTC;01:30;UTC;8,528
29.12.2025;01:30;UTC;01:45;UTC;8,148
29.12.2025;01:45;UTC;02:00;UTC;8,008
29.12.2025;02:00;UTC;02:15;UTC;8,438
29.12.2025;02:15;UTC;02:30;UTC;8,2
29.12.2025;02:30;UTC;02:45;UTC;8,105
29.12.2025;02:45;UTC;03:00;UTC;8,133
29.12.2025;03:00;UTC;03:15;UTC;8,095
29.12.2025;03:15;UTC;03:30;UTC;8,065
29.12.2025;03:30;UTC;03:45;UTC;8,479
29.12.2025;03:45;UTC;04:00;UTC;8,81
29.12.2025;04:00;UTC;04:15;UTC;8,467
29.12.2025;04:15;UTC;04:30;UTC;8,9
29.12.2025;04:30;UTC;04:45;UTC;9,2
29.12.2025;04:45;UTC;05:00;UTC;9,75
29.12.2025;05:00;UTC;05:15;UTC;8,764
29.12.2025;05:15;UTC;05:30;UTC;9,517
29.12.2025;05:30;UTC;05:45;UTC;9,73
29.12.2025;05:45;UTC;06:00;UTC;10,522
29.12.2025;06:00;UTC;06:15;UTC;9,663
29.12.2025;06:15;UTC;06:30;UTC;10,585
29.12.2025;06:30;UTC;06:45;UTC;10,662
29.12.2025;06:45;UTC;07:00;UTC;10,977
29.12.2025;07:00;UTC;07:15;UTC;11,918
29.12.2025;07:15;UTC;07:30;UTC;11,383
29.12.2025;07:30;UTC;07:45;UTC;11,25
29.12.2025;07:45;UTC;08:00;UTC;11
29.12.2025;08:00;UTC;08:15;UTC;12,005
29.12.2025;08:15;UTC;08:30;UTC;11,226
29.12.2025;08:30;UTC;08:45;UTC;10,929
29.12.2025;08:45;UTC;09:00;UTC;10,244
29.12.2025;09:00;UTC;09:15;UTC;10,733
29.12.2025;09:15;UTC;09:30;UTC;10,395
29.12.2025;09:30;UTC;09:45;UTC;9,49
29.12.2025;09:45;UTC;10:00;UTC;8,44
29.12.2025;10:00;UTC;10:15;UTC;9,406
29.12.2025;10:15;UTC;10:30;UTC;8,809
29.12.2025;10:30;UTC;10:45;UTC;9,123
29.12.2025;10:45;UTC;11:00;UTC;8,8
29.12.2025;11:00;UTC;11:15;UTC;8,745
29.12.2025;11:15;UTC;11:30;UTC;8,655
29.12.2025;11:30;UTC;11:45;UTC;8,806
29.12.2025;11:45;UTC;12:00;UTC;8,857
29.12.2025;12:00;UTC;12:15;UTC;8,705
29.12.2025;12:15;UTC;12:30;UTC;8,808
29.12.2025;12:30;UTC;12:45;UTC;8,773
29.12.2025;12:45;UTC;13:00;UTC;9,123
29.12.2025;13:00;UTC;13:15;UTC;9,038
29.12.2025;13:15;UTC;13:30;UTC;9,427
29.12.2025;13:30;UTC;13:45;UTC;9,734
29.12.2025;13:45;UTC;14:00;UTC;10,242
29.12.2025;14:00;UTC;14:15;UTC;9,451
29.12.2025;14:15;UTC;14:30;UTC;10,431
29.12.2025;14:30;UTC;14:45;UTC;10,88
29.12.2025;14:45;UTC;15:00;UTC;10,641
29.12.2025;15:00;UTC;15:15;UTC;10,57
29.12.2025;15:15;UTC;15:30;UTC;10,946
29.12.2025;15:30;UTC;15:45;UTC;11,248
29.12.2025;15:45;UTC;16:00;UTC;10,698
29.12.2025;16:00;UTC;16:15;UTC;10,727
29.12.2025;16:15;UTC;16:30;UTC;10,652
29.12.2025;16:30;UTC;16:45;UTC;10,792
29.12.2025;16:45;UTC;17:00;UTC;10,632
29.12.2025;17:00;UTC;17:15;UTC;10,644
29.12.2025;17:15;UTC;17:30;UTC;10,601
29.12.2025;17:30;UTC;17:45;UTC;10,056
29.12.2025;17:45;UTC;18:00;UTC;10,022
29.12.2025;18:00;UTC;18:15;UTC;10,512
29.12.2025;18:15;UTC;18:30;UTC;9,634
29.12.2025;18:30;UTC;18:45;UTC;8,951
29.12.2025;18:45;UTC;19:00;UTC;8,962
29.12.2025;19:00;UTC;19:15;UTC;9,721
29.12.2025;19:15;UTC;19:30;UTC;9,172
29.12.2025;19:30;UTC;19:45;UTC;8,817
29.12.2025;19:45;UTC;20:00;UTC;8,439
29.12.2025;20:00;UTC;20:15;UTC;8,461
29.12.2025;20:15;UTC;20:30;UTC;8,375
29.12.2025;20:30;UTC;20:45;UTC;8,46
29.12.2025;20:45;UTC;21:00;UTC;8,002
29.12.2025;21:00;UTC;21:15;UTC;9,003
29.12.2025;21:15;UTC;21:30;UTC;8,666
29.12.2025;21:30;UTC;21:45;UTC;8,864
29.12.2025;21:45;UTC;22:00;UTC;8,633
29.12.2025;22:00;UTC;22:15;UTC;9,029
29.12.2025;22:15;UTC;22:30;UTC;8,548
29.12.2025;22:30;UTC;22:45;UTC;8,362
29.12.2025;22:45;UTC;23:00;UTC;7,398
29.12.2025;23:00;UTC;23:15;UTC;8,7
29.12.2025;23:15;UTC;23:30;UTC;8,15
29.12.2025;23:30;UTC;23:45;UTC;7,324
29.12.2025;23:45;UTC;00:00;UTC;6,971
30.12.2025;00:00;UTC;00:15;UTC;7,666
30.12.2025;00:15;UTC;00:30;UTC;7,276
30.12.2025;00:30;UTC;00:45;UTC;7,195
30.12.2025;00:45;UTC;01:00;UTC;7,149
30.12.2025;01:00;UTC;01:15;UTC;7,389
30.12.2025;01:15;UTC;01:30;UTC;7,342
30.12.2025;01:30;UTC;01:45;UTC;7,041
30.12.2025;01:45;UTC;02:00;UTC;6,97
30.12.2025;02:00;UTC;02:15;UTC;7,063
30.12.2025;02:15;UTC;02:30;UTC;6,94
30.12.2025;02:30;UTC;02:45;UTC;6,919
30.12.2025;02:45;UTC;03:00;UTC;6,821
30.12.2025;03:00;UTC;03:15;UTC;6,829
30.12.2025;03:15;UTC;03:30;UTC;6,791
30.12.2025;03:30;UTC;03:45;UTC;6,915
30.12.2025;03:45;UTC;04:00;UTC;6,88
30.12.2025;04:00;UTC;04:15;UTC;6,91
30.12.2025;04:15;UTC;04:30;UTC;7,209
30.12.2025;04:30;UTC;04:45;UTC;6,991
30.12.2025;04:45;UTC;05:00;UTC;7,686
30.12.2025;05:00;UTC;05:15;UTC;6,885
30.12.2025;05:15;UTC;05:30;UTC;7,825
30.12.2025;05:30;UTC;05:45;UTC;8,579
30.12.2025;05:45;UTC;06:00;UTC;8,719
30.12.2025;06:00;UTC;06:15;UTC;7,959
30.12.2025;06:15;UTC;06:30;UTC;8,702
30.12.2025;06:30;UTC;06:45;UTC;9,326
30.12.2025;06:45;UTC;07:00;UTC;9,201
30.12.2025;07:00;UTC;07:15;UTC;9,318
30.12.2025;07:15;UTC;07:30;UTC;9,9
30.12.2025;07:30;UTC;07:45;UTC;9,535
30.12.2025;07:45;UTC;08:00;UTC;9,198
30.12.2025;08:00;UTC;08:15;UTC;10,46
30.12.2025;08:15;UTC;08:30;UTC;9,987
30.12.2025;08:30;UTC;08:45;UTC;9,355
30.12.2025;08:45;UTC;09:00;UTC;7,955
30.12.2025;09:00;UTC;09:15;UTC;9,673
30.12.2025;09:15;UTC;09:30;UTC;8,634
30.12.2025;09:30;UTC;09:45;UTC;8,114
30.12.2025;09:45;UTC;10:00;UTC;7,907
30.12.2025;10:00;UTC;10:15;UTC;8,14
30.12.2025;10:15;UTC;10:30;UTC;8,023
30.12.2025;10:30;UTC;10:45;UTC;7,9
30.12.2025;10:45;UTC;11:00;UTC;7,689
30.12.2025;11:00;UTC;11:15;UTC;7,897
30.12.2025;11:15;UTC;11:30;UTC;7,699
30.12.2025;11:30;UTC;11:45;UTC;7,611
30.12.2025;11:45;UTC;12:00;UTC;7,255
30.12.2025;12:00;UTC;12:15;UTC;7,283
30.12.2025;12:15;UTC;12:30;UTC;7,476
30.12.2025;12:30;UTC;12:45;UTC;7,489
30.12.2025;12:45;UTC;13:00;UTC;8,455
30.12.2025;13:00;UTC;13:15;UTC;7,154
30.12.2025;13:15;UTC;13:30;UTC;8,64
30.12.2025;13:30;UTC;13:45;UTC;9,354
30.12.2025;13:45;UTC;14:00;UTC;10,439
30.12.2025;14:00;UTC;14:15;UTC;9,016
30.12.2025;14:15;UTC;14:30;UTC;9,662
30.12.2025;14:30;UTC;14:45;UTC;11,052
30.12.2025;14:45;UTC;15:00;UTC;11,2
30.12.2025;15:00;UTC;15:15;UTC;10,066
30.12.2025;15:15;UTC;15:30;UTC;10,772
30.12.2025;15:30;UTC;15:45;UTC;10,809
30.12.2025;15:45;UTC;16:00;UTC;11,993
30.12.2025;16:00;UTC;16:15;UTC;10,896
30.12.2025;16:15;UTC;16:30;UTC;11,424
30.12.2025;16:30;UTC;16:45;UTC;10,972
30.12.2025;16:45;UTC;17:00;UTC;10,994
30.12.2025;17:00;UTC;17:15;UTC;11,528
30.12.2025;17:15;UTC;17:30;UTC;10,89
30.12.2025;17:30;UTC;17:45;UTC;10,605
30.12.2025;17:45;UTC;18:00;UTC;10,625
30.12.2025;18:00;UTC;18:15;UTC;10,69
30.12.2025;18:15;UTC;18:30;UTC;10,575
30.12.2025;18:30;UTC;18:45;UTC;10,503
30.12.2025;18:45;UTC;19:00;UTC;10,475
30.12.2025;19:00;UTC;19:15;UTC;10,497
30.12.2025;19:15;UTC;19:30;UTC;10,316
30.12.2025;19:30;UTC;19:45;UTC;10,092
30.12.2025;19:45;UTC;20:00;UTC;9,511
30.12.2025;20:00;UTC;20:15;UTC;10,183
30.12.2025;20:15;UTC;20:30;UTC;9,498
30.12.2025;20:30;UTC;20:45;UTC;9,006
30.12.2025;20:45;UTC;21:00;UTC;8,642
30.12.2025;21:00;UTC;21:15;UTC;10,149
30.12.2025;21:15;UTC;21:30;UTC;9,392
30.12.2025;21:30;UTC;21:45;UTC;8,948
30.12.2025;21:45;UTC;22:00;UTC;8,329
30.12.2025;22:00;UTC;22:15;UTC;9,486
30.12.2025;22:15;UTC;22:30;UTC;8,845
30.12.2025;22:30;UTC;22:45;UTC;8,219
30.12.2025;22:45;UTC;23:00;UTC;7,773
30.12.2025;23:00;UTC;23:15;UTC;9,487
30.12.2025;23:15;UTC;23:30;UTC;9,031
30.12.2025;23:30;UTC;23:45;UTC;8,619
30.12.2025;23:45;UTC;00:00;UTC;8,096
31.12.2025;00:00;UTC;00:15;UTC;9,011
31.12.2025;00:15;UTC;00:30;UTC;8,348
31.12.2025;00:30;UTC;00:45;UTC;8,267
31.12.2025;00:45;UTC;01:00;UTC;8,109
31.12.2025;01:00;UTC;01:15;UTC;8,354
31.12.2025;01:15;UTC;01:30;UTC;8,106
31.12.2025;01:30;UTC;01:45;UTC;7,925
31.12.2025;01:45;UTC;02:00;UTC;7,7
31.12.2025;02:00;UTC;02:15;UTC;8
31.12.2025;02:15;UTC;02:30;UTC;7,619
31.12.2025;02:30;UTC;02:45;UTC;7,503
31.12.2025;02:45;UTC;03:00;UTC;7,51
31.12.2025;03:00;UTC;03:15;UTC;7,441
31.12.2025;03:15;UTC;03:30;UTC;7,501
31.12.2025;03:30;UTC;03:45;UTC;7,471
31.12.2025;03:45;UTC;04:00;UTC;7,56
31.12.2025;04:00;UTC;04:15;UTC;7,505
31.12.2025;04:15;UTC;04:30;UTC;7,562
31.12.2025;04:30;UTC;04:45;UTC;7,81
31.12.2025;04:45;UTC;05:00;UTC;8,074
31.12.2025;05:00;UTC;05:15;UTC;7,782
31.12.2025;05:15;UTC;05:30;UTC;8,236
31.12.2025;05:30;UTC;05:45;UTC;8,283
31.12.2025;05:45;UTC;06:00;UTC;8,446
31.12.2025;06:00;UTC;06:15;UTC;7,956
31.12.2025;06:15;UTC;06:30;UTC;8,215
31.12.2025;06:30;UTC;06:45;UTC;8,717
31.12.2025;06:45;UTC;07:00;UTC;9,225
31.12.2025;07:00;UTC;07:15;UTC;9,079
31.12.2025;07:15;UTC;07:30;UTC;9,839
31.12.2025;07:30;UTC;07:45;UTC;9,708
31.12.2025;07:45;UTC;08:00;UTC;9,691
31.12.2025;08:00;UTC;08:15;UTC;10,279
31.12.2025;08:15;UTC;08:30;UTC;9,98
31.12.2025;08:30;UTC;08:45;UTC;9,4
31.12.2025;08:45;UTC;09:00;UTC;8,475
31.12.2025;09:00;UTC;09:15;UTC;9,725
31.12.2025;09:15;UTC;09:30;UTC;8,982
31.12.2025;09:30;UTC;09:45;UTC;8,724
31.12.2025;09:45;UTC;10:00;UTC;8,274
31.12.2025;10:00;UTC;10:15;UTC;8,793
31.12.2025;10:15;UTC;10:30;UTC;8,393
31.12.2025;10:30;UTC;10:45;UTC;8,206
31.12.2025;10:45;UTC;11:00;UTC;8
31.12.2025;11:00;UTC;11:15;UTC;8,33
31.12.2025;11:15;UTC;11:30;UTC;8,2
31.12.2025;11:30;UTC;11:45;UTC;8,2
31.12.2025;11:45;UTC;12:00;UTC;8,489
31.12.2025;12:00;UTC;12:15;UTC;8,31
31.12.2025;12:15;UTC;12:30;UTC;8,414
31.12.2025;12:30;UTC;12:45;UTC;8,5
31.12.2025;12:45;UTC;13:00;UTC;8,844
31.12.2025;13:00;UTC;13:15;UTC;8,262
31.12.2025;13:15;UTC;13:30;UTC;8,539
31.12.2025;13:30;UTC;13:45;UTC;8,52
31.12.2025;13:45;UTC;14:00;UTC;8,75
31.12.2025;14:00;UTC;14:15;UTC;8,499
31.12.2025;14:15;UTC;14:30;UTC;8,976
31.12.2025;14:30;UTC;14:45;UTC;9,17
31.12.2025;14:45;UTC;15:00;UTC;9,688
31.12.2025;15:00;UTC;15:15;UTC;9,06
31.12.2025;15:15;UTC;15:30;UTC;10,066
31.12.2025;15:30;UTC;15:45;UTC;10,369
31.12.2025;15:45;UTC;16:00;UTC;10,787
31.12.2025;16:00;UTC;16:15;UTC;10,581
31.12.2025;16:15;UTC;16:30;UTC;10,633
31.12.2025;16:30;UTC;16:45;UTC;10,902
31.12.2025;16:45;UTC;17:00;UTC;11,924
31.12.2025;17:00;UTC;17:15;UTC;11,011
31.12.2025;17:15;UTC;17:30;UTC;11,285
31.12.2025;17:30;UTC;17:45;UTC;10,565
31.12.2025;17:45;UTC;18:00;UTC;10,15
31.12.2025;18:00;UTC;18:15;UTC;10,083
31.12.2025;18:15;UTC;18:30;UTC;9,467
31.12.2025;18:30;UTC;18:45;UTC;9,787
31.12.2025;18:45;UTC;19:00;UTC;9,059
31.12.2025;19:00;UTC;19:15;UTC;9,622
31.12.2025;19:15;UTC;19:30;UTC;8,839
31.12.2025;19:30;UTC;19:45;UTC;8,427
31.12.2025;19:45;UTC;20:00;UTC;7,833
31.12.2025;20:00;UTC;20:15;UTC;8,907
31.12.2025;20:15;UTC;20:30;UTC;8,371
31.12.2025;20:30;UTC;20:45;UTC;7,672
31.12.2025;20:45;UTC;21:00;UTC;6,969
31.12.2025;21:00;UTC;21:15;UTC;8,795
31.12.2025;21:15;UTC;21:30;UTC;8,137
31.12.2025;21:30;UTC;21:45;UTC;8,247
31.12.2025;21:45;UTC;22:00;UTC;7,377
31.12.2025;22:00;UTC;22:15;UTC;8,63
31.12.2025;22:15;UTC;22:30;UTC;7,648
31.12.2025;22:30;UTC;22:45;UTC;7,575
31.12.2025;22:45;UTC;23:00;UTC;6,726
31.12.2025;23:00;UTC;23:15;UTC;6,364
31.12.2025;23:15;UTC;23:30;UTC;6,148
31.12.2025;23:30;UTC;23:45;UTC;5,8
31.12.2025;23:45;UTC;00:00;UTC;4,999
01.01.2026;00:00;UTC;00:15;UTC;6,001
01.01.2026;00:15;UTC;00:30;UTC;4,89
01.01.2026;00:30;UTC;00:45;UTC;3,674
01.01.2026;00:45;UTC;01:00;UTC;2,393
01.01.2026;01:00;UTC;01:15;UTC;3,601
01.01.2026;01:15;UTC;01:30;UTC;1,992
01.01.2026;01:30;UTC;01:45;UTC;1,499
01.01.2026;01:45;UTC;02:00;UTC;0,736
01.01.2026;02:00;UTC;02:15;UTC;1,008
01.01.2026;02:15;UTC;02:30;UTC;0,669
01.01.2026;02:30;UTC;02:45;UTC;0,45
01.01.2026;02:45;UTC;03:00;UTC;0,387
01.01.2026;03:00;UTC;03:15;UTC;0,45
01.01.2026;03:15;UTC;03:30;UTC;0,429
01.01.2026;03:30;UTC;03:45;UTC;0,348
01.01.2026;03:45;UTC;04:00;UTC;0,01
01.01.2026;04:00;UTC;04:15;UTC;0,305
01.01.2026;04:15;UTC;04:30;UTC;0,01
01.01.2026;04:30;UTC;04:45;UTC;0,01
01.01.2026;04:45;UTC;05:00;UTC;0,007
01.01.2026;05:00;UTC;05:15;UTC;0,001
01.01.2026;05:15;UTC;05:30;UTC;0,01
01.01.2026;05:30;UTC;05:45;UTC;0,01
01.01.2026;05:45;UTC;06:00;UTC;0
01.01.2026;06:00;UTC;06:15;UTC;0,009
01.01.2026;06:15;UTC;06:30;UTC;0,001
01.01.2026;06:30;UTC;06:45;UTC;0
01.01.2026;06:45;UTC;07:00;UTC;0
01.01.2026;07:00;UTC;07:15;UTC;0,004
01.01.2026;07:15;UTC;07:30;UTC;0,01
01.01.2026;07:30;UTC;07:45;UTC;0,009
01.01.2026;07:45;UTC;08:00;UTC;0
01.01.2026;08:00;UTC;08:15;UTC;0
01.01.2026;08:15;UTC;08:30;UTC;0
01.01.2026;08:30;UTC;08:45;UTC;0
01.01.2026;08:45;UTC;09:00;UTC;0
01.01.2026;09:00;UTC;09:15;UTC;0
01.01.2026;09:15;UTC;09:30;UTC;0
01.01.2026;09:30;UTC;09:45;UTC;0
01.01.2026;09:45;UTC;10:00;UTC;-0,001
01.01.2026;10:00;UTC;10:15;UTC;0
01.01.2026;10:15;UTC;10:30;UTC;0
01.01.2026;10:30;UTC;10:45;UTC;0
01.01.2026;10:45;UTC;11:00;UTC;-0,001
01.01.2026;11:00;UTC;11:15;UTC;-0,001
01.01.2026;11:15;UTC;11:30;UTC;-0,001
01.01.2026;11:30;UTC;11:45;UTC;-0,001
01.01.2026;11:45;UTC;12:00;UTC;-0,001
01.01.2026;12:00;UTC;12:15;UTC;-0,001
01.01.2026;12:15;UTC;12:30;UTC;-0,001
01.01.2026;12:30;UTC;12:45;UTC;-0,001
01.01.2026;12:45;UTC;13:00;UTC;0
01.01.2026;13:00;UTC;13:15;UTC;-0,001
01.01.2026;13:15;UTC;13:30;UTC;0
01.01.2026;13:30;UTC;13:45;UTC;0
01.01.2026;13:45;UTC;14:00;UTC;0,008
01.01.2026;14:00;UTC;14:15;UTC;0,01
01.01.2026;14:15;UTC;14:30;UTC;0,01
01.01.2026;14:30;UTC;14:45;UTC;0,385
01.01.2026;14:45;UTC;15:00;UTC;0,999
01.01.2026;15:00;UTC;15:15;UTC;0,451
01.01.2026;15:15;UTC;15:30;UTC;1
01.01.2026;15:30;UTC;15:45;UTC;1,242
01.01.2026;15:45;UTC;16:00;UTC;1,445
01.01.2026;16:00;UTC;16:15;UTC;2,008
01.01.2026;16:15;UTC;16:30;UTC;1,499
01.01.2026;16:30;UTC;16:45;UTC;3,208
01.01.2026;16:45;UTC;17:00;UTC;2,003
01.01.2026;17:00;UTC;17:15;UTC;2,776
01.01.2026;17:15;UTC;17:30;UTC;3
01.01.2026;17:30;UTC;17:45;UTC;2,217
01.01.2026;17:45;UTC;18:00;UTC;1,258
01.01.2026;18:00;UTC;18:15;UTC;2,896
01.01.2026;18:15;UTC;18:30;UTC;1,827
01.01.2026;18:30;UTC;18:45;UTC;1,258
01.01.2026;18:45;UTC;19:00;UTC;1,256
01.01.2026;19:00;UTC;19:15;UTC;1,253
01.01.2026;19:15;UTC;19:30;UTC;1,005
01.01.2026;19:30;UTC;19:45;UTC;1,008
01.01.2026;19:45;UTC;20:00;UTC;0,751
01.01.2026;20:00;UTC;20:15;UTC;1,001
01.01.2026;20:15;UTC;20:30;UTC;1,01
01.01.2026;20:30;UTC;20:45;UTC;0,986
01.01.2026;20:45;UTC;21:00;UTC;0,583
01.01.2026;21:00;UTC;21:15;UTC;1,528
01.01.2026;21:15;UTC;21:30;UTC;0,961
01.01.2026;21:30;UTC;21:45;UTC;0,45
01.01.2026;21:45;UTC;22:00;UTC;0,01
01.01.2026;22:00;UTC;22:15;UTC;0,114
01.01.2026;22:15;UTC;22:30;UTC;0
01.01.2026;22:30;UTC;22:45;UTC;0
01.01.2026;22:45;UTC;23:00;UTC;0
01.01.2026;23:00;UTC;23:15;UTC;1,375
01.01.2026;23:15;UTC;23:30;UTC;1,187
01.01.2026;23:30;UTC;23:45;UTC;1,058
01.01.2026;23:45;UTC;00:00;UTC;0,252
02.01.2026;00:00;UTC;00:15;UTC;0,664
02.01.2026;00:15;UTC;00:30;UTC;0,392
02.01.2026;00:30;UTC;00:45;UTC;0,138
02.01.2026;00:45;UTC;01:00;UTC;0,01
02.01.2026;01:00;UTC;01:15;UTC;0,451
02.01.2026;01:15;UTC;01:30;UTC;0,258
02.01.2026;01:30;UTC;01:45;UTC;0,01
02.01.2026;01:45;UTC;02:00;UTC;0,004
02.01.2026;02:00;UTC;02:15;UTC;0,083
02.01.2026;02:15;UTC;02:30;UTC;0,01
02.01.2026;02:30;UTC;02:45;UTC;0,005
02.01.2026;02:45;UTC;03:00;UTC;0
02.01.2026;03:00;UTC;03:15;UTC;0,01
02.01.2026;03:15;UTC;03:30;UTC;0,01
02.01.2026;03:30;UTC;03:45;UTC;0,206
02.01.2026;03:45;UTC;04:00;UTC;0,464
02.01.2026;04:00;UTC;04:15;UTC;0,499
02.01.2026;04:15;UTC;04:30;UTC;0,98
02.01.2026;04:30;UTC;04:45;UTC;1,141
02.01.2026;04:45;UTC;05:00;UTC;2,179
02.01.2026;05:00;UTC;05:15;UTC;0,554
02.01.2026;05:15;UTC;05:30;UTC;1,716
02.01.2026;05:30;UTC;05:45;UTC;2,572
02.01.2026;05:45;UTC;06:00;UTC;3,876
02.01.2026;06:00;UTC;06:15;UTC;3,293
02.01.2026;06:15;UTC;06:30;UTC;4,426
02.01.2026;06:30;UTC;06:45;UTC;5,999
02.01.2026;06:45;UTC;07:00;UTC;6,668
02.01.2026;07:00;UTC;07:15;UTC;6,633
02.01.2026;07:15;UTC;07:30;UTC;6,858
02.01.2026;07:30;UTC;07:45;UTC;6,993
02.01.2026;07:45;UTC;08:00;UTC;7,063
02.01.2026;08:00;UTC;08:15;UTC;7,051
02.01.2026;08:15;UTC;08:30;UTC;7,05
02.01.2026;08:30;UTC;08:45;UTC;7,163
02.01.2026;08:45;UTC;09:00;UTC;7,215
02.01.2026;09:00;UTC;09:15;UTC;6,259
02.01.2026;09:15;UTC;09:30;UTC;5,853
02.01.2026;09:30;UTC;09:45;UTC;5,535
02.01.2026;09:45;UTC;10:00;UTC;5,508
02.01.2026;10:00;UTC;10:15;UTC;5,387
02.01.2026;10:15;UTC;10:30;UTC;5,771
02.01.2026;10:30;UTC;10:45;UTC;5,735
02.01.2026;10:45;UTC;11:00;UTC;5,478
02.01.2026;11:00;UTC;11:15;UTC;5,482
02.01.2026;11:15;UTC;11:30;UTC;5,75
02.01.2026;11:30;UTC;11:45;UTC;6
02.01.2026;11:45;UTC;12:00;UTC;5,969
02.01.2026;12:00;UTC;12:15;UTC;6,86
02.01.2026;12:15;UTC;12:30;UTC;6,584
02.01.2026;12:30;UTC;12:45;UTC;6,471
02.01.2026;12:45;UTC;13:00;UTC;6,864
02.01.2026;13:00;UTC;13:15;UTC;6,551
02.01.2026;13:15;UTC;13:30;UTC;7,101
02.01.2026;13:30;UTC;13:45;UTC;7,001
02.01.2026;13:45;UTC;14:00;UTC;7,395
02.01.2026;14:00;UTC;14:15;UTC;6,963
02.01.2026;14:15;UTC;14:30;UTC;7,693
02.01.2026;14:30;UTC;14:45;UTC;8,104
02.01.2026;14:45;UTC;15:00;UTC;8,238
02.01.2026;15:00;UTC;15:15;UTC;7,428
02.01.2026;15:15;UTC;15:30;UTC;8,185
02.01.2026;15:30;UTC;15:45;UTC;8,579
02.01.2026;15:45;UTC;16:00;UTC;8,79
02.01.2026;16:00;UTC;16:15;UTC;8,384
02.01.2026;16:15;UTC;16:30;UTC;8,594
02.01.2026;16:30;UTC;16:45;UTC;8,598
02.01.2026;16:45;UTC;17:00;UTC;8,598
02.01.2026;17:00;UTC;17:15;UTC;8,798
02.01.2026;17:15;UTC;17:30;UTC;8,796
02.01.2026;17:30;UTC;17:45;UTC;8,944
02.01.2026;17:45;UTC;18:00;UTC;8,799
02.01.2026;18:00;UTC;18:15;UTC;8,995
02.01.2026;18:15;UTC;18:30;UTC;8,99
02.01.2026;18:30;UTC;18:45;UTC;8,801
02.01.2026;18:45;UTC;19:00;UTC;8,643
02.01.2026;19:00;UTC;19:15;UTC;9,495
02.01.2026;19:15;UTC;19:30;UTC;8,983
02.01.2026;19:30;UTC;19:45;UTC;8,665
02.01.2026;19:45;UTC;20:00;UTC;8,518
02.01.2026;20:00;UTC;20:15;UTC;8,484
02.01.2026;20:15;UTC;20:30;UTC;8,441
02.01.2026;20:30;UTC;20:45;UTC;8,413
02.01.2026;20:45;UTC;21:00;UTC;8,069
02.01.2026;21:00;UTC;21:15;UTC;8,725
02.01.2026;21:15;UTC;21:30;UTC;8,419
02.01.2026;21:30;UTC;21:45;UTC;8,652
02.01.2026;21:45;UTC;22:00;UTC;8,441
02.01.2026;22:00;UTC;22:15;UTC;8,365
02.01.2026;22:15;UTC;22:30;UTC;8,299
02.01.2026;22:30;UTC;22:45;UTC;8,172
02.01.2026;22:45;UTC;23:00;UTC;7,897
02.01.2026;23:00;UTC;23:15;UTC;8,434
02.01.2026;23:15;UTC;23:30;UTC;8,279
02.01.2026;23:30;UTC;23:45;UTC;7,869
02.01.2026;23:45;UTC;00:00;UTC;7,484
03.01.2026;00:00;UTC;00:15;UTC;8,09
03.01.2026;00:15;UTC;00:30;UTC;7,799
03.01.2026;00:30;UTC;00:45;UTC;7,754
03.01.2026;00:45;UTC;01:00;UTC;7,689
03.01.2026;01:00;UTC;01:15;UTC;7,796
03.01.2026;01:15;UTC;01:30;UTC;7,639
03.01.2026;01:30;UTC;01:45;UTC;7,524
03.01.2026;01:45;UTC;02:00;UTC;7,369
03.01.2026;02:00;UTC;02:15;UTC;7,649
03.01.2026;02:15;UTC;02:30;UTC;7,516
03.01.2026;02:30;UTC;02:45;UTC;7,401
03.01.2026;02:45;UTC;03:00;UTC;7,362
03.01.2026;03:00;UTC;03:15;UTC;7,318
03.01.2026;03:15;UTC;03:30;UTC;7,293
03.01.2026;03:30;UTC;03:45;UTC;7,306
03.01.2026;03:45;UTC;04:00;UTC;7,292
03.01.2026;04:00;UTC;04:15;UTC;7,395
03.01.2026;04:15;UTC;04:30;UTC;7,382
03.01.2026;04:30;UTC;04:45;UTC;7,53
03.01.2026;04:45;UTC;05:00;UTC;7,689
03.01.2026;05:00;UTC;05:15;UTC;7,255
03.01.2026;05:15;UTC;05:30;UTC;7,45
03.01.2026;05:30;UTC;05:45;UTC;7,703
03.01.2026;05:45;UTC;06:00;UTC;7,956
03.01.2026;06:00;UTC;06:15;UTC;7,856
03.01.2026;06:15;UTC;06:30;UTC;7,683
03.01.2026;06:30;UTC;06:45;UTC;7,959
03.01.2026;06:45;UTC;07:00;UTC;8,227
03.01.2026;07:00;UTC;07:15;UTC;8,785
03.01.2026;07:15;UTC;07:30;UTC;9,035
03.01.2026;07:30;UTC;07:45;UTC;9,191
03.01.2026;07:45;UTC;08:00;UTC;9,265
03.01.2026;08:00;UTC;08:15;UTC;9,535
03.01.2026;08:15;UTC;08:30;UTC;9,563
03.01.2026;08:30;UTC;08:45;UTC;9,434
03.01.2026;08:45;UTC;09:00;UTC;9,104
03.01.2026;09:00;UTC;09:15;UTC;9,894
03.01.2026;09:15;UTC;09:30;UTC;9,5
03.01.2026;09:30;UTC;09:45;UTC;9,145
03.01.2026;09:45;UTC;10:00;UTC;8,785
03.01.2026;10:00;UTC;10:15;UTC;9,195
03.01.2026;10:15;UTC;10:30;UTC;8,9
03.01.2026;10:30;UTC;10:45;UTC;8,785
03.01.2026;10:45;UTC;11:00;UTC;8,603
03.01.2026;11:00;UTC;11:15;UTC;8,785
03.01.2026;11:15;UTC;11:30;UTC;8,706
03.01.2026;11:30;UTC;11:45;UTC;8,716
03.01.2026;11:45;UTC;12:00;UTC;8,758
03.01.2026;12:00;UTC;12:15;UTC;8,585
03.01.2026;12:15;UTC;12:30;UTC;8,555
03.01.2026;12:30;UTC;12:45;UTC;8,603
03.01.2026;12:45;UTC;13:00;UTC;8,899
03.01.2026;13:00;UTC;13:15;UTC;8,511
03.01.2026;13:15;UTC;13:30;UTC;8,815
03.01.2026;13:30;UTC;13:45;UTC;9,07
03.01.2026;13:45;UTC;14:00;UTC;9,477
03.01.2026;14:00;UTC;14:15;UTC;9
03.01.2026;14:15;UTC;14:30;UTC;9,401
03.01.2026;14:30;UTC;14:45;UTC;9,668
03.01.2026;14:45;UTC;15:00;UTC;9,771
03.01.2026;15:00;UTC;15:15;UTC;9,478
03.01.2026;15:15;UTC;15:30;UTC;9,939
03.01.2026;15:30;UTC;15:45;UTC;10,098
03.01.2026;15:45;UTC;16:00;UTC;10,437
03.01.2026;16:00;UTC;16:15;UTC;10,595
03.01.2026;16:15;UTC;16:30;UTC;10,999
03.01.2026;16:30;UTC;16:45;UTC;11,101
03.01.2026;16:45;UTC;17:00;UTC;11,191
03.01.2026;17:00;UTC;17:15;UTC;11,28
03.01.2026;17:15;UTC;17:30;UTC;11,101
03.01.2026;17:30;UTC;17:45;UTC;11
03.01.2026;17:45;UTC;18:00;UTC;10,949
03.01.2026;18:00;UTC;18:15;UTC;11,101
03.01.2026;18:15;UTC;18:30;UTC;10,592
03.01.2026;18:30;UTC;18:45;UTC;10,253
03.01.2026;18:45;UTC;19:00;UTC;9,958
03.01.2026;19:00;UTC;19:15;UTC;9,928
03.01.2026;19:15;UTC;19:30;UTC;9,903
03.01.2026;19:30;UTC;19:45;UTC;9,784
03.01.2026;19:45;UTC;20:00;UTC;9,435
03.01.2026;20:00;UTC;20:15;UTC;9,579
03.01.2026;20:15;UTC;20:30;UTC;9,202
03.01.2026;20:30;UTC;20:45;UTC;9,118
03.01.2026;20:45;UTC;21:00;UTC;8,548
03.01.2026;21:00;UTC;21:15;UTC;9,404
03.01.2026;21:15;UTC;21:30;UTC;9,099
03.01.2026;21:30;UTC;21:45;UTC;9,083
03.01.2026;21:45;UTC;22:00;UTC;8,699
03.01.2026;22:00;UTC;22:15;UTC;9,144
03.01.2026;22:15;UTC;22:30;UTC;8,648
03.01.2026;22:30;UTC;22:45;UTC;8,48
03.01.2026;22:45;UTC;23:00;UTC;8,134
03.01.2026;23:00;UTC;23:15;UTC;9,401
03.01.2026;23:15;UTC;23:30;UTC;8,942
03.01.2026;23:30;UTC;23:45;UTC;8,778
03.01.2026;23:45;UTC;00:00;UTC;8,408
04.01.2026;00:00;UTC;00:15;UTC;8,772
04.01.2026;00:15;UTC;00:30;UTC;8,543
04.01.2026;00:30;UTC;00:45;UTC;8,424
04.01.2026;00:45;UTC;01:00;UTC;8,393
04.01.2026;01:00;UTC;01:15;UTC;8,713
04.01.2026;01:15;UTC;01:30;UTC;8,485
04.01.2026;01:30;UTC;01:45;UTC;8,418
04.01.2026;01:45;UTC;02:00;UTC;8,401
04.01.2026;02:00;UTC;02:15;UTC;8,46
04.01.2026;02:15;UTC;02:30;UTC;8,387
04.01.2026;02:30;UTC;02:45;UTC;8,343
04.01.2026;02:45;UTC;03:00;UTC;8,305
04.01.2026;03:00;UTC;03:15;UTC;8,26
04.01.2026;03:15;UTC;03:30;UTC;8,219
04.01.2026;03:30;UTC;03:45;UTC;8,241
04.01.2026;03:45;UTC;04:00;UTC;8,303
04.01.2026;04:00;UTC;04:15;UTC;8,251
04.01.2026;04:15;UTC;04:30;UTC;8,318
04.01.2026;04:30;UTC;04:45;UTC;8,401
04.01.2026;04:45;UTC;05:00;UTC;8,393
04.01.2026;05:00;UTC;05:15;UTC;8,271
04.01.2026;05:15;UTC;05:30;UTC;8,399
04.01.2026;05:30;UTC;05:45;UTC;8,369
04.01.2026;05:45;UTC;06:00;UTC;8,479
04.01.2026;06:00;UTC;06:15;UTC;8,446
04.01.2026;06:15;UTC;06:30;UTC;8,447
04.01.2026;06:30;UTC;06:45;UTC;8,69
04.01.2026;06:45;UTC;07:00;UTC;9,01
04.01.2026;07:00;UTC;07:15;UTC;8,651
04.01.2026;07:15;UTC;07:30;UTC;8,754
04.01.2026;07:30;UTC;07:45;UTC;8,885
04.01.2026;07:45;UTC;08:00;UTC;8,959
04.01.2026;08:00;UTC;08:15;UTC;9,402
04.01.2026;08:15;UTC;08:30;UTC;9,6
04.01.2026;08:30;UTC;08:45;UTC;9,599
04.01.2026;08:45;UTC;09:00;UTC;9,119
04.01.2026;09:00;UTC;09:15;UTC;10,394
04.01.2026;09:15;UTC;09:30;UTC;9,719
04.01.2026;09:30;UTC;09:45;UTC;9,092
04.01.2026;09:45;UTC;10:00;UTC;8,697
04.01.2026;10:00;UTC;10:15;UTC;9,385
04.01.2026;10:15;UTC;10:30;UTC;8,999
04.01.2026;10:30;UTC;10:45;UTC;8,996
04.01.2026;10:45;UTC;11:00;UTC;8,971
04.01.2026;11:00;UTC;11:15;UTC;9,13
04.01.2026;11:15;UTC;11:30;UTC;8,97
04.01.2026;11:30;UTC;11:45;UTC;8,994
04.01.2026;11:45;UTC;12:00;UTC;8,723
04.01.2026;12:00;UTC;12:15;UTC;8,62
04.01.2026;12:15;UTC;12:30;UTC;8,527
04.01.2026;12:30;UTC;12:45;UTC;8,619
04.01.2026;12:45;UTC;13:00;UTC;8,945
04.01.2026;13:00;UTC;13:15;UTC;8,35
04.01.2026;13:15;UTC;13:30;UTC;8,951
04.01.2026;13:30;UTC;13:45;UTC;9,58
04.01.2026;13:45;UTC;14:00;UTC;10,189
04.01.2026;14:00;UTC;14:15;UTC;8,371
04.01.2026;14:15;UTC;14:30;UTC;9,062
04.01.2026;14:30;UTC;14:45;UTC;9,588
04.01.2026;14:45;UTC;15:00;UTC;10,258
04.01.2026;15:00;UTC;15:15;UTC;8,761
04.01.2026;15:15;UTC;15:30;UTC;9,908
04.01.2026;15:30;UTC;15:45;UTC;10,339
04.01.2026;15:45;UTC;16:00;UTC;11,229
04.01.2026;16:00;UTC;16:15;UTC;11,399
04.01.2026;16:15;UTC;16:30;UTC;11,902
04.01.2026;16:30;UTC;16:45;UTC;11,75
04.01.2026;16:45;UTC;17:00;UTC;12,319
04.01.2026;17:00;UTC;17:15;UTC;12,1
04.01.2026;17:15;UTC;17:30;UTC;12,093
04.01.2026;17:30;UTC;17:45;UTC;11,949
04.01.2026;17:45;UTC;18:00;UTC;12,33
04.01.2026;18:00;UTC;18:15;UTC;12,35
04.01.2026;18:15;UTC;18:30;UTC;12,092
04.01.2026;18:30;UTC;18:45;UTC;11,938
04.01.2026;18:45;UTC;19:00;UTC;11,506
04.01.2026;19:00;UTC;19:15;UTC;12,13
04.01.2026;19:15;UTC;19:30;UTC;11,533
04.01.2026;19:30;UTC;19:45;UTC;11
04.01.2026;19:45;UTC;20:00;UTC;10,317
04.01.2026;20:00;UTC;20:15;UTC;10,687
04.01.2026;20:15;UTC;20:30;UTC;10,172
04.01.2026;20:30;UTC;20:45;UTC;9,757
04.01.2026;20:45;UTC;21:00;UTC;9,264
04.01.2026;21:00;UTC;21:15;UTC;9,804
04.01.2026;21:15;UTC;21:30;UTC;9,651
04.01.2026;21:30;UTC;21:45;UTC;9,783
04.01.2026;21:45;UTC;22:00;UTC;9,068
04.01.2026;22:00;UTC;22:15;UTC;9,761
04.01.2026;22:15;UTC;22:30;UTC;8,973
04.01.2026;22:30;UTC;22:45;UTC;8,633
04.01.2026;22:45;UTC;23:00;UTC;8,317
04.01.2026;23:00;UTC;23:15;UTC;10,781
04.01.2026;23:15;UTC;23:30;UTC;9,148
04.01.2026;23:30;UTC;23:45;UTC;8,794
04.01.2026;23:45;UTC;00:00;UTC;8,258
05.01.2026;00:00;UTC;00:15;UTC;9,296
05.01.2026;00:15;UTC;00:30;UTC;9
05.01.2026;00:30;UTC;00:45;UTC;8,674
05.01.2026;00:45;UTC;01:00;UTC;8,569
05.01.2026;01:00;UTC;01:15;UTC;8,721
05.01.2026;01:15;UTC;01:30;UTC;8,661
05.01.2026;01:30;UTC;01:45;UTC;8,693
05.01.2026;01:45;UTC;02:00;UTC;8,528
05.01.2026;02:00;UTC;02:15;UTC;8,636
05.01.2026;02:15;UTC;02:30;UTC;8,597
05.01.2026;02:30;UTC;02:45;UTC;8,574
05.01.2026;02:45;UTC;03:00;UTC;8,718
05.01.2026;03:00;UTC;03:15;UTC;8,625
05.01.2026;03:15;UTC;03:30;UTC;8,673
05.01.2026;03:30;UTC;03:45;UTC;8,701
05.01.2026;03:45;UTC;04:00;UTC;8,999
05.01.2026;04:00;UTC;04:15;UTC;8,746
05.01.2026;04:15;UTC;04:30;UTC;8,835
05.01.2026;04:30;UTC;04:45;UTC;8,911
05.01.2026;04:45;UTC;05:00;UTC;9,851
05.01.2026;05:00;UTC;05:15;UTC;8,738
05.01.2026;05:15;UTC;05:30;UTC;10,49
05.01.2026;05:30;UTC;05:45;UTC;11,871
05.01.2026;05:45;UTC;06:00;UTC;12,51
05.01.2026;06:00;UTC;06:15;UTC;11,446
05.01.2026;06:15;UTC;06:30;UTC;12,092
05.01.2026;06:30;UTC;06:45;UTC;13,296
05.01.2026;06:45;UTC;07:00;UTC;14,891
05.01.2026;07:00;UTC;07:15;UTC;14,535
05.01.2026;07:15;UTC;07:30;UTC;15,649
05.01.2026;07:30;UTC;07:45;UTC;14,897
05.01.2026;07:45;UTC;08:00;UTC;15,389
05.01.2026;08:00;UTC;08:15;UTC;16,299
05.01.2026;08:15;UTC;08:30;UTC;16,149
05.01.2026;08:30;UTC;08:45;UTC;14,722
05.01.2026;08:45;UTC;09:00;UTC;13,69
05.01.2026;09:00;UTC;09:15;UTC;16,246
05.01.2026;09:15;UTC;09:30;UTC;14,586
05.01.2026;09:30;UTC;09:45;UTC;13,999
05.01.2026;09:45;UTC;10:00;UTC;13,42
05.01.2026;10:00;UTC;10:15;UTC;13,99
05.01.2026;10:15;UTC;10:30;UTC;13,633
05.01.2026;10:30;UTC;10:45;UTC;13,599
05.01.2026;10:45;UTC;11:00;UTC;13,406
05.01.2026;11:00;UTC;11:15;UTC;13,44
05.01.2026;11:15;UTC;11:30;UTC;13,297
05.01.2026;11:30;UTC;11:45;UTC;13,384
05.01.2026;11:45;UTC;12:00;UTC;13,6
05.01.2026;12:00;UTC;12:15;UTC;13,159
05.01.2026;12:15;UTC;12:30;UTC;13,133
05.01.2026;12:30;UTC;12:45;UTC;13,552
05.01.2026;12:45;UTC;13:00;UTC;13,877
05.01.2026;13:00;UTC;13:15;UTC;12,82
05.01.2026;13:15;UTC;13:30;UTC;13,122
05.01.2026;13:30;UTC;13:45;UTC;13,99
05.01.2026;13:45;UTC;14:00;UTC;16,128
05.01.2026;14:00;UTC;14:15;UTC;13,309
05.01.2026;14:15;UTC;14:30;UTC;14,002
05.01.2026;14:30;UTC;14:45;UTC;16,643
05.01.2026;14:45;UTC;15:00;UTC;15,642
05.01.2026;15:00;UTC;15:15;UTC;16,487
05.01.2026;15:15;UTC;15:30;UTC;16,606
05.01.2026;15:30;UTC;15:45;UTC;19,319
05.01.2026;15:45;UTC;16:00;UTC;19,871
05.01.2026;16:00;UTC;16:15;UTC;19,813
05.01.2026;16:15;UTC;16:30;UTC;20,8
05.01.2026;16:30;UTC;16:45;UTC;24,439
05.01.2026;16:45;UTC;17:00;UTC;24,318
05.01.2026;17:00;UTC;17:15;UTC;21,944
05.01.2026;17:15;UTC;17:30;UTC;21,652
05.01.2026;17:30;UTC;17:45;UTC;21,738
05.01.2026;17:45;UTC;18:00;UTC;20,1
05.01.2026;18:00;UTC;18:15;UTC;22,212
05.01.2026;18:15;UTC;18:30;UTC;20,897
05.01.2026;18:30;UTC;18:45;UTC;16,2
05.01.2026;18:45;UTC;19:00;UTC;13,811
05.01.2026;19:00;UTC;19:15;UTC;17,13
05.01.2026;19:15;UTC;19:30;UTC;14,673
05.01.2026;19:30;UTC;19:45;UTC;13,809
05.01.2026;19:45;UTC;20:00;UTC;13,201
05.01.2026;20:00;UTC;20:15;UTC;13,782
05.01.2026;20:15;UTC;20:30;UTC;13,505
05.01.2026;20:30;UTC;20:45;UTC;12,576
05.01.2026;20:45;UTC;21:00;UTC;11,778
05.01.2026;21:00;UTC;21:15;UTC;12,871
05.01.2026;21:15;UTC;21:30;UTC;12,248
05.01.2026;21:30;UTC;21:45;UTC;12,417
05.01.2026;21:45;UTC;22:00;UTC;12,004
05.01.2026;22:00;UTC;22:15;UTC;11,951
05.01.2026;22:15;UTC;22:30;UTC;11,241
05.01.2026;22:30;UTC;22:45;UTC;10,726
05.01.2026;22:45;UTC;23:00;UTC;10,602
05.01.2026;23:00;UTC;23:15;UTC;11,477
05.01.2026;23:15;UTC;23:30;UTC;10,738
05.01.2026;23:30;UTC;23:45;UTC;10,09
05.01.2026;23:45;UTC;00:00;UTC;9,573
06.01.2026;00:00;UTC;00:15;UTC;11
06.01.2026;00:15;UTC;00:30;UTC;10,642
06.01.2026;00:30;UTC;00:45;UTC;10,227
06.01.2026;00:45;UTC;01:00;UTC;9,971
06.01.2026;01:00;UTC;01:15;UTC;10,437
06.01.2026;01:15;UTC;01:30;UTC;10,084
06.01.2026;01:30;UTC;01:45;UTC;10,086
06.01.2026;01:45;UTC;02:00;UTC;10,011
06.01.2026;02:00;UTC;02:15;UTC;10,103
06.01.2026;02:15;UTC;02:30;UTC;10,005
06.01.2026;02:30;UTC;02:45;UTC;10,001
06.01.2026;02:45;UTC;03:00;UTC;9,926
06.01.2026;03:00;UTC;03:15;UTC;9,911
06.01.2026;03:15;UTC;03:30;UTC;9,988
06.01.2026;03:30;UTC;03:45;UTC;10,401
06.01.2026;03:45;UTC;04:00;UTC;10,681
06.01.2026;04:00;UTC;04:15;UTC;10,039
06.01.2026;04:15;UTC;04:30;UTC;10,233
06.01.2026;04:30;UTC;04:45;UTC;11,078
06.01.2026;04:45;UTC;05:00;UTC;11,45
06.01.2026;05:00;UTC;05:15;UTC;11,207
06.01.2026;05:15;UTC;05:30;UTC;11,775
06.01.2026;05:30;UTC;05:45;UTC;12,142
06.01.2026;05:45;UTC;06:00;UTC;13,391
06.01.2026;06:00;UTC;06:15;UTC;12,167
06.01.2026;06:15;UTC;06:30;UTC;13,79
06.01.2026;06:30;UTC;06:45;UTC;14,743
06.01.2026;06:45;UTC;07:00;UTC;14,699
06.01.2026;07:00;UTC;07:15;UTC;15,351
06.01.2026;07:15;UTC;07:30;UTC;16,872
06.01.2026;07:30;UTC;07:45;UTC;17,095
06.01.2026;07:45;UTC;08:00;UTC;16,356
06.01.2026;08:00;UTC;08:15;UTC;18,991
06.01.2026;08:15;UTC;08:30;UTC;16,997
06.01.2026;08:30;UTC;08:45;UTC;16,634
06.01.2026;08:45;UTC;09:00;UTC;14,906
06.01.2026;09:00;UTC;09:15;UTC;17,685
06.01.2026;09:15;UTC;09:30;UTC;15,01
06.01.2026;09:30;UTC;09:45;UTC;15,002
06.01.2026;09:45;UTC;10:00;UTC;14,24
06.01.2026;10:00;UTC;10:15;UTC;16,163
06.01.2026;10:15;UTC;10:30;UTC;14,846
06.01.2026;10:30;UTC;10:45;UTC;14,297
06.01.2026;10:45;UTC;11:00;UTC;13,6
06.01.2026;11:00;UTC;11:15;UTC;14,092
06.01.2026;11:15;UTC;11:30;UTC;13,503
06.01.2026;11:30;UTC;11:45;UTC;13,186
06.01.2026;11:45;UTC;12:00;UTC;12,992
06.01.2026;12:00;UTC;12:15;UTC;13,366
06.01.2026;12:15;UTC;12:30;UTC;13,13
06.01.2026;12:30;UTC;12:45;UTC;12,772
06.01.2026;12:45;UTC;13:00;UTC;12,813
06.01.2026;13:00;UTC;13:15;UTC;12,707
06.01.2026;13:15;UTC;13:30;UTC;13
06.01.2026;13:30;UTC;13:45;UTC;13,001
06.01.2026;13:45;UTC;14:00;UTC;13,573
06.01.2026;14:00;UTC;14:15;UTC;12,773
06.01.2026;14:15;UTC;14:30;UTC;13,431
06.01.2026;14:30;UTC;14:45;UTC;13,737
06.01.2026;14:45;UTC;15:00;UTC;14,853
06.01.2026;15:00;UTC;15:15;UTC;12,883
06.01.2026;15:15;UTC;15:30;UTC;14,262
06.01.2026;15:30;UTC;15:45;UTC;14,796
06.01.2026;15:45;UTC;16:00;UTC;16,062
06.01.2026;16:00;UTC;16:15;UTC;14,217
06.01.2026;16:15;UTC;16:30;UTC;14,71
06.01.2026;16:30;UTC;16:45;UTC;16,2
06.01.2026;16:45;UTC;17:00;UTC;16,07
06.01.2026;17:00;UTC;17:15;UTC;15,994
06.01.2026;17:15;UTC;17:30;UTC;15,029
06.01.2026;17:30;UTC;17:45;UTC;14,685
06.01.2026;17:45;UTC;18:00;UTC;13,599
06.01.2026;18:00;UTC;18:15;UTC;15,498
06.01.2026;18:15;UTC;18:30;UTC;13,988
06.01.2026;18:30;UTC;18:45;UTC;13,388
06.01.2026;18:45;UTC;19:00;UTC;12,773
06.01.2026;19:00;UTC;19:15;UTC;13,399
06.01.2026;19:15;UTC;19:30;UTC;12,388
06.01.2026;19:30;UTC;19:45;UTC;11,776
06.01.2026;19:45;UTC;20:00;UTC;11,078
06.01.2026;20:00;UTC;20:15;UTC;12,086
06.01.2026;20:15;UTC;20:30;UTC;11,169
06.01.2026;20:30;UTC;20:45;UTC;10,258
06.01.2026;20:45;UTC;21:00;UTC;9,912
06.01.2026;21:00;UTC;21:15;UTC;10,814
06.01.2026;21:15;UTC;21:30;UTC;10,541
06.01.2026;21:30;UTC;21:45;UTC;10,05
06.01.2026;21:45;UTC;22:00;UTC;9,484
06.01.2026;22:00;UTC;22:15;UTC;10,293
06.01.2026;22:15;UTC;22:30;UTC;9,402
06.01.2026;22:30;UTC;22:45;UTC;9,011
06.01.2026;22:45;UTC;23:00;UTC;8,421
06.01.2026;23:00;UTC;23:15;UTC;10,128
06.01.2026;23:15;UTC;23:30;UTC;9,899
06.01.2026;23:30;UTC;23:45;UTC;8,962
06.01.2026;23:45;UTC;00:00;UTC;8,606
07.01.2026;00:00;UTC;00:15;UTC;9,296
07.01.2026;00:15;UTC;00:30;UTC;9,01
07.01.2026;00:30;UTC;00:45;UTC;8,635
07.01.2026;00:45;UTC;01:00;UTC;8,503
07.01.2026;01:00;UTC;01:15;UTC;8,677
07.01.2026;01:15;UTC;01:30;UTC;8,475
07.01.2026;01:30;UTC;01:45;UTC;8,551
07.01.2026;01:45;UTC;02:00;UTC;8,315
07.01.2026;02:00;UTC;02:15;UTC;8,36
07.01.2026;02:15;UTC;02:30;UTC;8,169
07.01.2026;02:30;UTC;02:45;UTC;8,101
07.01.2026;02:45;UTC;03:00;UTC;8,029
07.01.2026;03:00;UTC;03:15;UTC;8,079
07.01.2026;03:15;UTC;03:30;UTC;8,067
07.01.2026;03:30;UTC;03:45;UTC;8,036
07.01.2026;03:45;UTC;04:00;UTC;8,131
07.01.2026;04:00;UTC;04:15;UTC;8,409
07.01.2026;04:15;UTC;04:30;UTC;8,344
07.01.2026;04:30;UTC;04:45;UTC;8,469
07.01.2026;04:45;UTC;05:00;UTC;8,731
07.01.2026;05:00;UTC;05:15;UTC;8,745
07.01.2026;05:15;UTC;05:30;UTC;9,101
07.01.2026;05:30;UTC;05:45;UTC;9,559
07.01.2026;05:45;UTC;06:00;UTC;9,703
07.01.2026;06:00;UTC;06:15;UTC;10,01
07.01.2026;06:15;UTC;06:30;UTC;9,819
07.01.2026;06:30;UTC;06:45;UTC;10,009
07.01.2026;06:45;UTC;07:00;UTC;9,842
07.01.2026;07:00;UTC;07:15;UTC;10,677
07.01.2026;07:15;UTC;07:30;UTC;10,768
07.01.2026;07:30;UTC;07:45;UTC;11,368
07.01.2026;07:45;UTC;08:00;UTC;10,927
07.01.2026;08:00;UTC;08:15;UTC;11,544
07.01.2026;08:15;UTC;08:30;UTC;11,558
07.01.2026;08:30;UTC;08:45;UTC;11,49
07.01.2026;08:45;UTC;09:00;UTC;10,259
07.01.2026;09:00;UTC;09:15;UTC;11,656
07.01.2026;09:15;UTC;09:30;UTC;10,901
07.01.2026;09:30;UTC;09:45;UTC;10,584
07.01.2026;09:45;UTC;10:00;UTC;10,184
07.01.2026;10:00;UTC;10:15;UTC;10,211
07.01.2026;10:15;UTC;10:30;UTC;9,96
07.01.2026;10:30;UTC;10:45;UTC;9,83
07.01.2026;10:45;UTC;11:00;UTC;9,973
07.01.2026;11:00;UTC;11:15;UTC;9,886
07.01.2026;11:15;UTC;11:30;UTC;9,601
07.01.2026;11:30;UTC;11:45;UTC;9,635
07.01.2026;11:45;UTC;12:00;UTC;9,414
07.01.2026;12:00;UTC;12:15;UTC;9,791
07.01.2026;12:15;UTC;12:30;UTC;9,362
07.01.2026;12:30;UTC;12:45;UTC;8,978
07.01.2026;12:45;UTC;13:00;UTC;9,131
07.01.2026;13:00;UTC;13:15;UTC;9,119
07.01.2026;13:15;UTC;13:30;UTC;9,436
07.01.2026;13:30;UTC;13:45;UTC;9,409
07.01.2026;13:45;UTC;14:00;UTC;10,127
07.01.2026;14:00;UTC;14:15;UTC;9,586
07.01.2026;14:15;UTC;14:30;UTC;10,281
07.01.2026;14:30;UTC;14:45;UTC;10,576
07.01.2026;14:45;UTC;15:00;UTC;10,292
07.01.2026;15:00;UTC;15:15;UTC;10,186
07.01.2026;15:15;UTC;15:30;UTC;10,184
07.01.2026;15:30;UTC;15:45;UTC;10,76
07.01.2026;15:45;UTC;16:00;UTC;11,424
07.01.2026;16:00;UTC;16:15;UTC;11,818
07.01.2026;16:15;UTC;16:30;UTC;12,2
07.01.2026;16:30;UTC;16:45;UTC;12,9
07.01.2026;16:45;UTC;17:00;UTC;13,157
07.01.2026;17:00;UTC;17:15;UTC;12,301
07.01.2026;17:15;UTC;17:30;UTC;12,405
07.01.2026;17:30;UTC;17:45;UTC;12,385
07.01.2026;17:45;UTC;18:00;UTC;12,549
07.01.2026;18:00;UTC;18:15;UTC;11,551
07.01.2026;18:15;UTC;18:30;UTC;11,987
07.01.2026;18:30;UTC;18:45;UTC;11,655
07.01.2026;18:45;UTC;19:00;UTC;11,5
07.01.2026;19:00;UTC;19:15;UTC;10,777
07.01.2026;19:15;UTC;19:30;UTC;11,393
07.01.2026;19:30;UTC;19:45;UTC;10,825
07.01.2026;19:45;UTC;20:00;UTC;10,496
07.01.2026;20:00;UTC;20:15;UTC;10,526
07.01.2026;20:15;UTC;20:30;UTC;10,154
07.01.2026;20:30;UTC;20:45;UTC;9,601
07.01.2026;20:45;UTC;21:00;UTC;9,101
07.01.2026;21:00;UTC;21:15;UTC;9,073
07.01.2026;21:15;UTC;21:30;UTC;9,544
07.01.2026;21:30;UTC;21:45;UTC;9,656
07.01.2026;21:45;UTC;22:00;UTC;9,311
07.01.2026;22:00;UTC;22:15;UTC;9,511
07.01.2026;22:15;UTC;22:30;UTC;8,901
07.01.2026;22:30;UTC;22:45;UTC;8,683
07.01.2026;22:45;UTC;23:00;UTC;8,41
07.01.2026;23:00;UTC;23:15;UTC;8,688
07.01.2026;23:15;UTC;23:30;UTC;8,594
07.01.2026;23:30;UTC;23:45;UTC;8,27
07.01.2026;23:45;UTC;00:00;UTC;8,08
08.01.2026;00:00;UTC;00:15;UTC;8,5
08.01.2026;00:15;UTC;00:30;UTC;8,259
08.01.2026;00:30;UTC;00:45;UTC;8,318
08.01.2026;00:45;UTC;01:00;UTC;8,156
08.01.2026;01:00;UTC;01:15;UTC;8,47
08.01.2026;01:15;UTC;01:30;UTC;8,494
08.01.2026;01:30;UTC;01:45;UTC;8,359
08.01.2026;01:45;UTC;02:00;UTC;8,486
08.01.2026;02:00;UTC;02:15;UTC;8,264
08.01.2026;02:15;UTC;02:30;UTC;8,301
08.01.2026;02:30;UTC;02:45;UTC;8,176
08.01.2026;02:45;UTC;03:00;UTC;8,248
08.01.2026;03:00;UTC;03:15;UTC;8,104
08.01.2026;03:15;UTC;03:30;UTC;8,5
08.01.2026;03:30;UTC;03:45;UTC;8,739
08.01.2026;03:45;UTC;04:00;UTC;8,763
08.01.2026;04:00;UTC;04:15;UTC;8,526
08.01.2026;04:15;UTC;04:30;UTC;8,705
08.01.2026;04:30;UTC;04:45;UTC;8,86
08.01.2026;04:45;UTC;05:00;UTC;9,064
08.01.2026;05:00;UTC;05:15;UTC;8,636
08.01.2026;05:15;UTC;05:30;UTC;8,853
08.01.2026;05:30;UTC;05:45;UTC;10,379
08.01.2026;05:45;UTC;06:00;UTC;11,284
08.01.2026;06:00;UTC;06:15;UTC;10,327
08.01.2026;06:15;UTC;06:30;UTC;10,904
08.01.2026;06:30;UTC;06:45;UTC;13,252
08.01.2026;06:45;UTC;07:00;UTC;16,202
08.01.2026;07:00;UTC;07:15;UTC;16,787
08.01.2026;07:15;UTC;07:30;UTC;16,653
08.01.2026;07:30;UTC;07:45;UTC;16,853
08.01.2026;07:45;UTC;08:00;UTC;17,231
08.01.2026;08:00;UTC;08:15;UTC;18,1
08.01.2026;08:15;UTC;08:30;UTC;19,348
08.01.2026;08:30;UTC;08:45;UTC;21,196
08.01.2026;08:45;UTC;09:00;UTC;18,444
08.01.2026;09:00;UTC;09:15;UTC;20,401
08.01.2026;09:15;UTC;09:30;UTC;22,298
08.01.2026;09:30;UTC;09:45;UTC;20,24
08.01.2026;09:45;UTC;10:00;UTC;20,234
08.01.2026;10:00;UTC;10:15;UTC;22,259
08.01.2026;10:15;UTC;10:30;UTC;20,41
08.01.2026;10:30;UTC;10:45;UTC;21,295
08.01.2026;10:45;UTC;11:00;UTC;21,281
08.01.2026;11:00;UTC;11:15;UTC;21,516
08.01.2026;11:15;UTC;11:30;UTC;21,593
08.01.2026;11:30;UTC;11:45;UTC;21,717
08.01.2026;11:45;UTC;12:00;UTC;23,282
08.01.2026;12:00;UTC;12:15;UTC;21,709
08.01.2026;12:15;UTC;12:30;UTC;23,659
08.01.2026;12:30;UTC;12:45;UTC;24,396
08.01.2026;12:45;UTC;13:00;UTC;24,722
08.01.2026;13:00;UTC;13:15;UTC;22,902
08.01.2026;13:15;UTC;13:30;UTC;26,305
08.01.2026;13:30;UTC;13:45;UTC;29,121
08.01.2026;13:45;UTC;14:00;UTC;27,506
08.01.2026;14:00;UTC;14:15;UTC;25,117
08.01.2026;14:15;UTC;14:30;UTC;27,038
08.01.2026;14:30;UTC;14:45;UTC;26,5
08.01.2026;14:45;UTC;15:00;UTC;27,113
08.01.2026;15:00;UTC;15:15;UTC;22,446
08.01.2026;15:15;UTC;15:30;UTC;24,101
08.01.2026;15:30;UTC;15:45;UTC;27,244
08.01.2026;15:45;UTC;16:00;UTC;30,005
08.01.2026;16:00;UTC;16:15;UTC;25,457
08.01.2026;16:15;UTC;16:30;UTC;26,106
08.01.2026;16:30;UTC;16:45;UTC;22,484
08.01.2026;16:45;UTC;17:00;UTC;19,494
08.01.2026;17:00;UTC;17:15;UTC;27,009
08.01.2026;17:15;UTC;17:30;UTC;20,099
08.01.2026;17:30;UTC;17:45;UTC;18,1
08.01.2026;17:45;UTC;18:00;UTC;14,551
08.01.2026;18:00;UTC;18:15;UTC;17,616
08.01.2026;18:15;UTC;18:30;UTC;16,8
08.01.2026;18:30;UTC;18:45;UTC;11,685
08.01.2026;18:45;UTC;19:00;UTC;9,598
08.01.2026;19:00;UTC;19:15;UTC;12,98
08.01.2026;19:15;UTC;19:30;UTC;10,56
08.01.2026;19:30;UTC;19:45;UTC;8,829
08.01.2026;19:45;UTC;20:00;UTC;8,481
08.01.2026;20:00;UTC;20:15;UTC;10,436
08.01.2026;20:15;UTC;20:30;UTC;9,763
08.01.2026;20:30;UTC;20:45;UTC;9,077
08.01.2026;20:45;UTC;21:00;UTC;8,517
08.01.2026;21:00;UTC;21:15;UTC;10,393
08.01.2026;21:15;UTC;21:30;UTC;9,123
08.01.2026;21:30;UTC;21:45;UTC;8,872
08.01.2026;21:45;UTC;22:00;UTC;8,134
08.01.2026;22:00;UTC;22:15;UTC;9,451
08.01.2026;22:15;UTC;22:30;UTC;8,248
08.01.2026;22:30;UTC;22:45;UTC;7,06
08.01.2026;22:45;UTC;23:00;UTC;6,855
08.01.2026;23:00;UTC;23:15;UTC;9,556
08.01.2026;23:15;UTC;23:30;UTC;8,023
08.01.2026;23:30;UTC;23:45;UTC;7,01
08.01.2026;23:45;UTC;00:00;UTC;6,996
09.01.2026;00:00;UTC;00:15;UTC;7,548
09.01.2026;00:15;UTC;00:30;UTC;7,424
09.01.2026;00:30;UTC;00:45;UTC;6,998
09.01.2026;00:45;UTC;01:00;UTC;6,306
09.01.2026;01:00;UTC;01:15;UTC;6,421
09.01.2026;01:15;UTC;01:30;UTC;5,811
09.01.2026;01:30;UTC;01:45;UTC;5,479
09.01.2026;01:45;UTC;02:00;UTC;5,229
09.01.2026;02:00;UTC;02:15;UTC;5,575
09.01.2026;02:15;UTC;02:30;UTC;5,103
09.01.2026;02:30;UTC;02:45;UTC;5,009
09.01.2026;02:45;UTC;03:00;UTC;4,649
09.01.2026;03:00;UTC;03:15;UTC;4,581
09.01.2026;03:15;UTC;03:30;UTC;4,581
09.01.2026;03:30;UTC;03:45;UTC;4,822
09.01.2026;03:45;UTC;04:00;UTC;5,154
09.01.2026;04:00;UTC;04:15;UTC;4,991
09.01.2026;04:15;UTC;04:30;UTC;5,335
09.01.2026;04:30;UTC;04:45;UTC;5,938
09.01.2026;04:45;UTC;05:00;UTC;6,366
09.01.2026;05:00;UTC;05:15;UTC;6,502
09.01.2026;05:15;UTC;05:30;UTC;7,264
09.01.2026;05:30;UTC;05:45;UTC;7,443
09.01.2026;05:45;UTC;06:00;UTC;7,833
09.01.2026;06:00;UTC;06:15;UTC;7,725
09.01.2026;06:15;UTC;06:30;UTC;8,333
09.01.2026;06:30;UTC;06:45;UTC;8,763
09.01.2026;06:45;UTC;07:00;UTC;8,9
09.01.2026;07:00;UTC;07:15;UTC;8,717
09.01.2026;07:15;UTC;07:30;UTC;9,148
09.01.2026;07:30;UTC;07:45;UTC;9,218
09.01.2026;07:45;UTC;08:00;UTC;8,822
09.01.2026;08:00;UTC;08:15;UTC;9,128
09.01.2026;08:15;UTC;08:30;UTC;8,899
09.01.2026;08:30;UTC;08:45;UTC;8,657
09.01.2026;08:45;UTC;09:00;UTC;8,975
09.01.2026;09:00;UTC;09:15;UTC;9,349
09.01.2026;09:15;UTC;09:30;UTC;8,957
09.01.2026;09:30;UTC;09:45;UTC;9,893
09.01.2026;09:45;UTC;10:00;UTC;9,373
09.01.2026;10:00;UTC;10:15;UTC;8,894
09.01.2026;10:15;UTC;10:30;UTC;8,718
09.01.2026;10:30;UTC;10:45;UTC;8,506
09.01.2026;10:45;UTC;11:00;UTC;8,2
09.01.2026;11:00;UTC;11:15;UTC;8,383
09.01.2026;11:15;UTC;11:30;UTC;8,217
09.01.2026;11:30;UTC;11:45;UTC;8,396
09.01.2026;11:45;UTC;12:00;UTC;8,21
09.01.2026;12:00;UTC;12:15;UTC;8,492
09.01.2026;12:15;UTC;12:30;UTC;8,275
09.01.2026;12:30;UTC;12:45;UTC;8,212
09.01.2026;12:45;UTC;13:00;UTC;8,161
09.01.2026;13:00;UTC;13:15;UTC;8,194
09.01.2026;13:15;UTC;13:30;UTC;8,231
09.01.2026;13:30;UTC;13:45;UTC;8,23
09.01.2026;13:45;UTC;14:00;UTC;8,479
09.01.2026;14:00;UTC;14:15;UTC;8,215
09.01.2026;14:15;UTC;14:30;UTC;8,491
09.01.2026;14:30;UTC;14:45;UTC;8,459
09.01.2026;14:45;UTC;15:00;UTC;8,933
09.01.2026;15:00;UTC;15:15;UTC;8,239
09.01.2026;15:15;UTC;15:30;UTC;8,687
09.01.2026;15:30;UTC;15:45;UTC;9,104
09.01.2026;15:45;UTC;16:00;UTC;8,999
09.01.2026;16:00;UTC;16:15;UTC;9,278
09.01.2026;16:15;UTC;16:30;UTC;9,277
09.01.2026;16:30;UTC;16:45;UTC;9,107
09.01.2026;16:45;UTC;17:00;UTC;9,346
09.01.2026;17:00;UTC;17:15;UTC;8,998
09.01.2026;17:15;UTC;17:30;UTC;9,362
09.01.2026;17:30;UTC;17:45;UTC;9,387
09.01.2026;17:45;UTC;18:00;UTC;8,918
09.01.2026;18:00;UTC;18:15;UTC;8,994
09.01.2026;18:15;UTC;18:30;UTC;8,695
09.01.2026;18:30;UTC;18:45;UTC;8,566
09.01.2026;18:45;UTC;19:00;UTC;8,657
09.01.2026;19:00;UTC;19:15;UTC;8,355
09.01.2026;19:15;UTC;19:30;UTC;8,279
09.01.2026;19:30;UTC;19:45;UTC;8,215
09.01.2026;19:45;UTC;20:00;UTC;8,272
09.01.2026;20:00;UTC;20:15;UTC;8,421
09.01.2026;20:15;UTC;20:30;UTC;8,214
09.01.2026;20:30;UTC;20:45;UTC;7,948
09.01.2026;20:45;UTC;21:00;UTC;7,561
09.01.2026;21:00;UTC;21:15;UTC;8,433
09.01.2026;21:15;UTC;21:30;UTC;8,073
09.01.2026;21:30;UTC;21:45;UTC;8,006
09.01.2026;21:45;UTC;22:00;UTC;7,628
09.01.2026;22:00;UTC;22:15;UTC;7,771
09.01.2026;22:15;UTC;22:30;UTC;7,345
09.01.2026;22:30;UTC;22:45;UTC;7,409
09.01.2026;22:45;UTC;23:00;UTC;7,279
09.01.2026;23:00;UTC;23:15;UTC;7,894
09.01.2026;23:15;UTC;23:30;UTC;7,353
09.01.2026;23:30;UTC;23:45;UTC;7,008
09.01.2026;23:45;UTC;00:00;UTC;6,861
10.01.2026;00:00;UTC;00:15;UTC;7,144
10.01.2026;00:15;UTC;00:30;UTC;7,055
10.01.2026;00:30;UTC;00:45;UTC;6,94
10.01.2026;00:45;UTC;01:00;UTC;6,771
10.01.2026;01:00;UTC;01:15;UTC;6,769
10.01.2026;01:15;UTC;01:30;UTC;6,611
10.01.2026;01:30;UTC;01:45;UTC;6,563
10.01.2026;01:45;UTC;02:00;UTC;6,552
10.01.2026;02:00;UTC;02:15;UTC;6,712
10.01.2026;02:15;UTC;02:30;UTC;6,638
10.01.2026;02:30;UTC;02:45;UTC;6,694
10.01.2026;02:45;UTC;03:00;UTC;6,57
10.01.2026;03:00;UTC;03:15;UTC;6,672
10.01.2026;03:15;UTC;03:30;UTC;6,641
10.01.2026;03:30;UTC;03:45;UTC;6,599
10.01.2026;03:45;UTC;04:00;UTC;6,693
10.01.2026;04:00;UTC;04:15;UTC;6,627
10.01.2026;04:15;UTC;04:30;UTC;6,729
10.01.2026;04:30;UTC;04:45;UTC;6,947
10.01.2026;04:45;UTC;05:00;UTC;7,081
10.01.2026;05:00;UTC;05:15;UTC;6,64
10.01.2026;05:15;UTC;05:30;UTC;6,86
10.01.2026;05:30;UTC;05:45;UTC;7,14
10.01.2026;05:45;UTC;06:00;UTC;7,344
10.01.2026;06:00;UTC;06:15;UTC;7,019
10.01.2026;06:15;UTC;06:30;UTC;7,561
10.01.2026;06:30;UTC;06:45;UTC;7,904
10.01.2026;06:45;UTC;07:00;UTC;8,182
10.01.2026;07:00;UTC;07:15;UTC;7,996
10.01.2026;07:15;UTC;07:30;UTC;8,142
10.01.2026;07:30;UTC;07:45;UTC;8,758
10.01.2026;07:45;UTC;08:00;UTC;9,115
10.01.2026;08:00;UTC;08:15;UTC;9,041
10.01.2026;08:15;UTC;08:30;UTC;9,337
10.01.2026;08:30;UTC;08:45;UTC;9,341
10.01.2026;08:45;UTC;09:00;UTC;9,226
10.01.2026;09:00;UTC;09:15;UTC;9,185
10.01.2026;09:15;UTC;09:30;UTC;9,472
10.01.2026;09:30;UTC;09:45;UTC;10,078
10.01.2026;09:45;UTC;10:00;UTC;10,303
10.01.2026;10:00;UTC;10:15;UTC;9,482
10.01.2026;10:15;UTC;10:30;UTC;10,179
10.01.2026;10:30;UTC;10:45;UTC;10,359
10.01.2026;10:45;UTC;11:00;UTC;10,603
10.01.2026;11:00;UTC;11:15;UTC;10,048
10.01.2026;11:15;UTC;11:30;UTC;10,343
10.01.2026;11:30;UTC;11:45;UTC;10,02
10.01.2026;11:45;UTC;12:00;UTC;10,217
10.01.2026;12:00;UTC;12:15;UTC;10,142
10.01.2026;12:15;UTC;12:30;UTC;10,307
10.01.2026;12:30;UTC;12:45;UTC;10,44
10.01.2026;12:45;UTC;13:00;UTC;11,041
10.01.2026;13:00;UTC;13:15;UTC;10,785
10.01.2026;13:15;UTC;13:30;UTC;10,765
10.01.2026;13:30;UTC;13:45;UTC;11,471
10.01.2026;13:45;UTC;14:00;UTC;11,556
10.01.2026;14:00;UTC;14:15;UTC;10,989
10.01.2026;14:15;UTC;14:30;UTC;11,521
10.01.2026;14:30;UTC;14:45;UTC;11,688
10.01.2026;14:45;UTC;15:00;UTC;12,889
10.01.2026;15:00;UTC;15:15;UTC;12,075
10.01.2026;15:15;UTC;15:30;UTC;12,495
10.01.2026;15:30;UTC;15:45;UTC;12,359
10.01.2026;15:45;UTC;16:00;UTC;14,274
10.01.2026;16:00;UTC;16:15;UTC;13,399
10.01.2026;16:15;UTC;16:30;UTC;13,907
10.01.2026;16:30;UTC;16:45;UTC;14,208
10.01.2026;16:45;UTC;17:00;UTC;14,297
10.01.2026;17:00;UTC;17:15;UTC;14,357
10.01.2026;17:15;UTC;17:30;UTC;13,799
10.01.2026;17:30;UTC;17:45;UTC;13,656
10.01.2026;17:45;UTC;18:00;UTC;12,952
10.01.2026;18:00;UTC;18:15;UTC;13,487
10.01.2026;18:15;UTC;18:30;UTC;12,952
10.01.2026;18:30;UTC;18:45;UTC;12,536
10.01.2026;18:45;UTC;19:00;UTC;12,347
10.01.2026;19:00;UTC;19:15;UTC;12,905
10.01.2026;19:15;UTC;19:30;UTC;12,072
10.01.2026;19:30;UTC;19:45;UTC;11,896
10.01.2026;19:45;UTC;20:00;UTC;11,323
10.01.2026;20:00;UTC;20:15;UTC;11,849
10.01.2026;20:15;UTC;20:30;UTC;11,444
10.01.2026;20:30;UTC;20:45;UTC;11,439
10.01.2026;20:45;UTC;21:00;UTC;10,552
10.01.2026;21:00;UTC;21:15;UTC;11,446
10.01.2026;21:15;UTC;21:30;UTC;11,381
10.01.2026;21:30;UTC;21:45;UTC;10,333
10.01.2026;21:45;UTC;22:00;UTC;9,912
10.01.2026;22:00;UTC;22:15;UTC;10,176
10.01.2026;22:15;UTC;22:30;UTC;9,75
10.01.2026;22:30;UTC;22:45;UTC;9,775
10.01.2026;22:45;UTC;23:00;UTC;9,578
10.01.2026;23:00;UTC;23:15;UTC;10,82
10.01.2026;23:15;UTC;23:30;UTC;9,772
10.01.2026;23:30;UTC;23:45;UTC;9,37
10.01.2026;23:45;UTC;00:00;UTC;8,799
11.01.2026;00:00;UTC;00:15;UTC;9,899
11.01.2026;00:15;UTC;00:30;UTC;9,255
11.01.2026;00:30;UTC;00:45;UTC;9,091
11.01.2026;00:45;UTC;01:00;UTC;8,854
11.01.2026;01:00;UTC;01:15;UTC;9,199
11.01.2026;01:15;UTC;01:30;UTC;8,909
11.01.2026;01:30;UTC;01:45;UTC;8,62
11.01.2026;01:45;UTC;02:00;UTC;8,486
11.01.2026;02:00;UTC;02:15;UTC;8,418
11.01.2026;02:15;UTC;02:30;UTC;8,452
11.01.2026;02:30;UTC;02:45;UTC;8,456
11.01.2026;02:45;UTC;03:00;UTC;8,618
11.01.2026;03:00;UTC;03:15;UTC;8,504
11.01.2026;03:15;UTC;03:30;UTC;8,303
11.01.2026;03:30;UTC;03:45;UTC;8,142
11.01.2026;03:45;UTC;04:00;UTC;8,123
11.01.2026;04:00;UTC;04:15;UTC;8,164
11.01.2026;04:15;UTC;04:30;UTC;8,164
11.01.2026;04:30;UTC;04:45;UTC;8,22
11.01.2026;04:45;UTC;05:00;UTC;8,356
11.01.2026;05:00;UTC;05:15;UTC;8,093
11.01.2026;05:15;UTC;05:30;UTC;8,164
11.01.2026;05:30;UTC;05:45;UTC;8,164
11.01.2026;05:45;UTC;06:00;UTC;8,22
11.01.2026;06:00;UTC;06:15;UTC;8,113
11.01.2026;06:15;UTC;06:30;UTC;8,246
11.01.2026;06:30;UTC;06:45;UTC;8,568
11.01.2026;06:45;UTC;07:00;UTC;8,777
11.01.2026;07:00;UTC;07:15;UTC;8,702
11.01.2026;07:15;UTC;07:30;UTC;8,997
11.01.2026;07:30;UTC;07:45;UTC;9,284
11.01.2026;07:45;UTC;08:00;UTC;9,841
11.01.2026;08:00;UTC;08:15;UTC;10,391
11.01.2026;08:15;UTC;08:30;UTC;10,339
11.01.2026;08:30;UTC;08:45;UTC;10,319
11.01.2026;08:45;UTC;09:00;UTC;10,192
11.01.2026;09:00;UTC;09:15;UTC;10,393
11.01.2026;09:15;UTC;09:30;UTC;10,168
11.01.2026;09:30;UTC;09:45;UTC;10,048
11.01.2026;09:45;UTC;10:00;UTC;9,664
11.01.2026;10:00;UTC;10:15;UTC;10,268
11.01.2026;10:15;UTC;10:30;UTC;10,064
11.01.2026;10:30;UTC;10:45;UTC;9,997
11.01.2026;10:45;UTC;11:00;UTC;9,638
11.01.2026;11:00;UTC;11:15;UTC;9,971
11.01.2026;11:15;UTC;11:30;UTC;9,797
11.01.2026;11:30;UTC;11:45;UTC;9,833
11.01.2026;11:45;UTC;12:00;UTC;9,234
11.01.2026;12:00;UTC;12:15;UTC;9,866
11.01.2026;12:15;UTC;12:30;UTC;9,373
11.01.2026;12:30;UTC;12:45;UTC;9,636
11.01.2026;12:45;UTC;13:00;UTC;9,732
11.01.2026;13:00;UTC;13:15;UTC;9,63
11.01.2026;13:15;UTC;13:30;UTC;9,831
11.01.2026;13:30;UTC;13:45;UTC;10,09
11.01.2026;13:45;UTC;14:00;UTC;10
11.01.2026;14:00;UTC;14:15;UTC;9,021
11.01.2026;14:15;UTC;14:30;UTC;9,9
11.01.2026;14:30;UTC;14:45;UTC;10,723
11.01.2026;14:45;UTC;15:00;UTC;10,866
11.01.2026;15:00;UTC;15:15;UTC;10,272
11.01.2026;15:15;UTC;15:30;UTC;11,056
11.01.2026;15:30;UTC;15:45;UTC;11,31
11.01.2026;15:45;UTC;16:00;UTC;12,064
11.01.2026;16:00;UTC;16:15;UTC;11,429
11.01.2026;16:15;UTC;16:30;UTC;11,786
11.01.2026;16:30;UTC;16:45;UTC;11,752
11.01.2026;16:45;UTC;17:00;UTC;11,533
11.01.2026;17:00;UTC;17:15;UTC;11,828
11.01.2026;17:15;UTC;17:30;UTC;11,519
11.01.2026;17:30;UTC;17:45;UTC;10,917
11.01.2026;17:45;UTC;18:00;UTC;10,635
11.01.2026;18:00;UTC;18:15;UTC;10,754
11.01.2026;18:15;UTC;18:30;UTC;10,743
11.01.2026;18:30;UTC;18:45;UTC;10,622
11.01.2026;18:45;UTC;19:00;UTC;10,364
11.01.2026;19:00;UTC;19:15;UTC;10,41
11.01.2026;19:15;UTC;19:30;UTC;9,782
11.01.2026;19:30;UTC;19:45;UTC;9,397
11.01.2026;19:45;UTC;20:00;UTC;8,827
11.01.2026;20:00;UTC;20:15;UTC;10,09
11.01.2026;20:15;UTC;20:30;UTC;9,454
11.01.2026;20:30;UTC;20:45;UTC;9,417
11.01.2026;20:45;UTC;21:00;UTC;9,041
11.01.2026;21:00;UTC;21:15;UTC;9,71
11.01.2026;21:15;UTC;21:30;UTC;9,315
11.01.2026;21:30;UTC;21:45;UTC;9,254
11.01.2026;21:45;UTC;22:00;UTC;8,929
11.01.2026;22:00;UTC;22:15;UTC;9,038
11.01.2026;22:15;UTC;22:30;UTC;8,594
11.01.2026;22:30;UTC;22:45;UTC;8,366
11.01.2026;22:45;UTC;23:00;UTC;8,094
11.01.2026;23:00;UTC;23:15;UTC;8,072
11.01.2026;23:15;UTC;23:30;UTC;8,099
11.01.2026;23:30;UTC;23:45;UTC;8,237
11.01.2026;23:45;UTC;00:00;UTC;8,095
12.01.2026;00:00;UTC;00:15;UTC;8,246
12.01.2026;00:15;UTC;00:30;UTC;8,186
12.01.2026;00:30;UTC;00:45;UTC;8,094
12.01.2026;00:45;UTC;01:00;UTC;7,951
12.01.2026;01:00;UTC;01:15;UTC;8,014
12.01.2026;01:15;UTC;01:30;UTC;7,961
12.01.2026;01:30;UTC;01:45;UTC;7,933
12.01.2026;01:45;UTC;02:00;UTC;7,709
12.01.2026;02:00;UTC;02:15;UTC;7,786
12.01.2026;02:15;UTC;02:30;UTC;7,725
12.01.2026;02:30;UTC;02:45;UTC;7,755
12.01.2026;02:45;UTC;03:00;UTC;7,658
12.01.2026;03:00;UTC;03:15;UTC;7,53
12.01.2026;03:15;UTC;03:30;UTC;7,623
12.01.2026;03:30;UTC;03:45;UTC;7,695
12.01.2026;03:45;UTC;04:00;UTC;7,786
12.01.2026;04:00;UTC;04:15;UTC;7,53
12.01.2026;04:15;UTC;04:30;UTC;7,571
12.01.2026;04:30;UTC;04:45;UTC;8,22
12.01.2026;04:45;UTC;05:00;UTC;8,744
12.01.2026;05:00;UTC;05:15;UTC;7,86
12.01.2026;05:15;UTC;05:30;UTC;9,017
12.01.2026;05:30;UTC;05:45;UTC;8,663
12.01.2026;05:45;UTC;06:00;UTC;9,229
12.01.2026;06:00;UTC;06:15;UTC;8,946
12.01.2026;06:15;UTC;06:30;UTC;9,58
12.01.2026;06:30;UTC;06:45;UTC;10,273
12.01.2026;06:45;UTC;07:00;UTC;10,35
12.01.2026;07:00;UTC;07:15;UTC;10,949
12.01.2026;07:15;UTC;07:30;UTC;11,708
12.01.2026;07:30;UTC;07:45;UTC;12,69
12.01.2026;07:45;UTC;08:00;UTC;10,9
12.01.2026;08:00;UTC;08:15;UTC;12,693
12.01.2026;08:15;UTC;08:30;UTC;13,758
12.01.2026;08:30;UTC;08:45;UTC;13,399
12.01.2026;08:45;UTC;09:00;UTC;12,089
12.01.2026;09:00;UTC;09:15;UTC;12,507
12.01.2026;09:15;UTC;09:30;UTC;11,527
12.01.2026;09:30;UTC;09:45;UTC;12,996
12.01.2026;09:45;UTC;10:00;UTC;12,729
12.01.2026;10:00;UTC;10:15;UTC;12,401
12.01.2026;10:15;UTC;10:30;UTC;13,6
12.01.2026;10:30;UTC;10:45;UTC;14,009
12.01.2026;10:45;UTC;11:00;UTC;11,937
12.01.2026;11:00;UTC;11:15;UTC;11,123
12.01.2026;11:15;UTC;11:30;UTC;13,428
12.01.2026;11:30;UTC;11:45;UTC;13,6
12.01.2026;11:45;UTC;12:00;UTC;13,834
12.01.2026;12:00;UTC;12:15;UTC;13,634
12.01.2026;12:15;UTC;12:30;UTC;13,871
12.01.2026;12:30;UTC;12:45;UTC;13,599
12.01.2026;12:45;UTC;13:00;UTC;12
12.01.2026;13:00;UTC;13:15;UTC;11,908
12.01.2026;13:15;UTC;13:30;UTC;12,798
12.01.2026;13:30;UTC;13:45;UTC;13,209
12.01.2026;13:45;UTC;14:00;UTC;13,433
12.01.2026;14:00;UTC;14:15;UTC;13,599
12.01.2026;14:15;UTC;14:30;UTC;13,598
12.01.2026;14:30;UTC;14:45;UTC;12,692
12.01.2026;14:45;UTC;15:00;UTC;12,796
12.01.2026;15:00;UTC;15:15;UTC;10,853
12.01.2026;15:15;UTC;15:30;UTC;12,99
12.01.2026;15:30;UTC;15:45;UTC;12,152
12.01.2026;15:45;UTC;16:00;UTC;11,837
12.01.2026;16:00;UTC;16:15;UTC;12,3
12.01.2026;16:15;UTC;16:30;UTC;12,056
12.01.2026;16:30;UTC;16:45;UTC;11,701
12.01.2026;16:45;UTC;17:00;UTC;11,783
12.01.2026;17:00;UTC;17:15;UTC;12,481
12.01.2026;17:15;UTC;17:30;UTC;11,7
12.01.2026;17:30;UTC;17:45;UTC;10,719
12.01.2026;17:45;UTC;18:00;UTC;11,7
12.01.2026;18:00;UTC;18:15;UTC;10,5
12.01.2026;18:15;UTC;18:30;UTC;10,415
12.01.2026;18:30;UTC;18:45;UTC;10,254
12.01.2026;18:45;UTC;19:00;UTC;9,766
12.01.2026;19:00;UTC;19:15;UTC;10,272
12.01.2026;19:15;UTC;19:30;UTC;9,464
12.01.2026;19:30;UTC;19:45;UTC;9,01
12.01.2026;19:45;UTC;20:00;UTC;8,646
12.01.2026;20:00;UTC;20:15;UTC;9,609
12.01.2026;20:15;UTC;20:30;UTC;9,102
12.01.2026;20:30;UTC;20:45;UTC;8,781
12.01.2026;20:45;UTC;21:00;UTC;9,226
12.01.2026;21:00;UTC;21:15;UTC;9,535
12.01.2026;21:15;UTC;21:30;UTC;9,244
12.01.2026;21:30;UTC;21:45;UTC;9,019
12.01.2026;21:45;UTC;22:00;UTC;9,068
12.01.2026;22:00;UTC;22:15;UTC;9,045
12.01.2026;22:15;UTC;22:30;UTC;8,699
12.01.2026;22:30;UTC;22:45;UTC;8,5
12.01.2026;22:45;UTC;23:00;UTC;8,175
12.01.2026;23:00;UTC;23:15;UTC;8,746
12.01.2026;23:15;UTC;23:30;UTC;8,5
12.01.2026;23:30;UTC;23:45;UTC;8,31
12.01.2026;23:45;UTC;00:00;UTC;8,166
13.01.2026;00:00;UTC;00:15;UTC;8,496
13.01.2026;00:15;UTC;00:30;UTC;8,307
13.01.2026;00:30;UTC;00:45;UTC;8,222
13.01.2026;00:45;UTC;01:00;UTC;8,051
13.01.2026;01:00;UTC;01:15;UTC;8,351
13.01.2026;01:15;UTC;01:30;UTC;8,226
13.01.2026;01:30;UTC;01:45;UTC;8,236
13.01.2026;01:45;UTC;02:00;UTC;8,261
13.01.2026;02:00;UTC;02:15;UTC;8,345
13.01.2026;02:15;UTC;02:30;UTC;8,388
13.01.2026;02:30;UTC;02:45;UTC;8,457
13.01.2026;02:45;UTC;03:00;UTC;8,456
13.01.2026;03:00;UTC;03:15;UTC;8,46
13.01.2026;03:15;UTC;03:30;UTC;8,523
13.01.2026;03:30;UTC;03:45;UTC;8,587
13.01.2026;03:45;UTC;04:00;UTC;9,129
13.01.2026;04:00;UTC;04:15;UTC;8,495
13.01.2026;04:15;UTC;04:30;UTC;8,646
13.01.2026;04:30;UTC;04:45;UTC;9
13.01.2026;04:45;UTC;05:00;UTC;9,349
13.01.2026;05:00;UTC;05:15;UTC;8,65
13.01.2026;05:15;UTC;05:30;UTC;9,601
13.01.2026;05:30;UTC;05:45;UTC;9,847
13.01.2026;05:45;UTC;06:00;UTC;10,923
13.01.2026;06:00;UTC;06:15;UTC;9,513
13.01.2026;06:15;UTC;06:30;UTC;12,069
13.01.2026;06:30;UTC;06:45;UTC;12,205
13.01.2026;06:45;UTC;07:00;UTC;12,625
13.01.2026;07:00;UTC;07:15;UTC;12,205
13.01.2026;07:15;UTC;07:30;UTC;12,82
13.01.2026;07:30;UTC;07:45;UTC;13,895
13.01.2026;07:45;UTC;08:00;UTC;13,002
13.01.2026;08:00;UTC;08:15;UTC;14,113
13.01.2026;08:15;UTC;08:30;UTC;13,4
13.01.2026;08:30;UTC;08:45;UTC;12,993
13.01.2026;08:45;UTC;09:00;UTC;12,501
13.01.2026;09:00;UTC;09:15;UTC;15,399
13.01.2026;09:15;UTC;09:30;UTC;14,713
13.01.2026;09:30;UTC;09:45;UTC;13,768
13.01.2026;09:45;UTC;10:00;UTC;12,999
13.01.2026;10:00;UTC;10:15;UTC;12,5
13.01.2026;10:15;UTC;10:30;UTC;12,623
13.01.2026;10:30;UTC;10:45;UTC;12,5
13.01.2026;10:45;UTC;11:00;UTC;11,918
13.01.2026;11:00;UTC;11:15;UTC;12,207
13.01.2026;11:15;UTC;11:30;UTC;11,759
13.01.2026;11:30;UTC;11:45;UTC;11,598
13.01.2026;11:45;UTC;12:00;UTC;11,506
13.01.2026;12:00;UTC;12:15;UTC;11,743
13.01.2026;12:15;UTC;12:30;UTC;11,477
13.01.2026;12:30;UTC;12:45;UTC;11,133
13.01.2026;12:45;UTC;13:00;UTC;10,838
13.01.2026;13:00;UTC;13:15;UTC;11,924
13.01.2026;13:15;UTC;13:30;UTC;12,002
13.01.2026;13:30;UTC;13:45;UTC;12,229
13.01.2026;13:45;UTC;14:00;UTC;12,731
13.01.2026;14:00;UTC;14:15;UTC;11,298
13.01.2026;14:15;UTC;14:30;UTC;12,5
13.01.2026;14:30;UTC;14:45;UTC;12,2
13.01.2026;14:45;UTC;15:00;UTC;12,208
13.01.2026;15:00;UTC;15:15;UTC;11,387
13.01.2026;15:15;UTC;15:30;UTC;12,205
13.01.2026;15:30;UTC;15:45;UTC;12,204
13.01.2026;15:45;UTC;16:00;UTC;13,064
13.01.2026;16:00;UTC;16:15;UTC;12,205
13.01.2026;16:15;UTC;16:30;UTC;12,322
13.01.2026;16:30;UTC;16:45;UTC;12,204
13.01.2026;16:45;UTC;17:00;UTC;12,201
13.01.2026;17:00;UTC;17:15;UTC;12,031
13.01.2026;17:15;UTC;17:30;UTC;11,553
13.01.2026;17:30;UTC;17:45;UTC;11,041
13.01.2026;17:45;UTC;18:00;UTC;10,716
13.01.2026;18:00;UTC;18:15;UTC;11,321
13.01.2026;18:15;UTC;18:30;UTC;10,216
13.01.2026;18:30;UTC;18:45;UTC;9,215
13.01.2026;18:45;UTC;19:00;UTC;8,742
13.01.2026;19:00;UTC;19:15;UTC;10,085
13.01.2026;19:15;UTC;19:30;UTC;8,903
13.01.2026;19:30;UTC;19:45;UTC;8,782
13.01.2026;19:45;UTC;20:00;UTC;8,61
13.01.2026;20:00;UTC;20:15;UTC;9,672
13.01.2026;20:15;UTC;20:30;UTC;9,689
13.01.2026;20:30;UTC;20:45;UTC;9,011
13.01.2026;20:45;UTC;21:00;UTC;8,511
13.01.2026;21:00;UTC;21:15;UTC;9,243
13.01.2026;21:15;UTC;21:30;UTC;8,95
13.01.2026;21:30;UTC;21:45;UTC;9,125
13.01.2026;21:45;UTC;22:00;UTC;8,682
13.01.2026;22:00;UTC;22:15;UTC;9,294
13.01.2026;22:15;UTC;22:30;UTC;8,383
13.01.2026;22:30;UTC;22:45;UTC;7,991
13.01.2026;22:45;UTC;23:00;UTC;7,401
13.01.2026;23:00;UTC;23:15;UTC;8,94
13.01.2026;23:15;UTC;23:30;UTC;8,732
13.01.2026;23:30;UTC;23:45;UTC;8,296
13.01.2026;23:45;UTC;00:00;UTC;8,257
14.01.2026;00:00;UTC;00:15;UTC;8,493
14.01.2026;00:15;UTC;00:30;UTC;8,392
14.01.2026;00:30;UTC;00:45;UTC;8,453
14.01.2026;00:45;UTC;01:00;UTC;8,38
14.01.2026;01:00;UTC;01:15;UTC;8,648
14.01.2026;01:15;UTC;01:30;UTC;8,585
14.01.2026;01:30;UTC;01:45;UTC;8,59
14.01.2026;01:45;UTC;02:00;UTC;8,528
14.01.2026;02:00;UTC;02:15;UTC;8,601
14.01.2026;02:15;UTC;02:30;UTC;8,629
14.01.2026;02:30;UTC;02:45;UTC;8,615
14.01.2026;02:45;UTC;03:00;UTC;8,62
14.01.2026;03:00;UTC;03:15;UTC;8,547
14.01.2026;03:15;UTC;03:30;UTC;8,65
14.01.2026;03:30;UTC;03:45;UTC;8,824
14.01.2026;03:45;UTC;04:00;UTC;9,037
14.01.2026;04:00;UTC;04:15;UTC;8,967
14.01.2026;04:15;UTC;04:30;UTC;8,977
14.01.2026;04:30;UTC;04:45;UTC;8,962
14.01.2026;04:45;UTC;05:00;UTC;9,038
14.01.2026;05:00;UTC;05:15;UTC;8,764
14.01.2026;05:15;UTC;05:30;UTC;9,393
14.01.2026;05:30;UTC;05:45;UTC;9,723
14.01.2026;05:45;UTC;06:00;UTC;10,178
14.01.2026;06:00;UTC;06:15;UTC;9,559
14.01.2026;06:15;UTC;06:30;UTC;10,005
14.01.2026;06:30;UTC;06:45;UTC;10,46
14.01.2026;06:45;UTC;07:00;UTC;12,032
14.01.2026;07:00;UTC;07:15;UTC;12,172
14.01.2026;07:15;UTC;07:30;UTC;13,094
14.01.2026;07:30;UTC;07:45;UTC;13,171
14.01.2026;07:45;UTC;08:00;UTC;13,146
14.01.2026;08:00;UTC;08:15;UTC;14,302
14.01.2026;08:15;UTC;08:30;UTC;13,745
14.01.2026;08:30;UTC;08:45;UTC;12,826
14.01.2026;08:45;UTC;09:00;UTC;11,94
14.01.2026;09:00;UTC;09:15;UTC;12,543
14.01.2026;09:15;UTC;09:30;UTC;11,741
14.01.2026;09:30;UTC;09:45;UTC;11,23
14.01.2026;09:45;UTC;10:00;UTC;11,067
14.01.2026;10:00;UTC;10:15;UTC;11,185
14.01.2026;10:15;UTC;10:30;UTC;10,905
14.01.2026;10:30;UTC;10:45;UTC;10,54
14.01.2026;10:45;UTC;11:00;UTC;10,383
14.01.2026;11:00;UTC;11:15;UTC;10,467
14.01.2026;11:15;UTC;11:30;UTC;10,286
14.01.2026;11:30;UTC;11:45;UTC;10,361
14.01.2026;11:45;UTC;12:00;UTC;10,276
14.01.2026;12:00;UTC;12:15;UTC;10,274
14.01.2026;12:15;UTC;12:30;UTC;10,19
14.01.2026;12:30;UTC;12:45;UTC;10,302
14.01.2026;12:45;UTC;13:00;UTC;10,674
14.01.2026;13:00;UTC;13:15;UTC;10,277
14.01.2026;13:15;UTC;13:30;UTC;11,001
14.01.2026;13:30;UTC;13:45;UTC;12,472
14.01.2026;13:45;UTC;14:00;UTC;13,537
14.01.2026;14:00;UTC;14:15;UTC;12,046
14.01.2026;14:15;UTC;14:30;UTC;13,1
14.01.2026;14:30;UTC;14:45;UTC;16,189
14.01.2026;14:45;UTC;15:00;UTC;16,517
14.01.2026;15:00;UTC;15:15;UTC;11,243
14.01.2026;15:15;UTC;15:30;UTC;13,252
14.01.2026;15:30;UTC;15:45;UTC;15,821
14.01.2026;15:45;UTC;16:00;UTC;20,827
14.01.2026;16:00;UTC;16:15;UTC;16,499
14.01.2026;16:15;UTC;16:30;UTC;20,399
14.01.2026;16:30;UTC;16:45;UTC;22,416
14.01.2026;16:45;UTC;17:00;UTC;20,695
14.01.2026;17:00;UTC;17:15;UTC;19,089
14.01.2026;17:15;UTC;17:30;UTC;18,104
14.01.2026;17:30;UTC;17:45;UTC;17,545
14.01.2026;17:45;UTC;18:00;UTC;18,204
14.01.2026;18:00;UTC;18:15;UTC;18,965
14.01.2026;18:15;UTC;18:30;UTC;16,135
14.01.2026;18:30;UTC;18:45;UTC;14,738
14.01.2026;18:45;UTC;19:00;UTC;13,669
14.01.2026;19:00;UTC;19:15;UTC;15,232
14.01.2026;19:15;UTC;19:30;UTC;13,6
14.01.2026;19:30;UTC;19:45;UTC;12,916
14.01.2026;19:45;UTC;20:00;UTC;11,856
14.01.2026;20:00;UTC;20:15;UTC;13,999
14.01.2026;20:15;UTC;20:30;UTC;13,2
14.01.2026;20:30;UTC;20:45;UTC;11,238
14.01.2026;20:45;UTC;21:00;UTC;10,278
14.01.2026;21:00;UTC;21:15;UTC;12,57
14.01.2026;21:15;UTC;21:30;UTC;12,922
14.01.2026;21:30;UTC;21:45;UTC;10,253
14.01.2026;21:45;UTC;22:00;UTC;9,8
14.01.2026;22:00;UTC;22:15;UTC;10,633
14.01.2026;22:15;UTC;22:30;UTC;9,82
14.01.2026;22:30;UTC;22:45;UTC;9,407
14.01.2026;22:45;UTC;23:00;UTC;8,975
14.01.2026;23:00;UTC;23:15;UTC;11,034
14.01.2026;23:15;UTC;23:30;UTC;10,351
14.01.2026;23:30;UTC;23:45;UTC;9,577
14.01.2026;23:45;UTC;00:00;UTC;9,284
15.01.2026;00:00;UTC;00:15;UTC;9,848
15.01.2026;00:15;UTC;00:30;UTC;9,502
15.01.2026;00:30;UTC;00:45;UTC;9,265
15.01.2026;00:45;UTC;01:00;UTC;9,004
15.01.2026;01:00;UTC;01:15;UTC;9,423
15.01.2026;01:15;UTC;01:30;UTC;8,963
15.01.2026;01:30;UTC;01:45;UTC;8,7
15.01.2026;01:45;UTC;02:00;UTC;8,65
15.01.2026;02:00;UTC;02:15;UTC;8,656
15.01.2026;02:15;UTC;02:30;UTC;8,57
15.01.2026;02:30;UTC;02:45;UTC;8,45
15.01.2026;02:45;UTC;03:00;UTC;8,247
15.01.2026;03:00;UTC;03:15;UTC;8,252
15.01.2026;03:15;UTC;03:30;UTC;8,236
15.01.2026;03:30;UTC;03:45;UTC;8,277
15.01.2026;03:45;UTC;04:00;UTC;8,407
15.01.2026;04:00;UTC;04:15;UTC;8,4
15.01.2026;04:15;UTC;04:30;UTC;8,4
15.01.2026;04:30;UTC;04:45;UTC;8,651
15.01.2026;04:45;UTC;05:00;UTC;8,949
15.01.2026;05:00;UTC;05:15;UTC;9,361
15.01.2026;05:15;UTC;05:30;UTC;9,65
15.01.2026;05:30;UTC;05:45;UTC;9,797
15.01.2026;05:45;UTC;06:00;UTC;10,473
15.01.2026;06:00;UTC;06:15;UTC;10,071
15.01.2026;06:15;UTC;06:30;UTC;10,324
15.01.2026;06:30;UTC;06:45;UTC;10,579
15.01.2026;06:45;UTC;07:00;UTC;11,072
15.01.2026;07:00;UTC;07:15;UTC;10,5
15.01.2026;07:15;UTC;07:30;UTC;10,774
15.01.2026;07:30;UTC;07:45;UTC;10,5
15.01.2026;07:45;UTC;08:00;UTC;10,216
15.01.2026;08:00;UTC;08:15;UTC;10,677
15.01.2026;08:15;UTC;08:30;UTC;10,321
15.01.2026;08:30;UTC;08:45;UTC;9,968
15.01.2026;08:45;UTC;09:00;UTC;9,6
15.01.2026;09:00;UTC;09:15;UTC;10,729
15.01.2026;09:15;UTC;09:30;UTC;10,174
15.01.2026;09:30;UTC;09:45;UTC;9,751
15.01.2026;09:45;UTC;10:00;UTC;9,506
15.01.2026;10:00;UTC;10:15;UTC;10,167
15.01.2026;10:15;UTC;10:30;UTC;9,828
15.01.2026;10:30;UTC;10:45;UTC;9,651
15.01.2026;10:45;UTC;11:00;UTC;9,499
15.01.2026;11:00;UTC;11:15;UTC;9,651
15.01.2026;11:15;UTC;11:30;UTC;9,397
15.01.2026;11:30;UTC;11:45;UTC;9,415
15.01.2026;11:45;UTC;12:00;UTC;9,65
15.01.2026;12:00;UTC;12:15;UTC;9,844
15.01.2026;12:15;UTC;12:30;UTC;10,014
15.01.2026;12:30;UTC;12:45;UTC;10,168
15.01.2026;12:45;UTC;13:00;UTC;10,22
15.01.2026;13:00;UTC;13:15;UTC;10,14
15.01.2026;13:15;UTC;13:30;UTC;10,5
15.01.2026;13:30;UTC;13:45;UTC;10,419
15.01.2026;13:45;UTC;14:00;UTC;11,199
15.01.2026;14:00;UTC;14:15;UTC;10,321
15.01.2026;14:15;UTC;14:30;UTC;12,008
15.01.2026;14:30;UTC;14:45;UTC;12,709
15.01.2026;14:45;UTC;15:00;UTC;14,2
15.01.2026;15:00;UTC;15:15;UTC;12,409
15.01.2026;15:15;UTC;15:30;UTC;13,466
15.01.2026;15:30;UTC;15:45;UTC;13,834
15.01.2026;15:45;UTC;16:00;UTC;14,44
15.01.2026;16:00;UTC;16:15;UTC;15,118
15.01.2026;16:15;UTC;16:30;UTC;15,492
15.01.2026;16:30;UTC;16:45;UTC;14,388
15.01.2026;16:45;UTC;17:00;UTC;13,2
15.01.2026;17:00;UTC;17:15;UTC;13,349
15.01.2026;17:15;UTC;17:30;UTC;11,649
15.01.2026;17:30;UTC;17:45;UTC;11,752
15.01.2026;17:45;UTC;18:00;UTC;11,148
15.01.2026;18:00;UTC;18:15;UTC;11,221
15.01.2026;18:15;UTC;18:30;UTC;10,408
15.01.2026;18:30;UTC;18:45;UTC;10,33
15.01.2026;18:45;UTC;19:00;UTC;10,238
15.01.2026;19:00;UTC;19:15;UTC;10,11
15.01.2026;19:15;UTC;19:30;UTC;10,015
15.01.2026;19:30;UTC;19:45;UTC;9,787
15.01.2026;19:45;UTC;20:00;UTC;9,352
15.01.2026;20:00;UTC;20:15;UTC;9,336
15.01.2026;20:15;UTC;20:30;UTC;9,049
15.01.2026;20:30;UTC;20:45;UTC;9,008
15.01.2026;20:45;UTC;21:00;UTC;9,005
15.01.2026;21:00;UTC;21:15;UTC;9,412
15.01.2026;21:15;UTC;21:30;UTC;8,899
15.01.2026;21:30;UTC;21:45;UTC;8,774
15.01.2026;21:45;UTC;22:00;UTC;8,272
15.01.2026;22:00;UTC;22:15;UTC;9
15.01.2026;22:15;UTC;22:30;UTC;8,412
15.01.2026;22:30;UTC;22:45;UTC;8,19
15.01.2026;22:45;UTC;23:00;UTC;6,86
15.01.2026;23:00;UTC;23:15;UTC;8,962
15.01.2026;23:15;UTC;23:30;UTC;8,36
15.01.2026;23:30;UTC;23:45;UTC;7,633
15.01.2026;23:45;UTC;00:00;UTC;7,465
16.01.2026;00:00;UTC;00:15;UTC;7,899
16.01.2026;00:15;UTC;00:30;UTC;7,516
16.01.2026;00:30;UTC;00:45;UTC;7,42
16.01.2026;00:45;UTC;01:00;UTC;7,165
16.01.2026;01:00;UTC;01:15;UTC;7,288
16.01.2026;01:15;UTC;01:30;UTC;7,214
16.01.2026;01:30;UTC;01:45;UTC;6,91
16.01.2026;01:45;UTC;02:00;UTC;6,817
16.01.2026;02:00;UTC;02:15;UTC;6,746
16.01.2026;02:15;UTC;02:30;UTC;6,676
16.01.2026;02:30;UTC;02:45;UTC;6,711
16.01.2026;02:45;UTC;03:00;UTC;6,759
16.01.2026;03:00;UTC;03:15;UTC;6,891
16.01.2026;03:15;UTC;03:30;UTC;6,907
16.01.2026;03:30;UTC;03:45;UTC;7,15
16.01.2026;03:45;UTC;04:00;UTC;7,604
16.01.2026;04:00;UTC;04:15;UTC;7,554
16.01.2026;04:15;UTC;04:30;UTC;7,925
16.01.2026;04:30;UTC;04:45;UTC;8,348
16.01.2026;04:45;UTC;05:00;UTC;8,993
16.01.2026;05:00;UTC;05:15;UTC;8,221
16.01.2026;05:15;UTC;05:30;UTC;8,804
16.01.2026;05:30;UTC;05:45;UTC;9,348
16.01.2026;05:45;UTC;06:00;UTC;9,916
16.01.2026;06:00;UTC;06:15;UTC;9,439
16.01.2026;06:15;UTC;06:30;UTC;9,909
16.01.2026;06:30;UTC;06:45;UTC;9,65
16.01.2026;06:45;UTC;07:00;UTC;10,442
16.01.2026;07:00;UTC;07:15;UTC;10,325
16.01.2026;07:15;UTC;07:30;UTC;11,578
16.01.2026;07:30;UTC;07:45;UTC;11,3
16.01.2026;07:45;UTC;08:00;UTC;10,52
16.01.2026;08:00;UTC;08:15;UTC;11,903
16.01.2026;08:15;UTC;08:30;UTC;11,307
16.01.2026;08:30;UTC;08:45;UTC;10,478
16.01.2026;08:45;UTC;09:00;UTC;9,883
16.01.2026;09:00;UTC;09:15;UTC;10,882
16.01.2026;09:15;UTC;09:30;UTC;10,38
16.01.2026;09:30;UTC;09:45;UTC;9,961
16.01.2026;09:45;UTC;10:00;UTC;9,988
16.01.2026;10:00;UTC;10:15;UTC;10,219
16.01.2026;10:15;UTC;10:30;UTC;9,899
16.01.2026;10:30;UTC;10:45;UTC;9,806
16.01.2026;10:45;UTC;11:00;UTC;9,991
16.01.2026;11:00;UTC;11:15;UTC;9,713
16.01.2026;11:15;UTC;11:30;UTC;9,842
16.01.2026;11:30;UTC;11:45;UTC;9,87
16.01.2026;11:45;UTC;12:00;UTC;10,254
16.01.2026;12:00;UTC;12:15;UTC;9,581
16.01.2026;12:15;UTC;12:30;UTC;9,835
16.01.2026;12:30;UTC;12:45;UTC;10,068
16.01.2026;12:45;UTC;13:00;UTC;10,241
16.01.2026;13:00;UTC;13:15;UTC;10,154
16.01.2026;13:15;UTC;13:30;UTC;11,031
16.01.2026;13:30;UTC;13:45;UTC;11,493
16.01.2026;13:45;UTC;14:00;UTC;12,602
16.01.2026;14:00;UTC;14:15;UTC;11,608
16.01.2026;14:15;UTC;14:30;UTC;13,65
16.01.2026;14:30;UTC;14:45;UTC;14,698
16.01.2026;14:45;UTC;15:00;UTC;16,444
16.01.2026;15:00;UTC;15:15;UTC;12,999
16.01.2026;15:15;UTC;15:30;UTC;14,917
16.01.2026;15:30;UTC;15:45;UTC;16,159
16.01.2026;15:45;UTC;16:00;UTC;20,997
16.01.2026;16:00;UTC;16:15;UTC;16,046
16.01.2026;16:15;UTC;16:30;UTC;17,717
16.01.2026;16:30;UTC;16:45;UTC;18,09
16.01.2026;16:45;UTC;17:00;UTC;16,277
16.01.2026;17:00;UTC;17:15;UTC;16,802
16.01.2026;17:15;UTC;17:30;UTC;15,832
16.01.2026;17:30;UTC;17:45;UTC;16,31
16.01.2026;17:45;UTC;18:00;UTC;16,033
16.01.2026;18:00;UTC;18:15;UTC;16,506
16.01.2026;18:15;UTC;18:30;UTC;15,44
16.01.2026;18:30;UTC;18:45;UTC;14,994
16.01.2026;18:45;UTC;19:00;UTC;14,732
16.01.2026;19:00;UTC;19:15;UTC;14,26
16.01.2026;19:15;UTC;19:30;UTC;14,1
16.01.2026;19:30;UTC;19:45;UTC;13,535
16.01.2026;19:45;UTC;20:00;UTC;11,705
16.01.2026;20:00;UTC;20:15;UTC;12,497
16.01.2026;20:15;UTC;20:30;UTC;12,456
16.01.2026;20:30;UTC;20:45;UTC;11,562
16.01.2026;20:45;UTC;21:00;UTC;10,53
16.01.2026;21:00;UTC;21:15;UTC;12,576
16.01.2026;21:15;UTC;21:30;UTC;11,683
16.01.2026;21:30;UTC;21:45;UTC;11,7
16.01.2026;21:45;UTC;22:00;UTC;11,123
16.01.2026;22:00;UTC;22:15;UTC;11,966
16.01.2026;22:15;UTC;22:30;UTC;10,432
16.01.2026;22:30;UTC;22:45;UTC;9,809
16.01.2026;22:45;UTC;23:00;UTC;9,461
16.01.2026;23:00;UTC;23:15;UTC;11,799
16.01.2026;23:15;UTC;23:30;UTC;10,901
16.01.2026;23:30;UTC;23:45;UTC;9,8
16.01.2026;23:45;UTC;00:00;UTC;9,364
17.01.2026;00:00;UTC;00:15;UTC;10,796
17.01.2026;00:15;UTC;00:30;UTC;10,258
17.01.2026;00:30;UTC;00:45;UTC;9,862
17.01.2026;00:45;UTC;01:00;UTC;9,599
17.01.2026;01:00;UTC;01:15;UTC;10,223
17.01.2026;01:15;UTC;01:30;UTC;10,003
17.01.2026;01:30;UTC;01:45;UTC;9,646
17.01.2026;01:45;UTC;02:00;UTC;9,422
17.01.2026;02:00;UTC;02:15;UTC;9,534
17.01.2026;02:15;UTC;02:30;UTC;9,838
17.01.2026;02:30;UTC;02:45;UTC;9,524
17.01.2026;02:45;UTC;03:00;UTC;9,559
17.01.2026;03:00;UTC;03:15;UTC;9,53
17.01.2026;03:15;UTC;03:30;UTC;9,501
17.01.2026;03:30;UTC;03:45;UTC;9,507
17.01.2026;03:45;UTC;04:00;UTC;9,537
17.01.2026;04:00;UTC;04:15;UTC;9,53
17.01.2026;04:15;UTC;04:30;UTC;9,431
17.01.2026;04:30;UTC;04:45;UTC;9,594
17.01.2026;04:45;UTC;05:00;UTC;9,542
17.01.2026;05:00;UTC;05:15;UTC;9,787
17.01.2026;05:15;UTC;05:30;UTC;9,211
17.01.2026;05:30;UTC;05:45;UTC;9,647
17.01.2026;05:45;UTC;06:00;UTC;9,696
17.01.2026;06:00;UTC;06:15;UTC;9,418
17.01.2026;06:15;UTC;06:30;UTC;9,776
17.01.2026;06:30;UTC;06:45;UTC;9,988
17.01.2026;06:45;UTC;07:00;UTC;10,493
17.01.2026;07:00;UTC;07:15;UTC;9,598
17.01.2026;07:15;UTC;07:30;UTC;10,685
17.01.2026;07:30;UTC;07:45;UTC;10,994
17.01.2026;07:45;UTC;08:00;UTC;11,111
17.01.2026;08:00;UTC;08:15;UTC;11,856
17.01.2026;08:15;UTC;08:30;UTC;12,086
17.01.2026;08:30;UTC;08:45;UTC;11,645
17.01.2026;08:45;UTC;09:00;UTC;11,075
17.01.2026;09:00;UTC;09:15;UTC;12,343
17.01.2026;09:15;UTC;09:30;UTC;11,603
17.01.2026;09:30;UTC;09:45;UTC;11,171
17.01.2026;09:45;UTC;10:00;UTC;10,923
17.01.2026;10:00;UTC;10:15;UTC;11,284
17.01.2026;10:15;UTC;10:30;UTC;11,211
17.01.2026;10:30;UTC;10:45;UTC;11,16
17.01.2026;10:45;UTC;11:00;UTC;10,988
17.01.2026;11:00;UTC;11:15;UTC;11,291
17.01.2026;11:15;UTC;11:30;UTC;11,099
17.01.2026;11:30;UTC;11:45;UTC;11,292
17.01.2026;11:45;UTC;12:00;UTC;11,097
17.01.2026;12:00;UTC;12:15;UTC;10,99
17.01.2026;12:15;UTC;12:30;UTC;10,878
17.01.2026;12:30;UTC;12:45;UTC;10,79
17.01.2026;12:45;UTC;13:00;UTC;10,798
17.01.2026;13:00;UTC;13:15;UTC;10,781
17.01.2026;13:15;UTC;13:30;UTC;10,978
17.01.2026;13:30;UTC;13:45;UTC;11,377
17.01.2026;13:45;UTC;14:00;UTC;11,991
17.01.2026;14:00;UTC;14:15;UTC;11,501
17.01.2026;14:15;UTC;14:30;UTC;12,089
17.01.2026;14:30;UTC;14:45;UTC;12,662
17.01.2026;14:45;UTC;15:00;UTC;12,856
17.01.2026;15:00;UTC;15:15;UTC;12,71
17.01.2026;15:15;UTC;15:30;UTC;13,798
17.01.2026;15:30;UTC;15:45;UTC;13,886
17.01.2026;15:45;UTC;16:00;UTC;13,916
17.01.2026;16:00;UTC;16:15;UTC;13,73
17.01.2026;16:15;UTC;16:30;UTC;13,991
17.01.2026;16:30;UTC;16:45;UTC;14,094
17.01.2026;16:45;UTC;17:00;UTC;14,55
17.01.2026;17:00;UTC;17:15;UTC;14,049
17.01.2026;17:15;UTC;17:30;UTC;14,049
17.01.2026;17:30;UTC;17:45;UTC;14,561
17.01.2026;17:45;UTC;18:00;UTC;14,48
17.01.2026;18:00;UTC;18:15;UTC;14,18
17.01.2026;18:15;UTC;18:30;UTC;14,105
17.01.2026;18:30;UTC;18:45;UTC;14,014
17.01.2026;18:45;UTC;19:00;UTC;13,136
17.01.2026;19:00;UTC;19:15;UTC;13,666
17.01.2026;19:15;UTC;19:30;UTC;12,035
17.01.2026;19:30;UTC;19:45;UTC;11,819
17.01.2026;19:45;UTC;20:00;UTC;10,796
17.01.2026;20:00;UTC;20:15;UTC;11,681
17.01.2026;20:15;UTC;20:30;UTC;11,164
17.01.2026;20:30;UTC;20:45;UTC;10,376
17.01.2026;20:45;UTC;21:00;UTC;9,901
17.01.2026;21:00;UTC;21:15;UTC;10,897
17.01.2026;21:15;UTC;21:30;UTC;10,434
17.01.2026;21:30;UTC;21:45;UTC;10,996
17.01.2026;21:45;UTC;22:00;UTC;11,333
17.01.2026;22:00;UTC;22:15;UTC;11,599
17.01.2026;22:15;UTC;22:30;UTC;10,9
17.01.2026;22:30;UTC;22:45;UTC;10,413
17.01.2026;22:45;UTC;23:00;UTC;9,897
17.01.2026;23:00;UTC;23:15;UTC;11,524
17.01.2026;23:15;UTC;23:30;UTC;11,295
17.01.2026;23:30;UTC;23:45;UTC;10,867
17.01.2026;23:45;UTC;00:00;UTC;10,6
18.01.2026;00:00;UTC;00:15;UTC;11,299
18.01.2026;00:15;UTC;00:30;UTC;10,916
18.01.2026;00:30;UTC;00:45;UTC;10,709
18.01.2026;00:45;UTC;01:00;UTC;10,752
18.01.2026;01:00;UTC;01:15;UTC;11,123
18.01.2026;01:15;UTC;01:30;UTC;10,917
18.01.2026;01:30;UTC;01:45;UTC;10,494
18.01.2026;01:45;UTC;02:00;UTC;10,422
18.01.2026;02:00;UTC;02:15;UTC;10,383
18.01.2026;02:15;UTC;02:30;UTC;10,3
18.01.2026;02:30;UTC;02:45;UTC;10,173
18.01.2026;02:45;UTC;03:00;UTC;10,16
18.01.2026;03:00;UTC;03:15;UTC;10,299
18.01.2026;03:15;UTC;03:30;UTC;10,262
18.01.2026;03:30;UTC;03:45;UTC;10,173
18.01.2026;03:45;UTC;04:00;UTC;10,16
18.01.2026;04:00;UTC;04:15;UTC;10,143
18.01.2026;04:15;UTC;04:30;UTC;10,16
18.01.2026;04:30;UTC;04:45;UTC;10,23
18.01.2026;04:45;UTC;05:00;UTC;10,299
18.01.2026;05:00;UTC;05:15;UTC;10,02
18.01.2026;05:15;UTC;05:30;UTC;10,122
18.01.2026;05:30;UTC;05:45;UTC;10,122
18.01.2026;05:45;UTC;06:00;UTC;10,156
18.01.2026;06:00;UTC;06:15;UTC;10,028
18.01.2026;06:15;UTC;06:30;UTC;9,932
18.01.2026;06:30;UTC;06:45;UTC;10,05
18.01.2026;06:45;UTC;07:00;UTC;10,232
18.01.2026;07:00;UTC;07:15;UTC;10,412
18.01.2026;07:15;UTC;07:30;UTC;10,557
18.01.2026;07:30;UTC;07:45;UTC;10,737
18.01.2026;07:45;UTC;08:00;UTC;10,566
18.01.2026;08:00;UTC;08:15;UTC;11,496
18.01.2026;08:15;UTC;08:30;UTC;10,696
18.01.2026;08:30;UTC;08:45;UTC;10,518
18.01.2026;08:45;UTC;09:00;UTC;10,259
18.01.2026;09:00;UTC;09:15;UTC;10,531
18.01.2026;09:15;UTC;09:30;UTC;10,32
18.01.2026;09:30;UTC;09:45;UTC;10,103
18.01.2026;09:45;UTC;10:00;UTC;9,81
18.01.2026;10:00;UTC;10:15;UTC;9,835
18.01.2026;10:15;UTC;10:30;UTC;9,972
18.01.2026;10:30;UTC;10:45;UTC;9,81
18.01.2026;10:45;UTC;11:00;UTC;9,776
18.01.2026;11:00;UTC;11:15;UTC;9,8
18.01.2026;11:15;UTC;11:30;UTC;9,659
18.01.2026;11:30;UTC;11:45;UTC;9,653
18.01.2026;11:45;UTC;12:00;UTC;9,63
18.01.2026;12:00;UTC;12:15;UTC;9,613
18.01.2026;12:15;UTC;12:30;UTC;9,674
18.01.2026;12:30;UTC;12:45;UTC;9,72
18.01.2026;12:45;UTC;13:00;UTC;9,778
18.01.2026;13:00;UTC;13:15;UTC;9,8
18.01.2026;13:15;UTC;13:30;UTC;10,037
18.01.2026;13:30;UTC;13:45;UTC;10,217
18.01.2026;13:45;UTC;14:00;UTC;10,284
18.01.2026;14:00;UTC;14:15;UTC;10,146
18.01.2026;14:15;UTC;14:30;UTC;10,34
18.01.2026;14:30;UTC;14:45;UTC;10,543
18.01.2026;14:45;UTC;15:00;UTC;11,191
18.01.2026;15:00;UTC;15:15;UTC;10,61
18.01.2026;15:15;UTC;15:30;UTC;11,689
18.01.2026;15:30;UTC;15:45;UTC;11,715
18.01.2026;15:45;UTC;16:00;UTC;11,936
18.01.2026;16:00;UTC;16:15;UTC;11,767
18.01.2026;16:15;UTC;16:30;UTC;12,719
18.01.2026;16:30;UTC;16:45;UTC;13,447
18.01.2026;16:45;UTC;17:00;UTC;14,064
18.01.2026;17:00;UTC;17:15;UTC;13,909
18.01.2026;17:15;UTC;17:30;UTC;14,249
18.01.2026;17:30;UTC;17:45;UTC;14,62
18.01.2026;17:45;UTC;18:00;UTC;14,1
18.01.2026;18:00;UTC;18:15;UTC;14,422
18.01.2026;18:15;UTC;18:30;UTC;14,1
18.01.2026;18:30;UTC;18:45;UTC;13,637
18.01.2026;18:45;UTC;19:00;UTC;12,51
18.01.2026;19:00;UTC;19:15;UTC;12,516
18.01.2026;19:15;UTC;19:30;UTC;12,711
18.01.2026;19:30;UTC;19:45;UTC;12,543
18.01.2026;19:45;UTC;20:00;UTC;11,451
18.01.2026;20:00;UTC;20:15;UTC;12,09
18.01.2026;20:15;UTC;20:30;UTC;11,408
18.01.2026;20:30;UTC;20:45;UTC;10,601
18.01.2026;20:45;UTC;21:00;UTC;10,153
18.01.2026;21:00;UTC;21:15;UTC;12,13
18.01.2026;21:15;UTC;21:30;UTC;11,495
18.01.2026;21:30;UTC;21:45;UTC;11,303
18.01.2026;21:45;UTC;22:00;UTC;10,784
18.01.2026;22:00;UTC;22:15;UTC;11
18.01.2026;22:15;UTC;22:30;UTC;10,459
18.01.2026;22:30;UTC;22:45;UTC;10,033
18.01.2026;22:45;UTC;23:00;UTC;10,001
18.01.2026;23:00;UTC;23:15;UTC;10,48
18.01.2026;23:15;UTC;23:30;UTC;10,16
18.01.2026;23:30;UTC;23:45;UTC;9,992
18.01.2026;23:45;UTC;00:00;UTC;9,828
19.01.2026;00:00;UTC;00:15;UTC;10,02
19.01.2026;00:15;UTC;00:30;UTC;10,108
19.01.2026;00:30;UTC;00:45;UTC;10,089
19.01.2026;00:45;UTC;01:00;UTC;9,959
19.01.2026;01:00;UTC;01:15;UTC;10,212
19.01.2026;01:15;UTC;01:30;UTC;10,099
19.01.2026;01:30;UTC;01:45;UTC;10,021
19.01.2026;01:45;UTC;02:00;UTC;10,001
19.01.2026;02:00;UTC;02:15;UTC;10,048
19.01.2026;02:15;UTC;02:30;UTC;10,054
19.01.2026;02:30;UTC;02:45;UTC;10,021
19.01.2026;02:45;UTC;03:00;UTC;10,052
19.01.2026;03:00;UTC;03:15;UTC;9,945
19.01.2026;03:15;UTC;03:30;UTC;10,022
19.01.2026;03:30;UTC;03:45;UTC;10,052
19.01.2026;03:45;UTC;04:00;UTC;10,035
19.01.2026;04:00;UTC;04:15;UTC;9,77
19.01.2026;04:15;UTC;04:30;UTC;10,016
19.01.2026;04:30;UTC;04:45;UTC;10,105
19.01.2026;04:45;UTC;05:00;UTC;11,121
19.01.2026;05:00;UTC;05:15;UTC;10,804
19.01.2026;05:15;UTC;05:30;UTC;12,276
19.01.2026;05:30;UTC;05:45;UTC;13,057
19.01.2026;05:45;UTC;06:00;UTC;14,415
19.01.2026;06:00;UTC;06:15;UTC;14,229
19.01.2026;06:15;UTC;06:30;UTC;15,741
19.01.2026;06:30;UTC;06:45;UTC;17,184
19.01.2026;06:45;UTC;07:00;UTC;17,279
19.01.2026;07:00;UTC;07:15;UTC;17,734
19.01.2026;07:15;UTC;07:30;UTC;18,448
19.01.2026;07:30;UTC;07:45;UTC;17,711
19.01.2026;07:45;UTC;08:00;UTC;16,5
19.01.2026;08:00;UTC;08:15;UTC;19,02
19.01.2026;08:15;UTC;08:30;UTC;17,103
19.01.2026;08:30;UTC;08:45;UTC;15,185
19.01.2026;08:45;UTC;09:00;UTC;13,467
19.01.2026;09:00;UTC;09:15;UTC;15,681
19.01.2026;09:15;UTC;09:30;UTC;13,935
19.01.2026;09:30;UTC;09:45;UTC;12,813
19.01.2026;09:45;UTC;10:00;UTC;11,94
19.01.2026;10:00;UTC;10:15;UTC;12,608
19.01.2026;10:15;UTC;10:30;UTC;11,984
19.01.2026;10:30;UTC;10:45;UTC;11,907
19.01.2026;10:45;UTC;11:00;UTC;11,712
19.01.2026;11:00;UTC;11:15;UTC;11,808
19.01.2026;11:15;UTC;11:30;UTC;11,459
19.01.2026;11:30;UTC;11:45;UTC;11,746
19.01.2026;11:45;UTC;12:00;UTC;12,011
19.01.2026;12:00;UTC;12:15;UTC;11,9
19.01.2026;12:15;UTC;12:30;UTC;12,134
19.01.2026;12:30;UTC;12:45;UTC;12,591
19.01.2026;12:45;UTC;13:00;UTC;13,376
19.01.2026;13:00;UTC;13:15;UTC;12,068
19.01.2026;13:15;UTC;13:30;UTC;13,9
19.01.2026;13:30;UTC;13:45;UTC;14,767
19.01.2026;13:45;UTC;14:00;UTC;17,005
19.01.2026;14:00;UTC;14:15;UTC;13,5
19.01.2026;14:15;UTC;14:30;UTC;15,978
19.01.2026;14:30;UTC;14:45;UTC;17,626
19.01.2026;14:45;UTC;15:00;UTC;20,913
19.01.2026;15:00;UTC;15:15;UTC;16,83
19.01.2026;15:15;UTC;15:30;UTC;19,276
19.01.2026;15:30;UTC;15:45;UTC;20,693
19.01.2026;15:45;UTC;16:00;UTC;21,157
19.01.2026;16:00;UTC;16:15;UTC;19,234
19.01.2026;16:15;UTC;16:30;UTC;21,825
19.01.2026;16:30;UTC;16:45;UTC;21,631
19.01.2026;16:45;UTC;17:00;UTC;20,601
19.01.2026;17:00;UTC;17:15;UTC;20,999
19.01.2026;17:15;UTC;17:30;UTC;19,193
19.01.2026;17:30;UTC;17:45;UTC;19,883
19.01.2026;17:45;UTC;18:00;UTC;19,947
19.01.2026;18:00;UTC;18:15;UTC;19,293
19.01.2026;18:15;UTC;18:30;UTC;18,296
19.01.2026;18:30;UTC;18:45;UTC;17,763
19.01.2026;18:45;UTC;19:00;UTC;17,033
19.01.2026;19:00;UTC;19:15;UTC;16,652
19.01.2026;19:15;UTC;19:30;UTC;16,021
19.01.2026;19:30;UTC;19:45;UTC;15,835
19.01.2026;19:45;UTC;20:00;UTC;14,446
19.01.2026;20:00;UTC;20:15;UTC;14,101
19.01.2026;20:15;UTC;20:30;UTC;13,795
19.01.2026;20:30;UTC;20:45;UTC;13,472
19.01.2026;20:45;UTC;21:00;UTC;12,7
19.01.2026;21:00;UTC;21:15;UTC;13,146
19.01.2026;21:15;UTC;21:30;UTC;12,776
19.01.2026;21:30;UTC;21:45;UTC;12,647
19.01.2026;21:45;UTC;22:00;UTC;11,992
19.01.2026;22:00;UTC;22:15;UTC;12,264
19.01.2026;22:15;UTC;22:30;UTC;11,501
19.01.2026;22:30;UTC;22:45;UTC;10,794
19.01.2026;22:45;UTC;23:00;UTC;10,429
19.01.2026;23:00;UTC;23:15;UTC;11,406
19.01.2026;23:15;UTC;23:30;UTC;11,75
19.01.2026;23:30;UTC;23:45;UTC;11,514
19.01.2026;23:45;UTC;00:00;UTC;11,354
20.01.2026;00:00;UTC;00:15;UTC;11,504
20.01.2026;00:15;UTC;00:30;UTC;11,497
20.01.2026;00:30;UTC;00:45;UTC;11,49
20.01.2026;00:45;UTC;01:00;UTC;11,243
20.01.2026;01:00;UTC;01:15;UTC;11,004
20.01.2026;01:15;UTC;01:30;UTC;10,968
20.01.2026;01:30;UTC;01:45;UTC;11,076
20.01.2026;01:45;UTC;02:00;UTC;11,094
20.01.2026;02:00;UTC;02:15;UTC;10,891
20.01.2026;02:15;UTC;02:30;UTC;10,925
20.01.2026;02:30;UTC;02:45;UTC;10,99
20.01.2026;02:45;UTC;03:00;UTC;11,141
20.01.2026;03:00;UTC;03:15;UTC;10,891
20.01.2026;03:15;UTC;03:30;UTC;11,001
20.01.2026;03:30;UTC;03:45;UTC;11,552
20.01.2026;03:45;UTC;04:00;UTC;11,825
20.01.2026;04:00;UTC;04:15;UTC;12,243
20.01.2026;04:15;UTC;04:30;UTC;11,091
20.01.2026;04:30;UTC;04:45;UTC;12,861
20.01.2026;04:45;UTC;05:00;UTC;13,917
20.01.2026;05:00;UTC;05:15;UTC;12,645
20.01.2026;05:15;UTC;05:30;UTC;15,943
20.01.2026;05:30;UTC;05:45;UTC;19,171
20.01.2026;05:45;UTC;06:00;UTC;28,283
20.01.2026;06:00;UTC;06:15;UTC;17,609
20.01.2026;06:15;UTC;06:30;UTC;22,433
20.01.2026;06:30;UTC;06:45;UTC;26,809
20.01.2026;06:45;UTC;07:00;UTC;29,5
20.01.2026;07:00;UTC;07:15;UTC;32,701
20.01.2026;07:15;UTC;07:30;UTC;30,201
20.01.2026;07:30;UTC;07:45;UTC;23,63
20.01.2026;07:45;UTC;08:00;UTC;18,582
20.01.2026;08:00;UTC;08:15;UTC;24,684
20.01.2026;08:15;UTC;08:30;UTC;19,413
20.01.2026;08:30;UTC;08:45;UTC;16,8
20.01.2026;08:45;UTC;09:00;UTC;10,917
20.01.2026;09:00;UTC;09:15;UTC;16,857
20.01.2026;09:15;UTC;09:30;UTC;13,343
20.01.2026;09:30;UTC;09:45;UTC;12,13
20.01.2026;09:45;UTC;10:00;UTC;10,538
20.01.2026;10:00;UTC;10:15;UTC;11,9
20.01.2026;10:15;UTC;10:30;UTC;10,622
20.01.2026;10:30;UTC;10:45;UTC;10,436
20.01.2026;10:45;UTC;11:00;UTC;10,223
20.01.2026;11:00;UTC;11:15;UTC;10,435
20.01.2026;11:15;UTC;11:30;UTC;10,216
20.01.2026;11:30;UTC;11:45;UTC;10,302
20.01.2026;11:45;UTC;12:00;UTC;10,496
20.01.2026;12:00;UTC;12:15;UTC;10,459
20.01.2026;12:15;UTC;12:30;UTC;10,576
20.01.2026;12:30;UTC;12:45;UTC;10,533
20.01.2026;12:45;UTC;13:00;UTC;10,734
20.01.2026;13:00;UTC;13:15;UTC;10,618
20.01.2026;13:15;UTC;13:30;UTC;12,376
20.01.2026;13:30;UTC;13:45;UTC;14,945
20.01.2026;13:45;UTC;14:00;UTC;16,75
20.01.2026;14:00;UTC;14:15;UTC;13,608
20.01.2026;14:15;UTC;14:30;UTC;15,899
20.01.2026;14:30;UTC;14:45;UTC;20,443
20.01.2026;14:45;UTC;15:00;UTC;21,354
20.01.2026;15:00;UTC;15:15;UTC;20,299
20.01.2026;15:15;UTC;15:30;UTC;25,317
20.01.2026;15:30;UTC;15:45;UTC;29,193
20.01.2026;15:45;UTC;16:00;UTC;35,885
20.01.2026;16:00;UTC;16:15;UTC;24,297
20.01.2026;16:15;UTC;16:30;UTC;26,624
20.01.2026;16:30;UTC;16:45;UTC;26,07
20.01.2026;16:45;UTC;17:00;UTC;22,861
20.01.2026;17:00;UTC;17:15;UTC;22,152
20.01.2026;17:15;UTC;17:30;UTC;19,452
20.01.2026;17:30;UTC;17:45;UTC;18,195
20.01.2026;17:45;UTC;18:00;UTC;17,771
20.01.2026;18:00;UTC;18:15;UTC;20,881
20.01.2026;18:15;UTC;18:30;UTC;18,684
20.01.2026;18:30;UTC;18:45;UTC;17,15
20.01.2026;18:45;UTC;19:00;UTC;16,052
20.01.2026;19:00;UTC;19:15;UTC;18,237
20.01.2026;19:15;UTC;19:30;UTC;15,899
20.01.2026;19:30;UTC;19:45;UTC;14,499
20.01.2026;19:45;UTC;20:00;UTC;13,405
20.01.2026;20:00;UTC;20:15;UTC;16,373
20.01.2026;20:15;UTC;20:30;UTC;15,244
20.01.2026;20:30;UTC;20:45;UTC;13,243
20.01.2026;20:45;UTC;21:00;UTC;11,096
20.01.2026;21:00;UTC;21:15;UTC;13,199
20.01.2026;21:15;UTC;21:30;UTC;12,164
20.01.2026;21:30;UTC;21:45;UTC;11,009
20.01.2026;21:45;UTC;22:00;UTC;10,505
20.01.2026;22:00;UTC;22:15;UTC;11,614
20.01.2026;22:15;UTC;22:30;UTC;10,965
20.01.2026;22:30;UTC;22:45;UTC;10,742
20.01.2026;22:45;UTC;23:00;UTC;9,814
20.01.2026;23:00;UTC;23:15;UTC;9,993
20.01.2026;23:15;UTC;23:30;UTC;9,975
20.01.2026;23:30;UTC;23:45;UTC;10,213
20.01.2026;23:45;UTC;00:00;UTC;10,415
21.01.2026;00:00;UTC;00:15;UTC;10,456
21.01.2026;00:15;UTC;00:30;UTC;10,245
21.01.2026;00:30;UTC;00:45;UTC;10,102
21.01.2026;00:45;UTC;01:00;UTC;9,884
21.01.2026;01:00;UTC;01:15;UTC;9,866
21.01.2026;01:15;UTC;01:30;UTC;9,912
21.01.2026;01:30;UTC;01:45;UTC;9,856
21.01.2026;01:45;UTC;02:00;UTC;9,869
21.01.2026;02:00;UTC;02:15;UTC;10,442
21.01.2026;02:15;UTC;02:30;UTC;10,099
21.01.2026;02:30;UTC;02:45;UTC;10,001
21.01.2026;02:45;UTC;03:00;UTC;9,822
21.01.2026;03:00;UTC;03:15;UTC;10,048
21.01.2026;03:15;UTC;03:30;UTC;9,802
21.01.2026;03:30;UTC;03:45;UTC;9,802
21.01.2026;03:45;UTC;04:00;UTC;9,886
21.01.2026;04:00;UTC;04:15;UTC;9,654
21.01.2026;04:15;UTC;04:30;UTC;9,756
21.01.2026;04:30;UTC;04:45;UTC;10,107
21.01.2026;04:45;UTC;05:00;UTC;9,96
21.01.2026;05:00;UTC;05:15;UTC;10,576
21.01.2026;05:15;UTC;05:30;UTC;10,72
21.01.2026;05:30;UTC;05:45;UTC;11,095
21.01.2026;05:45;UTC;06:00;UTC;10,758
21.01.2026;06:00;UTC;06:15;UTC;14,466
21.01.2026;06:15;UTC;06:30;UTC;14,994
21.01.2026;06:30;UTC;06:45;UTC;16,612
21.01.2026;06:45;UTC;07:00;UTC;17,928
21.01.2026;07:00;UTC;07:15;UTC;18,577
21.01.2026;07:15;UTC;07:30;UTC;19,949
21.01.2026;07:30;UTC;07:45;UTC;17,076
21.01.2026;07:45;UTC;08:00;UTC;14,957
21.01.2026;08:00;UTC;08:15;UTC;16,178
21.01.2026;08:15;UTC;08:30;UTC;14,92
21.01.2026;08:30;UTC;08:45;UTC;13,769
21.01.2026;08:45;UTC;09:00;UTC;12,29
21.01.2026;09:00;UTC;09:15;UTC;14,619
21.01.2026;09:15;UTC;09:30;UTC;12,044
21.01.2026;09:30;UTC;09:45;UTC;10,627
21.01.2026;09:45;UTC;10:00;UTC;10,03
21.01.2026;10:00;UTC;10:15;UTC;10,312
21.01.2026;10:15;UTC;10:30;UTC;10,154
21.01.2026;10:30;UTC;10:45;UTC;9,976
21.01.2026;10:45;UTC;11:00;UTC;9,955
21.01.2026;11:00;UTC;11:15;UTC;9,889
21.01.2026;11:15;UTC;11:30;UTC;9,89
21.01.2026;11:30;UTC;11:45;UTC;9,741
21.01.2026;11:45;UTC;12:00;UTC;10,132
21.01.2026;12:00;UTC;12:15;UTC;10,182
21.01.2026;12:15;UTC;12:30;UTC;10,237
21.01.2026;12:30;UTC;12:45;UTC;10,246
21.01.2026;12:45;UTC;13:00;UTC;10,725
21.01.2026;13:00;UTC;13:15;UTC;10,505
21.01.2026;13:15;UTC;13:30;UTC;10,537
21.01.2026;13:30;UTC;13:45;UTC;10,693
21.01.2026;13:45;UTC;14:00;UTC;11,714
21.01.2026;14:00;UTC;14:15;UTC;10,687
21.01.2026;14:15;UTC;14:30;UTC;12,293
21.01.2026;14:30;UTC;14:45;UTC;13,174
21.01.2026;14:45;UTC;15:00;UTC;14,617
21.01.2026;15:00;UTC;15:15;UTC;14,501
21.01.2026;15:15;UTC;15:30;UTC;14,613
21.01.2026;15:30;UTC;15:45;UTC;14,1
21.01.2026;15:45;UTC;16:00;UTC;14,8
21.01.2026;16:00;UTC;16:15;UTC;13,599
21.01.2026;16:15;UTC;16:30;UTC;14,29
21.01.2026;16:30;UTC;16:45;UTC;14,161
21.01.2026;16:45;UTC;17:00;UTC;13,594
21.01.2026;17:00;UTC;17:15;UTC;14,497
21.01.2026;17:15;UTC;17:30;UTC;14,259
21.01.2026;17:30;UTC;17:45;UTC;13,906
21.01.2026;17:45;UTC;18:00;UTC;12,901
21.01.2026;18:00;UTC;18:15;UTC;13,29
21.01.2026;18:15;UTC;18:30;UTC;14,133
21.01.2026;18:30;UTC;18:45;UTC;12,901
21.01.2026;18:45;UTC;19:00;UTC;10,808
21.01.2026;19:00;UTC;19:15;UTC;11,405
21.01.2026;19:15;UTC;19:30;UTC;10,322
21.01.2026;19:30;UTC;19:45;UTC;10,417
21.01.2026;19:45;UTC;20:00;UTC;10,035
21.01.2026;20:00;UTC;20:15;UTC;10,881
21.01.2026;20:15;UTC;20:30;UTC;10,246
21.01.2026;20:30;UTC;20:45;UTC;10,196
21.01.2026;20:45;UTC;21:00;UTC;9,653
21.01.2026;21:00;UTC;21:15;UTC;11,3
21.01.2026;21:15;UTC;21:30;UTC;10,629
21.01.2026;21:30;UTC;21:45;UTC;10,085
21.01.2026;21:45;UTC;22:00;UTC;9,89
21.01.2026;22:00;UTC;22:15;UTC;10,65
21.01.2026;22:15;UTC;22:30;UTC;9,889
21.01.2026;22:30;UTC;22:45;UTC;9,65
21.01.2026;22:45;UTC;23:00;UTC;9,561
21.01.2026;23:00;UTC;23:15;UTC;9,239
21.01.2026;23:15;UTC;23:30;UTC;9,475
21.01.2026;23:30;UTC;23:45;UTC;9,405
21.01.2026;23:45;UTC;00:00;UTC;9
22.01.2026;00:00;UTC;00:15;UTC;9,312
22.01.2026;00:15;UTC;00:30;UTC;9,24
22.01.2026;00:30;UTC;00:45;UTC;9,239
22.01.2026;00:45;UTC;01:00;UTC;9,22
22.01.2026;01:00;UTC;01:15;UTC;9,009
22.01.2026;01:15;UTC;01:30;UTC;9,139
22.01.2026;01:30;UTC;01:45;UTC;9,192
22.01.2026;01:45;UTC;02:00;UTC;9,24
22.01.2026;02:00;UTC;02:15;UTC;9,228
22.01.2026;02:15;UTC;02:30;UTC;9,13
22.01.2026;02:30;UTC;02:45;UTC;9,172
22.01.2026;02:45;UTC;03:00;UTC;9,198
22.01.2026;03:00;UTC;03:15;UTC;9,252
22.01.2026;03:15;UTC;03:30;UTC;9,228
22.01.2026;03:30;UTC;03:45;UTC;9,266
22.01.2026;03:45;UTC;04:00;UTC;9,394
22.01.2026;04:00;UTC;04:15;UTC;9,17
22.01.2026;04:15;UTC;04:30;UTC;9,077
22.01.2026;04:30;UTC;04:45;UTC;9,15
22.01.2026;04:45;UTC;05:00;UTC;9,878
22.01.2026;05:00;UTC;05:15;UTC;9
22.01.2026;05:15;UTC;05:30;UTC;9,316
22.01.2026;05:30;UTC;05:45;UTC;10,365
22.01.2026;05:45;UTC;06:00;UTC;11,59
22.01.2026;06:00;UTC;06:15;UTC;11,607
22.01.2026;06:15;UTC;06:30;UTC;12,225
22.01.2026;06:30;UTC;06:45;UTC;13,077
22.01.2026;06:45;UTC;07:00;UTC;13,299
22.01.2026;07:00;UTC;07:15;UTC;14,188
22.01.2026;07:15;UTC;07:30;UTC;14,8
22.01.2026;07:30;UTC;07:45;UTC;13,291
22.01.2026;07:45;UTC;08:00;UTC;12,57
22.01.2026;08:00;UTC;08:15;UTC;12,761
22.01.2026;08:15;UTC;08:30;UTC;11,654
22.01.2026;08:30;UTC;08:45;UTC;11,203
22.01.2026;08:45;UTC;09:00;UTC;10,149
22.01.2026;09:00;UTC;09:15;UTC;10,258
22.01.2026;09:15;UTC;09:30;UTC;9,351
22.01.2026;09:30;UTC;09:45;UTC;9,448
22.01.2026;09:45;UTC;10:00;UTC;9,046
22.01.2026;10:00;UTC;10:15;UTC;9,16
22.01.2026;10:15;UTC;10:30;UTC;8,892
22.01.2026;10:30;UTC;10:45;UTC;8,859
22.01.2026;10:45;UTC;11:00;UTC;8,719
22.01.2026;11:00;UTC;11:15;UTC;8,712
22.01.2026;11:15;UTC;11:30;UTC;8,332
22.01.2026;11:30;UTC;11:45;UTC;8,291
22.01.2026;11:45;UTC;12:00;UTC;8,208
22.01.2026;12:00;UTC;12:15;UTC;8,609
22.01.2026;12:15;UTC;12:30;UTC;8,805
22.01.2026;12:30;UTC;12:45;UTC;8,892
22.01.2026;12:45;UTC;13:00;UTC;8,92
22.01.2026;13:00;UTC;13:15;UTC;8,99
22.01.2026;13:15;UTC;13:30;UTC;9,576
22.01.2026;13:30;UTC;13:45;UTC;9,398
22.01.2026;13:45;UTC;14:00;UTC;10
22.01.2026;14:00;UTC;14:15;UTC;9,619
22.01.2026;14:15;UTC;14:30;UTC;10,405
22.01.2026;14:30;UTC;14:45;UTC;11,287
22.01.2026;14:45;UTC;15:00;UTC;11,801
22.01.2026;15:00;UTC;15:15;UTC;11,411
22.01.2026;15:15;UTC;15:30;UTC;12,892
22.01.2026;15:30;UTC;15:45;UTC;14,595
22.01.2026;15:45;UTC;16:00;UTC;13,461
22.01.2026;16:00;UTC;16:15;UTC;12,975
22.01.2026;16:15;UTC;16:30;UTC;13,645
22.01.2026;16:30;UTC;16:45;UTC;14,13
22.01.2026;16:45;UTC;17:00;UTC;13,796
22.01.2026;17:00;UTC;17:15;UTC;13,129
22.01.2026;17:15;UTC;17:30;UTC;12,997
22.01.2026;17:30;UTC;17:45;UTC;12,797
22.01.2026;17:45;UTC;18:00;UTC;12,944
22.01.2026;18:00;UTC;18:15;UTC;12,95
22.01.2026;18:15;UTC;18:30;UTC;12,079
22.01.2026;18:30;UTC;18:45;UTC;12,315
22.01.2026;18:45;UTC;19:00;UTC;11,283
22.01.2026;19:00;UTC;19:15;UTC;11,606
22.01.2026;19:15;UTC;19:30;UTC;10,843
22.01.2026;19:30;UTC;19:45;UTC;10,677
22.01.2026;19:45;UTC;20:00;UTC;10,614
22.01.2026;20:00;UTC;20:15;UTC;12,017
22.01.2026;20:15;UTC;20:30;UTC;10,716
22.01.2026;20:30;UTC;20:45;UTC;10,205
22.01.2026;20:45;UTC;21:00;UTC;9,84
22.01.2026;21:00;UTC;21:15;UTC;10,327
22.01.2026;21:15;UTC;21:30;UTC;10,241
22.01.2026;21:30;UTC;21:45;UTC;10,898
22.01.2026;21:45;UTC;22:00;UTC;9,863
22.01.2026;22:00;UTC;22:15;UTC;10,276
22.01.2026;22:15;UTC;22:30;UTC;9,697
22.01.2026;22:30;UTC;22:45;UTC;9,904
22.01.2026;22:45;UTC;23:00;UTC;9,046
22.01.2026;23:00;UTC;23:15;UTC;9,935
22.01.2026;23:15;UTC;23:30;UTC;9,769
22.01.2026;23:30;UTC;23:45;UTC;9,7
22.01.2026;23:45;UTC;00:00;UTC;9,751
23.01.2026;00:00;UTC;00:15;UTC;9,978
23.01.2026;00:15;UTC;00:30;UTC;9,662
23.01.2026;00:30;UTC;00:45;UTC;9,704
23.01.2026;00:45;UTC;01:00;UTC;9,554
23.01.2026;01:00;UTC;01:15;UTC;9,941
23.01.2026;01:15;UTC;01:30;UTC;9,492
23.01.2026;01:30;UTC;01:45;UTC;9,503
23.01.2026;01:45;UTC;02:00;UTC;9,443
23.01.2026;02:00;UTC;02:15;UTC;9,535
23.01.2026;02:15;UTC;02:30;UTC;9,53
23.01.2026;02:30;UTC;02:45;UTC;9,478
23.01.2026;02:45;UTC;03:00;UTC;9,458
23.01.2026;03:00;UTC;03:15;UTC;9,552
23.01.2026;03:15;UTC;03:30;UTC;9,51
23.01.2026;03:30;UTC;03:45;UTC;9,583
23.01.2026;03:45;UTC;04:00;UTC;9,604
23.01.2026;04:00;UTC;04:15;UTC;9,613
23.01.2026;04:15;UTC;04:30;UTC;9,721
23.01.2026;04:30;UTC;04:45;UTC;9,755
23.01.2026;04:45;UTC;05:00;UTC;9,71
23.01.2026;05:00;UTC;05:15;UTC;9,766
23.01.2026;05:15;UTC;05:30;UTC;10,427
23.01.2026;05:30;UTC;05:45;UTC;11,429
23.01.2026;05:45;UTC;06:00;UTC;11,657
23.01.2026;06:00;UTC;06:15;UTC;11,658
23.01.2026;06:15;UTC;06:30;UTC;13,698
23.01.2026;06:30;UTC;06:45;UTC;13,531
23.01.2026;06:45;UTC;07:00;UTC;14,313
23.01.2026;07:00;UTC;07:15;UTC;15,459
23.01.2026;07:15;UTC;07:30;UTC;16,04
23.01.2026;07:30;UTC;07:45;UTC;15,376
23.01.2026;07:45;UTC;08:00;UTC;14,3
23.01.2026;08:00;UTC;08:15;UTC;16,267
23.01.2026;08:15;UTC;08:30;UTC;14,984
23.01.2026;08:30;UTC;08:45;UTC;14,049
23.01.2026;08:45;UTC;09:00;UTC;11,695
23.01.2026;09:00;UTC;09:15;UTC;13,271
23.01.2026;09:15;UTC;09:30;UTC;11,655
23.01.2026;09:30;UTC;09:45;UTC;11,013
23.01.2026;09:45;UTC;10:00;UTC;10,212
23.01.2026;10:00;UTC;10:15;UTC;10,321
23.01.2026;10:15;UTC;10:30;UTC;10,002
23.01.2026;10:30;UTC;10:45;UTC;9,941
23.01.2026;10:45;UTC;11:00;UTC;9,787
23.01.2026;11:00;UTC;11:15;UTC;9,683
23.01.2026;11:15;UTC;11:30;UTC;9,578
23.01.2026;11:30;UTC;11:45;UTC;9,628
23.01.2026;11:45;UTC;12:00;UTC;9,596
23.01.2026;12:00;UTC;12:15;UTC;9,592
23.01.2026;12:15;UTC;12:30;UTC;9,565
23.01.2026;12:30;UTC;12:45;UTC;9,555
23.01.2026;12:45;UTC;13:00;UTC;9,592
23.01.2026;13:00;UTC;13:15;UTC;9,595
23.01.2026;13:15;UTC;13:30;UTC;9,653
23.01.2026;13:30;UTC;13:45;UTC;9,67
23.01.2026;13:45;UTC;14:00;UTC;9,914
23.01.2026;14:00;UTC;14:15;UTC;9,787
23.01.2026;14:15;UTC;14:30;UTC;10,196
23.01.2026;14:30;UTC;14:45;UTC;11,246
23.01.2026;14:45;UTC;15:00;UTC;12,278
23.01.2026;15:00;UTC;15:15;UTC;11,125
23.01.2026;15:15;UTC;15:30;UTC;12,294
23.01.2026;15:30;UTC;15:45;UTC;12,814
23.01.2026;15:45;UTC;16:00;UTC;13,386
23.01.2026;16:00;UTC;16:15;UTC;13,217
23.01.2026;16:15;UTC;16:30;UTC;13,822
23.01.2026;16:30;UTC;16:45;UTC;13,753
23.01.2026;16:45;UTC;17:00;UTC;13,642
23.01.2026;17:00;UTC;17:15;UTC;13,2
23.01.2026;17:15;UTC;17:30;UTC;12,717
23.01.2026;17:30;UTC;17:45;UTC;12,478
23.01.2026;17:45;UTC;18:00;UTC;12,998
23.01.2026;18:00;UTC;18:15;UTC;12,538
23.01.2026;18:15;UTC;18:30;UTC;11,777
23.01.2026;18:30;UTC;18:45;UTC;11,416
23.01.2026;18:45;UTC;19:00;UTC;10,99
23.01.2026;19:00;UTC;19:15;UTC;11,304
23.01.2026;19:15;UTC;19:30;UTC;10,79
23.01.2026;19:30;UTC;19:45;UTC;10,526
23.01.2026;19:45;UTC;20:00;UTC;10,269
23.01.2026;20:00;UTC;20:15;UTC;10,873
23.01.2026;20:15;UTC;20:30;UTC;10,579
23.01.2026;20:30;UTC;20:45;UTC;10,225
23.01.2026;20:45;UTC;21:00;UTC;9,907
23.01.2026;21:00;UTC;21:15;UTC;10,579
23.01.2026;21:15;UTC;21:30;UTC;10,219
23.01.2026;21:30;UTC;21:45;UTC;10,689
23.01.2026;21:45;UTC;22:00;UTC;10,429
23.01.2026;22:00;UTC;22:15;UTC;9,913
23.01.2026;22:15;UTC;22:30;UTC;9,623
23.01.2026;22:30;UTC;22:45;UTC;9,732
23.01.2026;22:45;UTC;23:00;UTC;9,53
23.01.2026;23:00;UTC;23:15;UTC;10,419
23.01.2026;23:15;UTC;23:30;UTC;10,141
23.01.2026;23:30;UTC;23:45;UTC;9,89
23.01.2026;23:45;UTC;00:00;UTC;9,47
24.01.2026;00:00;UTC;00:15;UTC;10,308
24.01.2026;00:15;UTC;00:30;UTC;9,864
24.01.2026;00:30;UTC;00:45;UTC;9,75
24.01.2026;00:45;UTC;01:00;UTC;9,692
24.01.2026;01:00;UTC;01:15;UTC;9,764
24.01.2026;01:15;UTC;01:30;UTC;9,83
24.01.2026;01:30;UTC;01:45;UTC;9,887
24.01.2026;01:45;UTC;02:00;UTC;9,845
24.01.2026;02:00;UTC;02:15;UTC;9,736
24.01.2026;02:15;UTC;02:30;UTC;9,816
24.01.2026;02:30;UTC;02:45;UTC;9,779
24.01.2026;02:45;UTC;03:00;UTC;9,799
24.01.2026;03:00;UTC;03:15;UTC;9,834
24.01.2026;03:15;UTC;03:30;UTC;9,686
24.01.2026;03:30;UTC;03:45;UTC;9,749
24.01.2026;03:45;UTC;04:00;UTC;9,75
24.01.2026;04:00;UTC;04:15;UTC;9,786
24.01.2026;04:15;UTC;04:30;UTC;9,936
24.01.2026;04:30;UTC;04:45;UTC;9,851
24.01.2026;04:45;UTC;05:00;UTC;9,991
24.01.2026;05:00;UTC;05:15;UTC;9,75
24.01.2026;05:15;UTC;05:30;UTC;10,093
24.01.2026;05:30;UTC;05:45;UTC;10,109
24.01.2026;05:45;UTC;06:00;UTC;10,207
24.01.2026;06:00;UTC;06:15;UTC;10,267
24.01.2026;06:15;UTC;06:30;UTC;10,319
24.01.2026;06:30;UTC;06:45;UTC;10,442
24.01.2026;06:45;UTC;07:00;UTC;10,596
24.01.2026;07:00;UTC;07:15;UTC;10,924
24.01.2026;07:15;UTC;07:30;UTC;10,97
24.01.2026;07:30;UTC;07:45;UTC;11,215
24.01.2026;07:45;UTC;08:00;UTC;11,29
24.01.2026;08:00;UTC;08:15;UTC;12,49
24.01.2026;08:15;UTC;08:30;UTC;12,623
24.01.2026;08:30;UTC;08:45;UTC;12,117
24.01.2026;08:45;UTC;09:00;UTC;12,007
24.01.2026;09:00;UTC;09:15;UTC;13,53
24.01.2026;09:15;UTC;09:30;UTC;12,006
24.01.2026;09:30;UTC;09:45;UTC;11,522
24.01.2026;09:45;UTC;10:00;UTC;10,638
24.01.2026;10:00;UTC;10:15;UTC;11,477
24.01.2026;10:15;UTC;10:30;UTC;11,046
24.01.2026;10:30;UTC;10:45;UTC;10,97
24.01.2026;10:45;UTC;11:00;UTC;10,626
24.01.2026;11:00;UTC;11:15;UTC;10,821
24.01.2026;11:15;UTC;11:30;UTC;10,675
24.01.2026;11:30;UTC;11:45;UTC;10,63
24.01.2026;11:45;UTC;12:00;UTC;10,361
24.01.2026;12:00;UTC;12:15;UTC;10,3
24.01.2026;12:15;UTC;12:30;UTC;10,16
24.01.2026;12:30;UTC;12:45;UTC;10,159
24.01.2026;12:45;UTC;13:00;UTC;10,13
24.01.2026;13:00;UTC;13:15;UTC;10,23
24.01.2026;13:15;UTC;13:30;UTC;10,325
24.01.2026;13:30;UTC;13:45;UTC;10,554
24.01.2026;13:45;UTC;14:00;UTC;10,939
24.01.2026;14:00;UTC;14:15;UTC;10,422
24.01.2026;14:15;UTC;14:30;UTC;11,202
24.01.2026;14:30;UTC;14:45;UTC;12,555
24.01.2026;14:45;UTC;15:00;UTC;13,112
24.01.2026;15:00;UTC;15:15;UTC;11,839
24.01.2026;15:15;UTC;15:30;UTC;12,695
24.01.2026;15:30;UTC;15:45;UTC;14,147
24.01.2026;15:45;UTC;16:00;UTC;14,081
24.01.2026;16:00;UTC;16:15;UTC;14,121
24.01.2026;16:15;UTC;16:30;UTC;14,79
24.01.2026;16:30;UTC;16:45;UTC;14,895
24.01.2026;16:45;UTC;17:00;UTC;14,883
24.01.2026;17:00;UTC;17:15;UTC;14,617
24.01.2026;17:15;UTC;17:30;UTC;14,625
24.01.2026;17:30;UTC;17:45;UTC;14,059
24.01.2026;17:45;UTC;18:00;UTC;13,398
24.01.2026;18:00;UTC;18:15;UTC;13,918
24.01.2026;18:15;UTC;18:30;UTC;13,499
24.01.2026;18:30;UTC;18:45;UTC;13,013
24.01.2026;18:45;UTC;19:00;UTC;12,343
24.01.2026;19:00;UTC;19:15;UTC;12,956
24.01.2026;19:15;UTC;19:30;UTC;12,223
24.01.2026;19:30;UTC;19:45;UTC;11,334
24.01.2026;19:45;UTC;20:00;UTC;10,956
24.01.2026;20:00;UTC;20:15;UTC;11,276
24.01.2026;20:15;UTC;20:30;UTC;11,215
24.01.2026;20:30;UTC;20:45;UTC;10,992
24.01.2026;20:45;UTC;21:00;UTC;10,732
24.01.2026;21:00;UTC;21:15;UTC;11,179
24.01.2026;21:15;UTC;21:30;UTC;10,83
24.01.2026;21:30;UTC;21:45;UTC;11,212
24.01.2026;21:45;UTC;22:00;UTC;10,903
24.01.2026;22:00;UTC;22:15;UTC;10,798
24.01.2026;22:15;UTC;22:30;UTC;10,422
24.01.2026;22:30;UTC;22:45;UTC;10,347
24.01.2026;22:45;UTC;23:00;UTC;10,093
24.01.2026;23:00;UTC;23:15;UTC;10,15
24.01.2026;23:15;UTC;23:30;UTC;10,231
24.01.2026;23:30;UTC;23:45;UTC;10,159
24.01.2026;23:45;UTC;00:00;UTC;10,037
25.01.2026;00:00;UTC;00:15;UTC;10,221
25.01.2026;00:15;UTC;00:30;UTC;10,159
25.01.2026;00:30;UTC;00:45;UTC;10,207
25.01.2026;00:45;UTC;01:00;UTC;10,116
25.01.2026;01:00;UTC;01:15;UTC;10,203
25.01.2026;01:15;UTC;01:30;UTC;10,097
25.01.2026;01:30;UTC;01:45;UTC;10,094
25.01.2026;01:45;UTC;02:00;UTC;10,132
25.01.2026;02:00;UTC;02:15;UTC;10,202
25.01.2026;02:15;UTC;02:30;UTC;10,16
25.01.2026;02:30;UTC;02:45;UTC;10,271
25.01.2026;02:45;UTC;03:00;UTC;10,075
25.01.2026;03:00;UTC;03:15;UTC;10,119
25.01.2026;03:15;UTC;03:30;UTC;10,069
25.01.2026;03:30;UTC;03:45;UTC;10,088
25.01.2026;03:45;UTC;04:00;UTC;10,069
25.01.2026;04:00;UTC;04:15;UTC;9,899
25.01.2026;04:15;UTC;04:30;UTC;10,159
25.01.2026;04:30;UTC;04:45;UTC;10,084
25.01.2026;04:45;UTC;05:00;UTC;10,063
25.01.2026;05:00;UTC;05:15;UTC;9,929
25.01.2026;05:15;UTC;05:30;UTC;10,009
25.01.2026;05:30;UTC;05:45;UTC;10,03
25.01.2026;05:45;UTC;06:00;UTC;10,018
25.01.2026;06:00;UTC;06:15;UTC;10,005
25.01.2026;06:15;UTC;06:30;UTC;10,101
25.01.2026;06:30;UTC;06:45;UTC;10,343
25.01.2026;06:45;UTC;07:00;UTC;10,375
25.01.2026;07:00;UTC;07:15;UTC;10,159
25.01.2026;07:15;UTC;07:30;UTC;10,319
25.01.2026;07:30;UTC;07:45;UTC;10,498
25.01.2026;07:45;UTC;08:00;UTC;10,527
25.01.2026;08:00;UTC;08:15;UTC;10,907
25.01.2026;08:15;UTC;08:30;UTC;10,893
25.01.2026;08:30;UTC;08:45;UTC;10,975
25.01.2026;08:45;UTC;09:00;UTC;10,78
25.01.2026;09:00;UTC;09:15;UTC;11,277
25.01.2026;09:15;UTC;09:30;UTC;11,477
25.01.2026;09:30;UTC;09:45;UTC;11,23
25.01.2026;09:45;UTC;10:00;UTC;11,293
25.01.2026;10:00;UTC;10:15;UTC;11,741
25.01.2026;10:15;UTC;10:30;UTC;11,657
25.01.2026;10:30;UTC;10:45;UTC;11,659
25.01.2026;10:45;UTC;11:00;UTC;11,35
25.01.2026;11:00;UTC;11:15;UTC;12,374
25.01.2026;11:15;UTC;11:30;UTC;11,986
25.01.2026;11:30;UTC;11:45;UTC;12,009
25.01.2026;11:45;UTC;12:00;UTC;11,643
25.01.2026;12:00;UTC;12:15;UTC;11,987
25.01.2026;12:15;UTC;12:30;UTC;11,68
25.01.2026;12:30;UTC;12:45;UTC;11,465
25.01.2026;12:45;UTC;13:00;UTC;11,311
25.01.2026;13:00;UTC;13:15;UTC;11,29
25.01.2026;13:15;UTC;13:30;UTC;11,29
25.01.2026;13:30;UTC;13:45;UTC;11,442
25.01.2026;13:45;UTC;14:00;UTC;11,704
25.01.2026;14:00;UTC;14:15;UTC;10,76
25.01.2026;14:15;UTC;14:30;UTC;10,93
25.01.2026;14:30;UTC;14:45;UTC;11,327
25.01.2026;14:45;UTC;15:00;UTC;11,684
25.01.2026;15:00;UTC;15:15;UTC;10,779
25.01.2026;15:15;UTC;15:30;UTC;11,173
25.01.2026;15:30;UTC;15:45;UTC;12,038
25.01.2026;15:45;UTC;16:00;UTC;12,77
25.01.2026;16:00;UTC;16:15;UTC;12,399
25.01.2026;16:15;UTC;16:30;UTC;13,291
25.01.2026;16:30;UTC;16:45;UTC;13,337
25.01.2026;16:45;UTC;17:00;UTC;13,458
25.01.2026;17:00;UTC;17:15;UTC;13,883
25.01.2026;17:15;UTC;17:30;UTC;13,933
25.01.2026;17:30;UTC;17:45;UTC;13,797
25.01.2026;17:45;UTC;18:00;UTC;13,337
25.01.2026;18:00;UTC;18:15;UTC;13,674
25.01.2026;18:15;UTC;18:30;UTC;13,313
25.01.2026;18:30;UTC;18:45;UTC;13,077
25.01.2026;18:45;UTC;19:00;UTC;12,966
25.01.2026;19:00;UTC;19:15;UTC;13,265
25.01.2026;19:15;UTC;19:30;UTC;12,926
25.01.2026;19:30;UTC;19:45;UTC;12,089
25.01.2026;19:45;UTC;20:00;UTC;11,327
25.01.2026;20:00;UTC;20:15;UTC;12,037
25.01.2026;20:15;UTC;20:30;UTC;11,653
25.01.2026;20:30;UTC;20:45;UTC;11,185
25.01.2026;20:45;UTC;21:00;UTC;10,734
25.01.2026;21:00;UTC;21:15;UTC;11,905
25.01.2026;21:15;UTC;21:30;UTC;11,279
25.01.2026;21:30;UTC;21:45;UTC;10,947
25.01.2026;21:45;UTC;22:00;UTC;10,646
25.01.2026;22:00;UTC;22:15;UTC;10,83
25.01.2026;22:15;UTC;22:30;UTC;10,476
25.01.2026;22:30;UTC;22:45;UTC;10,274
25.01.2026;22:45;UTC;23:00;UTC;10,216
25.01.2026;23:00;UTC;23:15;UTC;10,976
25.01.2026;23:15;UTC;23:30;UTC;10,542
25.01.2026;23:30;UTC;23:45;UTC;10,111
25.01.2026;23:45;UTC;00:00;UTC;9,941
26.01.2026;00:00;UTC;00:15;UTC;10,249
26.01.2026;00:15;UTC;00:30;UTC;10,124
26.01.2026;00:30;UTC;00:45;UTC;10,085
26.01.2026;00:45;UTC;01:00;UTC;9,987
26.01.2026;01:00;UTC;01:15;UTC;10,08
26.01.2026;01:15;UTC;01:30;UTC;9,94
26.01.2026;01:30;UTC;01:45;UTC;9,692
26.01.2026;01:45;UTC;02:00;UTC;9,779
26.01.2026;02:00;UTC;02:15;UTC;9,544
26.01.2026;02:15;UTC;02:30;UTC;9,638
26.01.2026;02:30;UTC;02:45;UTC;9,555
26.01.2026;02:45;UTC;03:00;UTC;9,604
26.01.2026;03:00;UTC;03:15;UTC;9,469
26.01.2026;03:15;UTC;03:30;UTC;9,485
26.01.2026;03:30;UTC;03:45;UTC;9,529
26.01.2026;03:45;UTC;04:00;UTC;9,53
26.01.2026;04:00;UTC;04:15;UTC;9,364
26.01.2026;04:15;UTC;04:30;UTC;9,42
26.01.2026;04:30;UTC;04:45;UTC;9,948
26.01.2026;04:45;UTC;05:00;UTC;10,145
26.01.2026;05:00;UTC;05:15;UTC;10,355
26.01.2026;05:15;UTC;05:30;UTC;11,003
26.01.2026;05:30;UTC;05:45;UTC;11,357
26.01.2026;05:45;UTC;06:00;UTC;12,996
26.01.2026;06:00;UTC;06:15;UTC;13,183
26.01.2026;06:15;UTC;06:30;UTC;14,583
26.01.2026;06:30;UTC;06:45;UTC;15,919
26.01.2026;06:45;UTC;07:00;UTC;17,594
26.01.2026;07:00;UTC;07:15;UTC;16,386
26.01.2026;07:15;UTC;07:30;UTC;17,732
26.01.2026;07:30;UTC;07:45;UTC;18,451
26.01.2026;07:45;UTC;08:00;UTC;17,484
26.01.2026;08:00;UTC;08:15;UTC;19,15
26.01.2026;08:15;UTC;08:30;UTC;18,45
26.01.2026;08:30;UTC;08:45;UTC;17,29
26.01.2026;08:45;UTC;09:00;UTC;16,297
26.01.2026;09:00;UTC;09:15;UTC;18,682
26.01.2026;09:15;UTC;09:30;UTC;18,464
26.01.2026;09:30;UTC;09:45;UTC;17,718
26.01.2026;09:45;UTC;10:00;UTC;16,341
26.01.2026;10:00;UTC;10:15;UTC;17,778
26.01.2026;10:15;UTC;10:30;UTC;17,199
26.01.2026;10:30;UTC;10:45;UTC;16,79
26.01.2026;10:45;UTC;11:00;UTC;16,37
26.01.2026;11:00;UTC;11:15;UTC;16,865
26.01.2026;11:15;UTC;11:30;UTC;15,857
26.01.2026;11:30;UTC;11:45;UTC;15,1
26.01.2026;11:45;UTC;12:00;UTC;14,59
26.01.2026;12:00;UTC;12:15;UTC;15,813
26.01.2026;12:15;UTC;12:30;UTC;15,089
26.01.2026;12:30;UTC;12:45;UTC;14,757
26.01.2026;12:45;UTC;13:00;UTC;14,099
26.01.2026;13:00;UTC;13:15;UTC;14,183
26.01.2026;13:15;UTC;13:30;UTC;14,999
26.01.2026;13:30;UTC;13:45;UTC;14,76
26.01.2026;13:45;UTC;14:00;UTC;15,17
26.01.2026;14:00;UTC;14:15;UTC;15,267
26.01.2026;14:15;UTC;14:30;UTC;15,194
26.01.2026;14:30;UTC;14:45;UTC;16,37
26.01.2026;14:45;UTC;15:00;UTC;17,157
26.01.2026;15:00;UTC;15:15;UTC;15,197
26.01.2026;15:15;UTC;15:30;UTC;15,3
26.01.2026;15:30;UTC;15:45;UTC;17
26.01.2026;15:45;UTC;16:00;UTC;19,035
26.01.2026;16:00;UTC;16:15;UTC;15,212
26.01.2026;16:15;UTC;16:30;UTC;17,05
26.01.2026;16:30;UTC;16:45;UTC;19,214
26.01.2026;16:45;UTC;17:00;UTC;20,003
26.01.2026;17:00;UTC;17:15;UTC;18,736
26.01.2026;17:15;UTC;17:30;UTC;17,596
26.01.2026;17:30;UTC;17:45;UTC;17,859
26.01.2026;17:45;UTC;18:00;UTC;17,018
26.01.2026;18:00;UTC;18:15;UTC;18,277
26.01.2026;18:15;UTC;18:30;UTC;17,957
26.01.2026;18:30;UTC;18:45;UTC;16,459
26.01.2026;18:45;UTC;19:00;UTC;15,296
26.01.2026;19:00;UTC;19:15;UTC;16,785
26.01.2026;19:15;UTC;19:30;UTC;15,327
26.01.2026;19:30;UTC;19:45;UTC;15,102
26.01.2026;19:45;UTC;20:00;UTC;14,452
26.01.2026;20:00;UTC;20:15;UTC;14,995
26.01.2026;20:15;UTC;20:30;UTC;14,105
26.01.2026;20:30;UTC;20:45;UTC;14,099
26.01.2026;20:45;UTC;21:00;UTC;11,646
26.01.2026;21:00;UTC;21:15;UTC;13,828
26.01.2026;21:15;UTC;21:30;UTC;12,403
26.01.2026;21:30;UTC;21:45;UTC;11,375
26.01.2026;21:45;UTC;22:00;UTC;10,994
26.01.2026;22:00;UTC;22:15;UTC;11,832
26.01.2026;22:15;UTC;22:30;UTC;11,587
26.01.2026;22:30;UTC;22:45;UTC;10,772
26.01.2026;22:45;UTC;23:00;UTC;10,483
26.01.2026;23:00;UTC;23:15;UTC;12,339
26.01.2026;23:15;UTC;23:30;UTC;11,909
26.01.2026;23:30;UTC;23:45;UTC;11,752
26.01.2026;23:45;UTC;00:00;UTC;11,507
27.01.2026;00:00;UTC;00:15;UTC;11,68
27.01.2026;00:15;UTC;00:30;UTC;11,488
27.01.2026;00:30;UTC;00:45;UTC;11,313
27.01.2026;00:45;UTC;01:00;UTC;11
27.01.2026;01:00;UTC;01:15;UTC;11,307
27.01.2026;01:15;UTC;01:30;UTC;11,225
27.01.2026;01:30;UTC;01:45;UTC;11,196
27.01.2026;01:45;UTC;02:00;UTC;11,135
27.01.2026;02:00;UTC;02:15;UTC;11,309
27.01.2026;02:15;UTC;02:30;UTC;11,098
27.01.2026;02:30;UTC;02:45;UTC;11,095
27.01.2026;02:45;UTC;03:00;UTC;11,093
27.01.2026;03:00;UTC;03:15;UTC;11,05
27.01.2026;03:15;UTC;03:30;UTC;11,059
27.01.2026;03:30;UTC;03:45;UTC;11,004
27.01.2026;03:45;UTC;04:00;UTC;11,105
27.01.2026;04:00;UTC;04:15;UTC;10,7
27.01.2026;04:15;UTC;04:30;UTC;10,998
27.01.2026;04:30;UTC;04:45;UTC;11,28
27.01.2026;04:45;UTC;05:00;UTC;11,682
27.01.2026;05:00;UTC;05:15;UTC;11,392
27.01.2026;05:15;UTC;05:30;UTC;12,268
27.01.2026;05:30;UTC;05:45;UTC;14,017
27.01.2026;05:45;UTC;06:00;UTC;15,767
27.01.2026;06:00;UTC;06:15;UTC;13,303
27.01.2026;06:15;UTC;06:30;UTC;15,298
27.01.2026;06:30;UTC;06:45;UTC;16,7
27.01.2026;06:45;UTC;07:00;UTC;18,649
27.01.2026;07:00;UTC;07:15;UTC;18,64
27.01.2026;07:15;UTC;07:30;UTC;18,595
27.01.2026;07:30;UTC;07:45;UTC;17,07
27.01.2026;07:45;UTC;08:00;UTC;16,349
27.01.2026;08:00;UTC;08:15;UTC;18,869
27.01.2026;08:15;UTC;08:30;UTC;17,311
27.01.2026;08:30;UTC;08:45;UTC;16,999
27.01.2026;08:45;UTC;09:00;UTC;15,299
27.01.2026;09:00;UTC;09:15;UTC;16,994
27.01.2026;09:15;UTC;09:30;UTC;15,264
27.01.2026;09:30;UTC;09:45;UTC;13,816
27.01.2026;09:45;UTC;10:00;UTC;13,309
27.01.2026;10:00;UTC;10:15;UTC;14,189
27.01.2026;10:15;UTC;10:30;UTC;13,524
27.01.2026;10:30;UTC;10:45;UTC;13,301
27.01.2026;10:45;UTC;11:00;UTC;12,302
27.01.2026;11:00;UTC;11:15;UTC;13,125
27.01.2026;11:15;UTC;11:30;UTC;12,7
27.01.2026;11:30;UTC;11:45;UTC;11,979
27.01.2026;11:45;UTC;12:00;UTC;11,408
27.01.2026;12:00;UTC;12:15;UTC;11,495
27.01.2026;12:15;UTC;12:30;UTC;11,228
27.01.2026;12:30;UTC;12:45;UTC;11,003
27.01.2026;12:45;UTC;13:00;UTC;11,269
27.01.2026;13:00;UTC;13:15;UTC;12,487
27.01.2026;13:15;UTC;13:30;UTC;12,944
27.01.2026;13:30;UTC;13:45;UTC;13,377
27.01.2026;13:45;UTC;14:00;UTC;13,625
27.01.2026;14:00;UTC;14:15;UTC;13,172
27.01.2026;14:15;UTC;14:30;UTC;12,643
27.01.2026;14:30;UTC;14:45;UTC;12,464
27.01.2026;14:45;UTC;15:00;UTC;12,7
27.01.2026;15:00;UTC;15:15;UTC;13,698
27.01.2026;15:15;UTC;15:30;UTC;12,701
27.01.2026;15:30;UTC;15:45;UTC;12,903
27.01.2026;15:45;UTC;16:00;UTC;13,89
27.01.2026;16:00;UTC;16:15;UTC;13,749
27.01.2026;16:15;UTC;16:30;UTC;15,807
27.01.2026;16:30;UTC;16:45;UTC;17,001
27.01.2026;16:45;UTC;17:00;UTC;14,491
27.01.2026;17:00;UTC;17:15;UTC;13,36
27.01.2026;17:15;UTC;17:30;UTC;13,577
27.01.2026;17:30;UTC;17:45;UTC;14,364
27.01.2026;17:45;UTC;18:00;UTC;15,155
27.01.2026;18:00;UTC;18:15;UTC;14,981
27.01.2026;18:15;UTC;18:30;UTC;13,837
27.01.2026;18:30;UTC;18:45;UTC;13,634
27.01.2026;18:45;UTC;19:00;UTC;13,101
27.01.2026;19:00;UTC;19:15;UTC;13,438
27.01.2026;19:15;UTC;19:30;UTC;12,324
27.01.2026;19:30;UTC;19:45;UTC;11,588
27.01.2026;19:45;UTC;20:00;UTC;11,285
27.01.2026;20:00;UTC;20:15;UTC;11,799
27.01.2026;20:15;UTC;20:30;UTC;11,936
27.01.2026;20:30;UTC;20:45;UTC;12,301
27.01.2026;20:45;UTC;21:00;UTC;11,711
27.01.2026;21:00;UTC;21:15;UTC;12,279
27.01.2026;21:15;UTC;21:30;UTC;12
27.01.2026;21:30;UTC;21:45;UTC;12,229
27.01.2026;21:45;UTC;22:00;UTC;11,772
27.01.2026;22:00;UTC;22:15;UTC;11,911
27.01.2026;22:15;UTC;22:30;UTC;11,158
27.01.2026;22:30;UTC;22:45;UTC;11,003
27.01.2026;22:45;UTC;23:00;UTC;10,668
27.01.2026;23:00;UTC;23:15;UTC;11,106
27.01.2026;23:15;UTC;23:30;UTC;10,912
27.01.2026;23:30;UTC;23:45;UTC;10,132
27.01.2026;23:45;UTC;00:00;UTC;10,04
28.01.2026;00:00;UTC;00:15;UTC;10,929
28.01.2026;00:15;UTC;00:30;UTC;10,551
28.01.2026;00:30;UTC;00:45;UTC;10,266
28.01.2026;00:45;UTC;01:00;UTC;10,04
28.01.2026;01:00;UTC;01:15;UTC;10,672
28.01.2026;01:15;UTC;01:30;UTC;10,56
28.01.2026;01:30;UTC;01:45;UTC;10,291
28.01.2026;01:45;UTC;02:00;UTC;10,263
28.01.2026;02:00;UTC;02:15;UTC;10,234
28.01.2026;02:15;UTC;02:30;UTC;10,125
28.01.2026;02:30;UTC;02:45;UTC;10,238
28.01.2026;02:45;UTC;03:00;UTC;10,299
28.01.2026;03:00;UTC;03:15;UTC;10,323
28.01.2026;03:15;UTC;03:30;UTC;10,346
28.01.2026;03:30;UTC;03:45;UTC;10,491
28.01.2026;03:45;UTC;04:00;UTC;10,725
28.01.2026;04:00;UTC;04:15;UTC;10,459
28.01.2026;04:15;UTC;04:30;UTC;10,618
28.01.2026;04:30;UTC;04:45;UTC;10,992
28.01.2026;04:45;UTC;05:00;UTC;10,571
28.01.2026;05:00;UTC;05:15;UTC;10,544
28.01.2026;05:15;UTC;05:30;UTC;10,929
28.01.2026;05:30;UTC;05:45;UTC;11,732
28.01.2026;05:45;UTC;06:00;UTC;12,274
28.01.2026;06:00;UTC;06:15;UTC;13,201
28.01.2026;06:15;UTC;06:30;UTC;14,203
28.01.2026;06:30;UTC;06:45;UTC;14,44
28.01.2026;06:45;UTC;07:00;UTC;15,595
28.01.2026;07:00;UTC;07:15;UTC;15,821
28.01.2026;07:15;UTC;07:30;UTC;16,821
28.01.2026;07:30;UTC;07:45;UTC;17,419
28.01.2026;07:45;UTC;08:00;UTC;18,34
28.01.2026;08:00;UTC;08:15;UTC;18,238
28.01.2026;08:15;UTC;08:30;UTC;17,982
28.01.2026;08:30;UTC;08:45;UTC;16,778
28.01.2026;08:45;UTC;09:00;UTC;16,46
28.01.2026;09:00;UTC;09:15;UTC;18,834
28.01.2026;09:15;UTC;09:30;UTC;17,474
28.01.2026;09:30;UTC;09:45;UTC;16,937
28.01.2026;09:45;UTC;10:00;UTC;15,685
28.01.2026;10:00;UTC;10:15;UTC;17,097
28.01.2026;10:15;UTC;10:30;UTC;16,435
28.01.2026;10:30;UTC;10:45;UTC;16,56
28.01.2026;10:45;UTC;11:00;UTC;16,404
28.01.2026;11:00;UTC;11:15;UTC;16,275
28.01.2026;11:15;UTC;11:30;UTC;15,834
28.01.2026;11:30;UTC;11:45;UTC;15,427
28.01.2026;11:45;UTC;12:00;UTC;15,299
28.01.2026;12:00;UTC;12:15;UTC;15,299
28.01.2026;12:15;UTC;12:30;UTC;15,544
28.01.2026;12:30;UTC;12:45;UTC;14,51
28.01.2026;12:45;UTC;13:00;UTC;13,812
28.01.2026;13:00;UTC;13:15;UTC;14,56
28.01.2026;13:15;UTC;13:30;UTC;14,202
28.01.2026;13:30;UTC;13:45;UTC;14,352
28.01.2026;13:45;UTC;14:00;UTC;14,9
28.01.2026;14:00;UTC;14:15;UTC;14,324
28.01.2026;14:15;UTC;14:30;UTC;13,633
28.01.2026;14:30;UTC;14:45;UTC;13,961
28.01.2026;14:45;UTC;15:00;UTC;14,537
28.01.2026;15:00;UTC;15:15;UTC;14,046
28.01.2026;15:15;UTC;15:30;UTC;14,315
28.01.2026;15:30;UTC;15:45;UTC;14,81
28.01.2026;15:45;UTC;16:00;UTC;15,68
28.01.2026;16:00;UTC;16:15;UTC;15,001
28.01.2026;16:15;UTC;16:30;UTC;16,84
28.01.2026;16:30;UTC;16:45;UTC;16,849
28.01.2026;16:45;UTC;17:00;UTC;16,999
28.01.2026;17:00;UTC;17:15;UTC;17,356
28.01.2026;17:15;UTC;17:30;UTC;17,15
28.01.2026;17:30;UTC;17:45;UTC;16,84
28.01.2026;17:45;UTC;18:00;UTC;16,824
28.01.2026;18:00;UTC;18:15;UTC;16,973
28.01.2026;18:15;UTC;18:30;UTC;16,68
28.01.2026;18:30;UTC;18:45;UTC;16,12
28.01.2026;18:45;UTC;19:00;UTC;14,717
28.01.2026;19:00;UTC;19:15;UTC;14,515
28.01.2026;19:15;UTC;19:30;UTC;13,714
28.01.2026;19:30;UTC;19:45;UTC;13,39
28.01.2026;19:45;UTC;20:00;UTC;12,087
28.01.2026;20:00;UTC;20:15;UTC;13,2
28.01.2026;20:15;UTC;20:30;UTC;12,105
28.01.2026;20:30;UTC;20:45;UTC;11,308
28.01.2026;20:45;UTC;21:00;UTC;10,991
28.01.2026;21:00;UTC;21:15;UTC;12,343
28.01.2026;21:15;UTC;21:30;UTC;11,541
28.01.2026;21:30;UTC;21:45;UTC;11,784
28.01.2026;21:45;UTC;22:00;UTC;11,132
28.01.2026;22:00;UTC;22:15;UTC;11,923
28.01.2026;22:15;UTC;22:30;UTC;11,054
28.01.2026;22:30;UTC;22:45;UTC;11,005
28.01.2026;22:45;UTC;23:00;UTC;10,401
28.01.2026;23:00;UTC;23:15;UTC;10,789
28.01.2026;23:15;UTC;23:30;UTC;10,458
28.01.2026;23:30;UTC;23:45;UTC;10,382
28.01.2026;23:45;UTC;00:00;UTC;10,191
29.01.2026;00:00;UTC;00:15;UTC;10,58
29.01.2026;00:15;UTC;00:30;UTC;10,403
29.01.2026;00:30;UTC;00:45;UTC;10,374
29.01.2026;00:45;UTC;01:00;UTC;10,243
29.01.2026;01:00;UTC;01:15;UTC;10,301
29.01.2026;01:15;UTC;01:30;UTC;10,26
29.01.2026;01:30;UTC;01:45;UTC;10,168
29.01.2026;01:45;UTC;02:00;UTC;10,023
29.01.2026;02:00;UTC;02:15;UTC;10,003
29.01.2026;02:15;UTC;02:30;UTC;10
29.01.2026;02:30;UTC;02:45;UTC;9,998
29.01.2026;02:45;UTC;03:00;UTC;10,008
29.01.2026;03:00;UTC;03:15;UTC;9,948
29.01.2026;03:15;UTC;03:30;UTC;10,029
29.01.2026;03:30;UTC;03:45;UTC;10,053
29.01.2026;03:45;UTC;04:00;UTC;10,343
29.01.2026;04:00;UTC;04:15;UTC;10,136
29.01.2026;04:15;UTC;04:30;UTC;10,282
29.01.2026;04:30;UTC;04:45;UTC;10,752
29.01.2026;04:45;UTC;05:00;UTC;10,685
29.01.2026;05:00;UTC;05:15;UTC;10,385
29.01.2026;05:15;UTC;05:30;UTC;10,874
29.01.2026;05:30;UTC;05:45;UTC;11,835
29.01.2026;05:45;UTC;06:00;UTC;13,354
29.01.2026;06:00;UTC;06:15;UTC;12,69
29.01.2026;06:15;UTC;06:30;UTC;14,584
29.01.2026;06:30;UTC;06:45;UTC;16,136
29.01.2026;06:45;UTC;07:00;UTC;16,428
29.01.2026;07:00;UTC;07:15;UTC;16,358
29.01.2026;07:15;UTC;07:30;UTC;16,562
29.01.2026;07:30;UTC;07:45;UTC;16,725
29.01.2026;07:45;UTC;08:00;UTC;16,628
29.01.2026;08:00;UTC;08:15;UTC;17,307
29.01.2026;08:15;UTC;08:30;UTC;16,621
29.01.2026;08:30;UTC;08:45;UTC;16,833
29.01.2026;08:45;UTC;09:00;UTC;16,453
29.01.2026;09:00;UTC;09:15;UTC;16,834
29.01.2026;09:15;UTC;09:30;UTC;16,372
29.01.2026;09:30;UTC;09:45;UTC;15,804
29.01.2026;09:45;UTC;10:00;UTC;15,26
29.01.2026;10:00;UTC;10:15;UTC;15,949
29.01.2026;10:15;UTC;10:30;UTC;15,432
29.01.2026;10:30;UTC;10:45;UTC;15,117
29.01.2026;10:45;UTC;11:00;UTC;14,619
29.01.2026;11:00;UTC;11:15;UTC;14,759
29.01.2026;11:15;UTC;11:30;UTC;14,391
29.01.2026;11:30;UTC;11:45;UTC;14,157
29.01.2026;11:45;UTC;12:00;UTC;13,907
29.01.2026;12:00;UTC;12:15;UTC;14,888
29.01.2026;12:15;UTC;12:30;UTC;14,124
29.01.2026;12:30;UTC;12:45;UTC;14,029
29.01.2026;12:45;UTC;13:00;UTC;14,085
29.01.2026;13:00;UTC;13:15;UTC;14,077
29.01.2026;13:15;UTC;13:30;UTC;14,138
29.01.2026;13:30;UTC;13:45;UTC;14,386
29.01.2026;13:45;UTC;14:00;UTC;14,596
29.01.2026;14:00;UTC;14:15;UTC;14,331
29.01.2026;14:15;UTC;14:30;UTC;14,535
29.01.2026;14:30;UTC;14:45;UTC;14,825
29.01.2026;14:45;UTC;15:00;UTC;15,354
29.01.2026;15:00;UTC;15:15;UTC;14,547
29.01.2026;15:15;UTC;15:30;UTC;15,121
29.01.2026;15:30;UTC;15:45;UTC;15,307
29.01.2026;15:45;UTC;16:00;UTC;16,266
29.01.2026;16:00;UTC;16:15;UTC;15,566
29.01.2026;16:15;UTC;16:30;UTC;15,921
29.01.2026;16:30;UTC;16:45;UTC;16,182
29.01.2026;16:45;UTC;17:00;UTC;16,122
29.01.2026;17:00;UTC;17:15;UTC;15,894
29.01.2026;17:15;UTC;17:30;UTC;15,774
29.01.2026;17:30;UTC;17:45;UTC;15,581
29.01.2026;17:45;UTC;18:00;UTC;15,647
29.01.2026;18:00;UTC;18:15;UTC;15,224
29.01.2026;18:15;UTC;18:30;UTC;15,47
29.01.2026;18:30;UTC;18:45;UTC;15,299
29.01.2026;18:45;UTC;19:00;UTC;14,022
29.01.2026;19:00;UTC;19:15;UTC;14,457
29.01.2026;19:15;UTC;19:30;UTC;12,966
29.01.2026;19:30;UTC;19:45;UTC;12,003
29.01.2026;19:45;UTC;20:00;UTC;11,197
29.01.2026;20:00;UTC;20:15;UTC;12,198
29.01.2026;20:15;UTC;20:30;UTC;11,519
29.01.2026;20:30;UTC;20:45;UTC;10,965
29.01.2026;20:45;UTC;21:00;UTC;10,746
29.01.2026;21:00;UTC;21:15;UTC;11,321
29.01.2026;21:15;UTC;21:30;UTC;10,951
29.01.2026;21:30;UTC;21:45;UTC;10,906
29.01.2026;21:45;UTC;22:00;UTC;10,548
29.01.2026;22:00;UTC;22:15;UTC;11,093
29.01.2026;22:15;UTC;22:30;UTC;10,14
29.01.2026;22:30;UTC;22:45;UTC;10,312
29.01.2026;22:45;UTC;23:00;UTC;9,646
29.01.2026;23:00;UTC;23:15;UTC;12,508
29.01.2026;23:15;UTC;23:30;UTC;11,4
29.01.2026;23:30;UTC;23:45;UTC;10,421
29.01.2026;23:45;UTC;00:00;UTC;10,097
30.01.2026;00:00;UTC;00:15;UTC;10,622
30.01.2026;00:15;UTC;00:30;UTC;10,465
30.01.2026;00:30;UTC;00:45;UTC;10,247
30.01.2026;00:45;UTC;01:00;UTC;9,991
30.01.2026;01:00;UTC;01:15;UTC;10,426
30.01.2026;01:15;UTC;01:30;UTC;10,187
30.01.2026;01:30;UTC;01:45;UTC;9,912
30.01.2026;01:45;UTC;02:00;UTC;9,816
30.01.2026;02:00;UTC;02:15;UTC;9,922
30.01.2026;02:15;UTC;02:30;UTC;9,69
30.01.2026;02:30;UTC;02:45;UTC;9,671
30.01.2026;02:45;UTC;03:00;UTC;9,672
30.01.2026;03:00;UTC;03:15;UTC;9,732
30.01.2026;03:15;UTC;03:30;UTC;9,566
30.01.2026;03:30;UTC;03:45;UTC;9,682
30.01.2026;03:45;UTC;04:00;UTC;9,94
30.01.2026;04:00;UTC;04:15;UTC;9,43
30.01.2026;04:15;UTC;04:30;UTC;9,34
30.01.2026;04:30;UTC;04:45;UTC;9,374
30.01.2026;04:45;UTC;05:00;UTC;10,367
30.01.2026;05:00;UTC;05:15;UTC;9,941
30.01.2026;05:15;UTC;05:30;UTC;10,844
30.01.2026;05:30;UTC;05:45;UTC;11,671
30.01.2026;05:45;UTC;06:00;UTC;11,994
30.01.2026;06:00;UTC;06:15;UTC;11,864
30.01.2026;06:15;UTC;06:30;UTC;13,246
30.01.2026;06:30;UTC;06:45;UTC;13,432
30.01.2026;06:45;UTC;07:00;UTC;14,169
30.01.2026;07:00;UTC;07:15;UTC;14,186
30.01.2026;07:15;UTC;07:30;UTC;15,001
30.01.2026;07:30;UTC;07:45;UTC;14,536
30.01.2026;07:45;UTC;08:00;UTC;13,779
30.01.2026;08:00;UTC;08:15;UTC;15,299
30.01.2026;08:15;UTC;08:30;UTC;14,905
30.01.2026;08:30;UTC;08:45;UTC;14,548
30.01.2026;08:45;UTC;09:00;UTC;14,062
30.01.2026;09:00;UTC;09:15;UTC;14,501
30.01.2026;09:15;UTC;09:30;UTC;13,636
30.01.2026;09:30;UTC;09:45;UTC;12,7
30.01.2026;09:45;UTC;10:00;UTC;12,215
30.01.2026;10:00;UTC;10:15;UTC;13,407
30.01.2026;10:15;UTC;10:30;UTC;12,528
30.01.2026;10:30;UTC;10:45;UTC;12,613
30.01.2026;10:45;UTC;11:00;UTC;11,892
30.01.2026;11:00;UTC;11:15;UTC;12,701
30.01.2026;11:15;UTC;11:30;UTC;11,78
30.01.2026;11:30;UTC;11:45;UTC;11,532
30.01.2026;11:45;UTC;12:00;UTC;11,269
30.01.2026;12:00;UTC;12:15;UTC;11,411
30.01.2026;12:15;UTC;12:30;UTC;11,101
30.01.2026;12:30;UTC;12:45;UTC;10,824
30.01.2026;12:45;UTC;13:00;UTC;10,82
30.01.2026;13:00;UTC;13:15;UTC;10,994
30.01.2026;13:15;UTC;13:30;UTC;10,938
30.01.2026;13:30;UTC;13:45;UTC;11,107
30.01.2026;13:45;UTC;14:00;UTC;11,088
30.01.2026;14:00;UTC;14:15;UTC;10,803
30.01.2026;14:15;UTC;14:30;UTC;10,93
30.01.2026;14:30;UTC;14:45;UTC;11,123
30.01.2026;14:45;UTC;15:00;UTC;11,622
30.01.2026;15:00;UTC;15:15;UTC;11,035
30.01.2026;15:15;UTC;15:30;UTC;11,316
30.01.2026;15:30;UTC;15:45;UTC;11,721
30.01.2026;15:45;UTC;16:00;UTC;11,903
30.01.2026;16:00;UTC;16:15;UTC;11,864
30.01.2026;16:15;UTC;16:30;UTC;12,4
30.01.2026;16:30;UTC;16:45;UTC;12,96
30.01.2026;16:45;UTC;17:00;UTC;12,7
30.01.2026;17:00;UTC;17:15;UTC;12,943
30.01.2026;17:15;UTC;17:30;UTC;12,256
30.01.2026;17:30;UTC;17:45;UTC;12,356
30.01.2026;17:45;UTC;18:00;UTC;11,6
30.01.2026;18:00;UTC;18:15;UTC;11,73
30.01.2026;18:15;UTC;18:30;UTC;11,205
30.01.2026;18:30;UTC;18:45;UTC;11,25
30.01.2026;18:45;UTC;19:00;UTC;11,05
30.01.2026;19:00;UTC;19:15;UTC;11,376
30.01.2026;19:15;UTC;19:30;UTC;10,866
30.01.2026;19:30;UTC;19:45;UTC;10,627
30.01.2026;19:45;UTC;20:00;UTC;10,57
30.01.2026;20:00;UTC;20:15;UTC;10,777
30.01.2026;20:15;UTC;20:30;UTC;10,499
30.01.2026;20:30;UTC;20:45;UTC;9,856
30.01.2026;20:45;UTC;21:00;UTC;9,541
30.01.2026;21:00;UTC;21:15;UTC;10,532
30.01.2026;21:15;UTC;21:30;UTC;10,115
30.01.2026;21:30;UTC;21:45;UTC;10,068
30.01.2026;21:45;UTC;22:00;UTC;9,721
30.01.2026;22:00;UTC;22:15;UTC;9,578
30.01.2026;22:15;UTC;22:30;UTC;9,277
30.01.2026;22:30;UTC;22:45;UTC;9,267
30.01.2026;22:45;UTC;23:00;UTC;8,956
30.01.2026;23:00;UTC;23:15;UTC;10,865
30.01.2026;23:15;UTC;23:30;UTC;9,671
30.01.2026;23:30;UTC;23:45;UTC;9,211
30.01.2026;23:45;UTC;00:00;UTC;9,034
31.01.2026;00:00;UTC;00:15;UTC;9,941
31.01.2026;00:15;UTC;00:30;UTC;9,575
31.01.2026;00:30;UTC;00:45;UTC;9,884
31.01.2026;00:45;UTC;01:00;UTC;9,551
31.01.2026;01:00;UTC;01:15;UTC;9,272
31.01.2026;01:15;UTC;01:30;UTC;8,996
31.01.2026;01:30;UTC;01:45;UTC;9,878
31.01.2026;01:45;UTC;02:00;UTC;9,657
31.01.2026;02:00;UTC;02:15;UTC;9,395
31.01.2026;02:15;UTC;02:30;UTC;9,415
31.01.2026;02:30;UTC;02:45;UTC;9,384
31.01.2026;02:45;UTC;03:00;UTC;9,438
31.01.2026;03:00;UTC;03:15;UTC;9,288
31.01.2026;03:15;UTC;03:30;UTC;9,335
31.01.2026;03:30;UTC;03:45;UTC;9,343
31.01.2026;03:45;UTC;04:00;UTC;9,364
31.01.2026;04:00;UTC;04:15;UTC;9,362
31.01.2026;04:15;UTC;04:30;UTC;9,399
31.01.2026;04:30;UTC;04:45;UTC;9,403
31.01.2026;04:45;UTC;05:00;UTC;9,459
31.01.2026;05:00;UTC;05:15;UTC;9,215
31.01.2026;05:15;UTC;05:30;UTC;9,28
31.01.2026;05:30;UTC;05:45;UTC;9,462
31.01.2026;05:45;UTC;06:00;UTC;9,423
31.01.2026;06:00;UTC;06:15;UTC;9,344
31.01.2026;06:15;UTC;06:30;UTC;9,464
31.01.2026;06:30;UTC;06:45;UTC;9,161
31.01.2026;06:45;UTC;07:00;UTC;9,192
31.01.2026;07:00;UTC;07:15;UTC;10,096
31.01.2026;07:15;UTC;07:30;UTC;10,367
31.01.2026;07:30;UTC;07:45;UTC;10,525
31.01.2026;07:45;UTC;08:00;UTC;10,594
31.01.2026;08:00;UTC;08:15;UTC;10,697
31.01.2026;08:15;UTC;08:30;UTC;10,786
31.01.2026;08:30;UTC;08:45;UTC;11,135
31.01.2026;08:45;UTC;09:00;UTC;11,007
31.01.2026;09:00;UTC;09:15;UTC;11,986
31.01.2026;09:15;UTC;09:30;UTC;11,487
31.01.2026;09:30;UTC;09:45;UTC;11,384
31.01.2026;09:45;UTC;10:00;UTC;10,829
31.01.2026;10:00;UTC;10:15;UTC;11,879
31.01.2026;10:15;UTC;10:30;UTC;11,262
31.01.2026;10:30;UTC;10:45;UTC;11,318
31.01.2026;10:45;UTC;11:00;UTC;10,929
31.01.2026;11:00;UTC;11:15;UTC;11,542
31.01.2026;11:15;UTC;11:30;UTC;10,942
31.01.2026;11:30;UTC;11:45;UTC;11,094
31.01.2026;11:45;UTC;12:00;UTC;10,933
31.01.2026;12:00;UTC;12:15;UTC;10,949
31.01.2026;12:15;UTC;12:30;UTC;10,755
31.01.2026;12:30;UTC;12:45;UTC;10,665
31.01.2026;12:45;UTC;13:00;UTC;10,587
31.01.2026;13:00;UTC;13:15;UTC;10,906
31.01.2026;13:15;UTC;13:30;UTC;10,851
31.01.2026;13:30;UTC;13:45;UTC;11,176
31.01.2026;13:45;UTC;14:00;UTC;11,189
31.01.2026;14:00;UTC;14:15;UTC;10,759
31.01.2026;14:15;UTC;14:30;UTC;11,209
31.01.2026;14:30;UTC;14:45;UTC;11,445
31.01.2026;14:45;UTC;15:00;UTC;11,854
31.01.2026;15:00;UTC;15:15;UTC;10,507
31.01.2026;15:15;UTC;15:30;UTC;11,927
31.01.2026;15:30;UTC;15:45;UTC;12,372
31.01.2026;15:45;UTC;16:00;UTC;12,937
31.01.2026;16:00;UTC;16:15;UTC;12,95
31.01.2026;16:15;UTC;16:30;UTC;13,038
31.01.2026;16:30;UTC;16:45;UTC;13,753
31.01.2026;16:45;UTC;17:00;UTC;14,101
31.01.2026;17:00;UTC;17:15;UTC;13,972
31.01.2026;17:15;UTC;17:30;UTC;14,008
31.01.2026;17:30;UTC;17:45;UTC;13,866
31.01.2026;17:45;UTC;18:00;UTC;13,369
31.01.2026;18:00;UTC;18:15;UTC;14,209
31.01.2026;18:15;UTC;18:30;UTC;13,472
31.01.2026;18:30;UTC;18:45;UTC;13,094
31.01.2026;18:45;UTC;19:00;UTC;12,805
31.01.2026;19:00;UTC;19:15;UTC;13,412
31.01.2026;19:15;UTC;19:30;UTC;12,905
31.01.2026;19:30;UTC;19:45;UTC;12,507
31.01.2026;19:45;UTC;20:00;UTC;11,434
31.01.2026;20:00;UTC;20:15;UTC;12,158
31.01.2026;20:15;UTC;20:30;UTC;11,579
31.01.2026;20:30;UTC;20:45;UTC;11,282
31.01.2026;20:45;UTC;21:00;UTC;10,664
31.01.2026;21:00;UTC;21:15;UTC;12,041
31.01.2026;21:15;UTC;21:30;UTC;11,365
31.01.2026;21:30;UTC;21:45;UTC;11,57
31.01.2026;21:45;UTC;22:00;UTC;10,682
31.01.2026;22:00;UTC;22:15;UTC;10,98
31.01.2026;22:15;UTC;22:30;UTC;10,899
31.01.2026;22:30;UTC;22:45;UTC;10,428
31.01.2026;22:45;UTC;23:00;UTC;10,053
31.01.2026;23:00;UTC;23:15;UTC;10
31.01.2026;23:15;UTC;23:30;UTC;9,514
31.01.2026;23:30;UTC;23:45;UTC;9,501
31.01.2026;23:45;UTC;00:00;UTC;9,421
01.02.2026;00:00;UTC;00:15;UTC;9,463
01.02.2026;00:15;UTC;00:30;UTC;9,432
01.02.2026;00:30;UTC;00:45;UTC;9,415
01.02.2026;00:45;UTC;01:00;UTC;9,293
01.02.2026;01:00;UTC;01:15;UTC;9,836
01.02.2026;01:15;UTC;01:30;UTC;9,869
01.02.2026;01:30;UTC;01:45;UTC;9,909
01.02.2026;01:45;UTC;02:00;UTC;9,747
01.02.2026;02:00;UTC;02:15;UTC;9,339
01.02.2026;02:15;UTC;02:30;UTC;9,677
01.02.2026;02:30;UTC;02:45;UTC;9,533
01.02.2026;02:45;UTC;03:00;UTC;9,874
01.02.2026;03:00;UTC;03:15;UTC;9,885
01.02.2026;03:15;UTC;03:30;UTC;9,869
01.02.2026;03:30;UTC;03:45;UTC;9,8
01.02.2026;03:45;UTC;04:00;UTC;9,771
01.02.2026;04:00;UTC;04:15;UTC;9,771
01.02.2026;04:15;UTC;04:30;UTC;9,541
01.02.2026;04:30;UTC;04:45;UTC;9,989
01.02.2026;04:45;UTC;05:00;UTC;9,988
01.02.2026;05:00;UTC;05:15;UTC;9,447
01.02.2026;05:15;UTC;05:30;UTC;9,668
01.02.2026;05:30;UTC;05:45;UTC;9,546
01.02.2026;05:45;UTC;06:00;UTC;9,745
01.02.2026;06:00;UTC;06:15;UTC;9,684
01.02.2026;06:15;UTC;06:30;UTC;9,656
01.02.2026;06:30;UTC;06:45;UTC;10,134
01.02.2026;06:45;UTC;07:00;UTC;10,326
01.02.2026;07:00;UTC;07:15;UTC;10,295
01.02.2026;07:15;UTC;07:30;UTC;10,477
01.02.2026;07:30;UTC;07:45;UTC;10,723
01.02.2026;07:45;UTC;08:00;UTC;10,607
01.02.2026;08:00;UTC;08:15;UTC;11,016
01.02.2026;08:15;UTC;08:30;UTC;10,93
01.02.2026;08:30;UTC;08:45;UTC;10,857
01.02.2026;08:45;UTC;09:00;UTC;10,891
01.02.2026;09:00;UTC;09:15;UTC;11,407
01.02.2026;09:15;UTC;09:30;UTC;10,972
01.02.2026;09:30;UTC;09:45;UTC;10,895
01.02.2026;09:45;UTC;10:00;UTC;10,664
01.02.2026;10:00;UTC;10:15;UTC;10,866
01.02.2026;10:15;UTC;10:30;UTC;10,812
01.02.2026;10:30;UTC;10:45;UTC;10,81
01.02.2026;10:45;UTC;11:00;UTC;10,775
01.02.2026;11:00;UTC;11:15;UTC;11,016
01.02.2026;11:15;UTC;11:30;UTC;10,627
01.02.2026;11:30;UTC;11:45;UTC;10,756
01.02.2026;11:45;UTC;12:00;UTC;10,451
01.02.2026;12:00;UTC;12:15;UTC;10,281
01.02.2026;12:15;UTC;12:30;UTC;9,993
01.02.2026;12:30;UTC;12:45;UTC;9,941
01.02.2026;12:45;UTC;13:00;UTC;9,94
01.02.2026;13:00;UTC;13:15;UTC;10,005
01.02.2026;13:15;UTC;13:30;UTC;10,103
01.02.2026;13:30;UTC;13:45;UTC;10,342
01.02.2026;13:45;UTC;14:00;UTC;10,444
01.02.2026;14:00;UTC;14:15;UTC;10,326
01.02.2026;14:15;UTC;14:30;UTC;10,736
01.02.2026;14:30;UTC;14:45;UTC;11,15
01.02.2026;14:45;UTC;15:00;UTC;11,371
01.02.2026;15:00;UTC;15:15;UTC;10,635
01.02.2026;15:15;UTC;15:30;UTC;11,232
01.02.2026;15:30;UTC;15:45;UTC;11,5
01.02.2026;15:45;UTC;16:00;UTC;12,5
01.02.2026;16:00;UTC;16:15;UTC;12,373
01.02.2026;16:15;UTC;16:30;UTC;12,623
01.02.2026;16:30;UTC;16:45;UTC;13,201
01.02.2026;16:45;UTC;17:00;UTC;13,598
01.02.2026;17:00;UTC;17:15;UTC;13,324
01.02.2026;17:15;UTC;17:30;UTC;13,381
01.02.2026;17:30;UTC;17:45;UTC;14,196
01.02.2026;17:45;UTC;18:00;UTC;13,836
01.02.2026;18:00;UTC;18:15;UTC;14,1
01.02.2026;18:15;UTC;18:30;UTC;13,622
01.02.2026;18:30;UTC;18:45;UTC;13,751
01.02.2026;18:45;UTC;19:00;UTC;13,483
01.02.2026;19:00;UTC;19:15;UTC;13,1
01.02.2026;19:15;UTC;19:30;UTC;13,2
01.02.2026;19:30;UTC;19:45;UTC;12,374
01.02.2026;19:45;UTC;20:00;UTC;11,563
01.02.2026;20:00;UTC;20:15;UTC;12,215
01.02.2026;20:15;UTC;20:30;UTC;11,856
01.02.2026;20:30;UTC;20:45;UTC;11,196
01.02.2026;20:45;UTC;21:00;UTC;10,276
01.02.2026;21:00;UTC;21:15;UTC;11,752
01.02.2026;21:15;UTC;21:30;UTC;11,349
01.02.2026;21:30;UTC;21:45;UTC;11,549
01.02.2026;21:45;UTC;22:00;UTC;10,904
01.02.2026;22:00;UTC;22:15;UTC;11,388
01.02.2026;22:15;UTC;22:30;UTC;10,617
01.02.2026;22:30;UTC;22:45;UTC;10,644
01.02.2026;22:45;UTC;23:00;UTC;9,972
01.02.2026;23:00;UTC;23:15;UTC;10,041
01.02.2026;23:15;UTC;23:30;UTC;10,191
01.02.2026;23:30;UTC;23:45;UTC;10,004
01.02.2026;23:45;UTC;00:00;UTC;9,601
02.02.2026;00:00;UTC;00:15;UTC;9,941
02.02.2026;00:15;UTC;00:30;UTC;9,5
02.02.2026;00:30;UTC;00:45;UTC;9,962
02.02.2026;00:45;UTC;01:00;UTC;9,794
02.02.2026;01:00;UTC;01:15;UTC;9,659
02.02.2026;01:15;UTC;01:30;UTC;9,52
02.02.2026;01:30;UTC;01:45;UTC;9,428
02.02.2026;01:45;UTC;02:00;UTC;9,43
02.02.2026;02:00;UTC;02:15;UTC;9,301
02.02.2026;02:15;UTC;02:30;UTC;9,052
02.02.2026;02:30;UTC;02:45;UTC;9,041
02.02.2026;02:45;UTC;03:00;UTC;9,006
02.02.2026;03:00;UTC;03:15;UTC;9,1
02.02.2026;03:15;UTC;03:30;UTC;9,163
02.02.2026;03:30;UTC;03:45;UTC;9,205
02.02.2026;03:45;UTC;04:00;UTC;9,225
02.02.2026;04:00;UTC;04:15;UTC;9,465
02.02.2026;04:15;UTC;04:30;UTC;9,057
02.02.2026;04:30;UTC;04:45;UTC;9,585
02.02.2026;04:45;UTC;05:00;UTC;9,782
02.02.2026;05:00;UTC;05:15;UTC;8,978
02.02.2026;05:15;UTC;05:30;UTC;10,331
02.02.2026;05:30;UTC;05:45;UTC;11,282
02.02.2026;05:45;UTC;06:00;UTC;12,039
02.02.2026;06:00;UTC;06:15;UTC;11,297
02.02.2026;06:15;UTC;06:30;UTC;11,719
02.02.2026;06:30;UTC;06:45;UTC;13,119
02.02.2026;06:45;UTC;07:00;UTC;13,019
02.02.2026;07:00;UTC;07:15;UTC;13,206
02.02.2026;07:15;UTC;07:30;UTC;13,901
02.02.2026;07:30;UTC;07:45;UTC;13,983
02.02.2026;07:45;UTC;08:00;UTC;13,657
02.02.2026;08:00;UTC;08:15;UTC;15,413
02.02.2026;08:15;UTC;08:30;UTC;14,27
02.02.2026;08:30;UTC;08:45;UTC;13,603
02.02.2026;08:45;UTC;09:00;UTC;12,776
02.02.2026;09:00;UTC;09:15;UTC;13,226
02.02.2026;09:15;UTC;09:30;UTC;12,866
02.02.2026;09:30;UTC;09:45;UTC;12,315
02.02.2026;09:45;UTC;10:00;UTC;11,409
02.02.2026;10:00;UTC;10:15;UTC;12,483
02.02.2026;10:15;UTC;10:30;UTC;11,625
02.02.2026;10:30;UTC;10:45;UTC;11,001
02.02.2026;10:45;UTC;11:00;UTC;10,758
02.02.2026;11:00;UTC;11:15;UTC;11,269
02.02.2026;11:15;UTC;11:30;UTC;10,75
02.02.2026;11:30;UTC;11:45;UTC;10,915
02.02.2026;11:45;UTC;12:00;UTC;10,751
02.02.2026;12:00;UTC;12:15;UTC;10,52
02.02.2026;12:15;UTC;12:30;UTC;10,41
02.02.2026;12:30;UTC;12:45;UTC;10,344
02.02.2026;12:45;UTC;13:00;UTC;10,326
02.02.2026;13:00;UTC;13:15;UTC;10,149
02.02.2026;13:15;UTC;13:30;UTC;10,198
02.02.2026;13:30;UTC;13:45;UTC;10,345
02.02.2026;13:45;UTC;14:00;UTC;10,469
02.02.2026;14:00;UTC;14:15;UTC;10,143
02.02.2026;14:15;UTC;14:30;UTC;10,345
02.02.2026;14:30;UTC;14:45;UTC;10,475
02.02.2026;14:45;UTC;15:00;UTC;11,068
02.02.2026;15:00;UTC;15:15;UTC;10,18
02.02.2026;15:15;UTC;15:30;UTC;10,73
02.02.2026;15:30;UTC;15:45;UTC;11,237
02.02.2026;15:45;UTC;16:00;UTC;11,764
02.02.2026;16:00;UTC;16:15;UTC;10,894
02.02.2026;16:15;UTC;16:30;UTC;11,757
02.02.2026;16:30;UTC;16:45;UTC;12,554
02.02.2026;16:45;UTC;17:00;UTC;12,074
02.02.2026;17:00;UTC;17:15;UTC;12,341
02.02.2026;17:15;UTC;17:30;UTC;11,77
02.02.2026;17:30;UTC;17:45;UTC;11,883
02.02.2026;17:45;UTC;18:00;UTC;11,593
02.02.2026;18:00;UTC;18:15;UTC;10,595
02.02.2026;18:15;UTC;18:30;UTC;10,535
02.02.2026;18:30;UTC;18:45;UTC;10,608
02.02.2026;18:45;UTC;19:00;UTC;10,262
02.02.2026;19:00;UTC;19:15;UTC;10,523
02.02.2026;19:15;UTC;19:30;UTC;10,345
02.02.2026;19:30;UTC;19:45;UTC;10,093
02.02.2026;19:45;UTC;20:00;UTC;9,941
02.02.2026;20:00;UTC;20:15;UTC;10,712
02.02.2026;20:15;UTC;20:30;UTC;10,398
02.02.2026;20:30;UTC;20:45;UTC;10
02.02.2026;20:45;UTC;21:00;UTC;9,696
02.02.2026;21:00;UTC;21:15;UTC;10,39
02.02.2026;21:15;UTC;21:30;UTC;10,122
02.02.2026;21:30;UTC;21:45;UTC;10,086
02.02.2026;21:45;UTC;22:00;UTC;9,893
02.02.2026;22:00;UTC;22:15;UTC;9,856
02.02.2026;22:15;UTC;22:30;UTC;9,096
02.02.2026;22:30;UTC;22:45;UTC;9,041
02.02.2026;22:45;UTC;23:00;UTC;8,561
02.02.2026;23:00;UTC;23:15;UTC;9,741
02.02.2026;23:15;UTC;23:30;UTC;9,288
02.02.2026;23:30;UTC;23:45;UTC;8,907
02.02.2026;23:45;UTC;00:00;UTC;8,751
03.02.2026;00:00;UTC;00:15;UTC;9,184
03.02.2026;00:15;UTC;00:30;UTC;8,962
03.02.2026;00:30;UTC;00:45;UTC;8,849
03.02.2026;00:45;UTC;01:00;UTC;8,751
03.02.2026;01:00;UTC;01:15;UTC;8,908
03.02.2026;01:15;UTC;01:30;UTC;8,501
03.02.2026;01:30;UTC;01:45;UTC;8,255
03.02.2026;01:45;UTC;02:00;UTC;7,939
03.02.2026;02:00;UTC;02:15;UTC;8,28
03.02.2026;02:15;UTC;02:30;UTC;8,016
03.02.2026;02:30;UTC;02:45;UTC;7,937
03.02.2026;02:45;UTC;03:00;UTC;7,742
03.02.2026;03:00;UTC;03:15;UTC;7,667
03.02.2026;03:15;UTC;03:30;UTC;7,602
03.02.2026;03:30;UTC;03:45;UTC;7,641
03.02.2026;03:45;UTC;04:00;UTC;7,826
03.02.2026;04:00;UTC;04:15;UTC;7,829
03.02.2026;04:15;UTC;04:30;UTC;7,808
03.02.2026;04:30;UTC;04:45;UTC;8,227
03.02.2026;04:45;UTC;05:00;UTC;9
03.02.2026;05:00;UTC;05:15;UTC;8,403
03.02.2026;05:15;UTC;05:30;UTC;8,711
03.02.2026;05:30;UTC;05:45;UTC;9,258
03.02.2026;05:45;UTC;06:00;UTC;10,092
03.02.2026;06:00;UTC;06:15;UTC;9,25
03.02.2026;06:15;UTC;06:30;UTC;9,701
03.02.2026;06:30;UTC;06:45;UTC;9,926
03.02.2026;06:45;UTC;07:00;UTC;10,2
03.02.2026;07:00;UTC;07:15;UTC;10,403
03.02.2026;07:15;UTC;07:30;UTC;10,701
03.02.2026;07:30;UTC;07:45;UTC;10,915
03.02.2026;07:45;UTC;08:00;UTC;10,49
03.02.2026;08:00;UTC;08:15;UTC;11,845
03.02.2026;08:15;UTC;08:30;UTC;11,016
03.02.2026;08:30;UTC;08:45;UTC;10,632
03.02.2026;08:45;UTC;09:00;UTC;9,797
03.02.2026;09:00;UTC;09:15;UTC;10,592
03.02.2026;09:15;UTC;09:30;UTC;10,001
03.02.2026;09:30;UTC;09:45;UTC;9,86
03.02.2026;09:45;UTC;10:00;UTC;9,523
03.02.2026;10:00;UTC;10:15;UTC;9,707
03.02.2026;10:15;UTC;10:30;UTC;9,31
03.02.2026;10:30;UTC;10:45;UTC;8,94
03.02.2026;10:45;UTC;11:00;UTC;8,375
03.02.2026;11:00;UTC;11:15;UTC;8,977
03.02.2026;11:15;UTC;11:30;UTC;8,535
03.02.2026;11:30;UTC;11:45;UTC;8,729
03.02.2026;11:45;UTC;12:00;UTC;8,938
03.02.2026;12:00;UTC;12:15;UTC;8,981
03.02.2026;12:15;UTC;12:30;UTC;8,939
03.02.2026;12:30;UTC;12:45;UTC;9,002
03.02.2026;12:45;UTC;13:00;UTC;9,04
03.02.2026;13:00;UTC;13:15;UTC;8,652
03.02.2026;13:15;UTC;13:30;UTC;9,202
03.02.2026;13:30;UTC;13:45;UTC;9,569
03.02.2026;13:45;UTC;14:00;UTC;9,838
03.02.2026;14:00;UTC;14:15;UTC;9,309
03.02.2026;14:15;UTC;14:30;UTC;9,989
03.02.2026;14:30;UTC;14:45;UTC;10,227
03.02.2026;14:45;UTC;15:00;UTC;10,639
03.02.2026;15:00;UTC;15:15;UTC;9,85
03.02.2026;15:15;UTC;15:30;UTC;10,34
03.02.2026;15:30;UTC;15:45;UTC;10,705
03.02.2026;15:45;UTC;16:00;UTC;11,751
03.02.2026;16:00;UTC;16:15;UTC;11,295
03.02.2026;16:15;UTC;16:30;UTC;12,496
03.02.2026;16:30;UTC;16:45;UTC;13,258
03.02.2026;16:45;UTC;17:00;UTC;13,26
03.02.2026;17:00;UTC;17:15;UTC;12,552
03.02.2026;17:15;UTC;17:30;UTC;12,555
03.02.2026;17:30;UTC;17:45;UTC;12,689
03.02.2026;17:45;UTC;18:00;UTC;12,743
03.02.2026;18:00;UTC;18:15;UTC;12,438
03.02.2026;18:15;UTC;18:30;UTC;12,435
03.02.2026;18:30;UTC;18:45;UTC;12,396
03.02.2026;18:45;UTC;19:00;UTC;12,022
03.02.2026;19:00;UTC;19:15;UTC;11,872
03.02.2026;19:15;UTC;19:30;UTC;11,59
03.02.2026;19:30;UTC;19:45;UTC;11,084
03.02.2026;19:45;UTC;20:00;UTC;10,614
03.02.2026;20:00;UTC;20:15;UTC;10,804
03.02.2026;20:15;UTC;20:30;UTC;10,482
03.02.2026;20:30;UTC;20:45;UTC;10,187
03.02.2026;20:45;UTC;21:00;UTC;9,844
03.02.2026;21:00;UTC;21:15;UTC;10,586
03.02.2026;21:15;UTC;21:30;UTC;10,146
03.02.2026;21:30;UTC;21:45;UTC;10,021
03.02.2026;21:45;UTC;22:00;UTC;9,605
03.02.2026;22:00;UTC;22:15;UTC;9,812
03.02.2026;22:15;UTC;22:30;UTC;9,733
03.02.2026;22:30;UTC;22:45;UTC;9,488
03.02.2026;22:45;UTC;23:00;UTC;8,892
03.02.2026;23:00;UTC;23:15;UTC;9,679
03.02.2026;23:15;UTC;23:30;UTC;9,322
03.02.2026;23:30;UTC;23:45;UTC;9,459
03.02.2026;23:45;UTC;00:00;UTC;9,541
04.02.2026;00:00;UTC;00:15;UTC;9,365
04.02.2026;00:15;UTC;00:30;UTC;9,279
04.02.2026;00:30;UTC;00:45;UTC;9,275
04.02.2026;00:45;UTC;01:00;UTC;9,196
04.02.2026;01:00;UTC;01:15;UTC;9,271
04.02.2026;01:15;UTC;01:30;UTC;9,183
04.02.2026;01:30;UTC;01:45;UTC;9,285
04.02.2026;01:45;UTC;02:00;UTC;9,446
04.02.2026;02:00;UTC;02:15;UTC;9,463
04.02.2026;02:15;UTC;02:30;UTC;9,353
04.02.2026;02:30;UTC;02:45;UTC;9,55
04.02.2026;02:45;UTC;03:00;UTC;9,483
04.02.2026;03:00;UTC;03:15;UTC;9,253
04.02.2026;03:15;UTC;03:30;UTC;9,254
04.02.2026;03:30;UTC;03:45;UTC;9,456
04.02.2026;03:45;UTC;04:00;UTC;9,62
04.02.2026;04:00;UTC;04:15;UTC;9,295
04.02.2026;04:15;UTC;04:30;UTC;9,501
04.02.2026;04:30;UTC;04:45;UTC;9,698
04.02.2026;04:45;UTC;05:00;UTC;10,14
04.02.2026;05:00;UTC;05:15;UTC;9,861
04.02.2026;05:15;UTC;05:30;UTC;10,256
04.02.2026;05:30;UTC;05:45;UTC;10,801
04.02.2026;05:45;UTC;06:00;UTC;11,196
04.02.2026;06:00;UTC;06:15;UTC;11,502
04.02.2026;06:15;UTC;06:30;UTC;12,022
04.02.2026;06:30;UTC;06:45;UTC;12,629
04.02.2026;06:45;UTC;07:00;UTC;13,021
04.02.2026;07:00;UTC;07:15;UTC;13,359
04.02.2026;07:15;UTC;07:30;UTC;13,749
04.02.2026;07:30;UTC;07:45;UTC;13,101
04.02.2026;07:45;UTC;08:00;UTC;12,433
04.02.2026;08:00;UTC;08:15;UTC;13,594
04.02.2026;08:15;UTC;08:30;UTC;12,376
04.02.2026;08:30;UTC;08:45;UTC;11,863
04.02.2026;08:45;UTC;09:00;UTC;11,236
04.02.2026;09:00;UTC;09:15;UTC;11,973
04.02.2026;09:15;UTC;09:30;UTC;11,39
04.02.2026;09:30;UTC;09:45;UTC;10,554
04.02.2026;09:45;UTC;10:00;UTC;10,083
04.02.2026;10:00;UTC;10:15;UTC;10,253
04.02.2026;10:15;UTC;10:30;UTC;10,029
04.02.2026;10:30;UTC;10:45;UTC;9,654
04.02.2026;10:45;UTC;11:00;UTC;9,547
04.02.2026;11:00;UTC;11:15;UTC;9,467
04.02.2026;11:15;UTC;11:30;UTC;9,214
04.02.2026;11:30;UTC;11:45;UTC;9,046
04.02.2026;11:45;UTC;12:00;UTC;9,039
04.02.2026;12:00;UTC;12:15;UTC;9,14
04.02.2026;12:15;UTC;12:30;UTC;9,027
04.02.2026;12:30;UTC;12:45;UTC;9,04
04.02.2026;12:45;UTC;13:00;UTC;9,346
04.02.2026;13:00;UTC;13:15;UTC;9,275
04.02.2026;13:15;UTC;13:30;UTC;9,356
04.02.2026;13:30;UTC;13:45;UTC;9,541
04.02.2026;13:45;UTC;14:00;UTC;10,259
04.02.2026;14:00;UTC;14:15;UTC;9,524
04.02.2026;14:15;UTC;14:30;UTC;10,056
04.02.2026;14:30;UTC;14:45;UTC;10,666
04.02.2026;14:45;UTC;15:00;UTC;10,904
04.02.2026;15:00;UTC;15:15;UTC;10,565
04.02.2026;15:15;UTC;15:30;UTC;10,941
04.02.2026;15:30;UTC;15:45;UTC;11,685
04.02.2026;15:45;UTC;16:00;UTC;12,483
04.02.2026;16:00;UTC;16:15;UTC;11,79
04.02.2026;16:15;UTC;16:30;UTC;12,413
04.02.2026;16:30;UTC;16:45;UTC;12,843
04.02.2026;16:45;UTC;17:00;UTC;12,801
04.02.2026;17:00;UTC;17:15;UTC;11,938
04.02.2026;17:15;UTC;17:30;UTC;11,703
04.02.2026;17:30;UTC;17:45;UTC;11,669
04.02.2026;17:45;UTC;18:00;UTC;11,506
04.02.2026;18:00;UTC;18:15;UTC;11,657
04.02.2026;18:15;UTC;18:30;UTC;10,528
04.02.2026;18:30;UTC;18:45;UTC;9,998
04.02.2026;18:45;UTC;19:00;UTC;9,625
04.02.2026;19:00;UTC;19:15;UTC;10,389
04.02.2026;19:15;UTC;19:30;UTC;9,623
04.02.2026;19:30;UTC;19:45;UTC;9,358
04.02.2026;19:45;UTC;20:00;UTC;9,145
04.02.2026;20:00;UTC;20:15;UTC;9,922
04.02.2026;20:15;UTC;20:30;UTC;9,529
04.02.2026;20:30;UTC;20:45;UTC;9,296
04.02.2026;20:45;UTC;21:00;UTC;9,154
04.02.2026;21:00;UTC;21:15;UTC;9,824
04.02.2026;21:15;UTC;21:30;UTC;9,54
04.02.2026;21:30;UTC;21:45;UTC;9,371
04.02.2026;21:45;UTC;22:00;UTC;8,794
04.02.2026;22:00;UTC;22:15;UTC;9,24
04.02.2026;22:15;UTC;22:30;UTC;8,798
04.02.2026;22:30;UTC;22:45;UTC;8,509
04.02.2026;22:45;UTC;23:00;UTC;7,976
04.02.2026;23:00;UTC;23:15;UTC;9,011
04.02.2026;23:15;UTC;23:30;UTC;9,055
04.02.2026;23:30;UTC;23:45;UTC;9,025
04.02.2026;23:45;UTC;00:00;UTC;9,03
05.02.2026;00:00;UTC;00:15;UTC;8,979
05.02.2026;00:15;UTC;00:30;UTC;8,889
05.02.2026;00:30;UTC;00:45;UTC;8,861
05.02.2026;00:45;UTC;01:00;UTC;8,646
05.02.2026;01:00;UTC;01:15;UTC;8,706
05.02.2026;01:15;UTC;01:30;UTC;8,712
05.02.2026;01:30;UTC;01:45;UTC;8,817
05.02.2026;01:45;UTC;02:00;UTC;8,738
05.02.2026;02:00;UTC;02:15;UTC;8,659
05.02.2026;02:15;UTC;02:30;UTC;8,82
05.02.2026;02:30;UTC;02:45;UTC;8,818
05.02.2026;02:45;UTC;03:00;UTC;8,821
05.02.2026;03:00;UTC;03:15;UTC;8,744
05.02.2026;03:15;UTC;03:30;UTC;8,899
05.02.2026;03:30;UTC;03:45;UTC;9,017
05.02.2026;03:45;UTC;04:00;UTC;9,166
05.02.2026;04:00;UTC;04:15;UTC;8,83
05.02.2026;04:15;UTC;04:30;UTC;9,056
05.02.2026;04:30;UTC;04:45;UTC;9,226
05.02.2026;04:45;UTC;05:00;UTC;9,492
05.02.2026;05:00;UTC;05:15;UTC;9,333
05.02.2026;05:15;UTC;05:30;UTC;10,499
05.02.2026;05:30;UTC;05:45;UTC;10,5
05.02.2026;05:45;UTC;06:00;UTC;10,806
05.02.2026;06:00;UTC;06:15;UTC;10,315
05.02.2026;06:15;UTC;06:30;UTC;11,005
05.02.2026;06:30;UTC;06:45;UTC;11,863
05.02.2026;06:45;UTC;07:00;UTC;12,145
05.02.2026;07:00;UTC;07:15;UTC;12,262
05.02.2026;07:15;UTC;07:30;UTC;12,534
05.02.2026;07:30;UTC;07:45;UTC;12,765
05.02.2026;07:45;UTC;08:00;UTC;12,585
05.02.2026;08:00;UTC;08:15;UTC;12,766
05.02.2026;08:15;UTC;08:30;UTC;12,298
05.02.2026;08:30;UTC;08:45;UTC;11,963
05.02.2026;08:45;UTC;09:00;UTC;11,581
05.02.2026;09:00;UTC;09:15;UTC;12,701
05.02.2026;09:15;UTC;09:30;UTC;12,137
05.02.2026;09:30;UTC;09:45;UTC;11,55
05.02.2026;09:45;UTC;10:00;UTC;10,889
05.02.2026;10:00;UTC;10:15;UTC;12,826
05.02.2026;10:15;UTC;10:30;UTC;12,158
05.02.2026;10:30;UTC;10:45;UTC;12,013
05.02.2026;10:45;UTC;11:00;UTC;11,43
05.02.2026;11:00;UTC;11:15;UTC;11,044
05.02.2026;11:15;UTC;11:30;UTC;10,808
05.02.2026;11:30;UTC;11:45;UTC;10,756
05.02.2026;11:45;UTC;12:00;UTC;10,693
05.02.2026;12:00;UTC;12:15;UTC;10,838
05.02.2026;12:15;UTC;12:30;UTC;11
05.02.2026;12:30;UTC;12:45;UTC;11,021
05.02.2026;12:45;UTC;13:00;UTC;11,044
05.02.2026;13:00;UTC;13:15;UTC;10,528
05.02.2026;13:15;UTC;13:30;UTC;10,871
05.02.2026;13:30;UTC;13:45;UTC;11,051
05.02.2026;13:45;UTC;14:00;UTC;11,591
05.02.2026;14:00;UTC;14:15;UTC;10,775
05.02.2026;14:15;UTC;14:30;UTC;11,199
05.02.2026;14:30;UTC;14:45;UTC;11,987
05.02.2026;14:45;UTC;15:00;UTC;12,831
05.02.2026;15:00;UTC;15:15;UTC;11,801
05.02.2026;15:15;UTC;15:30;UTC;12,401
05.02.2026;15:30;UTC;15:45;UTC;13,057
05.02.2026;15:45;UTC;16:00;UTC;13,141
05.02.2026;16:00;UTC;16:15;UTC;12,782
05.02.2026;16:15;UTC;16:30;UTC;13,493
05.02.2026;16:30;UTC;16:45;UTC;14,794
05.02.2026;16:45;UTC;17:00;UTC;15,131
05.02.2026;17:00;UTC;17:15;UTC;13,982
05.02.2026;17:15;UTC;17:30;UTC;13,523
05.02.2026;17:30;UTC;17:45;UTC;13,798
05.02.2026;17:45;UTC;18:00;UTC;13,355
05.02.2026;18:00;UTC;18:15;UTC;13,804
05.02.2026;18:15;UTC;18:30;UTC;13,345
05.02.2026;18:30;UTC;18:45;UTC;13,166
05.02.2026;18:45;UTC;19:00;UTC;12,848
05.02.2026;19:00;UTC;19:15;UTC;13,1
05.02.2026;19:15;UTC;19:30;UTC;12,439
05.02.2026;19:30;UTC;19:45;UTC;11,814
05.02.2026;19:45;UTC;20:00;UTC;10,971
05.02.2026;20:00;UTC;20:15;UTC;11,344
05.02.2026;20:15;UTC;20:30;UTC;10,922
05.02.2026;20:30;UTC;20:45;UTC;10,698
05.02.2026;20:45;UTC;21:00;UTC;10,149
05.02.2026;21:00;UTC;21:15;UTC;11,095
05.02.2026;21:15;UTC;21:30;UTC;10,657
05.02.2026;21:30;UTC;21:45;UTC;10,426
05.02.2026;21:45;UTC;22:00;UTC;10,174
05.02.2026;22:00;UTC;22:15;UTC;10,733
05.02.2026;22:15;UTC;22:30;UTC;10,39
05.02.2026;22:30;UTC;22:45;UTC;9,752
05.02.2026;22:45;UTC;23:00;UTC;9,14
05.02.2026;23:00;UTC;23:15;UTC;10,052
05.02.2026;23:15;UTC;23:30;UTC;9,845
05.02.2026;23:30;UTC;23:45;UTC;9,816
05.02.2026;23:45;UTC;00:00;UTC;10,011
06.02.2026;00:00;UTC;00:15;UTC;10,113
06.02.2026;00:15;UTC;00:30;UTC;9,94
06.02.2026;00:30;UTC;00:45;UTC;9,831
06.02.2026;00:45;UTC;01:00;UTC;9,767
06.02.2026;01:00;UTC;01:15;UTC;9,88
06.02.2026;01:15;UTC;01:30;UTC;9,788
06.02.2026;01:30;UTC;01:45;UTC;9,727
06.02.2026;01:45;UTC;02:00;UTC;9,84
06.02.2026;02:00;UTC;02:15;UTC;9,686
06.02.2026;02:15;UTC;02:30;UTC;9,874
06.02.2026;02:30;UTC;02:45;UTC;9,84
06.02.2026;02:45;UTC;03:00;UTC;9,891
06.02.2026;03:00;UTC;03:15;UTC;9,726
06.02.2026;03:15;UTC;03:30;UTC;9,878
06.02.2026;03:30;UTC;03:45;UTC;9,898
06.02.2026;03:45;UTC;04:00;UTC;9,995
06.02.2026;04:00;UTC;04:15;UTC;9,936
06.02.2026;04:15;UTC;04:30;UTC;10,05
06.02.2026;04:30;UTC;04:45;UTC;10,132
06.02.2026;04:45;UTC;05:00;UTC;10,815
06.02.2026;05:00;UTC;05:15;UTC;9,909
06.02.2026;05:15;UTC;05:30;UTC;10,967
06.02.2026;05:30;UTC;05:45;UTC;11,635
06.02.2026;05:45;UTC;06:00;UTC;13,658
06.02.2026;06:00;UTC;06:15;UTC;12,687
06.02.2026;06:15;UTC;06:30;UTC;13,682
06.02.2026;06:30;UTC;06:45;UTC;14,799
06.02.2026;06:45;UTC;07:00;UTC;14,617
06.02.2026;07:00;UTC;07:15;UTC;13,867
06.02.2026;07:15;UTC;07:30;UTC;14,57
06.02.2026;07:30;UTC;07:45;UTC;14,66
06.02.2026;07:45;UTC;08:00;UTC;14,799
06.02.2026;08:00;UTC;08:15;UTC;14,813
06.02.2026;08:15;UTC;08:30;UTC;14,799
06.02.2026;08:30;UTC;08:45;UTC;14,171
06.02.2026;08:45;UTC;09:00;UTC;13,898
06.02.2026;09:00;UTC;09:15;UTC;14,806
06.02.2026;09:15;UTC;09:30;UTC;14,359
06.02.2026;09:30;UTC;09:45;UTC;14,004
06.02.2026;09:45;UTC;10:00;UTC;13,668
06.02.2026;10:00;UTC;10:15;UTC;14,366
06.02.2026;10:15;UTC;10:30;UTC;14,119
06.02.2026;10:30;UTC;10:45;UTC;13,777
06.02.2026;10:45;UTC;11:00;UTC;13,302
06.02.2026;11:00;UTC;11:15;UTC;13,88
06.02.2026;11:15;UTC;11:30;UTC;13,534
06.02.2026;11:30;UTC;11:45;UTC;13,668
06.02.2026;11:45;UTC;12:00;UTC;13,402
06.02.2026;12:00;UTC;12:15;UTC;13,776
06.02.2026;12:15;UTC;12:30;UTC;13,566
06.02.2026;12:30;UTC;12:45;UTC;13,696
06.02.2026;12:45;UTC;13:00;UTC;13,319
06.02.2026;13:00;UTC;13:15;UTC;12,835
06.02.2026;13:15;UTC;13:30;UTC;13,405
06.02.2026;13:30;UTC;13:45;UTC;13,79
06.02.2026;13:45;UTC;14:00;UTC;14,237
06.02.2026;14:00;UTC;14:15;UTC;13,203
06.02.2026;14:15;UTC;14:30;UTC;13,686
06.02.2026;14:30;UTC;14:45;UTC;14,229
06.02.2026;14:45;UTC;15:00;UTC;14,671
06.02.2026;15:00;UTC;15:15;UTC;13,182
06.02.2026;15:15;UTC;15:30;UTC;13,374
06.02.2026;15:30;UTC;15:45;UTC;13,528
06.02.2026;15:45;UTC;16:00;UTC;13,501
06.02.2026;16:00;UTC;16:15;UTC;12,816
06.02.2026;16:15;UTC;16:30;UTC;13,604
06.02.2026;16:30;UTC;16:45;UTC;14,127
06.02.2026;16:45;UTC;17:00;UTC;14,328
06.02.2026;17:00;UTC;17:15;UTC;14,019
06.02.2026;17:15;UTC;17:30;UTC;13,762
06.02.2026;17:30;UTC;17:45;UTC;12,595
06.02.2026;17:45;UTC;18:00;UTC;12,5
06.02.2026;18:00;UTC;18:15;UTC;13,726
06.02.2026;18:15;UTC;18:30;UTC;12,473
06.02.2026;18:30;UTC;18:45;UTC;12,556
06.02.2026;18:45;UTC;19:00;UTC;11,496
06.02.2026;19:00;UTC;19:15;UTC;11,951
06.02.2026;19:15;UTC;19:30;UTC;11,053
06.02.2026;19:30;UTC;19:45;UTC;10,755
06.02.2026;19:45;UTC;20:00;UTC;10,634
06.02.2026;20:00;UTC;20:15;UTC;11,435
06.02.2026;20:15;UTC;20:30;UTC;10,983
06.02.2026;20:30;UTC;20:45;UTC;10,701
06.02.2026;20:45;UTC;21:00;UTC;10,421
06.02.2026;21:00;UTC;21:15;UTC;10,98
06.02.2026;21:15;UTC;21:30;UTC;10,606
06.02.2026;21:30;UTC;21:45;UTC;10,506
06.02.2026;21:45;UTC;22:00;UTC;10,413
06.02.2026;22:00;UTC;22:15;UTC;10,705
06.02.2026;22:15;UTC;22:30;UTC;10,365
06.02.2026;22:30;UTC;22:45;UTC;10,141
06.02.2026;22:45;UTC;23:00;UTC;9,684
06.02.2026;23:00;UTC;23:15;UTC;10,457
06.02.2026;23:15;UTC;23:30;UTC;10,103
06.02.2026;23:30;UTC;23:45;UTC;10,053
06.02.2026;23:45;UTC;00:00;UTC;9,984
07.02.2026;00:00;UTC;00:15;UTC;10,025
07.02.2026;00:15;UTC;00:30;UTC;9,878
07.02.2026;00:30;UTC;00:45;UTC;10,07
07.02.2026;00:45;UTC;01:00;UTC;10,027
07.02.2026;01:00;UTC;01:15;UTC;10,017
07.02.2026;01:15;UTC;01:30;UTC;9,941
07.02.2026;01:30;UTC;01:45;UTC;9,689
07.02.2026;01:45;UTC;02:00;UTC;9,57
07.02.2026;02:00;UTC;02:15;UTC;9,828
07.02.2026;02:15;UTC;02:30;UTC;9,65
07.02.2026;02:30;UTC;02:45;UTC;9,731
07.02.2026;02:45;UTC;03:00;UTC;9,545
07.02.2026;03:00;UTC;03:15;UTC;9,586
07.02.2026;03:15;UTC;03:30;UTC;9,658
07.02.2026;03:30;UTC;03:45;UTC;9,68
07.02.2026;03:45;UTC;04:00;UTC;9,634
07.02.2026;04:00;UTC;04:15;UTC;9,457
07.02.2026;04:15;UTC;04:30;UTC;9,634
07.02.2026;04:30;UTC;04:45;UTC;9,674
07.02.2026;04:45;UTC;05:00;UTC;9,925
07.02.2026;05:00;UTC;05:15;UTC;9,006
07.02.2026;05:15;UTC;05:30;UTC;9,597
07.02.2026;05:30;UTC;05:45;UTC;9,897
07.02.2026;05:45;UTC;06:00;UTC;10,338
07.02.2026;06:00;UTC;06:15;UTC;10,028
07.02.2026;06:15;UTC;06:30;UTC;10,239
07.02.2026;06:30;UTC;06:45;UTC;10,713
07.02.2026;06:45;UTC;07:00;UTC;11,239
07.02.2026;07:00;UTC;07:15;UTC;10,815
07.02.2026;07:15;UTC;07:30;UTC;11,361
07.02.2026;07:30;UTC;07:45;UTC;11,699
07.02.2026;07:45;UTC;08:00;UTC;11,757
07.02.2026;08:00;UTC;08:15;UTC;12,5
07.02.2026;08:15;UTC;08:30;UTC;11,951
07.02.2026;08:30;UTC;08:45;UTC;11,706
07.02.2026;08:45;UTC;09:00;UTC;11,033
07.02.2026;09:00;UTC;09:15;UTC;11,703
07.02.2026;09:15;UTC;09:30;UTC;10,937
07.02.2026;09:30;UTC;09:45;UTC;10,778
07.02.2026;09:45;UTC;10:00;UTC;10,607
07.02.2026;10:00;UTC;10:15;UTC;10,689
07.02.2026;10:15;UTC;10:30;UTC;10,584
07.02.2026;10:30;UTC;10:45;UTC;10,376
07.02.2026;10:45;UTC;11:00;UTC;10,164
07.02.2026;11:00;UTC;11:15;UTC;10,369
07.02.2026;11:15;UTC;11:30;UTC;10,115
07.02.2026;11:30;UTC;11:45;UTC;9,81
07.02.2026;11:45;UTC;12:00;UTC;9,753
07.02.2026;12:00;UTC;12:15;UTC;9,792
07.02.2026;12:15;UTC;12:30;UTC;9,732
07.02.2026;12:30;UTC;12:45;UTC;9,689
07.02.2026;12:45;UTC;13:00;UTC;9,742
07.02.2026;13:00;UTC;13:15;UTC;9,646
07.02.2026;13:15;UTC;13:30;UTC;9,768
07.02.2026;13:30;UTC;13:45;UTC;10,143
07.02.2026;13:45;UTC;14:00;UTC;10,414
07.02.2026;14:00;UTC;14:15;UTC;10,141
07.02.2026;14:15;UTC;14:30;UTC;10,359
07.02.2026;14:30;UTC;14:45;UTC;10,877
07.02.2026;14:45;UTC;15:00;UTC;11,156
07.02.2026;15:00;UTC;15:15;UTC;10,808
07.02.2026;15:15;UTC;15:30;UTC;11,682
07.02.2026;15:30;UTC;15:45;UTC;12,421
07.02.2026;15:45;UTC;16:00;UTC;13,205
07.02.2026;16:00;UTC;16:15;UTC;12,743
07.02.2026;16:15;UTC;16:30;UTC;13,108
07.02.2026;16:30;UTC;16:45;UTC;13,711
07.02.2026;16:45;UTC;17:00;UTC;14,053
07.02.2026;17:00;UTC;17:15;UTC;13,798
07.02.2026;17:15;UTC;17:30;UTC;13,638
07.02.2026;17:30;UTC;17:45;UTC;13,422
07.02.2026;17:45;UTC;18:00;UTC;13,275
07.02.2026;18:00;UTC;18:15;UTC;13,143
07.02.2026;18:15;UTC;18:30;UTC;13,213
07.02.2026;18:30;UTC;18:45;UTC;12,672
07.02.2026;18:45;UTC;19:00;UTC;11,971
07.02.2026;19:00;UTC;19:15;UTC;12,525
07.02.2026;19:15;UTC;19:30;UTC;11,547
07.02.2026;19:30;UTC;19:45;UTC;10,807
07.02.2026;19:45;UTC;20:00;UTC;10,479
07.02.2026;20:00;UTC;20:15;UTC;10,919
07.02.2026;20:15;UTC;20:30;UTC;10,536
07.02.2026;20:30;UTC;20:45;UTC;10,294
07.02.2026;20:45;UTC;21:00;UTC;10,007
07.02.2026;21:00;UTC;21:15;UTC;10,76
07.02.2026;21:15;UTC;21:30;UTC;10,541
07.02.2026;21:30;UTC;21:45;UTC;10,325
07.02.2026;21:45;UTC;22:00;UTC;10,003
07.02.2026;22:00;UTC;22:15;UTC;10,596
07.02.2026;22:15;UTC;22:30;UTC;10,117
07.02.2026;22:30;UTC;22:45;UTC;9,611
07.02.2026;22:45;UTC;23:00;UTC;9,18
07.02.2026;23:00;UTC;23:15;UTC;11,004
07.02.2026;23:15;UTC;23:30;UTC;10,113
07.02.2026;23:30;UTC;23:45;UTC;9,999
07.02.2026;23:45;UTC;00:00;UTC;9,698
08.02.2026;00:00;UTC;00:15;UTC;10,151
08.02.2026;00:15;UTC;00:30;UTC;10,137
08.02.2026;00:30;UTC;00:45;UTC;9,71
08.02.2026;00:45;UTC;01:00;UTC;9,62
08.02.2026;01:00;UTC;01:15;UTC;9,99
08.02.2026;01:15;UTC;01:30;UTC;9,749
08.02.2026;01:30;UTC;01:45;UTC;9,663
08.02.2026;01:45;UTC;02:00;UTC;9,625
08.02.2026;02:00;UTC;02:15;UTC;9,743
08.02.2026;02:15;UTC;02:30;UTC;9,67
08.02.2026;02:30;UTC;02:45;UTC;9,564
08.02.2026;02:45;UTC;03:00;UTC;9,593
08.02.2026;03:00;UTC;03:15;UTC;9,49
08.02.2026;03:15;UTC;03:30;UTC;9,45
08.02.2026;03:30;UTC;03:45;UTC;9,505
08.02.2026;03:45;UTC;04:00;UTC;9,499
08.02.2026;04:00;UTC;04:15;UTC;9,559
08.02.2026;04:15;UTC;04:30;UTC;9,541
08.02.2026;04:30;UTC;04:45;UTC;9,549
08.02.2026;04:45;UTC;05:00;UTC;9,651
08.02.2026;05:00;UTC;05:15;UTC;9,028
08.02.2026;05:15;UTC;05:30;UTC;9,28
08.02.2026;05:30;UTC;05:45;UTC;9,645
08.02.2026;05:45;UTC;06:00;UTC;10,047
08.02.2026;06:00;UTC;06:15;UTC;9,109
08.02.2026;06:15;UTC;06:30;UTC;9,471
08.02.2026;06:30;UTC;06:45;UTC;9,63
08.02.2026;06:45;UTC;07:00;UTC;10,112
08.02.2026;07:00;UTC;07:15;UTC;9,605
08.02.2026;07:15;UTC;07:30;UTC;10,124
08.02.2026;07:30;UTC;07:45;UTC;10,157
08.02.2026;07:45;UTC;08:00;UTC;10,253
08.02.2026;08:00;UTC;08:15;UTC;10,192
08.02.2026;08:15;UTC;08:30;UTC;10,284
08.02.2026;08:30;UTC;08:45;UTC;10,236
08.02.2026;08:45;UTC;09:00;UTC;10,083
08.02.2026;09:00;UTC;09:15;UTC;10,437
08.02.2026;09:15;UTC;09:30;UTC;10,381
08.02.2026;09:30;UTC;09:45;UTC;10,162
08.02.2026;09:45;UTC;10:00;UTC;10,078
08.02.2026;10:00;UTC;10:15;UTC;10,214
08.02.2026;10:15;UTC;10:30;UTC;10,085
08.02.2026;10:30;UTC;10:45;UTC;9,864
08.02.2026;10:45;UTC;11:00;UTC;9,677
08.02.2026;11:00;UTC;11:15;UTC;9,786
08.02.2026;11:15;UTC;11:30;UTC;9,677
08.02.2026;11:30;UTC;11:45;UTC;9,697
08.02.2026;11:45;UTC;12:00;UTC;9,469
08.02.2026;12:00;UTC;12:15;UTC;9,51
08.02.2026;12:15;UTC;12:30;UTC;9,401
08.02.2026;12:30;UTC;12:45;UTC;9,626
08.02.2026;12:45;UTC;13:00;UTC;9,643
08.02.2026;13:00;UTC;13:15;UTC;9,409
08.02.2026;13:15;UTC;13:30;UTC;9,662
08.02.2026;13:30;UTC;13:45;UTC;9,771
08.02.2026;13:45;UTC;14:00;UTC;10,046
08.02.2026;14:00;UTC;14:15;UTC;9,803
08.02.2026;14:15;UTC;14:30;UTC;10,052
08.02.2026;14:30;UTC;14:45;UTC;10,432
08.02.2026;14:45;UTC;15:00;UTC;11,042
08.02.2026;15:00;UTC;15:15;UTC;10,084
08.02.2026;15:15;UTC;15:30;UTC;10,764
08.02.2026;15:30;UTC;15:45;UTC;11,503
08.02.2026;15:45;UTC;16:00;UTC;12,363
08.02.2026;16:00;UTC;16:15;UTC;11,954
08.02.2026;16:15;UTC;16:30;UTC;12,598
08.02.2026;16:30;UTC;16:45;UTC;13,1
08.02.2026;16:45;UTC;17:00;UTC;13,401
08.02.2026;17:00;UTC;17:15;UTC;12,979
08.02.2026;17:15;UTC;17:30;UTC;13,289
08.02.2026;17:30;UTC;17:45;UTC;13,255
08.02.2026;17:45;UTC;18:00;UTC;12,984
08.02.2026;18:00;UTC;18:15;UTC;13,296
08.02.2026;18:15;UTC;18:30;UTC;12,956
08.02.2026;18:30;UTC;18:45;UTC;12,509
08.02.2026;18:45;UTC;19:00;UTC;12,002
08.02.2026;19:00;UTC;19:15;UTC;12,286
08.02.2026;19:15;UTC;19:30;UTC;11,426
08.02.2026;19:30;UTC;19:45;UTC;10,993
08.02.2026;19:45;UTC;20:00;UTC;10,608
08.02.2026;20:00;UTC;20:15;UTC;11,084
08.02.2026;20:15;UTC;20:30;UTC;10,925
08.02.2026;20:30;UTC;20:45;UTC;10,693
08.02.2026;20:45;UTC;21:00;UTC;10,349
08.02.2026;21:00;UTC;21:15;UTC;10,808
08.02.2026;21:15;UTC;21:30;UTC;10,656
08.02.2026;21:30;UTC;21:45;UTC;10,414
08.02.2026;21:45;UTC;22:00;UTC;10,178
08.02.2026;22:00;UTC;22:15;UTC;10,342
08.02.2026;22:15;UTC;22:30;UTC;10,171
08.02.2026;22:30;UTC;22:45;UTC;10,028
08.02.2026;22:45;UTC;23:00;UTC;9,452
08.02.2026;23:00;UTC;23:15;UTC;9,998
08.02.2026;23:15;UTC;23:30;UTC;9,744
08.02.2026;23:30;UTC;23:45;UTC;9,551
08.02.2026;23:45;UTC;00:00;UTC;9,405
09.02.2026;00:00;UTC;00:15;UTC;9,768
09.02.2026;00:15;UTC;00:30;UTC;9,558
09.02.2026;00:30;UTC;00:45;UTC;9,49
09.02.2026;00:45;UTC;01:00;UTC;9,365
09.02.2026;01:00;UTC;01:15;UTC;9,532
09.02.2026;01:15;UTC;01:30;UTC;9,517
09.02.2026;01:30;UTC;01:45;UTC;9,654
09.02.2026;01:45;UTC;02:00;UTC;9,578
09.02.2026;02:00;UTC;02:15;UTC;9,571
09.02.2026;02:15;UTC;02:30;UTC;9,467
09.02.2026;02:30;UTC;02:45;UTC;9,534
09.02.2026;02:45;UTC;03:00;UTC;9,615
09.02.2026;03:00;UTC;03:15;UTC;9,342
09.02.2026;03:15;UTC;03:30;UTC;9,512
09.02.2026;03:30;UTC;03:45;UTC;9,681
09.02.2026;03:45;UTC;04:00;UTC;10,091
09.02.2026;04:00;UTC;04:15;UTC;9,57
09.02.2026;04:15;UTC;04:30;UTC;10,099
09.02.2026;04:30;UTC;04:45;UTC;10,565
09.02.2026;04:45;UTC;05:00;UTC;11,66
09.02.2026;05:00;UTC;05:15;UTC;10,5
09.02.2026;05:15;UTC;05:30;UTC;12,137
09.02.2026;05:30;UTC;05:45;UTC;13,618
09.02.2026;05:45;UTC;06:00;UTC;16,639
09.02.2026;06:00;UTC;06:15;UTC;13,714
09.02.2026;06:15;UTC;06:30;UTC;15,903
09.02.2026;06:30;UTC;06:45;UTC;16,826
09.02.2026;06:45;UTC;07:00;UTC;16,995
09.02.2026;07:00;UTC;07:15;UTC;17,029
09.02.2026;07:15;UTC;07:30;UTC;18,894
09.02.2026;07:30;UTC;07:45;UTC;18,546
09.02.2026;07:45;UTC;08:00;UTC;18,615
09.02.2026;08:00;UTC;08:15;UTC;18,39
09.02.2026;08:15;UTC;08:30;UTC;17,48
09.02.2026;08:30;UTC;08:45;UTC;16,007
09.02.2026;08:45;UTC;09:00;UTC;15,806
09.02.2026;09:00;UTC;09:15;UTC;16,623
09.02.2026;09:15;UTC;09:30;UTC;16,412
09.02.2026;09:30;UTC;09:45;UTC;15,399
09.02.2026;09:45;UTC;10:00;UTC;14,482
09.02.2026;10:00;UTC;10:15;UTC;15,101
09.02.2026;10:15;UTC;10:30;UTC;14,646
09.02.2026;10:30;UTC;10:45;UTC;14,29
09.02.2026;10:45;UTC;11:00;UTC;13,715
09.02.2026;11:00;UTC;11:15;UTC;14,319
09.02.2026;11:15;UTC;11:30;UTC;13,808
09.02.2026;11:30;UTC;11:45;UTC;13,518
09.02.2026;11:45;UTC;12:00;UTC;13,184
09.02.2026;12:00;UTC;12:15;UTC;13,623
09.02.2026;12:15;UTC;12:30;UTC;13,759
09.02.2026;12:30;UTC;12:45;UTC;13,426
09.02.2026;12:45;UTC;13:00;UTC;13,202
09.02.2026;13:00;UTC;13:15;UTC;12,366
09.02.2026;13:15;UTC;13:30;UTC;13,363
09.02.2026;13:30;UTC;13:45;UTC;14,214
09.02.2026;13:45;UTC;14:00;UTC;15,12
09.02.2026;14:00;UTC;14:15;UTC;12,885
09.02.2026;14:15;UTC;14:30;UTC;13,868
09.02.2026;14:30;UTC;14:45;UTC;15,778
09.02.2026;14:45;UTC;15:00;UTC;17,1
09.02.2026;15:00;UTC;15:15;UTC;14,173
09.02.2026;15:15;UTC;15:30;UTC;16,039
09.02.2026;15:30;UTC;15:45;UTC;18,382
09.02.2026;15:45;UTC;16:00;UTC;18,999
09.02.2026;16:00;UTC;16:15;UTC;18,686
09.02.2026;16:15;UTC;16:30;UTC;23,357
09.02.2026;16:30;UTC;16:45;UTC;24,477
09.02.2026;16:45;UTC;17:00;UTC;24,365
09.02.2026;17:00;UTC;17:15;UTC;19,661
09.02.2026;17:15;UTC;17:30;UTC;18,603
09.02.2026;17:30;UTC;17:45;UTC;17,1
09.02.2026;17:45;UTC;18:00;UTC;17,526
09.02.2026;18:00;UTC;18:15;UTC;18,792
09.02.2026;18:15;UTC;18:30;UTC;17,054
09.02.2026;18:30;UTC;18:45;UTC;16,074
09.02.2026;18:45;UTC;19:00;UTC;14,404
09.02.2026;19:00;UTC;19:15;UTC;16,288
09.02.2026;19:15;UTC;19:30;UTC;14,831
09.02.2026;19:30;UTC;19:45;UTC;13,951
09.02.2026;19:45;UTC;20:00;UTC;12,581
09.02.2026;20:00;UTC;20:15;UTC;14,631
09.02.2026;20:15;UTC;20:30;UTC;14,266
09.02.2026;20:30;UTC;20:45;UTC;13,105
09.02.2026;20:45;UTC;21:00;UTC;11,838
09.02.2026;21:00;UTC;21:15;UTC;13,045
09.02.2026;21:15;UTC;21:30;UTC;12,432
09.02.2026;21:30;UTC;21:45;UTC;12,309
09.02.2026;21:45;UTC;22:00;UTC;11,372
09.02.2026;22:00;UTC;22:15;UTC;11,703
09.02.2026;22:15;UTC;22:30;UTC;10,909
09.02.2026;22:30;UTC;22:45;UTC;10,719
09.02.2026;22:45;UTC;23:00;UTC;10,238
09.02.2026;23:00;UTC;23:15;UTC;10,637
09.02.2026;23:15;UTC;23:30;UTC;10,465
09.02.2026;23:30;UTC;23:45;UTC;10,398
09.02.2026;23:45;UTC;00:00;UTC;10,357
10.02.2026;00:00;UTC;00:15;UTC;10,503
10.02.2026;00:15;UTC;00:30;UTC;10,403
10.02.2026;00:30;UTC;00:45;UTC;10,304
10.02.2026;00:45;UTC;01:00;UTC;10,288
10.02.2026;01:00;UTC;01:15;UTC;10,321
10.02.2026;01:15;UTC;01:30;UTC;10,254
10.02.2026;01:30;UTC;01:45;UTC;10,251
10.02.2026;01:45;UTC;02:00;UTC;10,273
10.02.2026;02:00;UTC;02:15;UTC;10,283
10.02.2026;02:15;UTC;02:30;UTC;10,258
10.02.2026;02:30;UTC;02:45;UTC;10,223
10.02.2026;02:45;UTC;03:00;UTC;10,21
10.02.2026;03:00;UTC;03:15;UTC;10,202
10.02.2026;03:15;UTC;03:30;UTC;10,07
10.02.2026;03:30;UTC;03:45;UTC;10,295
10.02.2026;03:45;UTC;04:00;UTC;10,407
10.02.2026;04:00;UTC;04:15;UTC;10,359
10.02.2026;04:15;UTC;04:30;UTC;10,32
10.02.2026;04:30;UTC;04:45;UTC;10,481
10.02.2026;04:45;UTC;05:00;UTC;11,011
10.02.2026;05:00;UTC;05:15;UTC;10,25
10.02.2026;05:15;UTC;05:30;UTC;11,226
10.02.2026;05:30;UTC;05:45;UTC;12,449
10.02.2026;05:45;UTC;06:00;UTC;14,042
10.02.2026;06:00;UTC;06:15;UTC;12,295
10.02.2026;06:15;UTC;06:30;UTC;13,057
10.02.2026;06:30;UTC;06:45;UTC;14,12
10.02.2026;06:45;UTC;07:00;UTC;14,484
10.02.2026;07:00;UTC;07:15;UTC;14,649
10.02.2026;07:15;UTC;07:30;UTC;15,01
10.02.2026;07:30;UTC;07:45;UTC;14,192
10.02.2026;07:45;UTC;08:00;UTC;13,68
10.02.2026;08:00;UTC;08:15;UTC;14,16
10.02.2026;08:15;UTC;08:30;UTC;13,557
10.02.2026;08:30;UTC;08:45;UTC;12,951
10.02.2026;08:45;UTC;09:00;UTC;12,165
10.02.2026;09:00;UTC;09:15;UTC;14,167
10.02.2026;09:15;UTC;09:30;UTC;13,1
10.02.2026;09:30;UTC;09:45;UTC;12,616
10.02.2026;09:45;UTC;10:00;UTC;11,752
10.02.2026;10:00;UTC;10:15;UTC;12,996
10.02.2026;10:15;UTC;10:30;UTC;12,403
10.02.2026;10:30;UTC;10:45;UTC;11,504
10.02.2026;10:45;UTC;11:00;UTC;10,874
10.02.2026;11:00;UTC;11:15;UTC;11,255
10.02.2026;11:15;UTC;11:30;UTC;10,728
10.02.2026;11:30;UTC;11:45;UTC;10,913
10.02.2026;11:45;UTC;12:00;UTC;10,793
10.02.2026;12:00;UTC;12:15;UTC;11,026
10.02.2026;12:15;UTC;12:30;UTC;10,742
10.02.2026;12:30;UTC;12:45;UTC;10,936
10.02.2026;12:45;UTC;13:00;UTC;11,084
10.02.2026;13:00;UTC;13:15;UTC;10,879
10.02.2026;13:15;UTC;13:30;UTC;11,24
10.02.2026;13:30;UTC;13:45;UTC;11,912
10.02.2026;13:45;UTC;14:00;UTC;12,458
10.02.2026;14:00;UTC;14:15;UTC;11,874
10.02.2026;14:15;UTC;14:30;UTC;12,228
10.02.2026;14:30;UTC;14:45;UTC;13,465
10.02.2026;14:45;UTC;15:00;UTC;13,679
10.02.2026;15:00;UTC;15:15;UTC;12,009
10.02.2026;15:15;UTC;15:30;UTC;12,742
10.02.2026;15:30;UTC;15:45;UTC;12,616
10.02.2026;15:45;UTC;16:00;UTC;13,698
10.02.2026;16:00;UTC;16:15;UTC;13,045
10.02.2026;16:15;UTC;16:30;UTC;13,101
10.02.2026;16:30;UTC;16:45;UTC;13,889
10.02.2026;16:45;UTC;17:00;UTC;14,062
10.02.2026;17:00;UTC;17:15;UTC;14,129
10.02.2026;17:15;UTC;17:30;UTC;13,594
10.02.2026;17:30;UTC;17:45;UTC;12,953
10.02.2026;17:45;UTC;18:00;UTC;12,009
10.02.2026;18:00;UTC;18:15;UTC;13,044
10.02.2026;18:15;UTC;18:30;UTC;12,428
10.02.2026;18:30;UTC;18:45;UTC;11,848
10.02.2026;18:45;UTC;19:00;UTC;10,811
10.02.2026;19:00;UTC;19:15;UTC;12,278
10.02.2026;19:15;UTC;19:30;UTC;11,257
10.02.2026;19:30;UTC;19:45;UTC;10,528
10.02.2026;19:45;UTC;20:00;UTC;10,438
10.02.2026;20:00;UTC;20:15;UTC;11,052
10.02.2026;20:15;UTC;20:30;UTC;10,738
10.02.2026;20:30;UTC;20:45;UTC;10,656
10.02.2026;20:45;UTC;21:00;UTC;10,417
10.02.2026;21:00;UTC;21:15;UTC;10,933
10.02.2026;21:15;UTC;21:30;UTC;10,791
10.02.2026;21:30;UTC;21:45;UTC;10,632
10.02.2026;21:45;UTC;22:00;UTC;10,32
10.02.2026;22:00;UTC;22:15;UTC;10,603
10.02.2026;22:15;UTC;22:30;UTC;10,342
10.02.2026;22:30;UTC;22:45;UTC;9,94
10.02.2026;22:45;UTC;23:00;UTC;9,326
10.02.2026;23:00;UTC;23:15;UTC;9,696
10.02.2026;23:15;UTC;23:30;UTC;9,718
10.02.2026;23:30;UTC;23:45;UTC;9,703
10.02.2026;23:45;UTC;00:00;UTC;9,596
11.02.2026;00:00;UTC;00:15;UTC;9,712
11.02.2026;00:15;UTC;00:30;UTC;9,699
11.02.2026;00:30;UTC;00:45;UTC;9,67
11.02.2026;00:45;UTC;01:00;UTC;9,571
11.02.2026;01:00;UTC;01:15;UTC;9,684
11.02.2026;01:15;UTC;01:30;UTC;9,537
11.02.2026;01:30;UTC;01:45;UTC;9,51
11.02.2026;01:45;UTC;02:00;UTC;9,511
11.02.2026;02:00;UTC;02:15;UTC;9,487
11.02.2026;02:15;UTC;02:30;UTC;9,487
11.02.2026;02:30;UTC;02:45;UTC;9,487
11.02.2026;02:45;UTC;03:00;UTC;9,411
11.02.2026;03:00;UTC;03:15;UTC;9,487
11.02.2026;03:15;UTC;03:30;UTC;9,477
11.02.2026;03:30;UTC;03:45;UTC;9,487
11.02.2026;03:45;UTC;04:00;UTC;9,487
11.02.2026;04:00;UTC;04:15;UTC;9,483
11.02.2026;04:15;UTC;04:30;UTC;9,605
11.02.2026;04:30;UTC;04:45;UTC;10,065
11.02.2026;04:45;UTC;05:00;UTC;10,504
11.02.2026;05:00;UTC;05:15;UTC;9,84
11.02.2026;05:15;UTC;05:30;UTC;10,674
11.02.2026;05:30;UTC;05:45;UTC;11,291
11.02.2026;05:45;UTC;06:00;UTC;12,386
11.02.2026;06:00;UTC;06:15;UTC;11,326
11.02.2026;06:15;UTC;06:30;UTC;13,05
11.02.2026;06:30;UTC;06:45;UTC;13,621
11.02.2026;06:45;UTC;07:00;UTC;13,603
11.02.2026;07:00;UTC;07:15;UTC;13,448
11.02.2026;07:15;UTC;07:30;UTC;13,69
11.02.2026;07:30;UTC;07:45;UTC;14,1
11.02.2026;07:45;UTC;08:00;UTC;13,589
11.02.2026;08:00;UTC;08:15;UTC;13,436
11.02.2026;08:15;UTC;08:30;UTC;13,283
11.02.2026;08:30;UTC;08:45;UTC;13,164
11.02.2026;08:45;UTC;09:00;UTC;12,692
11.02.2026;09:00;UTC;09:15;UTC;13,1
11.02.2026;09:15;UTC;09:30;UTC;12,893
11.02.2026;09:30;UTC;09:45;UTC;12,552
11.02.2026;09:45;UTC;10:00;UTC;12,455
11.02.2026;10:00;UTC;10:15;UTC;13,142
11.02.2026;10:15;UTC;10:30;UTC;13,061
11.02.2026;10:30;UTC;10:45;UTC;12,317
11.02.2026;10:45;UTC;11:00;UTC;11,856
11.02.2026;11:00;UTC;11:15;UTC;11,987
11.02.2026;11:15;UTC;11:30;UTC;11,605
11.02.2026;11:30;UTC;11:45;UTC;11,382
11.02.2026;11:45;UTC;12:00;UTC;11,371
11.02.2026;12:00;UTC;12:15;UTC;11,917
11.02.2026;12:15;UTC;12:30;UTC;11,805
11.02.2026;12:30;UTC;12:45;UTC;11,601
11.02.2026;12:45;UTC;13:00;UTC;11,357
11.02.2026;13:00;UTC;13:15;UTC;11,428
11.02.2026;13:15;UTC;13:30;UTC;11,65
11.02.2026;13:30;UTC;13:45;UTC;11,714
11.02.2026;13:45;UTC;14:00;UTC;11,888
11.02.2026;14:00;UTC;14:15;UTC;11,637
11.02.2026;14:15;UTC;14:30;UTC;11,634
11.02.2026;14:30;UTC;14:45;UTC;11,9
11.02.2026;14:45;UTC;15:00;UTC;12,103
11.02.2026;15:00;UTC;15:15;UTC;11,725
11.02.2026;15:15;UTC;15:30;UTC;11,826
11.02.2026;15:30;UTC;15:45;UTC;12,199
11.02.2026;15:45;UTC;16:00;UTC;13,176
11.02.2026;16:00;UTC;16:15;UTC;11,971
11.02.2026;16:15;UTC;16:30;UTC;12,983
11.02.2026;16:30;UTC;16:45;UTC;13,014
11.02.2026;16:45;UTC;17:00;UTC;13,192
11.02.2026;17:00;UTC;17:15;UTC;13,101
11.02.2026;17:15;UTC;17:30;UTC;12,806
11.02.2026;17:30;UTC;17:45;UTC;12,34
11.02.2026;17:45;UTC;18:00;UTC;11,939
11.02.2026;18:00;UTC;18:15;UTC;12,296
11.02.2026;18:15;UTC;18:30;UTC;11,177
11.02.2026;18:30;UTC;18:45;UTC;10,741
11.02.2026;18:45;UTC;19:00;UTC;10,594
11.02.2026;19:00;UTC;19:15;UTC;10,917
11.02.2026;19:15;UTC;19:30;UTC;10,636
11.02.2026;19:30;UTC;19:45;UTC;10,359
11.02.2026;19:45;UTC;20:00;UTC;10,059
11.02.2026;20:00;UTC;20:15;UTC;10,741
11.02.2026;20:15;UTC;20:30;UTC;10,693
11.02.2026;20:30;UTC;20:45;UTC;10,467
11.02.2026;20:45;UTC;21:00;UTC;9,851
11.02.2026;21:00;UTC;21:15;UTC;10,611
11.02.2026;21:15;UTC;21:30;UTC;10,351
11.02.2026;21:30;UTC;21:45;UTC;9,999
11.02.2026;21:45;UTC;22:00;UTC;9,838
11.02.2026;22:00;UTC;22:15;UTC;10,231
11.02.2026;22:15;UTC;22:30;UTC;9,633
11.02.2026;22:30;UTC;22:45;UTC;9,389
11.02.2026;22:45;UTC;23:00;UTC;8,87
11.02.2026;23:00;UTC;23:15;UTC;9,002
11.02.2026;23:15;UTC;23:30;UTC;8,74
11.02.2026;23:30;UTC;23:45;UTC;8,911
11.02.2026;23:45;UTC;00:00;UTC;8,624
12.02.2026;00:00;UTC;00:15;UTC;8,807
12.02.2026;00:15;UTC;00:30;UTC;8,655
12.02.2026;00:30;UTC;00:45;UTC;8,76
12.02.2026;00:45;UTC;01:00;UTC;8,81
12.02.2026;01:00;UTC;01:15;UTC;8,694
12.02.2026;01:15;UTC;01:30;UTC;8,745
12.02.2026;01:30;UTC;01:45;UTC;8,577
12.02.2026;01:45;UTC;02:00;UTC;8,465
12.02.2026;02:00;UTC;02:15;UTC;8,503
12.02.2026;02:15;UTC;02:30;UTC;8,376
12.02.2026;02:30;UTC;02:45;UTC;8,493
12.02.2026;02:45;UTC;03:00;UTC;8,585
12.02.2026;03:00;UTC;03:15;UTC;8,507
12.02.2026;03:15;UTC;03:30;UTC;8,57
12.02.2026;03:30;UTC;03:45;UTC;8,609
12.02.2026;03:45;UTC;04:00;UTC;8,719
12.02.2026;04:00;UTC;04:15;UTC;8,665
12.02.2026;04:15;UTC;04:30;UTC;8,72
12.02.2026;04:30;UTC;04:45;UTC;9,049
12.02.2026;04:45;UTC;05:00;UTC;9,338
12.02.2026;05:00;UTC;05:15;UTC;9,07
12.02.2026;05:15;UTC;05:30;UTC;9,729
12.02.2026;05:30;UTC;05:45;UTC;10,396
12.02.2026;05:45;UTC;06:00;UTC;10,75
12.02.2026;06:00;UTC;06:15;UTC;10,31
12.02.2026;06:15;UTC;06:30;UTC;11,5
12.02.2026;06:30;UTC;06:45;UTC;12,104
12.02.2026;06:45;UTC;07:00;UTC;12,489
12.02.2026;07:00;UTC;07:15;UTC;12,267
12.02.2026;07:15;UTC;07:30;UTC;12,392
12.02.2026;07:30;UTC;07:45;UTC;12,368
12.02.2026;07:45;UTC;08:00;UTC;12,202
12.02.2026;08:00;UTC;08:15;UTC;12,967
12.02.2026;08:15;UTC;08:30;UTC;12,303
12.02.2026;08:30;UTC;08:45;UTC;11,745
12.02.2026;08:45;UTC;09:00;UTC;11,467
12.02.2026;09:00;UTC;09:15;UTC;12,464
12.02.2026;09:15;UTC;09:30;UTC;11,627
12.02.2026;09:30;UTC;09:45;UTC;11,513
12.02.2026;09:45;UTC;10:00;UTC;11,404
12.02.2026;10:00;UTC;10:15;UTC;11,492
12.02.2026;10:15;UTC;10:30;UTC;11,316
12.02.2026;10:30;UTC;10:45;UTC;11,01
12.02.2026;10:45;UTC;11:00;UTC;10,643
12.02.2026;11:00;UTC;11:15;UTC;10,759
12.02.2026;11:15;UTC;11:30;UTC;10,495
12.02.2026;11:30;UTC;11:45;UTC;10,544
12.02.2026;11:45;UTC;12:00;UTC;10,408
12.02.2026;12:00;UTC;12:15;UTC;10,548
12.02.2026;12:15;UTC;12:30;UTC;10,444
12.02.2026;12:30;UTC;12:45;UTC;10,287
12.02.2026;12:45;UTC;13:00;UTC;10,143
12.02.2026;13:00;UTC;13:15;UTC;10,437
12.02.2026;13:15;UTC;13:30;UTC;10,47
12.02.2026;13:30;UTC;13:45;UTC;10,548
12.02.2026;13:45;UTC;14:00;UTC;10,63
12.02.2026;14:00;UTC;14:15;UTC;10,356
12.02.2026;14:15;UTC;14:30;UTC;10,326
12.02.2026;14:30;UTC;14:45;UTC;10,947
12.02.2026;14:45;UTC;15:00;UTC;11,563
12.02.2026;15:00;UTC;15:15;UTC;10,391
12.02.2026;15:15;UTC;15:30;UTC;10,715
12.02.2026;15:30;UTC;15:45;UTC;11,361
12.02.2026;15:45;UTC;16:00;UTC;11,847
12.02.2026;16:00;UTC;16:15;UTC;10,902
12.02.2026;16:15;UTC;16:30;UTC;12,171
12.02.2026;16:30;UTC;16:45;UTC;12,98
12.02.2026;16:45;UTC;17:00;UTC;13,167
12.02.2026;17:00;UTC;17:15;UTC;13,001
12.02.2026;17:15;UTC;17:30;UTC;12,813
12.02.2026;17:30;UTC;17:45;UTC;12,315
12.02.2026;17:45;UTC;18:00;UTC;12,136
12.02.2026;18:00;UTC;18:15;UTC;13,211
12.02.2026;18:15;UTC;18:30;UTC;12,416
12.02.2026;18:30;UTC;18:45;UTC;11,701
12.02.2026;18:45;UTC;19:00;UTC;11,021
12.02.2026;19:00;UTC;19:15;UTC;12,627
12.02.2026;19:15;UTC;19:30;UTC;10,729
12.02.2026;19:30;UTC;19:45;UTC;10,315
12.02.2026;19:45;UTC;20:00;UTC;9,97
12.02.2026;20:00;UTC;20:15;UTC;10,66
12.02.2026;20:15;UTC;20:30;UTC;10,312
12.02.2026;20:30;UTC;20:45;UTC;9,819
12.02.2026;20:45;UTC;21:00;UTC;9,086
12.02.2026;21:00;UTC;21:15;UTC;10,459
12.02.2026;21:15;UTC;21:30;UTC;9,666
12.02.2026;21:30;UTC;21:45;UTC;9,413
12.02.2026;21:45;UTC;22:00;UTC;9,332
12.02.2026;22:00;UTC;22:15;UTC;9,842
12.02.2026;22:15;UTC;22:30;UTC;9,093
12.02.2026;22:30;UTC;22:45;UTC;8,592
12.02.2026;22:45;UTC;23:00;UTC;8,206
12.02.2026;23:00;UTC;23:15;UTC;8,572
12.02.2026;23:15;UTC;23:30;UTC;8,502
12.02.2026;23:30;UTC;23:45;UTC;8,316
12.02.2026;23:45;UTC;00:00;UTC;8,153
13.02.2026;00:00;UTC;00:15;UTC;8,39
13.02.2026;00:15;UTC;00:30;UTC;8,389
13.02.2026;00:30;UTC;00:45;UTC;8,336
13.02.2026;00:45;UTC;01:00;UTC;8,349
13.02.2026;01:00;UTC;01:15;UTC;8,172
13.02.2026;01:15;UTC;01:30;UTC;8,205
13.02.2026;01:30;UTC;01:45;UTC;8,243
13.02.2026;01:45;UTC;02:00;UTC;8,267
13.02.2026;02:00;UTC;02:15;UTC;8,118
13.02.2026;02:15;UTC;02:30;UTC;8,187
13.02.2026;02:30;UTC;02:45;UTC;8,231
13.02.2026;02:45;UTC;03:00;UTC;8,206
13.02.2026;03:00;UTC;03:15;UTC;8,157
13.02.2026;03:15;UTC;03:30;UTC;8,266
13.02.2026;03:30;UTC;03:45;UTC;8,389
13.02.2026;03:45;UTC;04:00;UTC;8,528
13.02.2026;04:00;UTC;04:15;UTC;8,406
13.02.2026;04:15;UTC;04:30;UTC;8,366
13.02.2026;04:30;UTC;04:45;UTC;8,775
13.02.2026;04:45;UTC;05:00;UTC;9,328
13.02.2026;05:00;UTC;05:15;UTC;8,442
13.02.2026;05:15;UTC;05:30;UTC;9,356
13.02.2026;05:30;UTC;05:45;UTC;10,367
13.02.2026;05:45;UTC;06:00;UTC;11,326
13.02.2026;06:00;UTC;06:15;UTC;10,521
13.02.2026;06:15;UTC;06:30;UTC;11,926
13.02.2026;06:30;UTC;06:45;UTC;12,164
13.02.2026;06:45;UTC;07:00;UTC;12,48
13.02.2026;07:00;UTC;07:15;UTC;12,221
13.02.2026;07:15;UTC;07:30;UTC;12,586
13.02.2026;07:30;UTC;07:45;UTC;12,458
13.02.2026;07:45;UTC;08:00;UTC;12,275
13.02.2026;08:00;UTC;08:15;UTC;12,875
13.02.2026;08:15;UTC;08:30;UTC;12,38
13.02.2026;08:30;UTC;08:45;UTC;11,543
13.02.2026;08:45;UTC;09:00;UTC;10,862
13.02.2026;09:00;UTC;09:15;UTC;11,271
13.02.2026;09:15;UTC;09:30;UTC;10,788
13.02.2026;09:30;UTC;09:45;UTC;10,438
13.02.2026;09:45;UTC;10:00;UTC;10,06
13.02.2026;10:00;UTC;10:15;UTC;10,418
13.02.2026;10:15;UTC;10:30;UTC;10,17
13.02.2026;10:30;UTC;10:45;UTC;9,954
13.02.2026;10:45;UTC;11:00;UTC;9,87
13.02.2026;11:00;UTC;11:15;UTC;9,862
13.02.2026;11:15;UTC;11:30;UTC;9,741
13.02.2026;11:30;UTC;11:45;UTC;9,703
13.02.2026;11:45;UTC;12:00;UTC;9,614
13.02.2026;12:00;UTC;12:15;UTC;9,649
13.02.2026;12:15;UTC;12:30;UTC;9,694
13.02.2026;12:30;UTC;12:45;UTC;9,861
13.02.2026;12:45;UTC;13:00;UTC;9,794
13.02.2026;13:00;UTC;13:15;UTC;9,893
13.02.2026;13:15;UTC;13:30;UTC;9,974
13.02.2026;13:30;UTC;13:45;UTC;10,36
13.02.2026;13:45;UTC;14:00;UTC;10,609
13.02.2026;14:00;UTC;14:15;UTC;10,573
13.02.2026;14:15;UTC;14:30;UTC;11,195
13.02.2026;14:30;UTC;14:45;UTC;12,263
13.02.2026;14:45;UTC;15:00;UTC;13,208
13.02.2026;15:00;UTC;15:15;UTC;11,797
13.02.2026;15:15;UTC;15:30;UTC;12,234
13.02.2026;15:30;UTC;15:45;UTC;12,663
13.02.2026;15:45;UTC;16:00;UTC;13,668
13.02.2026;16:00;UTC;16:15;UTC;12,262
13.02.2026;16:15;UTC;16:30;UTC;13,177
13.02.2026;16:30;UTC;16:45;UTC;13,57
13.02.2026;16:45;UTC;17:00;UTC;13,785
13.02.2026;17:00;UTC;17:15;UTC;14,035
13.02.2026;17:15;UTC;17:30;UTC;13,588
13.02.2026;17:30;UTC;17:45;UTC;13,476
13.02.2026;17:45;UTC;18:00;UTC;13,31
13.02.2026;18:00;UTC;18:15;UTC;14,463
13.02.2026;18:15;UTC;18:30;UTC;13,485
13.02.2026;18:30;UTC;18:45;UTC;12,769
13.02.2026;18:45;UTC;19:00;UTC;12,04
13.02.2026;19:00;UTC;19:15;UTC;13,7
13.02.2026;19:15;UTC;19:30;UTC;13,066
13.02.2026;19:30;UTC;19:45;UTC;12,2
13.02.2026;19:45;UTC;20:00;UTC;11,434
13.02.2026;20:00;UTC;20:15;UTC;12,741
13.02.2026;20:15;UTC;20:30;UTC;12,18
13.02.2026;20:30;UTC;20:45;UTC;11,47
13.02.2026;20:45;UTC;21:00;UTC;10,641
13.02.2026;21:00;UTC;21:15;UTC;11,988
13.02.2026;21:15;UTC;21:30;UTC;11,036
13.02.2026;21:30;UTC;21:45;UTC;10,671
13.02.2026;21:45;UTC;22:00;UTC;10,284
13.02.2026;22:00;UTC;22:15;UTC;10,635
13.02.2026;22:15;UTC;22:30;UTC;10,219
13.02.2026;22:30;UTC;22:45;UTC;10,072
13.02.2026;22:45;UTC;23:00;UTC;9,417
13.02.2026;23:00;UTC;23:15;UTC;10,397
13.02.2026;23:15;UTC;23:30;UTC;9,87
13.02.2026;23:30;UTC;23:45;UTC;9,402
13.02.2026;23:45;UTC;00:00;UTC;9,128
14.02.2026;00:00;UTC;00:15;UTC;9,483
14.02.2026;00:15;UTC;00:30;UTC;9,376
14.02.2026;00:30;UTC;00:45;UTC;9,055
14.02.2026;00:45;UTC;01:00;UTC;8,818
14.02.2026;01:00;UTC;01:15;UTC;9,19
14.02.2026;01:15;UTC;01:30;UTC;8,896
14.02.2026;01:30;UTC;01:45;UTC;8,721
14.02.2026;01:45;UTC;02:00;UTC;8,829
14.02.2026;02:00;UTC;02:15;UTC;9,169
14.02.2026;02:15;UTC;02:30;UTC;8,876
14.02.2026;02:30;UTC;02:45;UTC;8,745
14.02.2026;02:45;UTC;03:00;UTC;8,679
14.02.2026;03:00;UTC;03:15;UTC;8,763
14.02.2026;03:15;UTC;03:30;UTC;8,807
14.02.2026;03:30;UTC;03:45;UTC;8,755
14.02.2026;03:45;UTC;04:00;UTC;8,678
14.02.2026;04:00;UTC;04:15;UTC;8,835
14.02.2026;04:15;UTC;04:30;UTC;8,662
14.02.2026;04:30;UTC;04:45;UTC;8,924
14.02.2026;04:45;UTC;05:00;UTC;9,079
14.02.2026;05:00;UTC;05:15;UTC;8,894
14.02.2026;05:15;UTC;05:30;UTC;8,95
14.02.2026;05:30;UTC;05:45;UTC;8,963
14.02.2026;05:45;UTC;06:00;UTC;9,28
14.02.2026;06:00;UTC;06:15;UTC;9,094
14.02.2026;06:15;UTC;06:30;UTC;9,052
14.02.2026;06:30;UTC;06:45;UTC;9,415
14.02.2026;06:45;UTC;07:00;UTC;9,686
14.02.2026;07:00;UTC;07:15;UTC;9,71
14.02.2026;07:15;UTC;07:30;UTC;10,241
14.02.2026;07:30;UTC;07:45;UTC;10,39
14.02.2026;07:45;UTC;08:00;UTC;10,392
14.02.2026;08:00;UTC;08:15;UTC;11,011
14.02.2026;08:15;UTC;08:30;UTC;10,913
14.02.2026;08:30;UTC;08:45;UTC;10,696
14.02.2026;08:45;UTC;09:00;UTC;10,376
14.02.2026;09:00;UTC;09:15;UTC;10,993
14.02.2026;09:15;UTC;09:30;UTC;10,489
14.02.2026;09:30;UTC;09:45;UTC;10,264
14.02.2026;09:45;UTC;10:00;UTC;9,842
14.02.2026;10:00;UTC;10:15;UTC;10,149
14.02.2026;10:15;UTC;10:30;UTC;9,881
14.02.2026;10:30;UTC;10:45;UTC;9,687
14.02.2026;10:45;UTC;11:00;UTC;9,548
14.02.2026;11:00;UTC;11:15;UTC;9,684
14.02.2026;11:15;UTC;11:30;UTC;9,654
14.02.2026;11:30;UTC;11:45;UTC;9,462
14.02.2026;11:45;UTC;12:00;UTC;9,264
14.02.2026;12:00;UTC;12:15;UTC;9,524
14.02.2026;12:15;UTC;12:30;UTC;9,478
14.02.2026;12:30;UTC;12:45;UTC;9,247
14.02.2026;12:45;UTC;13:00;UTC;9,34
14.02.2026;13:00;UTC;13:15;UTC;9,193
14.02.2026;13:15;UTC;13:30;UTC;9,521
14.02.2026;13:30;UTC;13:45;UTC;9,787
14.02.2026;13:45;UTC;14:00;UTC;10,344
14.02.2026;14:00;UTC;14:15;UTC;9,877
14.02.2026;14:15;UTC;14:30;UTC;10,192
14.02.2026;14:30;UTC;14:45;UTC;10,649
14.02.2026;14:45;UTC;15:00;UTC;11,263
14.02.2026;15:00;UTC;15:15;UTC;10,496
14.02.2026;15:15;UTC;15:30;UTC;11,463
14.02.2026;15:30;UTC;15:45;UTC;12,234
14.02.2026;15:45;UTC;16:00;UTC;12,562
14.02.2026;16:00;UTC;16:15;UTC;11,379
14.02.2026;16:15;UTC;16:30;UTC;12,52
14.02.2026;16:30;UTC;16:45;UTC;13,194
14.02.2026;16:45;UTC;17:00;UTC;13,347
14.02.2026;17:00;UTC;17:15;UTC;13,101
14.02.2026;17:15;UTC;17:30;UTC;13,222
14.02.2026;17:30;UTC;17:45;UTC;13,392
14.02.2026;17:45;UTC;18:00;UTC;13,056
14.02.2026;18:00;UTC;18:15;UTC;13,5
14.02.2026;18:15;UTC;18:30;UTC;12,94
14.02.2026;18:30;UTC;18:45;UTC;12,7
14.02.2026;18:45;UTC;19:00;UTC;12,348
14.02.2026;19:00;UTC;19:15;UTC;12,999
14.02.2026;19:15;UTC;19:30;UTC;12,673
14.02.2026;19:30;UTC;19:45;UTC;11,833
14.02.2026;19:45;UTC;20:00;UTC;11,772
14.02.2026;20:00;UTC;20:15;UTC;12,628
14.02.2026;20:15;UTC;20:30;UTC;12,097
14.02.2026;20:30;UTC;20:45;UTC;11,401
14.02.2026;20:45;UTC;21:00;UTC;10,666
14.02.2026;21:00;UTC;21:15;UTC;12,088
14.02.2026;21:15;UTC;21:30;UTC;11,323
14.02.2026;21:30;UTC;21:45;UTC;10,694
14.02.2026;21:45;UTC;22:00;UTC;10,376
14.02.2026;22:00;UTC;22:15;UTC;10,375
14.02.2026;22:15;UTC;22:30;UTC;10,342
14.02.2026;22:30;UTC;22:45;UTC;10,09
14.02.2026;22:45;UTC;23:00;UTC;9,633
14.02.2026;23:00;UTC;23:15;UTC;10,751
14.02.2026;23:15;UTC;23:30;UTC;10,167
14.02.2026;23:30;UTC;23:45;UTC;9,967
14.02.2026;23:45;UTC;00:00;UTC;9,826
15.02.2026;00:00;UTC;00:15;UTC;10,39
15.02.2026;00:15;UTC;00:30;UTC;10,044
15.02.2026;00:30;UTC;00:45;UTC;9,906
15.02.2026;00:45;UTC;01:00;UTC;9,639
15.02.2026;01:00;UTC;01:15;UTC;10,054
15.02.2026;01:15;UTC;01:30;UTC;10,075
15.02.2026;01:30;UTC;01:45;UTC;10,09
15.02.2026;01:45;UTC;02:00;UTC;10,083
15.02.2026;02:00;UTC;02:15;UTC;10,029
15.02.2026;02:15;UTC;02:30;UTC;9,915
15.02.2026;02:30;UTC;02:45;UTC;9,735
15.02.2026;02:45;UTC;03:00;UTC;9,531
15.02.2026;03:00;UTC;03:15;UTC;9,825
15.02.2026;03:15;UTC;03:30;UTC;9,75
15.02.2026;03:30;UTC;03:45;UTC;9,559
15.02.2026;03:45;UTC;04:00;UTC;9,474
15.02.2026;04:00;UTC;04:15;UTC;9,667
15.02.2026;04:15;UTC;04:30;UTC;9,389
15.02.2026;04:30;UTC;04:45;UTC;9,319
15.02.2026;04:45;UTC;05:00;UTC;9,367
15.02.2026;05:00;UTC;05:15;UTC;9,285
15.02.2026;05:15;UTC;05:30;UTC;9,419
15.02.2026;05:30;UTC;05:45;UTC;9,473
15.02.2026;05:45;UTC;06:00;UTC;9,49
15.02.2026;06:00;UTC;06:15;UTC;9,658
15.02.2026;06:15;UTC;06:30;UTC;9,497
15.02.2026;06:30;UTC;06:45;UTC;9,625
15.02.2026;06:45;UTC;07:00;UTC;9,666
15.02.2026;07:00;UTC;07:15;UTC;10,067
15.02.2026;07:15;UTC;07:30;UTC;9,754
15.02.2026;07:30;UTC;07:45;UTC;9,567
15.02.2026;07:45;UTC;08:00;UTC;9,332
15.02.2026;08:00;UTC;08:15;UTC;9,915
15.02.2026;08:15;UTC;08:30;UTC;9,43
15.02.2026;08:30;UTC;08:45;UTC;9,251
15.02.2026;08:45;UTC;09:00;UTC;8,63
15.02.2026;09:00;UTC;09:15;UTC;9,149
15.02.2026;09:15;UTC;09:30;UTC;8,674
15.02.2026;09:30;UTC;09:45;UTC;8,292
15.02.2026;09:45;UTC;10:00;UTC;7,092
15.02.2026;10:00;UTC;10:15;UTC;7,973
15.02.2026;10:15;UTC;10:30;UTC;7,639
15.02.2026;10:30;UTC;10:45;UTC;7,442
15.02.2026;10:45;UTC;11:00;UTC;6,835
15.02.2026;11:00;UTC;11:15;UTC;6,992
15.02.2026;11:15;UTC;11:30;UTC;7,13
15.02.2026;11:30;UTC;11:45;UTC;6,669
15.02.2026;11:45;UTC;12:00;UTC;6,157
15.02.2026;12:00;UTC;12:15;UTC;6,688
15.02.2026;12:15;UTC;12:30;UTC;6,472
15.02.2026;12:30;UTC;12:45;UTC;6,404
15.02.2026;12:45;UTC;13:00;UTC;6,199
15.02.2026;13:00;UTC;13:15;UTC;6,371
15.02.2026;13:15;UTC;13:30;UTC;6,03
15.02.2026;13:30;UTC;13:45;UTC;6,583
15.02.2026;13:45;UTC;14:00;UTC;6,785
15.02.2026;14:00;UTC;14:15;UTC;6,205
15.02.2026;14:15;UTC;14:30;UTC;6,637
15.02.2026;14:30;UTC;14:45;UTC;7,429
15.02.2026;14:45;UTC;15:00;UTC;8,51
15.02.2026;15:00;UTC;15:15;UTC;7,12
15.02.2026;15:15;UTC;15:30;UTC;8,267
15.02.2026;15:30;UTC;15:45;UTC;8,868
15.02.2026;15:45;UTC;16:00;UTC;9,427
15.02.2026;16:00;UTC;16:15;UTC;9,25
15.02.2026;16:15;UTC;16:30;UTC;9,699
15.02.2026;16:30;UTC;16:45;UTC;9,85
15.02.2026;16:45;UTC;17:00;UTC;9,755
15.02.2026;17:00;UTC;17:15;UTC;9,973
15.02.2026;17:15;UTC;17:30;UTC;9,998
15.02.2026;17:30;UTC;17:45;UTC;9,882
15.02.2026;17:45;UTC;18:00;UTC;9,428
15.02.2026;18:00;UTC;18:15;UTC;9,27
15.02.2026;18:15;UTC;18:30;UTC;8,791
15.02.2026;18:30;UTC;18:45;UTC;8,19
15.02.2026;18:45;UTC;19:00;UTC;7,194
15.02.2026;19:00;UTC;19:15;UTC;8,282
15.02.2026;19:15;UTC;19:30;UTC;7,67
15.02.2026;19:30;UTC;19:45;UTC;6,949
15.02.2026;19:45;UTC;20:00;UTC;5,5
15.02.2026;20:00;UTC;20:15;UTC;7,493
15.02.2026;20:15;UTC;20:30;UTC;7,025
15.02.2026;20:30;UTC;20:45;UTC;6,594
15.02.2026;20:45;UTC;21:00;UTC;5,793
15.02.2026;21:00;UTC;21:15;UTC;7,3
15.02.2026;21:15;UTC;21:30;UTC;6,694
15.02.2026;21:30;UTC;21:45;UTC;6,518
15.02.2026;21:45;UTC;22:00;UTC;5,734
15.02.2026;22:00;UTC;22:15;UTC;7,15
15.02.2026;22:15;UTC;22:30;UTC;6,51
15.02.2026;22:30;UTC;22:45;UTC;5,849
15.02.2026;22:45;UTC;23:00;UTC;3,707
15.02.2026;23:00;UTC;23:15;UTC;7,564
15.02.2026;23:15;UTC;23:30;UTC;7,409
15.02.2026;23:30;UTC;23:45;UTC;6,508
15.02.2026;23:45;UTC;00:00;UTC;6,091
16.02.2026;00:00;UTC;00:15;UTC;6,929
16.02.2026;00:15;UTC;00:30;UTC;6,477
16.02.2026;00:30;UTC;00:45;UTC;6,455
16.02.2026;00:45;UTC;01:00;UTC;6,289
16.02.2026;01:00;UTC;01:15;UTC;6,463
16.02.2026;01:15;UTC;01:30;UTC;6,381
16.02.2026;01:30;UTC;01:45;UTC;6,463
16.02.2026;01:45;UTC;02:00;UTC;6,457
16.02.2026;02:00;UTC;02:15;UTC;6,32
16.02.2026;02:15;UTC;02:30;UTC;6,371
16.02.2026;02:30;UTC;02:45;UTC;6,564
16.02.2026;02:45;UTC;03:00;UTC;6,51
16.02.2026;03:00;UTC;03:15;UTC;6,301
16.02.2026;03:15;UTC;03:30;UTC;6,337
16.02.2026;03:30;UTC;03:45;UTC;6,676
16.02.2026;03:45;UTC;04:00;UTC;7,107
16.02.2026;04:00;UTC;04:15;UTC;6,01
16.02.2026;04:15;UTC;04:30;UTC;6,637
16.02.2026;04:30;UTC;04:45;UTC;7,591
16.02.2026;04:45;UTC;05:00;UTC;7,756
16.02.2026;05:00;UTC;05:15;UTC;6,047
16.02.2026;05:15;UTC;05:30;UTC;7,323
16.02.2026;05:30;UTC;05:45;UTC;8,391
16.02.2026;05:45;UTC;06:00;UTC;9,97
16.02.2026;06:00;UTC;06:15;UTC;8,237
16.02.2026;06:15;UTC;06:30;UTC;9,432
16.02.2026;06:30;UTC;06:45;UTC;9,924
16.02.2026;06:45;UTC;07:00;UTC;10,036
16.02.2026;07:00;UTC;07:15;UTC;9,701
16.02.2026;07:15;UTC;07:30;UTC;10,301
16.02.2026;07:30;UTC;07:45;UTC;10,31
16.02.2026;07:45;UTC;08:00;UTC;10,101
16.02.2026;08:00;UTC;08:15;UTC;10,653
16.02.2026;08:15;UTC;08:30;UTC;10,414
16.02.2026;08:30;UTC;08:45;UTC;10,4
16.02.2026;08:45;UTC;09:00;UTC;10,303
16.02.2026;09:00;UTC;09:15;UTC;11,182
16.02.2026;09:15;UTC;09:30;UTC;10,201
16.02.2026;09:30;UTC;09:45;UTC;9,77
16.02.2026;09:45;UTC;10:00;UTC;9,463
16.02.2026;10:00;UTC;10:15;UTC;9,758
16.02.2026;10:15;UTC;10:30;UTC;9,452
16.02.2026;10:30;UTC;10:45;UTC;9,394
16.02.2026;10:45;UTC;11:00;UTC;9,34
16.02.2026;11:00;UTC;11:15;UTC;9,189
16.02.2026;11:15;UTC;11:30;UTC;9,19
16.02.2026;11:30;UTC;11:45;UTC;9,227
16.02.2026;11:45;UTC;12:00;UTC;9,195
16.02.2026;12:00;UTC;12:15;UTC;9,357
16.02.2026;12:15;UTC;12:30;UTC;9,346
16.02.2026;12:30;UTC;12:45;UTC;9,375
16.02.2026;12:45;UTC;13:00;UTC;9,683
16.02.2026;13:00;UTC;13:15;UTC;9,099
16.02.2026;13:15;UTC;13:30;UTC;9,368
16.02.2026;13:30;UTC;13:45;UTC;9,942
16.02.2026;13:45;UTC;14:00;UTC;9,996
16.02.2026;14:00;UTC;14:15;UTC;9,591
16.02.2026;14:15;UTC;14:30;UTC;9,86
16.02.2026;14:30;UTC;14:45;UTC;10,787
16.02.2026;14:45;UTC;15:00;UTC;11,392
16.02.2026;15:00;UTC;15:15;UTC;10,611
16.02.2026;15:15;UTC;15:30;UTC;11,465
16.02.2026;15:30;UTC;15:45;UTC;11,803
16.02.2026;15:45;UTC;16:00;UTC;12,242
16.02.2026;16:00;UTC;16:15;UTC;12,02
16.02.2026;16:15;UTC;16:30;UTC;12,939
16.02.2026;16:30;UTC;16:45;UTC;13,177
16.02.2026;16:45;UTC;17:00;UTC;14,006
16.02.2026;17:00;UTC;17:15;UTC;13,203
16.02.2026;17:15;UTC;17:30;UTC;12,922
16.02.2026;17:30;UTC;17:45;UTC;12,88
16.02.2026;17:45;UTC;18:00;UTC;12,642
16.02.2026;18:00;UTC;18:15;UTC;13,314
16.02.2026;18:15;UTC;18:30;UTC;12,659
16.02.2026;18:30;UTC;18:45;UTC;12,661
16.02.2026;18:45;UTC;19:00;UTC;11,908
16.02.2026;19:00;UTC;19:15;UTC;12,179
16.02.2026;19:15;UTC;19:30;UTC;11,95
16.02.2026;19:30;UTC;19:45;UTC;11,381
16.02.2026;19:45;UTC;20:00;UTC;10,743
16.02.2026;20:00;UTC;20:15;UTC;11,226
16.02.2026;20:15;UTC;20:30;UTC;10,794
16.02.2026;20:30;UTC;20:45;UTC;9,973
16.02.2026;20:45;UTC;21:00;UTC;9,566
16.02.2026;21:00;UTC;21:15;UTC;10,6
16.02.2026;21:15;UTC;21:30;UTC;10,498
16.02.2026;21:30;UTC;21:45;UTC;10,123
16.02.2026;21:45;UTC;22:00;UTC;9,547
16.02.2026;22:00;UTC;22:15;UTC;10,158
16.02.2026;22:15;UTC;22:30;UTC;9,464
16.02.2026;22:30;UTC;22:45;UTC;8,932
16.02.2026;22:45;UTC;23:00;UTC;8,548
16.02.2026;23:00;UTC;23:15;UTC;8,945
16.02.2026;23:15;UTC;23:30;UTC;8,809
16.02.2026;23:30;UTC;23:45;UTC;8,573
16.02.2026;23:45;UTC;00:00;UTC;8,481
17.02.2026;00:00;UTC;00:15;UTC;8,656
17.02.2026;00:15;UTC;00:30;UTC;8,478
17.02.2026;00:30;UTC;00:45;UTC;8,481
17.02.2026;00:45;UTC;01:00;UTC;8,427
17.02.2026;01:00;UTC;01:15;UTC;8,445
17.02.2026;01:15;UTC;01:30;UTC;8,439
17.02.2026;01:30;UTC;01:45;UTC;8,527
17.02.2026;01:45;UTC;02:00;UTC;8,501
17.02.2026;02:00;UTC;02:15;UTC;8,633
17.02.2026;02:15;UTC;02:30;UTC;8,585
17.02.2026;02:30;UTC;02:45;UTC;8,592
17.02.2026;02:45;UTC;03:00;UTC;8,45
17.02.2026;03:00;UTC;03:15;UTC;8,247
17.02.2026;03:15;UTC;03:30;UTC;8,605
17.02.2026;03:30;UTC;03:45;UTC;8,378
17.02.2026;03:45;UTC;04:00;UTC;8,697
17.02.2026;04:00;UTC;04:15;UTC;8,321
17.02.2026;04:15;UTC;04:30;UTC;8,572
17.02.2026;04:30;UTC;04:45;UTC;8,798
17.02.2026;04:45;UTC;05:00;UTC;9,846
17.02.2026;05:00;UTC;05:15;UTC;8,785
17.02.2026;05:15;UTC;05:30;UTC;10,299
17.02.2026;05:30;UTC;05:45;UTC;10,555
17.02.2026;05:45;UTC;06:00;UTC;11,45
17.02.2026;06:00;UTC;06:15;UTC;10,566
17.02.2026;06:15;UTC;06:30;UTC;11,015
17.02.2026;06:30;UTC;06:45;UTC;11,646
17.02.2026;06:45;UTC;07:00;UTC;12,504
17.02.2026;07:00;UTC;07:15;UTC;11,804
17.02.2026;07:15;UTC;07:30;UTC;11,629
17.02.2026;07:30;UTC;07:45;UTC;11,354
17.02.2026;07:45;UTC;08:00;UTC;11,155
17.02.2026;08:00;UTC;08:15;UTC;12,525
17.02.2026;08:15;UTC;08:30;UTC;11,18
17.02.2026;08:30;UTC;08:45;UTC;10,588
17.02.2026;08:45;UTC;09:00;UTC;10,042
17.02.2026;09:00;UTC;09:15;UTC;10,626
17.02.2026;09:15;UTC;09:30;UTC;10,313
17.02.2026;09:30;UTC;09:45;UTC;10,073
17.02.2026;09:45;UTC;10:00;UTC;9,948
17.02.2026;10:00;UTC;10:15;UTC;10,041
17.02.2026;10:15;UTC;10:30;UTC;9,708
17.02.2026;10:30;UTC;10:45;UTC;8,944
17.02.2026;10:45;UTC;11:00;UTC;8,529
17.02.2026;11:00;UTC;11:15;UTC;8,832
17.02.2026;11:15;UTC;11:30;UTC;8,442
17.02.2026;11:30;UTC;11:45;UTC;8,371
17.02.2026;11:45;UTC;12:00;UTC;7,931
17.02.2026;12:00;UTC;12:15;UTC;8,698
17.02.2026;12:15;UTC;12:30;UTC;8,31
17.02.2026;12:30;UTC;12:45;UTC;7,9
17.02.2026;12:45;UTC;13:00;UTC;8,009
17.02.2026;13:00;UTC;13:15;UTC;8,221
17.02.2026;13:15;UTC;13:30;UTC;8,203
17.02.2026;13:30;UTC;13:45;UTC;8,229
17.02.2026;13:45;UTC;14:00;UTC;8,314
17.02.2026;14:00;UTC;14:15;UTC;8,211
17.02.2026;14:15;UTC;14:30;UTC;8,274
17.02.2026;14:30;UTC;14:45;UTC;8,668
17.02.2026;14:45;UTC;15:00;UTC;9,398
17.02.2026;15:00;UTC;15:15;UTC;9,035
17.02.2026;15:15;UTC;15:30;UTC;9,103
17.02.2026;15:30;UTC;15:45;UTC;9,203
17.02.2026;15:45;UTC;16:00;UTC;10,292
17.02.2026;16:00;UTC;16:15;UTC;10,3
17.02.2026;16:15;UTC;16:30;UTC;10,78
17.02.2026;16:30;UTC;16:45;UTC;11,184
17.02.2026;16:45;UTC;17:00;UTC;12,058
17.02.2026;17:00;UTC;17:15;UTC;12,037
17.02.2026;17:15;UTC;17:30;UTC;12,15
17.02.2026;17:30;UTC;17:45;UTC;13,189
17.02.2026;17:45;UTC;18:00;UTC;13,414
17.02.2026;18:00;UTC;18:15;UTC;13,339
17.02.2026;18:15;UTC;18:30;UTC;12,976
17.02.2026;18:30;UTC;18:45;UTC;12,375
17.02.2026;18:45;UTC;19:00;UTC;11,95
17.02.2026;19:00;UTC;19:15;UTC;11,941
17.02.2026;19:15;UTC;19:30;UTC;11,224
17.02.2026;19:30;UTC;19:45;UTC;10,843
17.02.2026;19:45;UTC;20:00;UTC;10,483
17.02.2026;20:00;UTC;20:15;UTC;11,094
17.02.2026;20:15;UTC;20:30;UTC;10,519
17.02.2026;20:30;UTC;20:45;UTC;9,718
17.02.2026;20:45;UTC;21:00;UTC;8,65
17.02.2026;21:00;UTC;21:15;UTC;9,804
17.02.2026;21:15;UTC;21:30;UTC;9,552
17.02.2026;21:30;UTC;21:45;UTC;8,988
17.02.2026;21:45;UTC;22:00;UTC;8,946
17.02.2026;22:00;UTC;22:15;UTC;9,389
17.02.2026;22:15;UTC;22:30;UTC;9,057
17.02.2026;22:30;UTC;22:45;UTC;8,826
17.02.2026;22:45;UTC;23:00;UTC;8,572
17.02.2026;23:00;UTC;23:15;UTC;9,614
17.02.2026;23:15;UTC;23:30;UTC;9,666
17.02.2026;23:30;UTC;23:45;UTC;9,512
17.02.2026;23:45;UTC;00:00;UTC;9,46
18.02.2026;00:00;UTC;00:15;UTC;9,466
18.02.2026;00:15;UTC;00:30;UTC;9,308
18.02.2026;00:30;UTC;00:45;UTC;9,346
18.02.2026;00:45;UTC;01:00;UTC;9,305
18.02.2026;01:00;UTC;01:15;UTC;9,284
18.02.2026;01:15;UTC;01:30;UTC;9,364
18.02.2026;01:30;UTC;01:45;UTC;9,385
18.02.2026;01:45;UTC;02:00;UTC;9,284
18.02.2026;02:00;UTC;02:15;UTC;9,373
18.02.2026;02:15;UTC;02:30;UTC;9,244
18.02.2026;02:30;UTC;02:45;UTC;9,147
18.02.2026;02:45;UTC;03:00;UTC;9,306
18.02.2026;03:00;UTC;03:15;UTC;9,04
18.02.2026;03:15;UTC;03:30;UTC;9,307
18.02.2026;03:30;UTC;03:45;UTC;9,437
18.02.2026;03:45;UTC;04:00;UTC;9,583
18.02.2026;04:00;UTC;04:15;UTC;9,672
18.02.2026;04:15;UTC;04:30;UTC;9,692
18.02.2026;04:30;UTC;04:45;UTC;10,099
18.02.2026;04:45;UTC;05:00;UTC;11,016
18.02.2026;05:00;UTC;05:15;UTC;9,815
18.02.2026;05:15;UTC;05:30;UTC;11,162
18.02.2026;05:30;UTC;05:45;UTC;12,949
18.02.2026;05:45;UTC;06:00;UTC;15,079
18.02.2026;06:00;UTC;06:15;UTC;14,845
18.02.2026;06:15;UTC;06:30;UTC;16,593
18.02.2026;06:30;UTC;06:45;UTC;18,744
18.02.2026;06:45;UTC;07:00;UTC;20,093
18.02.2026;07:00;UTC;07:15;UTC;20,643
18.02.2026;07:15;UTC;07:30;UTC;20,247
18.02.2026;07:30;UTC;07:45;UTC;18,248
18.02.2026;07:45;UTC;08:00;UTC;15,299
18.02.2026;08:00;UTC;08:15;UTC;15,612
18.02.2026;08:15;UTC;08:30;UTC;14,76
18.02.2026;08:30;UTC;08:45;UTC;12,549
18.02.2026;08:45;UTC;09:00;UTC;11,336
18.02.2026;09:00;UTC;09:15;UTC;13,354
18.02.2026;09:15;UTC;09:30;UTC;11,827
18.02.2026;09:30;UTC;09:45;UTC;10,996
18.02.2026;09:45;UTC;10:00;UTC;10,175
18.02.2026;10:00;UTC;10:15;UTC;11,28
18.02.2026;10:15;UTC;10:30;UTC;10,617
18.02.2026;10:30;UTC;10:45;UTC;10,434
18.02.2026;10:45;UTC;11:00;UTC;10,158
18.02.2026;11:00;UTC;11:15;UTC;10,521
18.02.2026;11:15;UTC;11:30;UTC;10,081
18.02.2026;11:30;UTC;11:45;UTC;9,929
18.02.2026;11:45;UTC;12:00;UTC;10,002
18.02.2026;12:00;UTC;12:15;UTC;10,236
18.02.2026;12:15;UTC;12:30;UTC;10,082
18.02.2026;12:30;UTC;12:45;UTC;9,984
18.02.2026;12:45;UTC;13:00;UTC;9,899
18.02.2026;13:00;UTC;13:15;UTC;9,788
18.02.2026;13:15;UTC;13:30;UTC;10,006
18.02.2026;13:30;UTC;13:45;UTC;10,616
18.02.2026;13:45;UTC;14:00;UTC;11,047
18.02.2026;14:00;UTC;14:15;UTC;10,616
18.02.2026;14:15;UTC;14:30;UTC;10,95
18.02.2026;14:30;UTC;14:45;UTC;11,499
18.02.2026;14:45;UTC;15:00;UTC;12,571
18.02.2026;15:00;UTC;15:15;UTC;11,1
18.02.2026;15:15;UTC;15:30;UTC;12,043
18.02.2026;15:30;UTC;15:45;UTC;12,814
18.02.2026;15:45;UTC;16:00;UTC;12,876
18.02.2026;16:00;UTC;16:15;UTC;13,799
18.02.2026;16:15;UTC;16:30;UTC;13,73
18.02.2026;16:30;UTC;16:45;UTC;14,238
18.02.2026;16:45;UTC;17:00;UTC;14,395
18.02.2026;17:00;UTC;17:15;UTC;15,349
18.02.2026;17:15;UTC;17:30;UTC;14,494
18.02.2026;17:30;UTC;17:45;UTC;13,909
18.02.2026;17:45;UTC;18:00;UTC;13,287
18.02.2026;18:00;UTC;18:15;UTC;12,954
18.02.2026;18:15;UTC;18:30;UTC;12,05
18.02.2026;18:30;UTC;18:45;UTC;11,946
18.02.2026;18:45;UTC;19:00;UTC;10,987
18.02.2026;19:00;UTC;19:15;UTC;11,763
18.02.2026;19:15;UTC;19:30;UTC;10,329
18.02.2026;19:30;UTC;19:45;UTC;9,778
18.02.2026;19:45;UTC;20:00;UTC;9,198
18.02.2026;20:00;UTC;20:15;UTC;10,614
18.02.2026;20:15;UTC;20:30;UTC;10,121
18.02.2026;20:30;UTC;20:45;UTC;8,895
18.02.2026;20:45;UTC;21:00;UTC;8,826
18.02.2026;21:00;UTC;21:15;UTC;10,194
18.02.2026;21:15;UTC;21:30;UTC;9,601
18.02.2026;21:30;UTC;21:45;UTC;9,079
18.02.2026;21:45;UTC;22:00;UTC;9,165
18.02.2026;22:00;UTC;22:15;UTC;9,742
18.02.2026;22:15;UTC;22:30;UTC;9,241
18.02.2026;22:30;UTC;22:45;UTC;8,692
18.02.2026;22:45;UTC;23:00;UTC;8,111
18.02.2026;23:00;UTC;23:15;UTC;8,784
18.02.2026;23:15;UTC;23:30;UTC;8,329
18.02.2026;23:30;UTC;23:45;UTC;8,329
18.02.2026;23:45;UTC;00:00;UTC;8,068
19.02.2026;00:00;UTC;00:15;UTC;8,675
19.02.2026;00:15;UTC;00:30;UTC;8,383
19.02.2026;00:30;UTC;00:45;UTC;8,08
19.02.2026;00:45;UTC;01:00;UTC;7,602
19.02.2026;01:00;UTC;01:15;UTC;8,489
19.02.2026;01:15;UTC;01:30;UTC;8,2
19.02.2026;01:30;UTC;01:45;UTC;8,1
19.02.2026;01:45;UTC;02:00;UTC;7,983
19.02.2026;02:00;UTC;02:15;UTC;8,358
19.02.2026;02:15;UTC;02:30;UTC;8,076
19.02.2026;02:30;UTC;02:45;UTC;8,067
19.02.2026;02:45;UTC;03:00;UTC;8,079
19.02.2026;03:00;UTC;03:15;UTC;7,409
19.02.2026;03:15;UTC;03:30;UTC;7,614
19.02.2026;03:30;UTC;03:45;UTC;7,871
19.02.2026;03:45;UTC;04:00;UTC;8,168
19.02.2026;04:00;UTC;04:15;UTC;7,961
19.02.2026;04:15;UTC;04:30;UTC;8,226
19.02.2026;04:30;UTC;04:45;UTC;8,639
19.02.2026;04:45;UTC;05:00;UTC;8,834
19.02.2026;05:00;UTC;05:15;UTC;7,998
19.02.2026;05:15;UTC;05:30;UTC;8,337
19.02.2026;05:30;UTC;05:45;UTC;8,718
19.02.2026;05:45;UTC;06:00;UTC;9,792
19.02.2026;06:00;UTC;06:15;UTC;8,201
19.02.2026;06:15;UTC;06:30;UTC;8,934
19.02.2026;06:30;UTC;06:45;UTC;9,355
19.02.2026;06:45;UTC;07:00;UTC;9,205
19.02.2026;07:00;UTC;07:15;UTC;9,437
19.02.2026;07:15;UTC;07:30;UTC;9,784
19.02.2026;07:30;UTC;07:45;UTC;9,826
19.02.2026;07:45;UTC;08:00;UTC;9,731
19.02.2026;08:00;UTC;08:15;UTC;10,563
19.02.2026;08:15;UTC;08:30;UTC;10,425
19.02.2026;08:30;UTC;08:45;UTC;10,358
19.02.2026;08:45;UTC;09:00;UTC;10,098
19.02.2026;09:00;UTC;09:15;UTC;10,681
19.02.2026;09:15;UTC;09:30;UTC;10,126
19.02.2026;09:30;UTC;09:45;UTC;9,83
19.02.2026;09:45;UTC;10:00;UTC;9,761
19.02.2026;10:00;UTC;10:15;UTC;9,722
19.02.2026;10:15;UTC;10:30;UTC;9,684
19.02.2026;10:30;UTC;10:45;UTC;9,53
19.02.2026;10:45;UTC;11:00;UTC;9,107
19.02.2026;11:00;UTC;11:15;UTC;9,452
19.02.2026;11:15;UTC;11:30;UTC;9,017
19.02.2026;11:30;UTC;11:45;UTC;8,95
19.02.2026;11:45;UTC;12:00;UTC;8,981
19.02.2026;12:00;UTC;12:15;UTC;9,086
19.02.2026;12:15;UTC;12:30;UTC;9,016
19.02.2026;12:30;UTC;12:45;UTC;8,976
19.02.2026;12:45;UTC;13:00;UTC;8,962
19.02.2026;13:00;UTC;13:15;UTC;8,919
19.02.2026;13:15;UTC;13:30;UTC;8,97
19.02.2026;13:30;UTC;13:45;UTC;8,996
19.02.2026;13:45;UTC;14:00;UTC;9,179
19.02.2026;14:00;UTC;14:15;UTC;8,528
19.02.2026;14:15;UTC;14:30;UTC;8,835
19.02.2026;14:30;UTC;14:45;UTC;9,649
19.02.2026;14:45;UTC;15:00;UTC;10,023
19.02.2026;15:00;UTC;15:15;UTC;8,8
19.02.2026;15:15;UTC;15:30;UTC;9,653
19.02.2026;15:30;UTC;15:45;UTC;9,933
19.02.2026;15:45;UTC;16:00;UTC;10,171
19.02.2026;16:00;UTC;16:15;UTC;9,821
19.02.2026;16:15;UTC;16:30;UTC;10,336
19.02.2026;16:30;UTC;16:45;UTC;10,893
19.02.2026;16:45;UTC;17:00;UTC;11,227
19.02.2026;17:00;UTC;17:15;UTC;10,392
19.02.2026;17:15;UTC;17:30;UTC;10,695
19.02.2026;17:30;UTC;17:45;UTC;12,004
19.02.2026;17:45;UTC;18:00;UTC;12,316
19.02.2026;18:00;UTC;18:15;UTC;12,365
19.02.2026;18:15;UTC;18:30;UTC;11,736
19.02.2026;18:30;UTC;18:45;UTC;10,444
19.02.2026;18:45;UTC;19:00;UTC;10,009
19.02.2026;19:00;UTC;19:15;UTC;11,058
19.02.2026;19:15;UTC;19:30;UTC;10
19.02.2026;19:30;UTC;19:45;UTC;9,775
19.02.2026;19:45;UTC;20:00;UTC;9,361
19.02.2026;20:00;UTC;20:15;UTC;10,392
19.02.2026;20:15;UTC;20:30;UTC;9,752
19.02.2026;20:30;UTC;20:45;UTC;9,709
19.02.2026;20:45;UTC;21:00;UTC;9,393
19.02.2026;21:00;UTC;21:15;UTC;9,896
19.02.2026;21:15;UTC;21:30;UTC;9,686
19.02.2026;21:30;UTC;21:45;UTC;8,905
19.02.2026;21:45;UTC;22:00;UTC;8,353
19.02.2026;22:00;UTC;22:15;UTC;9,072
19.02.2026;22:15;UTC;22:30;UTC;8,534
19.02.2026;22:30;UTC;22:45;UTC;8,32
19.02.2026;22:45;UTC;23:00;UTC;8,148
19.02.2026;23:00;UTC;23:15;UTC;8,753
19.02.2026;23:15;UTC;23:30;UTC;8,516
19.02.2026;23:30;UTC;23:45;UTC;8,627
19.02.2026;23:45;UTC;00:00;UTC;8,528
20.02.2026;00:00;UTC;00:15;UTC;8,683
20.02.2026;00:15;UTC;00:30;UTC;8,657
20.02.2026;00:30;UTC;00:45;UTC;8,562
20.02.2026;00:45;UTC;01:00;UTC;8,469
20.02.2026;01:00;UTC;01:15;UTC;8,625
20.02.2026;01:15;UTC;01:30;UTC;8,528
20.02.2026;01:30;UTC;01:45;UTC;8,457
20.02.2026;01:45;UTC;02:00;UTC;8,565
20.02.2026;02:00;UTC;02:15;UTC;8,474
20.02.2026;02:15;UTC;02:30;UTC;8,474
20.02.2026;02:30;UTC;02:45;UTC;8,486
20.02.2026;02:45;UTC;03:00;UTC;8,518
20.02.2026;03:00;UTC;03:15;UTC;8,24
20.02.2026;03:15;UTC;03:30;UTC;8,341
20.02.2026;03:30;UTC;03:45;UTC;8,508
20.02.2026;03:45;UTC;04:00;UTC;8,678
20.02.2026;04:00;UTC;04:15;UTC;8,553
20.02.2026;04:15;UTC;04:30;UTC;8,532
20.02.2026;04:30;UTC;04:45;UTC;8,961
20.02.2026;04:45;UTC;05:00;UTC;10,062
20.02.2026;05:00;UTC;05:15;UTC;8,522
20.02.2026;05:15;UTC;05:30;UTC;10,527
20.02.2026;05:30;UTC;05:45;UTC;11,197
20.02.2026;05:45;UTC;06:00;UTC;11,687
20.02.2026;06:00;UTC;06:15;UTC;10,921
20.02.2026;06:15;UTC;06:30;UTC;11,24
20.02.2026;06:30;UTC;06:45;UTC;11,881
20.02.2026;06:45;UTC;07:00;UTC;11,471
20.02.2026;07:00;UTC;07:15;UTC;12,117
20.02.2026;07:15;UTC;07:30;UTC;12,193
20.02.2026;07:30;UTC;07:45;UTC;11,472
20.02.2026;07:45;UTC;08:00;UTC;10,675
20.02.2026;08:00;UTC;08:15;UTC;12,242
20.02.2026;08:15;UTC;08:30;UTC;11,572
20.02.2026;08:30;UTC;08:45;UTC;10,429
20.02.2026;08:45;UTC;09:00;UTC;9,43
20.02.2026;09:00;UTC;09:15;UTC;10,341
20.02.2026;09:15;UTC;09:30;UTC;9,434
20.02.2026;09:30;UTC;09:45;UTC;8,505
20.02.2026;09:45;UTC;10:00;UTC;8,16
20.02.2026;10:00;UTC;10:15;UTC;9,008
20.02.2026;10:15;UTC;10:30;UTC;8,59
20.02.2026;10:30;UTC;10:45;UTC;8,271
20.02.2026;10:45;UTC;11:00;UTC;7,604
20.02.2026;11:00;UTC;11:15;UTC;8,493
20.02.2026;11:15;UTC;11:30;UTC;8,241
20.02.2026;11:30;UTC;11:45;UTC;7,902
20.02.2026;11:45;UTC;12:00;UTC;7,769
20.02.2026;12:00;UTC;12:15;UTC;8,022
20.02.2026;12:15;UTC;12:30;UTC;8,102
20.02.2026;12:30;UTC;12:45;UTC;8,052
20.02.2026;12:45;UTC;13:00;UTC;7,664
20.02.2026;13:00;UTC;13:15;UTC;7,562
20.02.2026;13:15;UTC;13:30;UTC;8,013
20.02.2026;13:30;UTC;13:45;UTC;8,104
20.02.2026;13:45;UTC;14:00;UTC;8,304
20.02.2026;14:00;UTC;14:15;UTC;7,355
20.02.2026;14:15;UTC;14:30;UTC;8,359
20.02.2026;14:30;UTC;14:45;UTC;8,541
20.02.2026;14:45;UTC;15:00;UTC;9,131
20.02.2026;15:00;UTC;15:15;UTC;8,252
20.02.2026;15:15;UTC;15:30;UTC;9,341
20.02.2026;15:30;UTC;15:45;UTC;9,473
20.02.2026;15:45;UTC;16:00;UTC;9,677
20.02.2026;16:00;UTC;16:15;UTC;9,739
20.02.2026;16:15;UTC;16:30;UTC;9,946
20.02.2026;16:30;UTC;16:45;UTC;10,494
20.02.2026;16:45;UTC;17:00;UTC;10,396
20.02.2026;17:00;UTC;17:15;UTC;9,857
20.02.2026;17:15;UTC;17:30;UTC;9,816
20.02.2026;17:30;UTC;17:45;UTC;9,034
20.02.2026;17:45;UTC;18:00;UTC;8,806
20.02.2026;18:00;UTC;18:15;UTC;9,146
20.02.2026;18:15;UTC;18:30;UTC;8,963
20.02.2026;18:30;UTC;18:45;UTC;8,226
20.02.2026;18:45;UTC;19:00;UTC;6,86
20.02.2026;19:00;UTC;19:15;UTC;9,6
20.02.2026;19:15;UTC;19:30;UTC;8,348
20.02.2026;19:30;UTC;19:45;UTC;7,302
20.02.2026;19:45;UTC;20:00;UTC;6,236
20.02.2026;20:00;UTC;20:15;UTC;8,784
20.02.2026;20:15;UTC;20:30;UTC;7,543
20.02.2026;20:30;UTC;20:45;UTC;6,188
20.02.2026;20:45;UTC;21:00;UTC;4,684
20.02.2026;21:00;UTC;21:15;UTC;8,164
20.02.2026;21:15;UTC;21:30;UTC;6,955
20.02.2026;21:30;UTC;21:45;UTC;6,126
20.02.2026;21:45;UTC;22:00;UTC;4,611
20.02.2026;22:00;UTC;22:15;UTC;5,979
20.02.2026;22:15;UTC;22:30;UTC;4,865
20.02.2026;22:30;UTC;22:45;UTC;4,56
20.02.2026;22:45;UTC;23:00;UTC;3,318
20.02.2026;23:00;UTC;23:15;UTC;5,653
20.02.2026;23:15;UTC;23:30;UTC;5,263
20.02.2026;23:30;UTC;23:45;UTC;5,149
20.02.2026;23:45;UTC;00:00;UTC;4,911
21.02.2026;00:00;UTC;00:15;UTC;5,288
21.02.2026;00:15;UTC;00:30;UTC;4,71
21.02.2026;00:30;UTC;00:45;UTC;4,818
21.02.2026;00:45;UTC;01:00;UTC;3,842
21.02.2026;01:00;UTC;01:15;UTC;5,023
21.02.2026;01:15;UTC;01:30;UTC;4,709
21.02.2026;01:30;UTC;01:45;UTC;4,152
21.02.2026;01:45;UTC;02:00;UTC;3,499
21.02.2026;02:00;UTC;02:15;UTC;4,637
21.02.2026;02:15;UTC;02:30;UTC;4,105
21.02.2026;02:30;UTC;02:45;UTC;3,758
21.02.2026;02:45;UTC;03:00;UTC;4,163
21.02.2026;03:00;UTC;03:15;UTC;4,008
21.02.2026;03:15;UTC;03:30;UTC;3,879
21.02.2026;03:30;UTC;03:45;UTC;4,003
21.02.2026;03:45;UTC;04:00;UTC;3,7
21.02.2026;04:00;UTC;04:15;UTC;3,68
21.02.2026;04:15;UTC;04:30;UTC;3,572
21.02.2026;04:30;UTC;04:45;UTC;4,016
21.02.2026;04:45;UTC;05:00;UTC;4,523
21.02.2026;05:00;UTC;05:15;UTC;2,494
21.02.2026;05:15;UTC;05:30;UTC;2,995
21.02.2026;05:30;UTC;05:45;UTC;3,801
21.02.2026;05:45;UTC;06:00;UTC;5,054
21.02.2026;06:00;UTC;06:15;UTC;4,237
21.02.2026;06:15;UTC;06:30;UTC;3,835
21.02.2026;06:30;UTC;06:45;UTC;5,066
21.02.2026;06:45;UTC;07:00;UTC;5,658
21.02.2026;07:00;UTC;07:15;UTC;5,196
21.02.2026;07:15;UTC;07:30;UTC;5,293
21.02.2026;07:30;UTC;07:45;UTC;5,908
21.02.2026;07:45;UTC;08:00;UTC;6,023
21.02.2026;08:00;UTC;08:15;UTC;6,002
21.02.2026;08:15;UTC;08:30;UTC;5,531
21.02.2026;08:30;UTC;08:45;UTC;5,995
21.02.2026;08:45;UTC;09:00;UTC;5,686
21.02.2026;09:00;UTC;09:15;UTC;6,452
21.02.2026;09:15;UTC;09:30;UTC;6,199
21.02.2026;09:30;UTC;09:45;UTC;5,718
21.02.2026;09:45;UTC;10:00;UTC;5,441
21.02.2026;10:00;UTC;10:15;UTC;6,181
21.02.2026;10:15;UTC;10:30;UTC;5,778
21.02.2026;10:30;UTC;10:45;UTC;5,396
21.02.2026;10:45;UTC;11:00;UTC;4,799
21.02.2026;11:00;UTC;11:15;UTC;6,18
21.02.2026;11:15;UTC;11:30;UTC;5,136
21.02.2026;11:30;UTC;11:45;UTC;4,647
21.02.2026;11:45;UTC;12:00;UTC;4,248
21.02.2026;12:00;UTC;12:15;UTC;4,775
21.02.2026;12:15;UTC;12:30;UTC;4,492
21.02.2026;12:30;UTC;12:45;UTC;4,479
21.02.2026;12:45;UTC;13:00;UTC;4,319
21.02.2026;13:00;UTC;13:15;UTC;4,305
21.02.2026;13:15;UTC;13:30;UTC;5,07
21.02.2026;13:30;UTC;13:45;UTC;5,91
21.02.2026;13:45;UTC;14:00;UTC;7,117
21.02.2026;14:00;UTC;14:15;UTC;4,933
21.02.2026;14:15;UTC;14:30;UTC;6,023
21.02.2026;14:30;UTC;14:45;UTC;7,808
21.02.2026;14:45;UTC;15:00;UTC;8,79
21.02.2026;15:00;UTC;15:15;UTC;6,751
21.02.2026;15:15;UTC;15:30;UTC;8,275
21.02.2026;15:30;UTC;15:45;UTC;8,857
21.02.2026;15:45;UTC;16:00;UTC;8,893
21.02.2026;16:00;UTC;16:15;UTC;8,826
21.02.2026;16:15;UTC;16:30;UTC;9,689
21.02.2026;16:30;UTC;16:45;UTC;10,269
21.02.2026;16:45;UTC;17:00;UTC;10,67
21.02.2026;17:00;UTC;17:15;UTC;10,68
21.02.2026;17:15;UTC;17:30;UTC;10,948
21.02.2026;17:30;UTC;17:45;UTC;10,972
21.02.2026;17:45;UTC;18:00;UTC;10,725
21.02.2026;18:00;UTC;18:15;UTC;10,701
21.02.2026;18:15;UTC;18:30;UTC;10,18
21.02.2026;18:30;UTC;18:45;UTC;9,873
21.02.2026;18:45;UTC;19:00;UTC;9,715
21.02.2026;19:00;UTC;19:15;UTC;9,649
21.02.2026;19:15;UTC;19:30;UTC;8,727
21.02.2026;19:30;UTC;19:45;UTC;8,731
21.02.2026;19:45;UTC;20:00;UTC;8,532
21.02.2026;20:00;UTC;20:15;UTC;8,618
21.02.2026;20:15;UTC;20:30;UTC;8,484
21.02.2026;20:30;UTC;20:45;UTC;8,223
21.02.2026;20:45;UTC;21:00;UTC;7,8
21.02.2026;21:00;UTC;21:15;UTC;8,6
21.02.2026;21:15;UTC;21:30;UTC;8,064
21.02.2026;21:30;UTC;21:45;UTC;7,245
21.02.2026;21:45;UTC;22:00;UTC;6,728
21.02.2026;22:00;UTC;22:15;UTC;7,97
21.02.2026;22:15;UTC;22:30;UTC;7,326
21.02.2026;22:30;UTC;22:45;UTC;6,67
21.02.2026;22:45;UTC;23:00;UTC;4,718
21.02.2026;23:00;UTC;23:15;UTC;6,803
21.02.2026;23:15;UTC;23:30;UTC;5,934
21.02.2026;23:30;UTC;23:45;UTC;5,362
21.02.2026;23:45;UTC;00:00;UTC;4,571
22.02.2026;00:00;UTC;00:15;UTC;6,023
22.02.2026;00:15;UTC;00:30;UTC;5,596
22.02.2026;00:30;UTC;00:45;UTC;5,029
22.02.2026;00:45;UTC;01:00;UTC;4,356
22.02.2026;01:00;UTC;01:15;UTC;5,001
22.02.2026;01:15;UTC;01:30;UTC;4,544
22.02.2026;01:30;UTC;01:45;UTC;4,168
22.02.2026;01:45;UTC;02:00;UTC;3,91
22.02.2026;02:00;UTC;02:15;UTC;3,879
22.02.2026;02:15;UTC;02:30;UTC;3,807
22.02.2026;02:30;UTC;02:45;UTC;4,516
22.02.2026;02:45;UTC;03:00;UTC;4,181
22.02.2026;03:00;UTC;03:15;UTC;3,691
22.02.2026;03:15;UTC;03:30;UTC;3,554
22.02.2026;03:30;UTC;03:45;UTC;4,182
22.02.2026;03:45;UTC;04:00;UTC;4,18
22.02.2026;04:00;UTC;04:15;UTC;3,908
22.02.2026;04:15;UTC;04:30;UTC;4,008
22.02.2026;04:30;UTC;04:45;UTC;3,794
22.02.2026;04:45;UTC;05:00;UTC;3,605
22.02.2026;05:00;UTC;05:15;UTC;3,23
22.02.2026;05:15;UTC;05:30;UTC;3,4
22.02.2026;05:30;UTC;05:45;UTC;3,526
22.02.2026;05:45;UTC;06:00;UTC;3,794
22.02.2026;06:00;UTC;06:15;UTC;3,711
22.02.2026;06:15;UTC;06:30;UTC;4,265
22.02.2026;06:30;UTC;06:45;UTC;4,132
22.02.2026;06:45;UTC;07:00;UTC;4,493
22.02.2026;07:00;UTC;07:15;UTC;4,206
22.02.2026;07:15;UTC;07:30;UTC;4,433
22.02.2026;07:30;UTC;07:45;UTC;4,797
22.02.2026;07:45;UTC;08:00;UTC;5,506
22.02.2026;08:00;UTC;08:15;UTC;5,36
22.02.2026;08:15;UTC;08:30;UTC;5,609
22.02.2026;08:30;UTC;08:45;UTC;5,609
22.02.2026;08:45;UTC;09:00;UTC;5,607
22.02.2026;09:00;UTC;09:15;UTC;5,908
22.02.2026;09:15;UTC;09:30;UTC;5,735
22.02.2026;09:30;UTC;09:45;UTC;5,471
22.02.2026;09:45;UTC;10:00;UTC;4,927
22.02.2026;10:00;UTC;10:15;UTC;5,471
22.02.2026;10:15;UTC;10:30;UTC;5,584
22.02.2026;10:30;UTC;10:45;UTC;5,459
22.02.2026;10:45;UTC;11:00;UTC;5,071
22.02.2026;11:00;UTC;11:15;UTC;5,179
22.02.2026;11:15;UTC;11:30;UTC;5,735
22.02.2026;11:30;UTC;11:45;UTC;5,037
22.02.2026;11:45;UTC;12:00;UTC;4,283
22.02.2026;12:00;UTC;12:15;UTC;5,633
22.02.2026;12:15;UTC;12:30;UTC;4,609
22.02.2026;12:30;UTC;12:45;UTC;4,097
22.02.2026;12:45;UTC;13:00;UTC;3,693
22.02.2026;13:00;UTC;13:15;UTC;4,413
22.02.2026;13:15;UTC;13:30;UTC;4,229
22.02.2026;13:30;UTC;13:45;UTC;4,202
22.02.2026;13:45;UTC;14:00;UTC;4,479
22.02.2026;14:00;UTC;14:15;UTC;4,551
22.02.2026;14:15;UTC;14:30;UTC;4,332
22.02.2026;14:30;UTC;14:45;UTC;4,551
22.02.2026;14:45;UTC;15:00;UTC;5,743
22.02.2026;15:00;UTC;15:15;UTC;5,277
22.02.2026;15:15;UTC;15:30;UTC;5,112
22.02.2026;15:30;UTC;15:45;UTC;5,746
22.02.2026;15:45;UTC;16:00;UTC;6,636
22.02.2026;16:00;UTC;16:15;UTC;6,642
22.02.2026;16:15;UTC;16:30;UTC;7,227
22.02.2026;16:30;UTC;16:45;UTC;7,588
22.02.2026;16:45;UTC;17:00;UTC;8,923
22.02.2026;17:00;UTC;17:15;UTC;7,481
22.02.2026;17:15;UTC;17:30;UTC;8,123
22.02.2026;17:30;UTC;17:45;UTC;8,2
22.02.2026;17:45;UTC;18:00;UTC;7,973
22.02.2026;18:00;UTC;18:15;UTC;7,3
22.02.2026;18:15;UTC;18:30;UTC;7,528
22.02.2026;18:30;UTC;18:45;UTC;8,02
22.02.2026;18:45;UTC;19:00;UTC;7,2
22.02.2026;19:00;UTC;19:15;UTC;7,198
22.02.2026;19:15;UTC;19:30;UTC;6,891
22.02.2026;19:30;UTC;19:45;UTC;6,824
22.02.2026;19:45;UTC;20:00;UTC;6,494
22.02.2026;20:00;UTC;20:15;UTC;6,911
22.02.2026;20:15;UTC;20:30;UTC;6,812
22.02.2026;20:30;UTC;20:45;UTC;6,897
22.02.2026;20:45;UTC;21:00;UTC;6,456
22.02.2026;21:00;UTC;21:15;UTC;7,994
22.02.2026;21:15;UTC;21:30;UTC;7,639
22.02.2026;21:30;UTC;21:45;UTC;6,922
22.02.2026;21:45;UTC;22:00;UTC;5,609
22.02.2026;22:00;UTC;22:15;UTC;7,117
22.02.2026;22:15;UTC;22:30;UTC;5,616
22.02.2026;22:30;UTC;22:45;UTC;4,936
22.02.2026;22:45;UTC;23:00;UTC;3,11
22.02.2026;23:00;UTC;23:15;UTC;5,07
22.02.2026;23:15;UTC;23:30;UTC;4,571
22.02.2026;23:30;UTC;23:45;UTC;3,792
22.02.2026;23:45;UTC;00:00;UTC;4,707
23.02.2026;00:00;UTC;00:15;UTC;4,6
23.02.2026;00:15;UTC;00:30;UTC;4,314
23.02.2026;00:30;UTC;00:45;UTC;4,273
23.02.2026;00:45;UTC;01:00;UTC;5,018
23.02.2026;01:00;UTC;01:15;UTC;4,592
23.02.2026;01:15;UTC;01:30;UTC;4,352
23.02.2026;01:30;UTC;01:45;UTC;4,556
23.02.2026;01:45;UTC;02:00;UTC;4,09
23.02.2026;02:00;UTC;02:15;UTC;4,523
23.02.2026;02:15;UTC;02:30;UTC;4,51
23.02.2026;02:30;UTC;02:45;UTC;4,429
23.02.2026;02:45;UTC;03:00;UTC;4,504
23.02.2026;03:00;UTC;03:15;UTC;4,075
23.02.2026;03:15;UTC;03:30;UTC;4,414
23.02.2026;03:30;UTC;03:45;UTC;4,67
23.02.2026;03:45;UTC;04:00;UTC;4,899
23.02.2026;04:00;UTC;04:15;UTC;4,775
23.02.2026;04:15;UTC;04:30;UTC;4,273
23.02.2026;04:30;UTC;04:45;UTC;5,511
23.02.2026;04:45;UTC;05:00;UTC;7,869
23.02.2026;05:00;UTC;05:15;UTC;5,527
23.02.2026;05:15;UTC;05:30;UTC;7,445
23.02.2026;05:30;UTC;05:45;UTC;8,812
23.02.2026;05:45;UTC;06:00;UTC;9,321
23.02.2026;06:00;UTC;06:15;UTC;9,18
23.02.2026;06:15;UTC;06:30;UTC;9,478
23.02.2026;06:30;UTC;06:45;UTC;9,857
23.02.2026;06:45;UTC;07:00;UTC;9,868
23.02.2026;07:00;UTC;07:15;UTC;10,264
23.02.2026;07:15;UTC;07:30;UTC;10,049
23.02.2026;07:30;UTC;07:45;UTC;9,902
23.02.2026;07:45;UTC;08:00;UTC;9,402
23.02.2026;08:00;UTC;08:15;UTC;9,726
23.02.2026;08:15;UTC;08:30;UTC;9,473
23.02.2026;08:30;UTC;08:45;UTC;8,981
23.02.2026;08:45;UTC;09:00;UTC;6,807
23.02.2026;09:00;UTC;09:15;UTC;9,285
23.02.2026;09:15;UTC;09:30;UTC;8,814
23.02.2026;09:30;UTC;09:45;UTC;5,816
23.02.2026;09:45;UTC;10:00;UTC;2,891
23.02.2026;10:00;UTC;10:15;UTC;6,036
23.02.2026;10:15;UTC;10:30;UTC;6,446
23.02.2026;10:30;UTC;10:45;UTC;4,789
23.02.2026;10:45;UTC;11:00;UTC;2,269
23.02.2026;11:00;UTC;11:15;UTC;2,295
23.02.2026;11:15;UTC;11:30;UTC;0,5
23.02.2026;11:30;UTC;11:45;UTC;0,25
23.02.2026;11:45;UTC;12:00;UTC;0,107
23.02.2026;12:00;UTC;12:15;UTC;0,225
23.02.2026;12:15;UTC;12:30;UTC;0,116
23.02.2026;12:30;UTC;12:45;UTC;0,136
23.02.2026;12:45;UTC;13:00;UTC;0,684
23.02.2026;13:00;UTC;13:15;UTC;1,01
23.02.2026;13:15;UTC;13:30;UTC;3,332
23.02.2026;13:30;UTC;13:45;UTC;4,716
23.02.2026;13:45;UTC;14:00;UTC;4,899
23.02.2026;14:00;UTC;14:15;UTC;2,009
23.02.2026;14:15;UTC;14:30;UTC;3,9
23.02.2026;14:30;UTC;14:45;UTC;7,844
23.02.2026;14:45;UTC;15:00;UTC;9,65
23.02.2026;15:00;UTC;15:15;UTC;4,164
23.02.2026;15:15;UTC;15:30;UTC;8,042
23.02.2026;15:30;UTC;15:45;UTC;9,356
23.02.2026;15:45;UTC;16:00;UTC;10,241
23.02.2026;16:00;UTC;16:15;UTC;8,361
23.02.2026;16:15;UTC;16:30;UTC;9,658
23.02.2026;16:30;UTC;16:45;UTC;9,957
23.02.2026;16:45;UTC;17:00;UTC;10,46
23.02.2026;17:00;UTC;17:15;UTC;10,396
23.02.2026;17:15;UTC;17:30;UTC;10,546
23.02.2026;17:30;UTC;17:45;UTC;10,599
23.02.2026;17:45;UTC;18:00;UTC;11,367
23.02.2026;18:00;UTC;18:15;UTC;10,904
23.02.2026;18:15;UTC;18:30;UTC;11,049
23.02.2026;18:30;UTC;18:45;UTC;11,091
23.02.2026;18:45;UTC;19:00;UTC;11,315
23.02.2026;19:00;UTC;19:15;UTC;10,274
23.02.2026;19:15;UTC;19:30;UTC;10,28
23.02.2026;19:30;UTC;19:45;UTC;9,374
23.02.2026;19:45;UTC;20:00;UTC;9,282
23.02.2026;20:00;UTC;20:15;UTC;10,127
23.02.2026;20:15;UTC;20:30;UTC;9,993
23.02.2026;20:30;UTC;20:45;UTC;9,536
23.02.2026;20:45;UTC;21:00;UTC;9,238
23.02.2026;21:00;UTC;21:15;UTC;10,065
23.02.2026;21:15;UTC;21:30;UTC;9,697
23.02.2026;21:30;UTC;21:45;UTC;9,537
23.02.2026;21:45;UTC;22:00;UTC;9,043
23.02.2026;22:00;UTC;22:15;UTC;9,126
23.02.2026;22:15;UTC;22:30;UTC;8,789
23.02.2026;22:30;UTC;22:45;UTC;8,73
23.02.2026;22:45;UTC;23:00;UTC;8,27
23.02.2026;23:00;UTC;23:15;UTC;8,399
23.02.2026;23:15;UTC;23:30;UTC;8,422
23.02.2026;23:30;UTC;23:45;UTC;8,368
23.02.2026;23:45;UTC;00:00;UTC;7,754
24.02.2026;00:00;UTC;00:15;UTC;8,347
24.02.2026;00:15;UTC;00:30;UTC;8,382
24.02.2026;00:30;UTC;00:45;UTC;8,42
24.02.2026;00:45;UTC;01:00;UTC;8,436
24.02.2026;01:00;UTC;01:15;UTC;8,516
24.02.2026;01:15;UTC;01:30;UTC;8,566
24.02.2026;01:30;UTC;01:45;UTC;8,582
24.02.2026;01:45;UTC;02:00;UTC;8,726
24.02.2026;02:00;UTC;02:15;UTC;8,415
24.02.2026;02:15;UTC;02:30;UTC;8,569
24.02.2026;02:30;UTC;02:45;UTC;8,658
24.02.2026;02:45;UTC;03:00;UTC;8,938
24.02.2026;03:00;UTC;03:15;UTC;8,723
24.02.2026;03:15;UTC;03:30;UTC;8,764
24.02.2026;03:30;UTC;03:45;UTC;8,801
24.02.2026;03:45;UTC;04:00;UTC;8,994
24.02.2026;04:00;UTC;04:15;UTC;8,766
24.02.2026;04:15;UTC;04:30;UTC;8,873
24.02.2026;04:30;UTC;04:45;UTC;9,695
24.02.2026;04:45;UTC;05:00;UTC;10,334
24.02.2026;05:00;UTC;05:15;UTC;9,4
24.02.2026;05:15;UTC;05:30;UTC;10,615
24.02.2026;05:30;UTC;05:45;UTC;11,874
24.02.2026;05:45;UTC;06:00;UTC;12,56
24.02.2026;06:00;UTC;06:15;UTC;11,867
24.02.2026;06:15;UTC;06:30;UTC;12,959
24.02.2026;06:30;UTC;06:45;UTC;13,839
24.02.2026;06:45;UTC;07:00;UTC;14,574
24.02.2026;07:00;UTC;07:15;UTC;14,056
24.02.2026;07:15;UTC;07:30;UTC;14,71
24.02.2026;07:30;UTC;07:45;UTC;15,138
24.02.2026;07:45;UTC;08:00;UTC;15,086
24.02.2026;08:00;UTC;08:15;UTC;14,702
24.02.2026;08:15;UTC;08:30;UTC;14,518
24.02.2026;08:30;UTC;08:45;UTC;13,939
24.02.2026;08:45;UTC;09:00;UTC;13,129
24.02.2026;09:00;UTC;09:15;UTC;14,96
24.02.2026;09:15;UTC;09:30;UTC;13,037
24.02.2026;09:30;UTC;09:45;UTC;12,162
24.02.2026;09:45;UTC;10:00;UTC;11,348
24.02.2026;10:00;UTC;10:15;UTC;12,098
24.02.2026;10:15;UTC;10:30;UTC;11,161
24.02.2026;10:30;UTC;10:45;UTC;10,984
24.02.2026;10:45;UTC;11:00;UTC;10,315
24.02.2026;11:00;UTC;11:15;UTC;10,444
24.02.2026;11:15;UTC;11:30;UTC;9,995
24.02.2026;11:30;UTC;11:45;UTC;9,857
24.02.2026;11:45;UTC;12:00;UTC;9,78
24.02.2026;12:00;UTC;12:15;UTC;10,102
24.02.2026;12:15;UTC;12:30;UTC;9,998
24.02.2026;12:30;UTC;12:45;UTC;9,845
24.02.2026;12:45;UTC;13:00;UTC;9,775
24.02.2026;13:00;UTC;13:15;UTC;9,033
24.02.2026;13:15;UTC;13:30;UTC;9,506
24.02.2026;13:30;UTC;13:45;UTC;9,628
24.02.2026;13:45;UTC;14:00;UTC;9,835
24.02.2026;14:00;UTC;14:15;UTC;9,787
24.02.2026;14:15;UTC;14:30;UTC;10,019
24.02.2026;14:30;UTC;14:45;UTC;10,799
24.02.2026;14:45;UTC;15:00;UTC;12,224
24.02.2026;15:00;UTC;15:15;UTC;11,1
24.02.2026;15:15;UTC;15:30;UTC;11,574
24.02.2026;15:30;UTC;15:45;UTC;13,149
24.02.2026;15:45;UTC;16:00;UTC;14,5
24.02.2026;16:00;UTC;16:15;UTC;13,244
24.02.2026;16:15;UTC;16:30;UTC;15,795
24.02.2026;16:30;UTC;16:45;UTC;19,547
24.02.2026;16:45;UTC;17:00;UTC;24,302
24.02.2026;17:00;UTC;17:15;UTC;19,897
24.02.2026;17:15;UTC;17:30;UTC;19,397
24.02.2026;17:30;UTC;17:45;UTC;18,184
24.02.2026;17:45;UTC;18:00;UTC;16,141
24.02.2026;18:00;UTC;18:15;UTC;17,973
24.02.2026;18:15;UTC;18:30;UTC;14,444
24.02.2026;18:30;UTC;18:45;UTC;13,786
24.02.2026;18:45;UTC;19:00;UTC;11,564
24.02.2026;19:00;UTC;19:15;UTC;13,083
24.02.2026;19:15;UTC;19:30;UTC;12,501
24.02.2026;19:30;UTC;19:45;UTC;11,511
24.02.2026;19:45;UTC;20:00;UTC;10,488
24.02.2026;20:00;UTC;20:15;UTC;11,782
24.02.2026;20:15;UTC;20:30;UTC;11,12
24.02.2026;20:30;UTC;20:45;UTC;10,648
24.02.2026;20:45;UTC;21:00;UTC;9,94
24.02.2026;21:00;UTC;21:15;UTC;10,743
24.02.2026;21:15;UTC;21:30;UTC;10,325
24.02.2026;21:30;UTC;21:45;UTC;10,011
24.02.2026;21:45;UTC;22:00;UTC;9,603
24.02.2026;22:00;UTC;22:15;UTC;9,811
24.02.2026;22:15;UTC;22:30;UTC;9,661
24.02.2026;22:30;UTC;22:45;UTC;9,243
24.02.2026;22:45;UTC;23:00;UTC;8,846
24.02.2026;23:00;UTC;23:15;UTC;9,904
24.02.2026;23:15;UTC;23:30;UTC;9,268
24.02.2026;23:30;UTC;23:45;UTC;8,993
24.02.2026;23:45;UTC;00:00;UTC;8,692
25.02.2026;00:00;UTC;00:15;UTC;9,148
25.02.2026;00:15;UTC;00:30;UTC;8,945
25.02.2026;00:30;UTC;00:45;UTC;8,532
25.02.2026;00:45;UTC;01:00;UTC;8,336
25.02.2026;01:00;UTC;01:15;UTC;8,769
25.02.2026;01:15;UTC;01:30;UTC;8,581
25.02.2026;01:30;UTC;01:45;UTC;8,354
25.02.2026;01:45;UTC;02:00;UTC;8,229
25.02.2026;02:00;UTC;02:15;UTC;8,853
25.02.2026;02:15;UTC;02:30;UTC;8,806
25.02.2026;02:30;UTC;02:45;UTC;8,819
25.02.2026;02:45;UTC;03:00;UTC;8,76
25.02.2026;03:00;UTC;03:15;UTC;8,831
25.02.2026;03:15;UTC;03:30;UTC;8,731
25.02.2026;03:30;UTC;03:45;UTC;8,924
25.02.2026;03:45;UTC;04:00;UTC;8,958
25.02.2026;04:00;UTC;04:15;UTC;8,714
25.02.2026;04:15;UTC;04:30;UTC;8,972
25.02.2026;04:30;UTC;04:45;UTC;9,615
25.02.2026;04:45;UTC;05:00;UTC;9,968
25.02.2026;05:00;UTC;05:15;UTC;9,57
25.02.2026;05:15;UTC;05:30;UTC;10,848
25.02.2026;05:30;UTC;05:45;UTC;12,015
25.02.2026;05:45;UTC;06:00;UTC;13,094
25.02.2026;06:00;UTC;06:15;UTC;12,464
25.02.2026;06:15;UTC;06:30;UTC;13,331
25.02.2026;06:30;UTC;06:45;UTC;13,642
25.02.2026;06:45;UTC;07:00;UTC;12,856
25.02.2026;07:00;UTC;07:15;UTC;13,757
25.02.2026;07:15;UTC;07:30;UTC;12,39
25.02.2026;07:30;UTC;07:45;UTC;11,585
25.02.2026;07:45;UTC;08:00;UTC;10,209
25.02.2026;08:00;UTC;08:15;UTC;12,376
25.02.2026;08:15;UTC;08:30;UTC;11,07
25.02.2026;08:30;UTC;08:45;UTC;10,028
25.02.2026;08:45;UTC;09:00;UTC;9,396
25.02.2026;09:00;UTC;09:15;UTC;10,216
25.02.2026;09:15;UTC;09:30;UTC;9,518
25.02.2026;09:30;UTC;09:45;UTC;8,525
25.02.2026;09:45;UTC;10:00;UTC;8,073
25.02.2026;10:00;UTC;10:15;UTC;8,743
25.02.2026;10:15;UTC;10:30;UTC;8,429
25.02.2026;10:30;UTC;10:45;UTC;8,267
25.02.2026;10:45;UTC;11:00;UTC;6,5
25.02.2026;11:00;UTC;11:15;UTC;8,44
25.02.2026;11:15;UTC;11:30;UTC;7,091
25.02.2026;11:30;UTC;11:45;UTC;5,788
25.02.2026;11:45;UTC;12:00;UTC;5,002
25.02.2026;12:00;UTC;12:15;UTC;6,607
25.02.2026;12:15;UTC;12:30;UTC;6,02
25.02.2026;12:30;UTC;12:45;UTC;5,881
25.02.2026;12:45;UTC;13:00;UTC;5,571
25.02.2026;13:00;UTC;13:15;UTC;4,503
25.02.2026;13:15;UTC;13:30;UTC;6,592
25.02.2026;13:30;UTC;13:45;UTC;7,547
25.02.2026;13:45;UTC;14:00;UTC;8,497
25.02.2026;14:00;UTC;14:15;UTC;6,865
25.02.2026;14:15;UTC;14:30;UTC;7,343
25.02.2026;14:30;UTC;14:45;UTC;8,608
25.02.2026;14:45;UTC;15:00;UTC;9,577
25.02.2026;15:00;UTC;15:15;UTC;7,713
25.02.2026;15:15;UTC;15:30;UTC;9,504
25.02.2026;15:30;UTC;15:45;UTC;10,398
25.02.2026;15:45;UTC;16:00;UTC;12,933
25.02.2026;16:00;UTC;16:15;UTC;10,037
25.02.2026;16:15;UTC;16:30;UTC;10,821
25.02.2026;16:30;UTC;16:45;UTC;12,019
25.02.2026;16:45;UTC;17:00;UTC;14,58
25.02.2026;17:00;UTC;17:15;UTC;13,434
25.02.2026;17:15;UTC;17:30;UTC;12,316
25.02.2026;17:30;UTC;17:45;UTC;11,491
25.02.2026;17:45;UTC;18:00;UTC;11,467
25.02.2026;18:00;UTC;18:15;UTC;11,29
25.02.2026;18:15;UTC;18:30;UTC;10,883
25.02.2026;18:30;UTC;18:45;UTC;10,423
25.02.2026;18:45;UTC;19:00;UTC;10,265
25.02.2026;19:00;UTC;19:15;UTC;10,499
25.02.2026;19:15;UTC;19:30;UTC;9,624
25.02.2026;19:30;UTC;19:45;UTC;9,107
25.02.2026;19:45;UTC;20:00;UTC;8,472
25.02.2026;20:00;UTC;20:15;UTC;9,49
25.02.2026;20:15;UTC;20:30;UTC;9,021
25.02.2026;20:30;UTC;20:45;UTC;8,501
25.02.2026;20:45;UTC;21:00;UTC;7,9
25.02.2026;21:00;UTC;21:15;UTC;9,899
25.02.2026;21:15;UTC;21:30;UTC;8,71
25.02.2026;21:30;UTC;21:45;UTC;8,23
25.02.2026;21:45;UTC;22:00;UTC;7,892
25.02.2026;22:00;UTC;22:15;UTC;8,783
25.02.2026;22:15;UTC;22:30;UTC;8,239
25.02.2026;22:30;UTC;22:45;UTC;7,899
25.02.2026;22:45;UTC;23:00;UTC;6,727
25.02.2026;23:00;UTC;23:15;UTC;8,239
25.02.2026;23:15;UTC;23:30;UTC;7,717
25.02.2026;23:30;UTC;23:45;UTC;7,514
25.02.2026;23:45;UTC;00:00;UTC;7,099
26.02.2026;00:00;UTC;00:15;UTC;8
26.02.2026;00:15;UTC;00:30;UTC;7,222
26.02.2026;00:30;UTC;00:45;UTC;7,064
26.02.2026;00:45;UTC;01:00;UTC;6,67
26.02.2026;01:00;UTC;01:15;UTC;6,924
26.02.2026;01:15;UTC;01:30;UTC;6,824
26.02.2026;01:30;UTC;01:45;UTC;6,825
26.02.2026;01:45;UTC;02:00;UTC;6,924
26.02.2026;02:00;UTC;02:15;UTC;6,946
26.02.2026;02:15;UTC;02:30;UTC;6,93
26.02.2026;02:30;UTC;02:45;UTC;7,05
26.02.2026;02:45;UTC;03:00;UTC;6,247
26.02.2026;03:00;UTC;03:15;UTC;6,447
26.02.2026;03:15;UTC;03:30;UTC;6,586
26.02.2026;03:30;UTC;03:45;UTC;6,825
26.02.2026;03:45;UTC;04:00;UTC;7,093
26.02.2026;04:00;UTC;04:15;UTC;6,438
26.02.2026;04:15;UTC;04:30;UTC;6,919
26.02.2026;04:30;UTC;04:45;UTC;7,684
26.02.2026;04:45;UTC;05:00;UTC;9,301
26.02.2026;05:00;UTC;05:15;UTC;7,406
26.02.2026;05:15;UTC;05:30;UTC;10,177
26.02.2026;05:30;UTC;05:45;UTC;11,24
26.02.2026;05:45;UTC;06:00;UTC;11,504
26.02.2026;06:00;UTC;06:15;UTC;11,2
26.02.2026;06:15;UTC;06:30;UTC;11,377
26.02.2026;06:30;UTC;06:45;UTC;11,22
26.02.2026;06:45;UTC;07:00;UTC;10,243
26.02.2026;07:00;UTC;07:15;UTC;10,819
26.02.2026;07:15;UTC;07:30;UTC;10,164
26.02.2026;07:30;UTC;07:45;UTC;9,534
26.02.2026;07:45;UTC;08:00;UTC;8,462
26.02.2026;08:00;UTC;08:15;UTC;9,551
26.02.2026;08:15;UTC;08:30;UTC;8,754
26.02.2026;08:30;UTC;08:45;UTC;7,139
26.02.2026;08:45;UTC;09:00;UTC;6,726
26.02.2026;09:00;UTC;09:15;UTC;7,347
26.02.2026;09:15;UTC;09:30;UTC;6,874
26.02.2026;09:30;UTC;09:45;UTC;6,675
26.02.2026;09:45;UTC;10:00;UTC;6,244
26.02.2026;10:00;UTC;10:15;UTC;7,462
26.02.2026;10:15;UTC;10:30;UTC;6,348
26.02.2026;10:30;UTC;10:45;UTC;5,02
26.02.2026;10:45;UTC;11:00;UTC;2,508
26.02.2026;11:00;UTC;11:15;UTC;4,409
26.02.2026;11:15;UTC;11:30;UTC;1,978
26.02.2026;11:30;UTC;11:45;UTC;0,885
26.02.2026;11:45;UTC;12:00;UTC;0,743
26.02.2026;12:00;UTC;12:15;UTC;1,131
26.02.2026;12:15;UTC;12:30;UTC;1,006
26.02.2026;12:30;UTC;12:45;UTC;1,309
26.02.2026;12:45;UTC;13:00;UTC;2,175
26.02.2026;13:00;UTC;13:15;UTC;1,352
26.02.2026;13:15;UTC;13:30;UTC;4,006
26.02.2026;13:30;UTC;13:45;UTC;5,631
26.02.2026;13:45;UTC;14:00;UTC;6,866
26.02.2026;14:00;UTC;14:15;UTC;5,412
26.02.2026;14:15;UTC;14:30;UTC;6,554
26.02.2026;14:30;UTC;14:45;UTC;7,34
26.02.2026;14:45;UTC;15:00;UTC;9,217
26.02.2026;15:00;UTC;15:15;UTC;6,468
26.02.2026;15:15;UTC;15:30;UTC;8,992
26.02.2026;15:30;UTC;15:45;UTC;10,91
26.02.2026;15:45;UTC;16:00;UTC;11,523
26.02.2026;16:00;UTC;16:15;UTC;10,079
26.02.2026;16:15;UTC;16:30;UTC;10,772
26.02.2026;16:30;UTC;16:45;UTC;11,424
26.02.2026;16:45;UTC;17:00;UTC;12,18
26.02.2026;17:00;UTC;17:15;UTC;11,153
26.02.2026;17:15;UTC;17:30;UTC;11,256
26.02.2026;17:30;UTC;17:45;UTC;11,432
26.02.2026;17:45;UTC;18:00;UTC;11,397
26.02.2026;18:00;UTC;18:15;UTC;11,85
26.02.2026;18:15;UTC;18:30;UTC;11,161
26.02.2026;18:30;UTC;18:45;UTC;10,442
26.02.2026;18:45;UTC;19:00;UTC;9,741
26.02.2026;19:00;UTC;19:15;UTC;10,499
26.02.2026;19:15;UTC;19:30;UTC;9,399
26.02.2026;19:30;UTC;19:45;UTC;9,029
26.02.2026;19:45;UTC;20:00;UTC;8,452
26.02.2026;20:00;UTC;20:15;UTC;9,723
26.02.2026;20:15;UTC;20:30;UTC;8,625
26.02.2026;20:30;UTC;20:45;UTC;8,124
26.02.2026;20:45;UTC;21:00;UTC;7,159
26.02.2026;21:00;UTC;21:15;UTC;9,323
26.02.2026;21:15;UTC;21:30;UTC;8,229
26.02.2026;21:30;UTC;21:45;UTC;7,626
26.02.2026;21:45;UTC;22:00;UTC;7,005
26.02.2026;22:00;UTC;22:15;UTC;8,197
26.02.2026;22:15;UTC;22:30;UTC;7,309
26.02.2026;22:30;UTC;22:45;UTC;6,793
26.02.2026;22:45;UTC;23:00;UTC;6,331
26.02.2026;23:00;UTC;23:15;UTC;5,657
26.02.2026;23:15;UTC;23:30;UTC;5,655
26.02.2026;23:30;UTC;23:45;UTC;5,218
26.02.2026;23:45;UTC;00:00;UTC;5,529
27.02.2026;00:00;UTC;00:15;UTC;5,939
27.02.2026;00:15;UTC;00:30;UTC;5,809
27.02.2026;00:30;UTC;00:45;UTC;5,363
27.02.2026;00:45;UTC;01:00;UTC;5,292
27.02.2026;01:00;UTC;01:15;UTC;5,773
27.02.2026;01:15;UTC;01:30;UTC;5,656
27.02.2026;01:30;UTC;01:45;UTC;5,717
27.02.2026;01:45;UTC;02:00;UTC;5,775
27.02.2026;02:00;UTC;02:15;UTC;6,034
27.02.2026;02:15;UTC;02:30;UTC;5,738
27.02.2026;02:30;UTC;02:45;UTC;5,904
27.02.2026;02:45;UTC;03:00;UTC;6,324
27.02.2026;03:00;UTC;03:15;UTC;5,499
27.02.2026;03:15;UTC;03:30;UTC;6,004
27.02.2026;03:30;UTC;03:45;UTC;6,392
27.02.2026;03:45;UTC;04:00;UTC;6,823
27.02.2026;04:00;UTC;04:15;UTC;5,98
27.02.2026;04:15;UTC;04:30;UTC;6,129
27.02.2026;04:30;UTC;04:45;UTC;7
27.02.2026;04:45;UTC;05:00;UTC;7,288
27.02.2026;05:00;UTC;05:15;UTC;6,1
27.02.2026;05:15;UTC;05:30;UTC;7,7
27.02.2026;05:30;UTC;05:45;UTC;8,302
27.02.2026;05:45;UTC;06:00;UTC;8,524
27.02.2026;06:00;UTC;06:15;UTC;8,755
27.02.2026;06:15;UTC;06:30;UTC;9,222
27.02.2026;06:30;UTC;06:45;UTC;8,78
27.02.2026;06:45;UTC;07:00;UTC;8,653
27.02.2026;07:00;UTC;07:15;UTC;9,208
27.02.2026;07:15;UTC;07:30;UTC;8,478
27.02.2026;07:30;UTC;07:45;UTC;7,852
27.02.2026;07:45;UTC;08:00;UTC;6,194
27.02.2026;08:00;UTC;08:15;UTC;8,462
27.02.2026;08:15;UTC;08:30;UTC;6,9
27.02.2026;08:30;UTC;08:45;UTC;5,905
27.02.2026;08:45;UTC;09:00;UTC;4,499
27.02.2026;09:00;UTC;09:15;UTC;6,1
27.02.2026;09:15;UTC;09:30;UTC;4,008
27.02.2026;09:30;UTC;09:45;UTC;1,917
27.02.2026;09:45;UTC;10:00;UTC;0,594
27.02.2026;10:00;UTC;10:15;UTC;0,389
27.02.2026;10:15;UTC;10:30;UTC;0
27.02.2026;10:30;UTC;10:45;UTC;0
27.02.2026;10:45;UTC;11:00;UTC;-0,001
27.02.2026;11:00;UTC;11:15;UTC;0
27.02.2026;11:15;UTC;11:30;UTC;-0,001
27.02.2026;11:30;UTC;11:45;UTC;-0,001
27.02.2026;11:45;UTC;12:00;UTC;-0,003
27.02.2026;12:00;UTC;12:15;UTC;-0,001
27.02.2026;12:15;UTC;12:30;UTC;-0,001
27.02.2026;12:30;UTC;12:45;UTC;-0,001
27.02.2026;12:45;UTC;13:00;UTC;-0,001
27.02.2026;13:00;UTC;13:15;UTC;-0,001
27.02.2026;13:15;UTC;13:30;UTC;0
27.02.2026;13:30;UTC;13:45;UTC;0,105
27.02.2026;13:45;UTC;14:00;UTC;2,991
27.02.2026;14:00;UTC;14:15;UTC;1,734
27.02.2026;14:15;UTC;14:30;UTC;5,395
27.02.2026;14:30;UTC;14:45;UTC;7,753
27.02.2026;14:45;UTC;15:00;UTC;9,02
27.02.2026;15:00;UTC;15:15;UTC;6,859
27.02.2026;15:15;UTC;15:30;UTC;8,694
27.02.2026;15:30;UTC;15:45;UTC;10,076
27.02.2026;15:45;UTC;16:00;UTC;11,171
27.02.2026;16:00;UTC;16:15;UTC;9,748
27.02.2026;16:15;UTC;16:30;UTC;10,968
27.02.2026;16:30;UTC;16:45;UTC;12,189
27.02.2026;16:45;UTC;17:00;UTC;13,173
27.02.2026;17:00;UTC;17:15;UTC;12,205
27.02.2026;17:15;UTC;17:30;UTC;12
27.02.2026;17:30;UTC;17:45;UTC;11,668
27.02.2026;17:45;UTC;18:00;UTC;11,367
27.02.2026;18:00;UTC;18:15;UTC;11,716
27.02.2026;18:15;UTC;18:30;UTC;11,129
27.02.2026;18:30;UTC;18:45;UTC;10,5
27.02.2026;18:45;UTC;19:00;UTC;10,356
27.02.2026;19:00;UTC;19:15;UTC;10,348
27.02.2026;19:15;UTC;19:30;UTC;10,177
27.02.2026;19:30;UTC;19:45;UTC;9,943
27.02.2026;19:45;UTC;20:00;UTC;9,544
27.02.2026;20:00;UTC;20:15;UTC;9,748
27.02.2026;20:15;UTC;20:30;UTC;9,301
27.02.2026;20:30;UTC;20:45;UTC;9,022
27.02.2026;20:45;UTC;21:00;UTC;8,314
27.02.2026;21:00;UTC;21:15;UTC;9,389
27.02.2026;21:15;UTC;21:30;UTC;9,143
27.02.2026;21:30;UTC;21:45;UTC;8,351
27.02.2026;21:45;UTC;22:00;UTC;8,121
27.02.2026;22:00;UTC;22:15;UTC;8,336
27.02.2026;22:15;UTC;22:30;UTC;8,221
27.02.2026;22:30;UTC;22:45;UTC;7,872
27.02.2026;22:45;UTC;23:00;UTC;7,572
27.02.2026;23:00;UTC;23:15;UTC;8,258
27.02.2026;23:15;UTC;23:30;UTC;8,07
27.02.2026;23:30;UTC;23:45;UTC;7,945
27.02.2026;23:45;UTC;00:00;UTC;7,735
28.02.2026;00:00;UTC;00:15;UTC;7,871
28.02.2026;00:15;UTC;00:30;UTC;7,8
28.02.2026;00:30;UTC;00:45;UTC;7,551
28.02.2026;00:45;UTC;01:00;UTC;7,3
28.02.2026;01:00;UTC;01:15;UTC;7,851
28.02.2026;01:15;UTC;01:30;UTC;7,508
28.02.2026;01:30;UTC;01:45;UTC;7,317
28.02.2026;01:45;UTC;02:00;UTC;7,215
28.02.2026;02:00;UTC;02:15;UTC;7,44
28.02.2026;02:15;UTC;02:30;UTC;7,301
28.02.2026;02:30;UTC;02:45;UTC;7,219
28.02.2026;02:45;UTC;03:00;UTC;6,75
28.02.2026;03:00;UTC;03:15;UTC;7,227
28.02.2026;03:15;UTC;03:30;UTC;7,232
28.02.2026;03:30;UTC;03:45;UTC;7,145
28.02.2026;03:45;UTC;04:00;UTC;7,153
28.02.2026;04:00;UTC;04:15;UTC;7,186
28.02.2026;04:15;UTC;04:30;UTC;7,065
28.02.2026;04:30;UTC;04:45;UTC;7,232
28.02.2026;04:45;UTC;05:00;UTC;7,417
28.02.2026;05:00;UTC;05:15;UTC;6,952
28.02.2026;05:15;UTC;05:30;UTC;7,225
28.02.2026;05:30;UTC;05:45;UTC;7,431
28.02.2026;05:45;UTC;06:00;UTC;7,561
28.02.2026;06:00;UTC;06:15;UTC;8,27
28.02.2026;06:15;UTC;06:30;UTC;8,301
28.02.2026;06:30;UTC;06:45;UTC;7,575
28.02.2026;06:45;UTC;07:00;UTC;6,37
28.02.2026;07:00;UTC;07:15;UTC;8,297
28.02.2026;07:15;UTC;07:30;UTC;6,778
28.02.2026;07:30;UTC;07:45;UTC;4,841
28.02.2026;07:45;UTC;08:00;UTC;2,93
28.02.2026;08:00;UTC;08:15;UTC;4,741
28.02.2026;08:15;UTC;08:30;UTC;2,073
28.02.2026;08:30;UTC;08:45;UTC;0,304
28.02.2026;08:45;UTC;09:00;UTC;0,001
28.02.2026;09:00;UTC;09:15;UTC;0
28.02.2026;09:15;UTC;09:30;UTC;0
28.02.2026;09:30;UTC;09:45;UTC;0
28.02.2026;09:45;UTC;10:00;UTC;-0,004
28.02.2026;10:00;UTC;10:15;UTC;0
28.02.2026;10:15;UTC;10:30;UTC;-0,001
28.02.2026;10:30;UTC;10:45;UTC;-0,002
28.02.2026;10:45;UTC;11:00;UTC;-0,008
28.02.2026;11:00;UTC;11:15;UTC;-0,002
28.02.2026;11:15;UTC;11:30;UTC;-0,006
28.02.2026;11:30;UTC;11:45;UTC;-0,028
28.02.2026;11:45;UTC;12:00;UTC;-0,065
28.02.2026;12:00;UTC;12:15;UTC;-0,027
28.02.2026;12:15;UTC;12:30;UTC;-0,048
28.02.2026;12:30;UTC;12:45;UTC;-0,009
28.02.2026;12:45;UTC;13:00;UTC;-0,005
28.02.2026;13:00;UTC;13:15;UTC;-0,003
28.02.2026;13:15;UTC;13:30;UTC;-0,001
28.02.2026;13:30;UTC;13:45;UTC;0
28.02.2026;13:45;UTC;14:00;UTC;0,001
28.02.2026;14:00;UTC;14:15;UTC;0
28.02.2026;14:15;UTC;14:30;UTC;0,007
28.02.2026;14:30;UTC;14:45;UTC;1,005
28.02.2026;14:45;UTC;15:00;UTC;4,933
28.02.2026;15:00;UTC;15:15;UTC;3,396
28.02.2026;15:15;UTC;15:30;UTC;5,841
28.02.2026;15:30;UTC;15:45;UTC;8,033
28.02.2026;15:45;UTC;16:00;UTC;8,989
28.02.2026;16:00;UTC;16:15;UTC;7,505
28.02.2026;16:15;UTC;16:30;UTC;8,31
28.02.2026;16:30;UTC;16:45;UTC;9,659
28.02.2026;16:45;UTC;17:00;UTC;10,5
28.02.2026;17:00;UTC;17:15;UTC;9,721
28.02.2026;17:15;UTC;17:30;UTC;9,632
28.02.2026;17:30;UTC;17:45;UTC;9,636
28.02.2026;17:45;UTC;18:00;UTC;9,088
28.02.2026;18:00;UTC;18:15;UTC;9,225
28.02.2026;18:15;UTC;18:30;UTC;8,771
28.02.2026;18:30;UTC;18:45;UTC;8,512
28.02.2026;18:45;UTC;19:00;UTC;7,559
28.02.2026;19:00;UTC;19:15;UTC;8,337
28.02.2026;19:15;UTC;19:30;UTC;7,427
28.02.2026;19:30;UTC;19:45;UTC;6,144
28.02.2026;19:45;UTC;20:00;UTC;5,739
28.02.2026;20:00;UTC;20:15;UTC;6,791
28.02.2026;20:15;UTC;20:30;UTC;6,893
28.02.2026;20:30;UTC;20:45;UTC;6,731
28.02.2026;20:45;UTC;21:00;UTC;5,452
28.02.2026;21:00;UTC;21:15;UTC;7,278
28.02.2026;21:15;UTC;21:30;UTC;6,617
28.02.2026;21:30;UTC;21:45;UTC;6,423
28.02.2026;21:45;UTC;22:00;UTC;5,547
28.02.2026;22:00;UTC;22:15;UTC;7,272
28.02.2026;22:15;UTC;22:30;UTC;5,907
28.02.2026;22:30;UTC;22:45;UTC;5,932
28.02.2026;22:45;UTC;23:00;UTC;5,158
28.02.2026;23:00;UTC;23:15;UTC;4,765
28.02.2026;23:15;UTC;23:30;UTC;4,889
28.02.2026;23:30;UTC;23:45;UTC;4,603
28.02.2026;23:45;UTC;00:00;UTC;4,802
01.03.2026;00:00;UTC;00:15;UTC;4,9
01.03.2026;00:15;UTC;00:30;UTC;5,199
01.03.2026;00:30;UTC;00:45;UTC;5,277
01.03.2026;00:45;UTC;01:00;UTC;5,244
01.03.2026;01:00;UTC;01:15;UTC;5,169
01.03.2026;01:15;UTC;01:30;UTC;5,249
01.03.2026;01:30;UTC;01:45;UTC;5,551
01.03.2026;01:45;UTC;02:00;UTC;5,73
01.03.2026;02:00;UTC;02:15;UTC;5,334
01.03.2026;02:15;UTC;02:30;UTC;5,458
01.03.2026;02:30;UTC;02:45;UTC;5,81
01.03.2026;02:45;UTC;03:00;UTC;6,227
01.03.2026;03:00;UTC;03:15;UTC;5,308
01.03.2026;03:15;UTC;03:30;UTC;5,757
01.03.2026;03:30;UTC;03:45;UTC;6,438
01.03.2026;03:45;UTC;04:00;UTC;6,931
01.03.2026;04:00;UTC;04:15;UTC;6,4
01.03.2026;04:15;UTC;04:30;UTC;6,43
01.03.2026;04:30;UTC;04:45;UTC;6,513
01.03.2026;04:45;UTC;05:00;UTC;6,729
01.03.2026;05:00;UTC;05:15;UTC;6,027
01.03.2026;05:15;UTC;05:30;UTC;6,651
01.03.2026;05:30;UTC;05:45;UTC;6,875
01.03.2026;05:45;UTC;06:00;UTC;6,85
01.03.2026;06:00;UTC;06:15;UTC;6,847
01.03.2026;06:15;UTC;06:30;UTC;6,879
01.03.2026;06:30;UTC;06:45;UTC;6,735
01.03.2026;06:45;UTC;07:00;UTC;5,538
01.03.2026;07:00;UTC;07:15;UTC;6,689
01.03.2026;07:15;UTC;07:30;UTC;5,624
01.03.2026;07:30;UTC;07:45;UTC;4,577
01.03.2026;07:45;UTC;08:00;UTC;4,124
01.03.2026;08:00;UTC;08:15;UTC;4,587
01.03.2026;08:15;UTC;08:30;UTC;2,416
01.03.2026;08:30;UTC;08:45;UTC;0,979
01.03.2026;08:45;UTC;09:00;UTC;0,01
01.03.2026;09:00;UTC;09:15;UTC;0,087
01.03.2026;09:15;UTC;09:30;UTC;0
01.03.2026;09:30;UTC;09:45;UTC;-0,006
01.03.2026;09:45;UTC;10:00;UTC;-0,081
01.03.2026;10:00;UTC;10:15;UTC;0,001
01.03.2026;10:15;UTC;10:30;UTC;0
01.03.2026;10:30;UTC;10:45;UTC;-0,001
01.03.2026;10:45;UTC;11:00;UTC;-0,01
01.03.2026;11:00;UTC;11:15;UTC;-0,01
01.03.2026;11:15;UTC;11:30;UTC;-0,011
01.03.2026;11:30;UTC;11:45;UTC;-0,025
01.03.2026;11:45;UTC;12:00;UTC;-0,1
01.03.2026;12:00;UTC;12:15;UTC;-0,101
01.03.2026;12:15;UTC;12:30;UTC;-0,103
01.03.2026;12:30;UTC;12:45;UTC;-0,1
01.03.2026;12:45;UTC;13:00;UTC;-0,011
01.03.2026;13:00;UTC;13:15;UTC;-0,1
01.03.2026;13:15;UTC;13:30;UTC;-0,006
01.03.2026;13:30;UTC;13:45;UTC;0
01.03.2026;13:45;UTC;14:00;UTC;0,104
01.03.2026;14:00;UTC;14:15;UTC;0
01.03.2026;14:15;UTC;14:30;UTC;0,012
01.03.2026;14:30;UTC;14:45;UTC;3,361
01.03.2026;14:45;UTC;15:00;UTC;7,008
01.03.2026;15:00;UTC;15:15;UTC;3,731
01.03.2026;15:15;UTC;15:30;UTC;6,24
01.03.2026;15:30;UTC;15:45;UTC;9,466
01.03.2026;15:45;UTC;16:00;UTC;10,499
01.03.2026;16:00;UTC;16:15;UTC;9,201
01.03.2026;16:15;UTC;16:30;UTC;10,003
01.03.2026;16:30;UTC;16:45;UTC;11
01.03.2026;16:45;UTC;17:00;UTC;11,3
01.03.2026;17:00;UTC;17:15;UTC;10,805
01.03.2026;17:15;UTC;17:30;UTC;10,984
01.03.2026;17:30;UTC;17:45;UTC;11,306
01.03.2026;17:45;UTC;18:00;UTC;10,986
01.03.2026;18:00;UTC;18:15;UTC;10,464
01.03.2026;18:15;UTC;18:30;UTC;10,341
01.03.2026;18:30;UTC;18:45;UTC;10,004
01.03.2026;18:45;UTC;19:00;UTC;9,865
01.03.2026;19:00;UTC;19:15;UTC;9,604
01.03.2026;19:15;UTC;19:30;UTC;9,496
01.03.2026;19:30;UTC;19:45;UTC;8,901
01.03.2026;19:45;UTC;20:00;UTC;8,293
01.03.2026;20:00;UTC;20:15;UTC;8,677
01.03.2026;20:15;UTC;20:30;UTC;8,217
01.03.2026;20:30;UTC;20:45;UTC;8,026
01.03.2026;20:45;UTC;21:00;UTC;7,606
01.03.2026;21:00;UTC;21:15;UTC;8,111
01.03.2026;21:15;UTC;21:30;UTC;7,782
01.03.2026;21:30;UTC;21:45;UTC;7,364
01.03.2026;21:45;UTC;22:00;UTC;6,609
01.03.2026;22:00;UTC;22:15;UTC;7,388
01.03.2026;22:15;UTC;22:30;UTC;7,083
01.03.2026;22:30;UTC;22:45;UTC;6,876
01.03.2026;22:45;UTC;23:00;UTC;5,912
01.03.2026;23:00;UTC;23:15;UTC;6,8
01.03.2026;23:15;UTC;23:30;UTC;6,508
01.03.2026;23:30;UTC;23:45;UTC;6,533
01.03.2026;23:45;UTC;00:00;UTC;6,211
02.03.2026;00:00;UTC;00:15;UTC;6,5
02.03.2026;00:15;UTC;00:30;UTC;6,504
02.03.2026;00:30;UTC;00:45;UTC;6,79
02.03.2026;00:45;UTC;01:00;UTC;6,984
02.03.2026;01:00;UTC;01:15;UTC;6,966
02.03.2026;01:15;UTC;01:30;UTC;6,831
02.03.2026;01:30;UTC;01:45;UTC;6,936
02.03.2026;01:45;UTC;02:00;UTC;6,87
02.03.2026;02:00;UTC;02:15;UTC;6,972
02.03.2026;02:15;UTC;02:30;UTC;6,819
02.03.2026;02:30;UTC;02:45;UTC;6,814
02.03.2026;02:45;UTC;03:00;UTC;7,222
02.03.2026;03:00;UTC;03:15;UTC;6,829
02.03.2026;03:15;UTC;03:30;UTC;7,043
02.03.2026;03:30;UTC;03:45;UTC;7,608
02.03.2026;03:45;UTC;04:00;UTC;8,132
02.03.2026;04:00;UTC;04:15;UTC;7,64
02.03.2026;04:15;UTC;04:30;UTC;8,066
02.03.2026;04:30;UTC;04:45;UTC;8,724
02.03.2026;04:45;UTC;05:00;UTC;9,582
02.03.2026;05:00;UTC;05:15;UTC;8,715
02.03.2026;05:15;UTC;05:30;UTC;9,26
02.03.2026;05:30;UTC;05:45;UTC;10,78
02.03.2026;05:45;UTC;06:00;UTC;11,312
02.03.2026;06:00;UTC;06:15;UTC;12,54
02.03.2026;06:15;UTC;06:30;UTC;16,453
02.03.2026;06:30;UTC;06:45;UTC;14,202
02.03.2026;06:45;UTC;07:00;UTC;12,266
02.03.2026;07:00;UTC;07:15;UTC;18,1
02.03.2026;07:15;UTC;07:30;UTC;12,317
02.03.2026;07:30;UTC;07:45;UTC;10,899
02.03.2026;07:45;UTC;08:00;UTC;8,629
02.03.2026;08:00;UTC;08:15;UTC;11,391
02.03.2026;08:15;UTC;08:30;UTC;9,95
02.03.2026;08:30;UTC;08:45;UTC;8,52
02.03.2026;08:45;UTC;09:00;UTC;5,924
02.03.2026;09:00;UTC;09:15;UTC;8,385
02.03.2026;09:15;UTC;09:30;UTC;7,499
02.03.2026;09:30;UTC;09:45;UTC;6,848
02.03.2026;09:45;UTC;10:00;UTC;5,228
02.03.2026;10:00;UTC;10:15;UTC;7,932
02.03.2026;10:15;UTC;10:30;UTC;6,631
02.03.2026;10:30;UTC;10:45;UTC;4,855
02.03.2026;10:45;UTC;11:00;UTC;2,007
02.03.2026;11:00;UTC;11:15;UTC;4,188
02.03.2026;11:15;UTC;11:30;UTC;3,499
02.03.2026;11:30;UTC;11:45;UTC;2,286
02.03.2026;11:45;UTC;12:00;UTC;1,654
02.03.2026;12:00;UTC;12:15;UTC;1,847
02.03.2026;12:15;UTC;12:30;UTC;3,142
02.03.2026;12:30;UTC;12:45;UTC;4,612
02.03.2026;12:45;UTC;13:00;UTC;6,5
02.03.2026;13:00;UTC;13:15;UTC;1,489
02.03.2026;13:15;UTC;13:30;UTC;6,7
02.03.2026;13:30;UTC;13:45;UTC;8,323
02.03.2026;13:45;UTC;14:00;UTC;9,1
02.03.2026;14:00;UTC;14:15;UTC;6,816
02.03.2026;14:15;UTC;14:30;UTC;7,495
02.03.2026;14:30;UTC;14:45;UTC;8,735
02.03.2026;14:45;UTC;15:00;UTC;10,949
02.03.2026;15:00;UTC;15:15;UTC;7,489
02.03.2026;15:15;UTC;15:30;UTC;9,823
02.03.2026;15:30;UTC;15:45;UTC;11,45
02.03.2026;15:45;UTC;16:00;UTC;14,899
02.03.2026;16:00;UTC;16:15;UTC;10,637
02.03.2026;16:15;UTC;16:30;UTC;12,1
02.03.2026;16:30;UTC;16:45;UTC;17,427
02.03.2026;16:45;UTC;17:00;UTC;29,236
02.03.2026;17:00;UTC;17:15;UTC;23,216
02.03.2026;17:15;UTC;17:30;UTC;22,231
02.03.2026;17:30;UTC;17:45;UTC;15,818
02.03.2026;17:45;UTC;18:00;UTC;13,933
02.03.2026;18:00;UTC;18:15;UTC;21,401
02.03.2026;18:15;UTC;18:30;UTC;13,713
02.03.2026;18:30;UTC;18:45;UTC;11,824
02.03.2026;18:45;UTC;19:00;UTC;10,506
02.03.2026;19:00;UTC;19:15;UTC;11,951
02.03.2026;19:15;UTC;19:30;UTC;11,058
02.03.2026;19:30;UTC;19:45;UTC;10,098
02.03.2026;19:45;UTC;20:00;UTC;9,967
02.03.2026;20:00;UTC;20:15;UTC;10,32
02.03.2026;20:15;UTC;20:30;UTC;9,899
02.03.2026;20:30;UTC;20:45;UTC;9,481
02.03.2026;20:45;UTC;21:00;UTC;8,887
02.03.2026;21:00;UTC;21:15;UTC;10,5
02.03.2026;21:15;UTC;21:30;UTC;9,921
02.03.2026;21:30;UTC;21:45;UTC;9,399
02.03.2026;21:45;UTC;22:00;UTC;8,9
02.03.2026;22:00;UTC;22:15;UTC;9,4
02.03.2026;22:15;UTC;22:30;UTC;8,862
02.03.2026;22:30;UTC;22:45;UTC;8,726
02.03.2026;22:45;UTC;23:00;UTC;8,57
02.03.2026;23:00;UTC;23:15;UTC;9,328
02.03.2026;23:15;UTC;23:30;UTC;8,995
02.03.2026;23:30;UTC;23:45;UTC;8,745
02.03.2026;23:45;UTC;00:00;UTC;8,557
03.03.2026;00:00;UTC;00:15;UTC;8,985
03.03.2026;00:15;UTC;00:30;UTC;8,941
03.03.2026;00:30;UTC;00:45;UTC;9,083
03.03.2026;00:45;UTC;01:00;UTC;9,04
03.03.2026;01:00;UTC;01:15;UTC;8,961
03.03.2026;01:15;UTC;01:30;UTC;8,882
03.03.2026;01:30;UTC;01:45;UTC;8,999
03.03.2026;01:45;UTC;02:00;UTC;8,928
03.03.2026;02:00;UTC;02:15;UTC;9,292
03.03.2026;02:15;UTC;02:30;UTC;9,016
03.03.2026;02:30;UTC;02:45;UTC;9,426
03.03.2026;02:45;UTC;03:00;UTC;9,392
03.03.2026;03:00;UTC;03:15;UTC;9,49
03.03.2026;03:15;UTC;03:30;UTC;9,508
03.03.2026;03:30;UTC;03:45;UTC;9,57
03.03.2026;03:45;UTC;04:00;UTC;9,721
03.03.2026;04:00;UTC;04:15;UTC;9,28
03.03.2026;04:15;UTC;04:30;UTC;9,895
03.03.2026;04:30;UTC;04:45;UTC;10,561
03.03.2026;04:45;UTC;05:00;UTC;11,592
03.03.2026;05:00;UTC;05:15;UTC;11,158
03.03.2026;05:15;UTC;05:30;UTC;12,193
03.03.2026;05:30;UTC;05:45;UTC;13,069
03.03.2026;05:45;UTC;06:00;UTC;17,999
03.03.2026;06:00;UTC;06:15;UTC;16,83
03.03.2026;06:15;UTC;06:30;UTC;16,352
03.03.2026;06:30;UTC;06:45;UTC;16,084
03.03.2026;06:45;UTC;07:00;UTC;13,293
03.03.2026;07:00;UTC;07:15;UTC;19,391
03.03.2026;07:15;UTC;07:30;UTC;14,104
03.03.2026;07:30;UTC;07:45;UTC;12,049
03.03.2026;07:45;UTC;08:00;UTC;9,168
03.03.2026;08:00;UTC;08:15;UTC;12,9
03.03.2026;08:15;UTC;08:30;UTC;9,928
03.03.2026;08:30;UTC;08:45;UTC;8,944
03.03.2026;08:45;UTC;09:00;UTC;8,036
03.03.2026;09:00;UTC;09:15;UTC;9,476
03.03.2026;09:15;UTC;09:30;UTC;8,719
03.03.2026;09:30;UTC;09:45;UTC;7,946
03.03.2026;09:45;UTC;10:00;UTC;5,127
03.03.2026;10:00;UTC;10:15;UTC;8,305
03.03.2026;10:15;UTC;10:30;UTC;6,631
03.03.2026;10:30;UTC;10:45;UTC;4,424
03.03.2026;10:45;UTC;11:00;UTC;3,009
03.03.2026;11:00;UTC;11:15;UTC;4,704
03.03.2026;11:15;UTC;11:30;UTC;3,499
03.03.2026;11:30;UTC;11:45;UTC;2,587
03.03.2026;11:45;UTC;12:00;UTC;2,156
03.03.2026;12:00;UTC;12:15;UTC;2,262
03.03.2026;12:15;UTC;12:30;UTC;2,37
03.03.2026;12:30;UTC;12:45;UTC;3,998
03.03.2026;12:45;UTC;13:00;UTC;5,635
03.03.2026;13:00;UTC;13:15;UTC;3,302
03.03.2026;13:15;UTC;13:30;UTC;5,313
03.03.2026;13:30;UTC;13:45;UTC;7,818
03.03.2026;13:45;UTC;14:00;UTC;9,225
03.03.2026;14:00;UTC;14:15;UTC;6,198
03.03.2026;14:15;UTC;14:30;UTC;8,016
03.03.2026;14:30;UTC;14:45;UTC;9,182
03.03.2026;14:45;UTC;15:00;UTC;11,311
03.03.2026;15:00;UTC;15:15;UTC;8,182
03.03.2026;15:15;UTC;15:30;UTC;9,806
03.03.2026;15:30;UTC;15:45;UTC;11,579
03.03.2026;15:45;UTC;16:00;UTC;16,105
03.03.2026;16:00;UTC;16:15;UTC;9,361
03.03.2026;16:15;UTC;16:30;UTC;11,673
03.03.2026;16:30;UTC;16:45;UTC;17,772
03.03.2026;16:45;UTC;17:00;UTC;24,64
03.03.2026;17:00;UTC;17:15;UTC;19,63
03.03.2026;17:15;UTC;17:30;UTC;20,342
03.03.2026;17:30;UTC;17:45;UTC;21,931
03.03.2026;17:45;UTC;18:00;UTC;19,8
03.03.2026;18:00;UTC;18:15;UTC;23,004
03.03.2026;18:15;UTC;18:30;UTC;18,027
03.03.2026;18:30;UTC;18:45;UTC;15,769
03.03.2026;18:45;UTC;19:00;UTC;12,548
03.03.2026;19:00;UTC;19:15;UTC;15,229
03.03.2026;19:15;UTC;19:30;UTC;13,831
03.03.2026;19:30;UTC;19:45;UTC;12,271
03.03.2026;19:45;UTC;20:00;UTC;11,359
03.03.2026;20:00;UTC;20:15;UTC;12,549
03.03.2026;20:15;UTC;20:30;UTC;11,973
03.03.2026;20:30;UTC;20:45;UTC;11,576
03.03.2026;20:45;UTC;21:00;UTC;10,374
03.03.2026;21:00;UTC;21:15;UTC;12,236
03.03.2026;21:15;UTC;21:30;UTC;11,245
03.03.2026;21:30;UTC;21:45;UTC;10,81
03.03.2026;21:45;UTC;22:00;UTC;10,237
03.03.2026;22:00;UTC;22:15;UTC;11,206
03.03.2026;22:15;UTC;22:30;UTC;10,452
03.03.2026;22:30;UTC;22:45;UTC;10,421
03.03.2026;22:45;UTC;23:00;UTC;9,799
03.03.2026;23:00;UTC;23:15;UTC;13,994
03.03.2026;23:15;UTC;23:30;UTC;13,23
03.03.2026;23:30;UTC;23:45;UTC;12,656
03.03.2026;23:45;UTC;00:00;UTC;11,724
04.03.2026;00:00;UTC;00:15;UTC;13,558
04.03.2026;00:15;UTC;00:30;UTC;12,743
04.03.2026;00:30;UTC;00:45;UTC;12,513
04.03.2026;00:45;UTC;01:00;UTC;12,315
04.03.2026;01:00;UTC;01:15;UTC;12,711
04.03.2026;01:15;UTC;01:30;UTC;12,579
04.03.2026;01:30;UTC;01:45;UTC;12,498
04.03.2026;01:45;UTC;02:00;UTC;12,341
04.03.2026;02:00;UTC;02:15;UTC;12,481
04.03.2026;02:15;UTC;02:30;UTC;12,473
04.03.2026;02:30;UTC;02:45;UTC;12,467
04.03.2026;02:45;UTC;03:00;UTC;12,473
04.03.2026;03:00;UTC;03:15;UTC;12,474
04.03.2026;03:15;UTC;03:30;UTC;12,508
04.03.2026;03:30;UTC;03:45;UTC;13,054
04.03.2026;03:45;UTC;04:00;UTC;13,245
04.03.2026;04:00;UTC;04:15;UTC;12,428
04.03.2026;04:15;UTC;04:30;UTC;13,194
04.03.2026;04:30;UTC;04:45;UTC;14,022
04.03.2026;04:45;UTC;05:00;UTC;16,82
04.03.2026;05:00;UTC;05:15;UTC;13,703
04.03.2026;05:15;UTC;05:30;UTC;15,157
04.03.2026;05:30;UTC;05:45;UTC;21,128
04.03.2026;05:45;UTC;06:00;UTC;30,131
04.03.2026;06:00;UTC;06:15;UTC;33,086
04.03.2026;06:15;UTC;06:30;UTC;33,518
04.03.2026;06:30;UTC;06:45;UTC;22,614
04.03.2026;06:45;UTC;07:00;UTC;17,776
04.03.2026;07:00;UTC;07:15;UTC;29,422
04.03.2026;07:15;UTC;07:30;UTC;20,45
04.03.2026;07:30;UTC;07:45;UTC;15,167
04.03.2026;07:45;UTC;08:00;UTC;12,3
04.03.2026;08:00;UTC;08:15;UTC;21,129
04.03.2026;08:15;UTC;08:30;UTC;14,865
04.03.2026;08:30;UTC;08:45;UTC;13,422
04.03.2026;08:45;UTC;09:00;UTC;10,888
04.03.2026;09:00;UTC;09:15;UTC;13,781
04.03.2026;09:15;UTC;09:30;UTC;11,703
04.03.2026;09:30;UTC;09:45;UTC;10,49
04.03.2026;09:45;UTC;10:00;UTC;8,193
04.03.2026;10:00;UTC;10:15;UTC;10,248
04.03.2026;10:15;UTC;10:30;UTC;8,1
04.03.2026;10:30;UTC;10:45;UTC;7,748
04.03.2026;10:45;UTC;11:00;UTC;5,223
04.03.2026;11:00;UTC;11:15;UTC;6,997
04.03.2026;11:15;UTC;11:30;UTC;3,999
04.03.2026;11:30;UTC;11:45;UTC;3,49
04.03.2026;11:45;UTC;12:00;UTC;2,512
04.03.2026;12:00;UTC;12:15;UTC;3,175
04.03.2026;12:15;UTC;12:30;UTC;2,692
04.03.2026;12:30;UTC;12:45;UTC;3,339
04.03.2026;12:45;UTC;13:00;UTC;3,984
04.03.2026;13:00;UTC;13:15;UTC;2,637
04.03.2026;13:15;UTC;13:30;UTC;5,819
04.03.2026;13:30;UTC;13:45;UTC;7,99
04.03.2026;13:45;UTC;14:00;UTC;9,716
04.03.2026;14:00;UTC;14:15;UTC;7,117
04.03.2026;14:15;UTC;14:30;UTC;9,306
04.03.2026;14:30;UTC;14:45;UTC;10,174
04.03.2026;14:45;UTC;15:00;UTC;13,048
04.03.2026;15:00;UTC;15:15;UTC;9,337
04.03.2026;15:15;UTC;15:30;UTC;11,524
04.03.2026;15:30;UTC;15:45;UTC;13,763
04.03.2026;15:45;UTC;16:00;UTC;20,26
04.03.2026;16:00;UTC;16:15;UTC;13,071
04.03.2026;16:15;UTC;16:30;UTC;17,391
04.03.2026;16:30;UTC;16:45;UTC;24,308
04.03.2026;16:45;UTC;17:00;UTC;42,936
04.03.2026;17:00;UTC;17:15;UTC;28,332
04.03.2026;17:15;UTC;17:30;UTC;33,719
04.03.2026;17:30;UTC;17:45;UTC;34,365
04.03.2026;17:45;UTC;18:00;UTC;27,928
04.03.2026;18:00;UTC;18:15;UTC;32,864
04.03.2026;18:15;UTC;18:30;UTC;23,01
04.03.2026;18:30;UTC;18:45;UTC;21,409
04.03.2026;18:45;UTC;19:00;UTC;18,568
04.03.2026;19:00;UTC;19:15;UTC;19,734
04.03.2026;19:15;UTC;19:30;UTC;17,2
04.03.2026;19:30;UTC;19:45;UTC;15,929
04.03.2026;19:45;UTC;20:00;UTC;15,081
04.03.2026;20:00;UTC;20:15;UTC;17,164
04.03.2026;20:15;UTC;20:30;UTC;15,839
04.03.2026;20:30;UTC;20:45;UTC;14,704
04.03.2026;20:45;UTC;21:00;UTC;13,044
04.03.2026;21:00;UTC;21:15;UTC;15,704
04.03.2026;21:15;UTC;21:30;UTC;14,948
04.03.2026;21:30;UTC;21:45;UTC;13,913
04.03.2026;21:45;UTC;22:00;UTC;12,331
04.03.2026;22:00;UTC;22:15;UTC;14
04.03.2026;22:15;UTC;22:30;UTC;13,19
04.03.2026;22:30;UTC;22:45;UTC;11,913
04.03.2026;22:45;UTC;23:00;UTC;10,82
04.03.2026;23:00;UTC;23:15;UTC;13,201
04.03.2026;23:15;UTC;23:30;UTC;11,461
04.03.2026;23:30;UTC;23:45;UTC;11,024
04.03.2026;23:45;UTC;00:00;UTC;10,908
05.03.2026;00:00;UTC;00:15;UTC;11,179
05.03.2026;00:15;UTC;00:30;UTC;10,993
05.03.2026;00:30;UTC;00:45;UTC;10,92
05.03.2026;00:45;UTC;01:00;UTC;10,881
05.03.2026;01:00;UTC;01:15;UTC;10,951
05.03.2026;01:15;UTC;01:30;UTC;10,944
05.03.2026;01:30;UTC;01:45;UTC;10,926
05.03.2026;01:45;UTC;02:00;UTC;10,884
05.03.2026;02:00;UTC;02:15;UTC;10,879
05.03.2026;02:15;UTC;02:30;UTC;10,85
05.03.2026;02:30;UTC;02:45;UTC;10,881
05.03.2026;02:45;UTC;03:00;UTC;10,904
05.03.2026;03:00;UTC;03:15;UTC;10,969
05.03.2026;03:15;UTC;03:30;UTC;11,023
05.03.2026;03:30;UTC;03:45;UTC;10,995
05.03.2026;03:45;UTC;04:00;UTC;11,438
05.03.2026;04:00;UTC;04:15;UTC;10,86
05.03.2026;04:15;UTC;04:30;UTC;11,212
05.03.2026;04:30;UTC;04:45;UTC;13,771
05.03.2026;04:45;UTC;05:00;UTC;14,93
05.03.2026;05:00;UTC;05:15;UTC;12,773
05.03.2026;05:15;UTC;05:30;UTC;15,425
05.03.2026;05:30;UTC;05:45;UTC;16,664
05.03.2026;05:45;UTC;06:00;UTC;16,893
05.03.2026;06:00;UTC;06:15;UTC;20,51
05.03.2026;06:15;UTC;06:30;UTC;19,058
05.03.2026;06:30;UTC;06:45;UTC;16
05.03.2026;06:45;UTC;07:00;UTC;14,65
05.03.2026;07:00;UTC;07:15;UTC;17,643
05.03.2026;07:15;UTC;07:30;UTC;14,994
05.03.2026;07:30;UTC;07:45;UTC;13,051
05.03.2026;07:45;UTC;08:00;UTC;10,044
05.03.2026;08:00;UTC;08:15;UTC;12,917
05.03.2026;08:15;UTC;08:30;UTC;9,911
05.03.2026;08:30;UTC;08:45;UTC;8,924
05.03.2026;08:45;UTC;09:00;UTC;7,085
05.03.2026;09:00;UTC;09:15;UTC;9,441
05.03.2026;09:15;UTC;09:30;UTC;7,1
05.03.2026;09:30;UTC;09:45;UTC;5,995
05.03.2026;09:45;UTC;10:00;UTC;3,122
05.03.2026;10:00;UTC;10:15;UTC;5,678
05.03.2026;10:15;UTC;10:30;UTC;2,559
05.03.2026;10:30;UTC;10:45;UTC;0,945
05.03.2026;10:45;UTC;11:00;UTC;0
05.03.2026;11:00;UTC;11:15;UTC;0,849
05.03.2026;11:15;UTC;11:30;UTC;0
05.03.2026;11:30;UTC;11:45;UTC;0
05.03.2026;11:45;UTC;12:00;UTC;0
05.03.2026;12:00;UTC;12:15;UTC;0
05.03.2026;12:15;UTC;12:30;UTC;0
05.03.2026;12:30;UTC;12:45;UTC;0,128
05.03.2026;12:45;UTC;13:00;UTC;1,002
05.03.2026;13:00;UTC;13:15;UTC;1,008
05.03.2026;13:15;UTC;13:30;UTC;3,229
05.03.2026;13:30;UTC;13:45;UTC;3,986
05.03.2026;13:45;UTC;14:00;UTC;7,311
05.03.2026;14:00;UTC;14:15;UTC;5,843
05.03.2026;14:15;UTC;14:30;UTC;8,653
05.03.2026;14:30;UTC;14:45;UTC;9,665
05.03.2026;14:45;UTC;15:00;UTC;11,84
05.03.2026;15:00;UTC;15:15;UTC;9,03
05.03.2026;15:15;UTC;15:30;UTC;12,039
05.03.2026;15:30;UTC;15:45;UTC;14,453
05.03.2026;15:45;UTC;16:00;UTC;19,578
05.03.2026;16:00;UTC;16:15;UTC;12,789
05.03.2026;16:15;UTC;16:30;UTC;15,828
05.03.2026;16:30;UTC;16:45;UTC;19,036
05.03.2026;16:45;UTC;17:00;UTC;24,497
05.03.2026;17:00;UTC;17:15;UTC;23,009
05.03.2026;17:15;UTC;17:30;UTC;20,227
05.03.2026;17:30;UTC;17:45;UTC;17,693
05.03.2026;17:45;UTC;18:00;UTC;15,879
05.03.2026;18:00;UTC;18:15;UTC;19,915
05.03.2026;18:15;UTC;18:30;UTC;16,586
05.03.2026;18:30;UTC;18:45;UTC;15,289
05.03.2026;18:45;UTC;19:00;UTC;14,21
05.03.2026;19:00;UTC;19:15;UTC;14,904
05.03.2026;19:15;UTC;19:30;UTC;13,592
05.03.2026;19:30;UTC;19:45;UTC;13,182
05.03.2026;19:45;UTC;20:00;UTC;12,42
05.03.2026;20:00;UTC;20:15;UTC;14,59
05.03.2026;20:15;UTC;20:30;UTC;13,809
05.03.2026;20:30;UTC;20:45;UTC;12,668
05.03.2026;20:45;UTC;21:00;UTC;11,169
05.03.2026;21:00;UTC;21:15;UTC;13,658
05.03.2026;21:15;UTC;21:30;UTC;13,034
05.03.2026;21:30;UTC;21:45;UTC;12,827
05.03.2026;21:45;UTC;22:00;UTC;12,538
05.03.2026;22:00;UTC;22:15;UTC;12,868
05.03.2026;22:15;UTC;22:30;UTC;12,179
05.03.2026;22:30;UTC;22:45;UTC;11,833
05.03.2026;22:45;UTC;23:00;UTC;11
05.03.2026;23:00;UTC;23:15;UTC;10,32
05.03.2026;23:15;UTC;23:30;UTC;10,449
05.03.2026;23:30;UTC;23:45;UTC;10,444
05.03.2026;23:45;UTC;00:00;UTC;10,437
06.03.2026;00:00;UTC;00:15;UTC;10,623
06.03.2026;00:15;UTC;00:30;UTC;10,585
06.03.2026;00:30;UTC;00:45;UTC;10,692
06.03.2026;00:45;UTC;01:00;UTC;10,5
06.03.2026;01:00;UTC;01:15;UTC;10,938
06.03.2026;01:15;UTC;01:30;UTC;10,804
06.03.2026;01:30;UTC;01:45;UTC;10,857
06.03.2026;01:45;UTC;02:00;UTC;10,81
06.03.2026;02:00;UTC;02:15;UTC;10,883
06.03.2026;02:15;UTC;02:30;UTC;10,89
06.03.2026;02:30;UTC;02:45;UTC;10,954
06.03.2026;02:45;UTC;03:00;UTC;11,083
06.03.2026;03:00;UTC;03:15;UTC;11,074
06.03.2026;03:15;UTC;03:30;UTC;10,997
06.03.2026;03:30;UTC;03:45;UTC;11,8
06.03.2026;03:45;UTC;04:00;UTC;12,329
06.03.2026;04:00;UTC;04:15;UTC;11,422
06.03.2026;04:15;UTC;04:30;UTC;12,158
06.03.2026;04:30;UTC;04:45;UTC;13,316
06.03.2026;04:45;UTC;05:00;UTC;14,967
06.03.2026;05:00;UTC;05:15;UTC;12,643
06.03.2026;05:15;UTC;05:30;UTC;14,736
06.03.2026;05:30;UTC;05:45;UTC;16,192
06.03.2026;05:45;UTC;06:00;UTC;19,343
06.03.2026;06:00;UTC;06:15;UTC;21,451
06.03.2026;06:15;UTC;06:30;UTC;19,513
06.03.2026;06:30;UTC;06:45;UTC;16,802
06.03.2026;06:45;UTC;07:00;UTC;13,044
06.03.2026;07:00;UTC;07:15;UTC;18,437
06.03.2026;07:15;UTC;07:30;UTC;14,894
06.03.2026;07:30;UTC;07:45;UTC;12,14
06.03.2026;07:45;UTC;08:00;UTC;9,844
06.03.2026;08:00;UTC;08:15;UTC;14,353
06.03.2026;08:15;UTC;08:30;UTC;10,86
06.03.2026;08:30;UTC;08:45;UTC;10,317
06.03.2026;08:45;UTC;09:00;UTC;9,255
06.03.2026;09:00;UTC;09:15;UTC;11,198
06.03.2026;09:15;UTC;09:30;UTC;10,069
06.03.2026;09:30;UTC;09:45;UTC;9,614
06.03.2026;09:45;UTC;10:00;UTC;7,719
06.03.2026;10:00;UTC;10:15;UTC;8,731
06.03.2026;10:15;UTC;10:30;UTC;6,98
06.03.2026;10:30;UTC;10:45;UTC;6,32
06.03.2026;10:45;UTC;11:00;UTC;4,654
06.03.2026;11:00;UTC;11:15;UTC;6,313
06.03.2026;11:15;UTC;11:30;UTC;4,939
06.03.2026;11:30;UTC;11:45;UTC;5,136
06.03.2026;11:45;UTC;12:00;UTC;4,668
06.03.2026;12:00;UTC;12:15;UTC;4,825
06.03.2026;12:15;UTC;12:30;UTC;4,732
06.03.2026;12:30;UTC;12:45;UTC;4,669
06.03.2026;12:45;UTC;13:00;UTC;5,235
06.03.2026;13:00;UTC;13:15;UTC;4,571
06.03.2026;13:15;UTC;13:30;UTC;6,45
06.03.2026;13:30;UTC;13:45;UTC;8,459
06.03.2026;13:45;UTC;14:00;UTC;10,095
06.03.2026;14:00;UTC;14:15;UTC;8,526
06.03.2026;14:15;UTC;14:30;UTC;10,401
06.03.2026;14:30;UTC;14:45;UTC;10,5
06.03.2026;14:45;UTC;15:00;UTC;13,4
06.03.2026;15:00;UTC;15:15;UTC;9,086
06.03.2026;15:15;UTC;15:30;UTC;12,06
06.03.2026;15:30;UTC;15:45;UTC;13,887
06.03.2026;15:45;UTC;16:00;UTC;17,126
06.03.2026;16:00;UTC;16:15;UTC;11,548
06.03.2026;16:15;UTC;16:30;UTC;15,467
06.03.2026;16:30;UTC;16:45;UTC;19,069
06.03.2026;16:45;UTC;17:00;UTC;24,891
06.03.2026;17:00;UTC;17:15;UTC;22,815
06.03.2026;17:15;UTC;17:30;UTC;24,494
06.03.2026;17:30;UTC;17:45;UTC;23,002
06.03.2026;17:45;UTC;18:00;UTC;21,51
06.03.2026;18:00;UTC;18:15;UTC;23,811
06.03.2026;18:15;UTC;18:30;UTC;18,438
06.03.2026;18:30;UTC;18:45;UTC;17,041
06.03.2026;18:45;UTC;19:00;UTC;16,616
06.03.2026;19:00;UTC;19:15;UTC;16,976
06.03.2026;19:15;UTC;19:30;UTC;16,005
06.03.2026;19:30;UTC;19:45;UTC;15,343
06.03.2026;19:45;UTC;20:00;UTC;12,92
06.03.2026;20:00;UTC;20:15;UTC;15,039
06.03.2026;20:15;UTC;20:30;UTC;14,199
06.03.2026;20:30;UTC;20:45;UTC;12,813
06.03.2026;20:45;UTC;21:00;UTC;11,626
06.03.2026;21:00;UTC;21:15;UTC;13,586
06.03.2026;21:15;UTC;21:30;UTC;12,715
06.03.2026;21:30;UTC;21:45;UTC;12,683
06.03.2026;21:45;UTC;22:00;UTC;11,914
06.03.2026;22:00;UTC;22:15;UTC;13,643
06.03.2026;22:15;UTC;22:30;UTC;12,695
06.03.2026;22:30;UTC;22:45;UTC;12,489
06.03.2026;22:45;UTC;23:00;UTC;11,603
06.03.2026;23:00;UTC;23:15;UTC;14,131
06.03.2026;23:15;UTC;23:30;UTC;13,672
06.03.2026;23:30;UTC;23:45;UTC;13,278
06.03.2026;23:45;UTC;00:00;UTC;12,984
07.03.2026;00:00;UTC;00:15;UTC;13,761
07.03.2026;00:15;UTC;00:30;UTC;13,228
07.03.2026;00:30;UTC;00:45;UTC;12,819
07.03.2026;00:45;UTC;01:00;UTC;12,463
07.03.2026;01:00;UTC;01:15;UTC;12,976
07.03.2026;01:15;UTC;01:30;UTC;12,566
07.03.2026;01:30;UTC;01:45;UTC;12,415
07.03.2026;01:45;UTC;02:00;UTC;12,312
07.03.2026;02:00;UTC;02:15;UTC;12,649
07.03.2026;02:15;UTC;02:30;UTC;12,478
07.03.2026;02:30;UTC;02:45;UTC;12,332
07.03.2026;02:45;UTC;03:00;UTC;12,297
07.03.2026;03:00;UTC;03:15;UTC;12,297
07.03.2026;03:15;UTC;03:30;UTC;12,413
07.03.2026;03:30;UTC;03:45;UTC;12,45
07.03.2026;03:45;UTC;04:00;UTC;12,739
07.03.2026;04:00;UTC;04:15;UTC;12,477
07.03.2026;04:15;UTC;04:30;UTC;12,893
07.03.2026;04:30;UTC;04:45;UTC;12,99
07.03.2026;04:45;UTC;05:00;UTC;13,47
07.03.2026;05:00;UTC;05:15;UTC;13,143
07.03.2026;05:15;UTC;05:30;UTC;13,883
07.03.2026;05:30;UTC;05:45;UTC;14,133
07.03.2026;05:45;UTC;06:00;UTC;13,089
07.03.2026;06:00;UTC;06:15;UTC;14,626
07.03.2026;06:15;UTC;06:30;UTC;13,6
07.03.2026;06:30;UTC;06:45;UTC;12,93
07.03.2026;06:45;UTC;07:00;UTC;10,667
07.03.2026;07:00;UTC;07:15;UTC;13,598
07.03.2026;07:15;UTC;07:30;UTC;12,611
07.03.2026;07:30;UTC;07:45;UTC;10,498
07.03.2026;07:45;UTC;08:00;UTC;8,454
07.03.2026;08:00;UTC;08:15;UTC;12,903
07.03.2026;08:15;UTC;08:30;UTC;10,832
07.03.2026;08:30;UTC;08:45;UTC;9,524
07.03.2026;08:45;UTC;09:00;UTC;7,856
07.03.2026;09:00;UTC;09:15;UTC;10,242
07.03.2026;09:15;UTC;09:30;UTC;8,378
07.03.2026;09:30;UTC;09:45;UTC;7,378
07.03.2026;09:45;UTC;10:00;UTC;3,78
07.03.2026;10:00;UTC;10:15;UTC;5,654
07.03.2026;10:15;UTC;10:30;UTC;2,769
07.03.2026;10:30;UTC;10:45;UTC;1,975
07.03.2026;10:45;UTC;11:00;UTC;1,819
07.03.2026;11:00;UTC;11:15;UTC;1,851
07.03.2026;11:15;UTC;11:30;UTC;1,467
07.03.2026;11:30;UTC;11:45;UTC;1,093
07.03.2026;11:45;UTC;12:00;UTC;0,801
07.03.2026;12:00;UTC;12:15;UTC;0,504
07.03.2026;12:15;UTC;12:30;UTC;0,055
07.03.2026;12:30;UTC;12:45;UTC;0
07.03.2026;12:45;UTC;13:00;UTC;0,008
07.03.2026;13:00;UTC;13:15;UTC;0,278
07.03.2026;13:15;UTC;13:30;UTC;1,24
07.03.2026;13:30;UTC;13:45;UTC;2,318
07.03.2026;13:45;UTC;14:00;UTC;3,435
07.03.2026;14:00;UTC;14:15;UTC;3,515
07.03.2026;14:15;UTC;14:30;UTC;7,666
07.03.2026;14:30;UTC;14:45;UTC;9,557
07.03.2026;14:45;UTC;15:00;UTC;12,576
07.03.2026;15:00;UTC;15:15;UTC;8,122
07.03.2026;15:15;UTC;15:30;UTC;11,456
07.03.2026;15:30;UTC;15:45;UTC;14,498
07.03.2026;15:45;UTC;16:00;UTC;16,45
07.03.2026;16:00;UTC;16:15;UTC;11,063
07.03.2026;16:15;UTC;16:30;UTC;13,195
07.03.2026;16:30;UTC;16:45;UTC;15
07.03.2026;16:45;UTC;17:00;UTC;19,69
07.03.2026;17:00;UTC;17:15;UTC;16,819
07.03.2026;17:15;UTC;17:30;UTC;17,701
07.03.2026;17:30;UTC;17:45;UTC;19,395
07.03.2026;17:45;UTC;18:00;UTC;18,434
07.03.2026;18:00;UTC;18:15;UTC;18,527
07.03.2026;18:15;UTC;18:30;UTC;16,998
07.03.2026;18:30;UTC;18:45;UTC;16,314
07.03.2026;18:45;UTC;19:00;UTC;14,851
07.03.2026;19:00;UTC;19:15;UTC;15,771
07.03.2026;19:15;UTC;19:30;UTC;15,191
07.03.2026;19:30;UTC;19:45;UTC;14,528
07.03.2026;19:45;UTC;20:00;UTC;13,789
07.03.2026;20:00;UTC;20:15;UTC;14,651
07.03.2026;20:15;UTC;20:30;UTC;13,998
07.03.2026;20:30;UTC;20:45;UTC;13,571
07.03.2026;20:45;UTC;21:00;UTC;12,824
07.03.2026;21:00;UTC;21:15;UTC;14,212
07.03.2026;21:15;UTC;21:30;UTC;13,38
07.03.2026;21:30;UTC;21:45;UTC;13,088
07.03.2026;21:45;UTC;22:00;UTC;12,999
07.03.2026;22:00;UTC;22:15;UTC;14,41
07.03.2026;22:15;UTC;22:30;UTC;13,091
07.03.2026;22:30;UTC;22:45;UTC;12,662
07.03.2026;22:45;UTC;23:00;UTC;12,095
07.03.2026;23:00;UTC;23:15;UTC;14,571
07.03.2026;23:15;UTC;23:30;UTC;13,727
07.03.2026;23:30;UTC;23:45;UTC;13,174
07.03.2026;23:45;UTC;00:00;UTC;12,925
08.03.2026;00:00;UTC;00:15;UTC;13,938
08.03.2026;00:15;UTC;00:30;UTC;13,5
08.03.2026;00:30;UTC;00:45;UTC;13
08.03.2026;00:45;UTC;01:00;UTC;12,655
08.03.2026;01:00;UTC;01:15;UTC;13,4
08.03.2026;01:15;UTC;01:30;UTC;13,342
08.03.2026;01:30;UTC;01:45;UTC;13
08.03.2026;01:45;UTC;02:00;UTC;12,735
08.03.2026;02:00;UTC;02:15;UTC;13,252
08.03.2026;02:15;UTC;02:30;UTC;13,008
08.03.2026;02:30;UTC;02:45;UTC;13,04
08.03.2026;02:45;UTC;03:00;UTC;12,737
08.03.2026;03:00;UTC;03:15;UTC;12,937
08.03.2026;03:15;UTC;03:30;UTC;12,878
08.03.2026;03:30;UTC;03:45;UTC;12,92
08.03.2026;03:45;UTC;04:00;UTC;12,999
08.03.2026;04:00;UTC;04:15;UTC;12,984
08.03.2026;04:15;UTC;04:30;UTC;12,74
08.03.2026;04:30;UTC;04:45;UTC;12,999
08.03.2026;04:45;UTC;05:00;UTC;13,131
08.03.2026;05:00;UTC;05:15;UTC;13,054
08.03.2026;05:15;UTC;05:30;UTC;13,489
08.03.2026;05:30;UTC;05:45;UTC;13,081
08.03.2026;05:45;UTC;06:00;UTC;12,815
08.03.2026;06:00;UTC;06:15;UTC;13,906
08.03.2026;06:15;UTC;06:30;UTC;12,812
08.03.2026;06:30;UTC;06:45;UTC;10,895
08.03.2026;06:45;UTC;07:00;UTC;9,181
08.03.2026;07:00;UTC;07:15;UTC;13,065
08.03.2026;07:15;UTC;07:30;UTC;10,92
08.03.2026;07:30;UTC;07:45;UTC;10,439
08.03.2026;07:45;UTC;08:00;UTC;9,001
08.03.2026;08:00;UTC;08:15;UTC;11,099
08.03.2026;08:15;UTC;08:30;UTC;9,466
08.03.2026;08:30;UTC;08:45;UTC;8,674
08.03.2026;08:45;UTC;09:00;UTC;7,048
08.03.2026;09:00;UTC;09:15;UTC;9,075
08.03.2026;09:15;UTC;09:30;UTC;8,31
08.03.2026;09:30;UTC;09:45;UTC;4,734
08.03.2026;09:45;UTC;10:00;UTC;3,057
08.03.2026;10:00;UTC;10:15;UTC;2,86
08.03.2026;10:15;UTC;10:30;UTC;1,977
08.03.2026;10:30;UTC;10:45;UTC;1,47
08.03.2026;10:45;UTC;11:00;UTC;0,904
08.03.2026;11:00;UTC;11:15;UTC;1,295
08.03.2026;11:15;UTC;11:30;UTC;0,941
08.03.2026;11:30;UTC;11:45;UTC;0,949
08.03.2026;11:45;UTC;12:00;UTC;0,148
08.03.2026;12:00;UTC;12:15;UTC;0
08.03.2026;12:15;UTC;12:30;UTC;-0,001
08.03.2026;12:30;UTC;12:45;UTC;-0,001
08.03.2026;12:45;UTC;13:00;UTC;0
08.03.2026;13:00;UTC;13:15;UTC;0
08.03.2026;13:15;UTC;13:30;UTC;0
08.03.2026;13:30;UTC;13:45;UTC;0,746
08.03.2026;13:45;UTC;14:00;UTC;1,846
08.03.2026;14:00;UTC;14:15;UTC;1,557
08.03.2026;14:15;UTC;14:30;UTC;3,997
08.03.2026;14:30;UTC;14:45;UTC;8,574
08.03.2026;14:45;UTC;15:00;UTC;11,576
08.03.2026;15:00;UTC;15:15;UTC;7,052
08.03.2026;15:15;UTC;15:30;UTC;10,779
08.03.2026;15:30;UTC;15:45;UTC;13,577
08.03.2026;15:45;UTC;16:00;UTC;15,473
08.03.2026;16:00;UTC;16:15;UTC;12,088
08.03.2026;16:15;UTC;16:30;UTC;13,579
08.03.2026;16:30;UTC;16:45;UTC;14,634
08.03.2026;16:45;UTC;17:00;UTC;18,224
08.03.2026;17:00;UTC;17:15;UTC;15,49
08.03.2026;17:15;UTC;17:30;UTC;15,871
08.03.2026;17:30;UTC;17:45;UTC;15,664
08.03.2026;17:45;UTC;18:00;UTC;17,079
08.03.2026;18:00;UTC;18:15;UTC;16,02
08.03.2026;18:15;UTC;18:30;UTC;15,087
08.03.2026;18:30;UTC;18:45;UTC;15,514
08.03.2026;18:45;UTC;19:00;UTC;15
08.03.2026;19:00;UTC;19:15;UTC;15,009
08.03.2026;19:15;UTC;19:30;UTC;14,131
08.03.2026;19:30;UTC;19:45;UTC;13,578
08.03.2026;19:45;UTC;20:00;UTC;12,799
08.03.2026;20:00;UTC;20:15;UTC;13,799
08.03.2026;20:15;UTC;20:30;UTC;13,098
08.03.2026;20:30;UTC;20:45;UTC;12,438
08.03.2026;20:45;UTC;21:00;UTC;11,639
08.03.2026;21:00;UTC;21:15;UTC;12,999
08.03.2026;21:15;UTC;21:30;UTC;12,052
08.03.2026;21:30;UTC;21:45;UTC;11,765
08.03.2026;21:45;UTC;22:00;UTC;11,63
08.03.2026;22:00;UTC;22:15;UTC;11,932
08.03.2026;22:15;UTC;22:30;UTC;11,426
08.03.2026;22:30;UTC;22:45;UTC;11,38
08.03.2026;22:45;UTC;23:00;UTC;10,691
08.03.2026;23:00;UTC;23:15;UTC;12,151
08.03.2026;23:15;UTC;23:30;UTC;11,446
08.03.2026;23:30;UTC;23:45;UTC;11,275
08.03.2026;23:45;UTC;00:00;UTC;10,763
09.03.2026;00:00;UTC;00:15;UTC;11,156
09.03.2026;00:15;UTC;00:30;UTC;10,968
09.03.2026;00:30;UTC;00:45;UTC;10,868
09.03.2026;00:45;UTC;01:00;UTC;10,717
09.03.2026;01:00;UTC;01:15;UTC;10,888
09.03.2026;01:15;UTC;01:30;UTC;10,777
09.03.2026;01:30;UTC;01:45;UTC;10,987
09.03.2026;01:45;UTC;02:00;UTC;10,996
09.03.2026;02:00;UTC;02:15;UTC;10,999
09.03.2026;02:15;UTC;02:30;UTC;11,041
09.03.2026;02:30;UTC;02:45;UTC;11,04
09.03.2026;02:45;UTC;03:00;UTC;11,112
09.03.2026;03:00;UTC;03:15;UTC;11,3
09.03.2026;03:15;UTC;03:30;UTC;11,26
09.03.2026;03:30;UTC;03:45;UTC;11,612
09.03.2026;03:45;UTC;04:00;UTC;12,384
09.03.2026;04:00;UTC;04:15;UTC;11,291
09.03.2026;04:15;UTC;04:30;UTC;12,6
09.03.2026;04:30;UTC;04:45;UTC;14,23
09.03.2026;04:45;UTC;05:00;UTC;16,678
09.03.2026;05:00;UTC;05:15;UTC;14,092
09.03.2026;05:15;UTC;05:30;UTC;15,304
09.03.2026;05:30;UTC;05:45;UTC;17,927
09.03.2026;05:45;UTC;06:00;UTC;18,247
09.03.2026;06:00;UTC;06:15;UTC;21,832
09.03.2026;06:15;UTC;06:30;UTC;21,753
09.03.2026;06:30;UTC;06:45;UTC;18,047
09.03.2026;06:45;UTC;07:00;UTC;15
09.03.2026;07:00;UTC;07:15;UTC;22,752
09.03.2026;07:15;UTC;07:30;UTC;15,825
09.03.2026;07:30;UTC;07:45;UTC;14,682
09.03.2026;07:45;UTC;08:00;UTC;11,783
09.03.2026;08:00;UTC;08:15;UTC;16,005
09.03.2026;08:15;UTC;08:30;UTC;12,96
09.03.2026;08:30;UTC;08:45;UTC;11,629
09.03.2026;08:45;UTC;09:00;UTC;10,235
09.03.2026;09:00;UTC;09:15;UTC;11,61
09.03.2026;09:15;UTC;09:30;UTC;10,68
09.03.2026;09:30;UTC;09:45;UTC;9,436
09.03.2026;09:45;UTC;10:00;UTC;8,721
09.03.2026;10:00;UTC;10:15;UTC;9,039
09.03.2026;10:15;UTC;10:30;UTC;8,497
09.03.2026;10:30;UTC;10:45;UTC;7,864
09.03.2026;10:45;UTC;11:00;UTC;7,019
09.03.2026;11:00;UTC;11:15;UTC;6,959
09.03.2026;11:15;UTC;11:30;UTC;6,782
09.03.2026;11:30;UTC;11:45;UTC;6,725
09.03.2026;11:45;UTC;12:00;UTC;6,61
09.03.2026;12:00;UTC;12:15;UTC;6,391
09.03.2026;12:15;UTC;12:30;UTC;6,484
09.03.2026;12:30;UTC;12:45;UTC;6,837
09.03.2026;12:45;UTC;13:00;UTC;7,205
09.03.2026;13:00;UTC;13:15;UTC;6,595
09.03.2026;13:15;UTC;13:30;UTC;7,95
09.03.2026;13:30;UTC;13:45;UTC;8,457
09.03.2026;13:45;UTC;14:00;UTC;9,548
09.03.2026;14:00;UTC;14:15;UTC;9,159
09.03.2026;14:15;UTC;14:30;UTC;10,197
09.03.2026;14:30;UTC;14:45;UTC;11,607
09.03.2026;14:45;UTC;15:00;UTC;14,234
09.03.2026;15:00;UTC;15:15;UTC;10,091
09.03.2026;15:15;UTC;15:30;UTC;13,726
09.03.2026;15:30;UTC;15:45;UTC;15,058
09.03.2026;15:45;UTC;16:00;UTC;18,5
09.03.2026;16:00;UTC;16:15;UTC;12,714
09.03.2026;16:15;UTC;16:30;UTC;16,182
09.03.2026;16:30;UTC;16:45;UTC;19,953
09.03.2026;16:45;UTC;17:00;UTC;25,961
09.03.2026;17:00;UTC;17:15;UTC;22,602
09.03.2026;17:15;UTC;17:30;UTC;24,865
09.03.2026;17:30;UTC;17:45;UTC;25,083
09.03.2026;17:45;UTC;18:00;UTC;25,039
09.03.2026;18:00;UTC;18:15;UTC;24,813
09.03.2026;18:15;UTC;18:30;UTC;21,809
09.03.2026;18:30;UTC;18:45;UTC;21,777
09.03.2026;18:45;UTC;19:00;UTC;20,563
09.03.2026;19:00;UTC;19:15;UTC;21,777
09.03.2026;19:15;UTC;19:30;UTC;19,518
09.03.2026;19:30;UTC;19:45;UTC;16,056
09.03.2026;19:45;UTC;20:00;UTC;15,005
09.03.2026;20:00;UTC;20:15;UTC;17,001
09.03.2026;20:15;UTC;20:30;UTC;15,723
09.03.2026;20:30;UTC;20:45;UTC;14,67
09.03.2026;20:45;UTC;21:00;UTC;13,469
09.03.2026;21:00;UTC;21:15;UTC;15,509
09.03.2026;21:15;UTC;21:30;UTC;14,469
09.03.2026;21:30;UTC;21:45;UTC;14,312
09.03.2026;21:45;UTC;22:00;UTC;13,018
09.03.2026;22:00;UTC;22:15;UTC;13,913
09.03.2026;22:15;UTC;22:30;UTC;13,438
09.03.2026;22:30;UTC;22:45;UTC;12,8
09.03.2026;22:45;UTC;23:00;UTC;12,927
09.03.2026;23:00;UTC;23:15;UTC;14,91
09.03.2026;23:15;UTC;23:30;UTC;13,912
09.03.2026;23:30;UTC;23:45;UTC;13,602
09.03.2026;23:45;UTC;00:00;UTC;13,008
10.03.2026;00:00;UTC;00:15;UTC;13,562
10.03.2026;00:15;UTC;00:30;UTC;12,999
10.03.2026;00:30;UTC;00:45;UTC;12,835
10.03.2026;00:45;UTC;01:00;UTC;12,78
10.03.2026;01:00;UTC;01:15;UTC;12,887
10.03.2026;01:15;UTC;01:30;UTC;12,796
10.03.2026;01:30;UTC;01:45;UTC;12,779
10.03.2026;01:45;UTC;02:00;UTC;12,583
10.03.2026;02:00;UTC;02:15;UTC;12,555
10.03.2026;02:15;UTC;02:30;UTC;12,526
10.03.2026;02:30;UTC;02:45;UTC;12,681
10.03.2026;02:45;UTC;03:00;UTC;12,998
10.03.2026;03:00;UTC;03:15;UTC;12,294
10.03.2026;03:15;UTC;03:30;UTC;12,534
10.03.2026;03:30;UTC;03:45;UTC;13,062
10.03.2026;03:45;UTC;04:00;UTC;13,503
10.03.2026;04:00;UTC;04:15;UTC;12,627
10.03.2026;04:15;UTC;04:30;UTC;13,359
10.03.2026;04:30;UTC;04:45;UTC;14,294
10.03.2026;04:45;UTC;05:00;UTC;16,004
10.03.2026;05:00;UTC;05:15;UTC;14,001
10.03.2026;05:15;UTC;05:30;UTC;16,609
10.03.2026;05:30;UTC;05:45;UTC;17,462
10.03.2026;05:45;UTC;06:00;UTC;19,169
10.03.2026;06:00;UTC;06:15;UTC;19,399
10.03.2026;06:15;UTC;06:30;UTC;19,992
10.03.2026;06:30;UTC;06:45;UTC;17,403
10.03.2026;06:45;UTC;07:00;UTC;15,274
10.03.2026;07:00;UTC;07:15;UTC;22,758
10.03.2026;07:15;UTC;07:30;UTC;17,638
10.03.2026;07:30;UTC;07:45;UTC;15,499
10.03.2026;07:45;UTC;08:00;UTC;13,433
10.03.2026;08:00;UTC;08:15;UTC;17,652
10.03.2026;08:15;UTC;08:30;UTC;14,18
10.03.2026;08:30;UTC;08:45;UTC;12,818
10.03.2026;08:45;UTC;09:00;UTC;11,565
10.03.2026;09:00;UTC;09:15;UTC;14,514
10.03.2026;09:15;UTC;09:30;UTC;11,223
10.03.2026;09:30;UTC;09:45;UTC;11,201
10.03.2026;09:45;UTC;10:00;UTC;10,362
10.03.2026;10:00;UTC;10:15;UTC;11,737
10.03.2026;10:15;UTC;10:30;UTC;10,673
10.03.2026;10:30;UTC;10:45;UTC;9,87
10.03.2026;10:45;UTC;11:00;UTC;9,237
10.03.2026;11:00;UTC;11:15;UTC;9,654
10.03.2026;11:15;UTC;11:30;UTC;9,057
10.03.2026;11:30;UTC;11:45;UTC;8,766
10.03.2026;11:45;UTC;12:00;UTC;9,099
10.03.2026;12:00;UTC;12:15;UTC;9,388
10.03.2026;12:15;UTC;12:30;UTC;9,451
10.03.2026;12:30;UTC;12:45;UTC;9,863
10.03.2026;12:45;UTC;13:00;UTC;10,113
10.03.2026;13:00;UTC;13:15;UTC;10,199
10.03.2026;13:15;UTC;13:30;UTC;10,411
10.03.2026;13:30;UTC;13:45;UTC;10,392
10.03.2026;13:45;UTC;14:00;UTC;11,864
10.03.2026;14:00;UTC;14:15;UTC;10,975
10.03.2026;14:15;UTC;14:30;UTC;10,927
10.03.2026;14:30;UTC;14:45;UTC;11,627
10.03.2026;14:45;UTC;15:00;UTC;15,068
10.03.2026;15:00;UTC;15:15;UTC;10,736
10.03.2026;15:15;UTC;15:30;UTC;13,635
10.03.2026;15:30;UTC;15:45;UTC;15,415
10.03.2026;15:45;UTC;16:00;UTC;17,971
10.03.2026;16:00;UTC;16:15;UTC;13,215
10.03.2026;16:15;UTC;16:30;UTC;15,879
10.03.2026;16:30;UTC;16:45;UTC;18,95
10.03.2026;16:45;UTC;17:00;UTC;23,557
10.03.2026;17:00;UTC;17:15;UTC;20,156
10.03.2026;17:15;UTC;17:30;UTC;22,435
10.03.2026;17:30;UTC;17:45;UTC;22,988
10.03.2026;17:45;UTC;18:00;UTC;21,712
10.03.2026;18:00;UTC;18:15;UTC;23,715
10.03.2026;18:15;UTC;18:30;UTC;20,531
10.03.2026;18:30;UTC;18:45;UTC;19,506
10.03.2026;18:45;UTC;19:00;UTC;16,7
10.03.2026;19:00;UTC;19:15;UTC;17,558
10.03.2026;19:15;UTC;19:30;UTC;16,186
10.03.2026;19:30;UTC;19:45;UTC;14,987
10.03.2026;19:45;UTC;20:00;UTC;15,088
10.03.2026;20:00;UTC;20:15;UTC;15,435
10.03.2026;20:15;UTC;20:30;UTC;14,955
10.03.2026;20:30;UTC;20:45;UTC;13,839
10.03.2026;20:45;UTC;21:00;UTC;11,758
10.03.2026;21:00;UTC;21:15;UTC;13,981
10.03.2026;21:15;UTC;21:30;UTC;12,932
10.03.2026;21:30;UTC;21:45;UTC;11,878
10.03.2026;21:45;UTC;22:00;UTC;10,511
10.03.2026;22:00;UTC;22:15;UTC;12
10.03.2026;22:15;UTC;22:30;UTC;10,214
10.03.2026;22:30;UTC;22:45;UTC;9,529
10.03.2026;22:45;UTC;23:00;UTC;7,69
10.03.2026;23:00;UTC;23:15;UTC;9,202
10.03.2026;23:15;UTC;23:30;UTC;8,896
10.03.2026;23:30;UTC;23:45;UTC;8,457
10.03.2026;23:45;UTC;00:00;UTC;7,028
11.03.2026;00:00;UTC;00:15;UTC;8,074
11.03.2026;00:15;UTC;00:30;UTC;7,32
11.03.2026;00:30;UTC;00:45;UTC;6,87
11.03.2026;00:45;UTC;01:00;UTC;6,058
11.03.2026;01:00;UTC;01:15;UTC;6,838
11.03.2026;01:15;UTC;01:30;UTC;6,697
11.03.2026;01:30;UTC;01:45;UTC;6,4
11.03.2026;01:45;UTC;02:00;UTC;6,235
11.03.2026;02:00;UTC;02:15;UTC;6,54
11.03.2026;02:15;UTC;02:30;UTC;6,541
11.03.2026;02:30;UTC;02:45;UTC;6,291
11.03.2026;02:45;UTC;03:00;UTC;6,057
11.03.2026;03:00;UTC;03:15;UTC;5,748
11.03.2026;03:15;UTC;03:30;UTC;5,29
11.03.2026;03:30;UTC;03:45;UTC;5,351
11.03.2026;03:45;UTC;04:00;UTC;6,04
11.03.2026;04:00;UTC;04:15;UTC;5,9
11.03.2026;04:15;UTC;04:30;UTC;5,841
11.03.2026;04:30;UTC;04:45;UTC;6,642
11.03.2026;04:45;UTC;05:00;UTC;7,431
11.03.2026;05:00;UTC;05:15;UTC;5,634
11.03.2026;05:15;UTC;05:30;UTC;6,91
11.03.2026;05:30;UTC;05:45;UTC;8,202
11.03.2026;05:45;UTC;06:00;UTC;7,601
11.03.2026;06:00;UTC;06:15;UTC;9,173
11.03.2026;06:15;UTC;06:30;UTC;8,681
11.03.2026;06:30;UTC;06:45;UTC;8,19
11.03.2026;06:45;UTC;07:00;UTC;6,304
11.03.2026;07:00;UTC;07:15;UTC;8,985
11.03.2026;07:15;UTC;07:30;UTC;7,87
11.03.2026;07:30;UTC;07:45;UTC;7,446
11.03.2026;07:45;UTC;08:00;UTC;5,9
11.03.2026;08:00;UTC;08:15;UTC;8,115
11.03.2026;08:15;UTC;08:30;UTC;6,991
11.03.2026;08:30;UTC;08:45;UTC;5,649
11.03.2026;08:45;UTC;09:00;UTC;2,423
11.03.2026;09:00;UTC;09:15;UTC;5,603
11.03.2026;09:15;UTC;09:30;UTC;3,5
11.03.2026;09:30;UTC;09:45;UTC;1,378
11.03.2026;09:45;UTC;10:00;UTC;0,01
11.03.2026;10:00;UTC;10:15;UTC;2,38
11.03.2026;10:15;UTC;10:30;UTC;1,182
11.03.2026;10:30;UTC;10:45;UTC;0,826
11.03.2026;10:45;UTC;11:00;UTC;0,491
11.03.2026;11:00;UTC;11:15;UTC;0,708
11.03.2026;11:15;UTC;11:30;UTC;1,004
11.03.2026;11:30;UTC;11:45;UTC;1,01
11.03.2026;11:45;UTC;12:00;UTC;1,243
11.03.2026;12:00;UTC;12:15;UTC;0,404
11.03.2026;12:15;UTC;12:30;UTC;1,069
11.03.2026;12:30;UTC;12:45;UTC;2
11.03.2026;12:45;UTC;13:00;UTC;2,982
11.03.2026;13:00;UTC;13:15;UTC;2,432
11.03.2026;13:15;UTC;13:30;UTC;3,396
11.03.2026;13:30;UTC;13:45;UTC;5,081
11.03.2026;13:45;UTC;14:00;UTC;8
11.03.2026;14:00;UTC;14:15;UTC;5,236
11.03.2026;14:15;UTC;14:30;UTC;7,368
11.03.2026;14:30;UTC;14:45;UTC;8,57
11.03.2026;14:45;UTC;15:00;UTC;10,558
11.03.2026;15:00;UTC;15:15;UTC;6,992
11.03.2026;15:15;UTC;15:30;UTC;10,077
11.03.2026;15:30;UTC;15:45;UTC;11,819
11.03.2026;15:45;UTC;16:00;UTC;12,754
11.03.2026;16:00;UTC;16:15;UTC;10,532
11.03.2026;16:15;UTC;16:30;UTC;12,599
11.03.2026;16:30;UTC;16:45;UTC;13,052
11.03.2026;16:45;UTC;17:00;UTC;15,328
11.03.2026;17:00;UTC;17:15;UTC;13,805
11.03.2026;17:15;UTC;17:30;UTC;14,761
11.03.2026;17:30;UTC;17:45;UTC;15,762
11.03.2026;17:45;UTC;18:00;UTC;16,927
11.03.2026;18:00;UTC;18:15;UTC;15,487
11.03.2026;18:15;UTC;18:30;UTC;15,966
11.03.2026;18:30;UTC;18:45;UTC;15,956
11.03.2026;18:45;UTC;19:00;UTC;15,279
11.03.2026;19:00;UTC;19:15;UTC;14,951
11.03.2026;19:15;UTC;19:30;UTC;13,6
11.03.2026;19:30;UTC;19:45;UTC;12,268
11.03.2026;19:45;UTC;20:00;UTC;12,057
11.03.2026;20:00;UTC;20:15;UTC;13,219
11.03.2026;20:15;UTC;20:30;UTC;12,392
11.03.2026;20:30;UTC;20:45;UTC;11,883
11.03.2026;20:45;UTC;21:00;UTC;11,717
11.03.2026;21:00;UTC;21:15;UTC;12,473
11.03.2026;21:15;UTC;21:30;UTC;12,026
11.03.2026;21:30;UTC;21:45;UTC;12,018
11.03.2026;21:45;UTC;22:00;UTC;11,204
11.03.2026;22:00;UTC;22:15;UTC;12,163
11.03.2026;22:15;UTC;22:30;UTC;10,241
11.03.2026;22:30;UTC;22:45;UTC;9,999
11.03.2026;22:45;UTC;23:00;UTC;9,198
11.03.2026;23:00;UTC;23:15;UTC;11,037
11.03.2026;23:15;UTC;23:30;UTC;10,18
11.03.2026;23:30;UTC;23:45;UTC;9,844
11.03.2026;23:45;UTC;00:00;UTC;9,013
12.03.2026;00:00;UTC;00:15;UTC;9,967
12.03.2026;00:15;UTC;00:30;UTC;8,998
12.03.2026;00:30;UTC;00:45;UTC;9,044
12.03.2026;00:45;UTC;01:00;UTC;8,808
12.03.2026;01:00;UTC;01:15;UTC;8,982
12.03.2026;01:15;UTC;01:30;UTC;8,643
12.03.2026;01:30;UTC;01:45;UTC;8,909
12.03.2026;01:45;UTC;02:00;UTC;8,991
12.03.2026;02:00;UTC;02:15;UTC;9,121
12.03.2026;02:15;UTC;02:30;UTC;8,989
12.03.2026;02:30;UTC;02:45;UTC;8,74
12.03.2026;02:45;UTC;03:00;UTC;8,594
12.03.2026;03:00;UTC;03:15;UTC;9,293
12.03.2026;03:15;UTC;03:30;UTC;8,849
12.03.2026;03:30;UTC;03:45;UTC;8,85
12.03.2026;03:45;UTC;04:00;UTC;8,873
12.03.2026;04:00;UTC;04:15;UTC;9,127
12.03.2026;04:15;UTC;04:30;UTC;8,85
12.03.2026;04:30;UTC;04:45;UTC;10,106
12.03.2026;04:45;UTC;05:00;UTC;11,846
12.03.2026;05:00;UTC;05:15;UTC;10,944
12.03.2026;05:15;UTC;05:30;UTC;12,631
12.03.2026;05:30;UTC;05:45;UTC;13,966
12.03.2026;05:45;UTC;06:00;UTC;14,726
12.03.2026;06:00;UTC;06:15;UTC;15,164
12.03.2026;06:15;UTC;06:30;UTC;14,311
12.03.2026;06:30;UTC;06:45;UTC;13,945
12.03.2026;06:45;UTC;07:00;UTC;11,436
12.03.2026;07:00;UTC;07:15;UTC;13,443
12.03.2026;07:15;UTC;07:30;UTC;10,944
12.03.2026;07:30;UTC;07:45;UTC;10,1
12.03.2026;07:45;UTC;08:00;UTC;7,435
12.03.2026;08:00;UTC;08:15;UTC;11,521
12.03.2026;08:15;UTC;08:30;UTC;8,888
12.03.2026;08:30;UTC;08:45;UTC;6,591
12.03.2026;08:45;UTC;09:00;UTC;4,999
12.03.2026;09:00;UTC;09:15;UTC;7,306
12.03.2026;09:15;UTC;09:30;UTC;2,986
12.03.2026;09:30;UTC;09:45;UTC;0,886
12.03.2026;09:45;UTC;10:00;UTC;0,212
12.03.2026;10:00;UTC;10:15;UTC;0,233
12.03.2026;10:15;UTC;10:30;UTC;0
12.03.2026;10:30;UTC;10:45;UTC;-0,004
12.03.2026;10:45;UTC;11:00;UTC;-0,092
12.03.2026;11:00;UTC;11:15;UTC;-0,061
12.03.2026;11:15;UTC;11:30;UTC;-0,1
12.03.2026;11:30;UTC;11:45;UTC;-0,109
12.03.2026;11:45;UTC;12:00;UTC;-0,167
12.03.2026;12:00;UTC;12:15;UTC;-0,183
12.03.2026;12:15;UTC;12:30;UTC;-0,22
12.03.2026;12:30;UTC;12:45;UTC;-0,294
12.03.2026;12:45;UTC;13:00;UTC;-0,3
12.03.2026;13:00;UTC;13:15;UTC;-0,172
12.03.2026;13:15;UTC;13:30;UTC;-0,132
12.03.2026;13:30;UTC;13:45;UTC;-0,056
12.03.2026;13:45;UTC;14:00;UTC;-0,001
12.03.2026;14:00;UTC;14:15;UTC;0
12.03.2026;14:15;UTC;14:30;UTC;0,01
12.03.2026;14:30;UTC;14:45;UTC;0,401
12.03.2026;14:45;UTC;15:00;UTC;1,029
12.03.2026;15:00;UTC;15:15;UTC;1,003
12.03.2026;15:15;UTC;15:30;UTC;3,56
12.03.2026;15:30;UTC;15:45;UTC;6,2
12.03.2026;15:45;UTC;16:00;UTC;9,703
12.03.2026;16:00;UTC;16:15;UTC;6,762
12.03.2026;16:15;UTC;16:30;UTC;9,335
12.03.2026;16:30;UTC;16:45;UTC;10,901
12.03.2026;16:45;UTC;17:00;UTC;16,433
12.03.2026;17:00;UTC;17:15;UTC;12,033
12.03.2026;17:15;UTC;17:30;UTC;11,767
12.03.2026;17:30;UTC;17:45;UTC;11,097
12.03.2026;17:45;UTC;18:00;UTC;11,049
12.03.2026;18:00;UTC;18:15;UTC;11,965
12.03.2026;18:15;UTC;18:30;UTC;11,062
12.03.2026;18:30;UTC;18:45;UTC;9,981
12.03.2026;18:45;UTC;19:00;UTC;9,391
12.03.2026;19:00;UTC;19:15;UTC;9,766
12.03.2026;19:15;UTC;19:30;UTC;8,691
12.03.2026;19:30;UTC;19:45;UTC;8,183
12.03.2026;19:45;UTC;20:00;UTC;7,988
12.03.2026;20:00;UTC;20:15;UTC;7,854
12.03.2026;20:15;UTC;20:30;UTC;7,931
12.03.2026;20:30;UTC;20:45;UTC;6,828
12.03.2026;20:45;UTC;21:00;UTC;5,303
12.03.2026;21:00;UTC;21:15;UTC;8,308
12.03.2026;21:15;UTC;21:30;UTC;6,731
12.03.2026;21:30;UTC;21:45;UTC;5,997
12.03.2026;21:45;UTC;22:00;UTC;3,986
12.03.2026;22:00;UTC;22:15;UTC;2,42
12.03.2026;22:15;UTC;22:30;UTC;1,988
12.03.2026;22:30;UTC;22:45;UTC;1,743
12.03.2026;22:45;UTC;23:00;UTC;1,01
12.03.2026;23:00;UTC;23:15;UTC;0,943
12.03.2026;23:15;UTC;23:30;UTC;0,887
12.03.2026;23:30;UTC;23:45;UTC;0,428
12.03.2026;23:45;UTC;00:00;UTC;0,258
13.03.2026;00:00;UTC;00:15;UTC;0,67
13.03.2026;00:15;UTC;00:30;UTC;0,358
13.03.2026;00:30;UTC;00:45;UTC;0,255
13.03.2026;00:45;UTC;01:00;UTC;0,358
13.03.2026;01:00;UTC;01:15;UTC;0,467
13.03.2026;01:15;UTC;01:30;UTC;0,24
13.03.2026;01:30;UTC;01:45;UTC;0,232
13.03.2026;01:45;UTC;02:00;UTC;0,216
13.03.2026;02:00;UTC;02:15;UTC;0,233
13.03.2026;02:15;UTC;02:30;UTC;0,162
13.03.2026;02:30;UTC;02:45;UTC;0,054
13.03.2026;02:45;UTC;03:00;UTC;0,01
13.03.2026;03:00;UTC;03:15;UTC;0,159
13.03.2026;03:15;UTC;03:30;UTC;0,1
13.03.2026;03:30;UTC;03:45;UTC;0,16
13.03.2026;03:45;UTC;04:00;UTC;0,165
13.03.2026;04:00;UTC;04:15;UTC;0,161
13.03.2026;04:15;UTC;04:30;UTC;0,163
13.03.2026;04:30;UTC;04:45;UTC;0,409
13.03.2026;04:45;UTC;05:00;UTC;0,43
13.03.2026;05:00;UTC;05:15;UTC;0,428
13.03.2026;05:15;UTC;05:30;UTC;0,946
13.03.2026;05:30;UTC;05:45;UTC;1,003
13.03.2026;05:45;UTC;06:00;UTC;1,007
13.03.2026;06:00;UTC;06:15;UTC;2,161
13.03.2026;06:15;UTC;06:30;UTC;2,424
13.03.2026;06:30;UTC;06:45;UTC;2,149
13.03.2026;06:45;UTC;07:00;UTC;1,241
13.03.2026;07:00;UTC;07:15;UTC;1,716
13.03.2026;07:15;UTC;07:30;UTC;0,499
13.03.2026;07:30;UTC;07:45;UTC;0,351
13.03.2026;07:45;UTC;08:00;UTC;0
13.03.2026;08:00;UTC;08:15;UTC;0,01
13.03.2026;08:15;UTC;08:30;UTC;-0,001
13.03.2026;08:30;UTC;08:45;UTC;-0,004
13.03.2026;08:45;UTC;09:00;UTC;-0,101
13.03.2026;09:00;UTC;09:15;UTC;-0,2
13.03.2026;09:15;UTC;09:30;UTC;-0,458
13.03.2026;09:30;UTC;09:45;UTC;-0,513
13.03.2026;09:45;UTC;10:00;UTC;-0,828
13.03.2026;10:00;UTC;10:15;UTC;-0,813
13.03.2026;10:15;UTC;10:30;UTC;-0,819
13.03.2026;10:30;UTC;10:45;UTC;-0,991
13.03.2026;10:45;UTC;11:00;UTC;-0,977
13.03.2026;11:00;UTC;11:15;UTC;-0,992
13.03.2026;11:15;UTC;11:30;UTC;-0,937
13.03.2026;11:30;UTC;11:45;UTC;-0,732
13.03.2026;11:45;UTC;12:00;UTC;-0,678
13.03.2026;12:00;UTC;12:15;UTC;-0,461
13.03.2026;12:15;UTC;12:30;UTC;-0,272
13.03.2026;12:30;UTC;12:45;UTC;-0,188
13.03.2026;12:45;UTC;13:00;UTC;-0,1
13.03.2026;13:00;UTC;13:15;UTC;-0,092
13.03.2026;13:15;UTC;13:30;UTC;-0,001
13.03.2026;13:30;UTC;13:45;UTC;0,001
13.03.2026;13:45;UTC;14:00;UTC;0,561
13.03.2026;14:00;UTC;14:15;UTC;0,45
13.03.2026;14:15;UTC;14:30;UTC;1,338
13.03.2026;14:30;UTC;14:45;UTC;5,36
13.03.2026;14:45;UTC;15:00;UTC;11,68
13.03.2026;15:00;UTC;15:15;UTC;4,159
13.03.2026;15:15;UTC;15:30;UTC;8,568
13.03.2026;15:30;UTC;15:45;UTC;12,76
13.03.2026;15:45;UTC;16:00;UTC;15,037
13.03.2026;16:00;UTC;16:15;UTC;11,504
13.03.2026;16:15;UTC;16:30;UTC;13,101
13.03.2026;16:30;UTC;16:45;UTC;15,101
13.03.2026;16:45;UTC;17:00;UTC;17,066
13.03.2026;17:00;UTC;17:15;UTC;13,642
13.03.2026;17:15;UTC;17:30;UTC;15,537
13.03.2026;17:30;UTC;17:45;UTC;16,918
13.03.2026;17:45;UTC;18:00;UTC;18,5
13.03.2026;18:00;UTC;18:15;UTC;17,566
13.03.2026;18:15;UTC;18:30;UTC;17,298
13.03.2026;18:30;UTC;18:45;UTC;16,534
13.03.2026;18:45;UTC;19:00;UTC;14,9
13.03.2026;19:00;UTC;19:15;UTC;16,409
13.03.2026;19:15;UTC;19:30;UTC;15,1
13.03.2026;19:30;UTC;19:45;UTC;13,837
13.03.2026;19:45;UTC;20:00;UTC;12,943
13.03.2026;20:00;UTC;20:15;UTC;14,564
13.03.2026;20:15;UTC;20:30;UTC;13,54
13.03.2026;20:30;UTC;20:45;UTC;12,42
13.03.2026;20:45;UTC;21:00;UTC;11,61
13.03.2026;21:00;UTC;21:15;UTC;13,167
13.03.2026;21:15;UTC;21:30;UTC;12,067
13.03.2026;21:30;UTC;21:45;UTC;12,45
13.03.2026;21:45;UTC;22:00;UTC;11,685
13.03.2026;22:00;UTC;22:15;UTC;13,369
13.03.2026;22:15;UTC;22:30;UTC;11,309
13.03.2026;22:30;UTC;22:45;UTC;11,31
13.03.2026;22:45;UTC;23:00;UTC;10,335
13.03.2026;23:00;UTC;23:15;UTC;12,383
13.03.2026;23:15;UTC;23:30;UTC;12,022
13.03.2026;23:30;UTC;23:45;UTC;10,547
13.03.2026;23:45;UTC;00:00;UTC;10,226
14.03.2026;00:00;UTC;00:15;UTC;11,241
14.03.2026;00:15;UTC;00:30;UTC;10,969
14.03.2026;00:30;UTC;00:45;UTC;10,835
14.03.2026;00:45;UTC;01:00;UTC;10,583
14.03.2026;01:00;UTC;01:15;UTC;10,625
14.03.2026;01:15;UTC;01:30;UTC;10,417
14.03.2026;01:30;UTC;01:45;UTC;10,337
14.03.2026;01:45;UTC;02:00;UTC;10,217
14.03.2026;02:00;UTC;02:15;UTC;9,934
14.03.2026;02:15;UTC;02:30;UTC;10,181
14.03.2026;02:30;UTC;02:45;UTC;10,281
14.03.2026;02:45;UTC;03:00;UTC;10,349
14.03.2026;03:00;UTC;03:15;UTC;10,321
14.03.2026;03:15;UTC;03:30;UTC;10,32
14.03.2026;03:30;UTC;03:45;UTC;10,631
14.03.2026;03:45;UTC;04:00;UTC;10,774
14.03.2026;04:00;UTC;04:15;UTC;10,451
14.03.2026;04:15;UTC;04:30;UTC;10,738
14.03.2026;04:30;UTC;04:45;UTC;11,038
14.03.2026;04:45;UTC;05:00;UTC;11,4
14.03.2026;05:00;UTC;05:15;UTC;10,627
14.03.2026;05:15;UTC;05:30;UTC;11,138
14.03.2026;05:30;UTC;05:45;UTC;11,351
14.03.2026;05:45;UTC;06:00;UTC;11,492
14.03.2026;06:00;UTC;06:15;UTC;11,969
14.03.2026;06:15;UTC;06:30;UTC;11,59
14.03.2026;06:30;UTC;06:45;UTC;11,574
14.03.2026;06:45;UTC;07:00;UTC;11,55
14.03.2026;07:00;UTC;07:15;UTC;12,2
14.03.2026;07:15;UTC;07:30;UTC;12,194
14.03.2026;07:30;UTC;07:45;UTC;12,199
14.03.2026;07:45;UTC;08:00;UTC;12,159
14.03.2026;08:00;UTC;08:15;UTC;12,005
14.03.2026;08:15;UTC;08:30;UTC;12,002
14.03.2026;08:30;UTC;08:45;UTC;11,649
14.03.2026;08:45;UTC;09:00;UTC;10,8
14.03.2026;09:00;UTC;09:15;UTC;11,226
14.03.2026;09:15;UTC;09:30;UTC;10,87
14.03.2026;09:30;UTC;09:45;UTC;10,586
14.03.2026;09:45;UTC;10:00;UTC;10,327
14.03.2026;10:00;UTC;10:15;UTC;10,375
14.03.2026;10:15;UTC;10:30;UTC;10,162
14.03.2026;10:30;UTC;10:45;UTC;10,37
14.03.2026;10:45;UTC;11:00;UTC;10,503
14.03.2026;11:00;UTC;11:15;UTC;10,456
14.03.2026;11:15;UTC;11:30;UTC;10,407
14.03.2026;11:30;UTC;11:45;UTC;10,454
14.03.2026;11:45;UTC;12:00;UTC;10,361
14.03.2026;12:00;UTC;12:15;UTC;10,513
14.03.2026;12:15;UTC;12:30;UTC;10,507
14.03.2026;12:30;UTC;12:45;UTC;10,166
14.03.2026;12:45;UTC;13:00;UTC;10,186
14.03.2026;13:00;UTC;13:15;UTC;10,378
14.03.2026;13:15;UTC;13:30;UTC;10,487
14.03.2026;13:30;UTC;13:45;UTC;10,539
14.03.2026;13:45;UTC;14:00;UTC;10,867
14.03.2026;14:00;UTC;14:15;UTC;10,107
14.03.2026;14:15;UTC;14:30;UTC;11,399
14.03.2026;14:30;UTC;14:45;UTC;12,028
14.03.2026;14:45;UTC;15:00;UTC;12,154
14.03.2026;15:00;UTC;15:15;UTC;12,007
14.03.2026;15:15;UTC;15:30;UTC;12,131
14.03.2026;15:30;UTC;15:45;UTC;13,196
14.03.2026;15:45;UTC;16:00;UTC;14,666
14.03.2026;16:00;UTC;16:15;UTC;11,617
14.03.2026;16:15;UTC;16:30;UTC;13,188
14.03.2026;16:30;UTC;16:45;UTC;14,246
14.03.2026;16:45;UTC;17:00;UTC;16,409
14.03.2026;17:00;UTC;17:15;UTC;14
14.03.2026;17:15;UTC;17:30;UTC;14,841
14.03.2026;17:30;UTC;17:45;UTC;17,256
14.03.2026;17:45;UTC;18:00;UTC;18,343
14.03.2026;18:00;UTC;18:15;UTC;18,348
14.03.2026;18:15;UTC;18:30;UTC;17,834
14.03.2026;18:30;UTC;18:45;UTC;16,551
14.03.2026;18:45;UTC;19:00;UTC;15,201
14.03.2026;19:00;UTC;19:15;UTC;17,636
14.03.2026;19:15;UTC;19:30;UTC;15,619
14.03.2026;19:30;UTC;19:45;UTC;13,997
14.03.2026;19:45;UTC;20:00;UTC;12,854
14.03.2026;20:00;UTC;20:15;UTC;14
14.03.2026;20:15;UTC;20:30;UTC;13,354
14.03.2026;20:30;UTC;20:45;UTC;14,04
14.03.2026;20:45;UTC;21:00;UTC;13,587
14.03.2026;21:00;UTC;21:15;UTC;13,953
14.03.2026;21:15;UTC;21:30;UTC;13,299
14.03.2026;21:30;UTC;21:45;UTC;13,981
14.03.2026;21:45;UTC;22:00;UTC;12,862
14.03.2026;22:00;UTC;22:15;UTC;13,961
14.03.2026;22:15;UTC;22:30;UTC;12,882
14.03.2026;22:30;UTC;22:45;UTC;12,735
14.03.2026;22:45;UTC;23:00;UTC;11,64
14.03.2026;23:00;UTC;23:15;UTC;14,499
14.03.2026;23:15;UTC;23:30;UTC;14,394
14.03.2026;23:30;UTC;23:45;UTC;13,601
14.03.2026;23:45;UTC;00:00;UTC;12,443
15.03.2026;00:00;UTC;00:15;UTC;14,058
15.03.2026;00:15;UTC;00:30;UTC;13,552
15.03.2026;00:30;UTC;00:45;UTC;13,283
15.03.2026;00:45;UTC;01:00;UTC;12,599
15.03.2026;01:00;UTC;01:15;UTC;13,337
15.03.2026;01:15;UTC;01:30;UTC;12,708
15.03.2026;01:30;UTC;01:45;UTC;12,022
15.03.2026;01:45;UTC;02:00;UTC;11,917
15.03.2026;02:00;UTC;02:15;UTC;11,975
15.03.2026;02:15;UTC;02:30;UTC;12,08
15.03.2026;02:30;UTC;02:45;UTC;12,571
15.03.2026;02:45;UTC;03:00;UTC;12,785
15.03.2026;03:00;UTC;03:15;UTC;12
15.03.2026;03:15;UTC;03:30;UTC;12,105
15.03.2026;03:30;UTC;03:45;UTC;12,267
15.03.2026;03:45;UTC;04:00;UTC;12,499
15.03.2026;04:00;UTC;04:15;UTC;12,071
15.03.2026;04:15;UTC;04:30;UTC;12,098
15.03.2026;04:30;UTC;04:45;UTC;12,58
15.03.2026;04:45;UTC;05:00;UTC;12,899
15.03.2026;05:00;UTC;05:15;UTC;12,14
15.03.2026;05:15;UTC;05:30;UTC;12,72
15.03.2026;05:30;UTC;05:45;UTC;12,721
15.03.2026;05:45;UTC;06:00;UTC;12,174
15.03.2026;06:00;UTC;06:15;UTC;13,041
15.03.2026;06:15;UTC;06:30;UTC;11,899
15.03.2026;06:30;UTC;06:45;UTC;11,743
15.03.2026;06:45;UTC;07:00;UTC;10,701
15.03.2026;07:00;UTC;07:15;UTC;13,6
15.03.2026;07:15;UTC;07:30;UTC;11,439
15.03.2026;07:30;UTC;07:45;UTC;10
15.03.2026;07:45;UTC;08:00;UTC;8,599
15.03.2026;08:00;UTC;08:15;UTC;10,578
15.03.2026;08:15;UTC;08:30;UTC;9,774
15.03.2026;08:30;UTC;08:45;UTC;8,927
15.03.2026;08:45;UTC;09:00;UTC;8,629
15.03.2026;09:00;UTC;09:15;UTC;9,593
15.03.2026;09:15;UTC;09:30;UTC;9,028
15.03.2026;09:30;UTC;09:45;UTC;8,595
15.03.2026;09:45;UTC;10:00;UTC;7,706
15.03.2026;10:00;UTC;10:15;UTC;8,858
15.03.2026;10:15;UTC;10:30;UTC;8,348
15.03.2026;10:30;UTC;10:45;UTC;6,666
15.03.2026;10:45;UTC;11:00;UTC;5,012
15.03.2026;11:00;UTC;11:15;UTC;7,603
15.03.2026;11:15;UTC;11:30;UTC;5,834
15.03.2026;11:30;UTC;11:45;UTC;4,395
15.03.2026;11:45;UTC;12:00;UTC;3,355
15.03.2026;12:00;UTC;12:15;UTC;4,614
15.03.2026;12:15;UTC;12:30;UTC;4,017
15.03.2026;12:30;UTC;12:45;UTC;3,134
15.03.2026;12:45;UTC;13:00;UTC;2,818
15.03.2026;13:00;UTC;13:15;UTC;2,571
15.03.2026;13:15;UTC;13:30;UTC;3,124
15.03.2026;13:30;UTC;13:45;UTC;3,998
15.03.2026;13:45;UTC;14:00;UTC;5,186
15.03.2026;14:00;UTC;14:15;UTC;4,928
15.03.2026;14:15;UTC;14:30;UTC;5,255
15.03.2026;14:30;UTC;14:45;UTC;6,647
15.03.2026;14:45;UTC;15:00;UTC;8,401
15.03.2026;15:00;UTC;15:15;UTC;5,45
15.03.2026;15:15;UTC;15:30;UTC;8,348
15.03.2026;15:30;UTC;15:45;UTC;9,776
15.03.2026;15:45;UTC;16:00;UTC;12,124
15.03.2026;16:00;UTC;16:15;UTC;10,1
15.03.2026;16:15;UTC;16:30;UTC;12,134
15.03.2026;16:30;UTC;16:45;UTC;13,657
15.03.2026;16:45;UTC;17:00;UTC;15,274
15.03.2026;17:00;UTC;17:15;UTC;14,186
15.03.2026;17:15;UTC;17:30;UTC;14,547
15.03.2026;17:30;UTC;17:45;UTC;15,408
15.03.2026;17:45;UTC;18:00;UTC;15,505
15.03.2026;18:00;UTC;18:15;UTC;15,06
15.03.2026;18:15;UTC;18:30;UTC;13,599
15.03.2026;18:30;UTC;18:45;UTC;12,366
15.03.2026;18:45;UTC;19:00;UTC;11,723
15.03.2026;19:00;UTC;19:15;UTC;11,946
15.03.2026;19:15;UTC;19:30;UTC;11,376
15.03.2026;19:30;UTC;19:45;UTC;11,032
15.03.2026;19:45;UTC;20:00;UTC;9,039
15.03.2026;20:00;UTC;20:15;UTC;10,822
15.03.2026;20:15;UTC;20:30;UTC;9,013
15.03.2026;20:30;UTC;20:45;UTC;9,168
15.03.2026;20:45;UTC;21:00;UTC;7,747
15.03.2026;21:00;UTC;21:15;UTC;9,005
15.03.2026;21:15;UTC;21:30;UTC;8,966
15.03.2026;21:30;UTC;21:45;UTC;8,033
15.03.2026;21:45;UTC;22:00;UTC;7,141
15.03.2026;22:00;UTC;22:15;UTC;8,38
15.03.2026;22:15;UTC;22:30;UTC;6,835
15.03.2026;22:30;UTC;22:45;UTC;6,277
15.03.2026;22:45;UTC;23:00;UTC;4,114
15.03.2026;23:00;UTC;23:15;UTC;5,987
15.03.2026;23:15;UTC;23:30;UTC;4,269
15.03.2026;23:30;UTC;23:45;UTC;2,162
15.03.2026;23:45;UTC;00:00;UTC;1,248
16.03.2026;00:00;UTC;00:15;UTC;3,612
16.03.2026;00:15;UTC;00:30;UTC;2,333
16.03.2026;00:30;UTC;00:45;UTC;1,691
16.03.2026;00:45;UTC;01:00;UTC;1,695
16.03.2026;01:00;UTC;01:15;UTC;2,45
16.03.2026;01:15;UTC;01:30;UTC;1,843
16.03.2026;01:30;UTC;01:45;UTC;1,55
16.03.2026;01:45;UTC;02:00;UTC;1,193
16.03.2026;02:00;UTC;02:15;UTC;1,307
16.03.2026;02:15;UTC;02:30;UTC;1,148
16.03.2026;02:30;UTC;02:45;UTC;1,501
16.03.2026;02:45;UTC;03:00;UTC;1,699
16.03.2026;03:00;UTC;03:15;UTC;1,243
16.03.2026;03:15;UTC;03:30;UTC;1,695
16.03.2026;03:30;UTC;03:45;UTC;2,202
16.03.2026;03:45;UTC;04:00;UTC;2,883
16.03.2026;04:00;UTC;04:15;UTC;2,006
16.03.2026;04:15;UTC;04:30;UTC;3,011
16.03.2026;04:30;UTC;04:45;UTC;3,952
16.03.2026;04:45;UTC;05:00;UTC;6,002
16.03.2026;05:00;UTC;05:15;UTC;3,673
16.03.2026;05:15;UTC;05:30;UTC;6,231
16.03.2026;05:30;UTC;05:45;UTC;8,171
16.03.2026;05:45;UTC;06:00;UTC;8,401
16.03.2026;06:00;UTC;06:15;UTC;9,803
16.03.2026;06:15;UTC;06:30;UTC;9,624
16.03.2026;06:30;UTC;06:45;UTC;9,663
16.03.2026;06:45;UTC;07:00;UTC;9,137
16.03.2026;07:00;UTC;07:15;UTC;11,785
16.03.2026;07:15;UTC;07:30;UTC;9,982
16.03.2026;07:30;UTC;07:45;UTC;8,939
16.03.2026;07:45;UTC;08:00;UTC;7,685
16.03.2026;08:00;UTC;08:15;UTC;9,964
16.03.2026;08:15;UTC;08:30;UTC;8,283
16.03.2026;08:30;UTC;08:45;UTC;6,424
16.03.2026;08:45;UTC;09:00;UTC;4,571
16.03.2026;09:00;UTC;09:15;UTC;6,247
16.03.2026;09:15;UTC;09:30;UTC;5,206
16.03.2026;09:30;UTC;09:45;UTC;3,588
16.03.2026;09:45;UTC;10:00;UTC;1,997
16.03.2026;10:00;UTC;10:15;UTC;2,252
16.03.2026;10:15;UTC;10:30;UTC;1,562
16.03.2026;10:30;UTC;10:45;UTC;1,436
16.03.2026;10:45;UTC;11:00;UTC;1,696
16.03.2026;11:00;UTC;11:15;UTC;1,508
16.03.2026;11:15;UTC;11:30;UTC;1,115
16.03.2026;11:30;UTC;11:45;UTC;1,186
16.03.2026;11:45;UTC;12:00;UTC;1,005
16.03.2026;12:00;UTC;12:15;UTC;1,005
16.03.2026;12:15;UTC;12:30;UTC;1,087
16.03.2026;12:30;UTC;12:45;UTC;1,7
16.03.2026;12:45;UTC;13:00;UTC;2,56
16.03.2026;13:00;UTC;13:15;UTC;1,844
16.03.2026;13:15;UTC;13:30;UTC;3,106
16.03.2026;13:30;UTC;13:45;UTC;5,627
16.03.2026;13:45;UTC;14:00;UTC;6,292
16.03.2026;14:00;UTC;14:15;UTC;2,917
16.03.2026;14:15;UTC;14:30;UTC;4,076
16.03.2026;14:30;UTC;14:45;UTC;7,5
16.03.2026;14:45;UTC;15:00;UTC;11,285
16.03.2026;15:00;UTC;15:15;UTC;5,372
16.03.2026;15:15;UTC;15:30;UTC;8,799
16.03.2026;15:30;UTC;15:45;UTC;13,087
16.03.2026;15:45;UTC;16:00;UTC;15,226
16.03.2026;16:00;UTC;16:15;UTC;9,851
16.03.2026;16:15;UTC;16:30;UTC;12,753
16.03.2026;16:30;UTC;16:45;UTC;14,86
16.03.2026;16:45;UTC;17:00;UTC;17,977
16.03.2026;17:00;UTC;17:15;UTC;14,5
16.03.2026;17:15;UTC;17:30;UTC;15,717
16.03.2026;17:30;UTC;17:45;UTC;17,343
16.03.2026;17:45;UTC;18:00;UTC;18,454
16.03.2026;18:00;UTC;18:15;UTC;17,972
16.03.2026;18:15;UTC;18:30;UTC;17,992
16.03.2026;18:30;UTC;18:45;UTC;17,997
16.03.2026;18:45;UTC;19:00;UTC;17,994
16.03.2026;19:00;UTC;19:15;UTC;18,264
16.03.2026;19:15;UTC;19:30;UTC;16,316
16.03.2026;19:30;UTC;19:45;UTC;14,341
16.03.2026;19:45;UTC;20:00;UTC;12,993
16.03.2026;20:00;UTC;20:15;UTC;14,236
16.03.2026;20:15;UTC;20:30;UTC;12,829
16.03.2026;20:30;UTC;20:45;UTC;12,054
16.03.2026;20:45;UTC;21:00;UTC;11,166
16.03.2026;21:00;UTC;21:15;UTC;13,038
16.03.2026;21:15;UTC;21:30;UTC;12,42
16.03.2026;21:30;UTC;21:45;UTC;12,382
16.03.2026;21:45;UTC;22:00;UTC;10,925
16.03.2026;22:00;UTC;22:15;UTC;11,167
16.03.2026;22:15;UTC;22:30;UTC;10,331
16.03.2026;22:30;UTC;22:45;UTC;9,5
16.03.2026;22:45;UTC;23:00;UTC;8,908
16.03.2026;23:00;UTC;23:15;UTC;13,274
16.03.2026;23:15;UTC;23:30;UTC;11,34
16.03.2026;23:30;UTC;23:45;UTC;10,56
16.03.2026;23:45;UTC;00:00;UTC;10,292
17.03.2026;00:00;UTC;00:15;UTC;10,631
17.03.2026;00:15;UTC;00:30;UTC;10,59
17.03.2026;00:30;UTC;00:45;UTC;10,604
17.03.2026;00:45;UTC;01:00;UTC;10,409
17.03.2026;01:00;UTC;01:15;UTC;10,747
17.03.2026;01:15;UTC;01:30;UTC;10,74
17.03.2026;01:30;UTC;01:45;UTC;10,607
17.03.2026;01:45;UTC;02:00;UTC;10,475
17.03.2026;02:00;UTC;02:15;UTC;10,6
17.03.2026;02:15;UTC;02:30;UTC;10,623
17.03.2026;02:30;UTC;02:45;UTC;10,73
17.03.2026;02:45;UTC;03:00;UTC;10,656
17.03.2026;03:00;UTC;03:15;UTC;11,082
17.03.2026;03:15;UTC;03:30;UTC;10,933
17.03.2026;03:30;UTC;03:45;UTC;10,902
17.03.2026;03:45;UTC;04:00;UTC;11,095
17.03.2026;04:00;UTC;04:15;UTC;10,787
17.03.2026;04:15;UTC;04:30;UTC;10,999
17.03.2026;04:30;UTC;04:45;UTC;12,36
17.03.2026;04:45;UTC;05:00;UTC;13,82
17.03.2026;05:00;UTC;05:15;UTC;13,18
17.03.2026;05:15;UTC;05:30;UTC;14,4
17.03.2026;05:30;UTC;05:45;UTC;15,352
17.03.2026;05:45;UTC;06:00;UTC;16,254
17.03.2026;06:00;UTC;06:15;UTC;17,397
17.03.2026;06:15;UTC;06:30;UTC;17,388
17.03.2026;06:30;UTC;06:45;UTC;17,417
17.03.2026;06:45;UTC;07:00;UTC;14,99
17.03.2026;07:00;UTC;07:15;UTC;19,266
17.03.2026;07:15;UTC;07:30;UTC;16,019
17.03.2026;07:30;UTC;07:45;UTC;14,016
17.03.2026;07:45;UTC;08:00;UTC;11,704
17.03.2026;08:00;UTC;08:15;UTC;14,995
17.03.2026;08:15;UTC;08:30;UTC;12,709
17.03.2026;08:30;UTC;08:45;UTC;11,207
17.03.2026;08:45;UTC;09:00;UTC;10,718
17.03.2026;09:00;UTC;09:15;UTC;13,097
17.03.2026;09:15;UTC;09:30;UTC;10,459
17.03.2026;09:30;UTC;09:45;UTC;9,841
17.03.2026;09:45;UTC;10:00;UTC;10,059
17.03.2026;10:00;UTC;10:15;UTC;10,319
17.03.2026;10:15;UTC;10:30;UTC;9,9
17.03.2026;10:30;UTC;10:45;UTC;9,764
17.03.2026;10:45;UTC;11:00;UTC;10,277
17.03.2026;11:00;UTC;11:15;UTC;9,536
17.03.2026;11:15;UTC;11:30;UTC;9,53
17.03.2026;11:30;UTC;11:45;UTC;9,532
17.03.2026;11:45;UTC;12:00;UTC;9,493
17.03.2026;12:00;UTC;12:15;UTC;9,7
17.03.2026;12:15;UTC;12:30;UTC;9,711
17.03.2026;12:30;UTC;12:45;UTC;9,599
17.03.2026;12:45;UTC;13:00;UTC;9,696
17.03.2026;13:00;UTC;13:15;UTC;9,662
17.03.2026;13:15;UTC;13:30;UTC;10,026
17.03.2026;13:30;UTC;13:45;UTC;9,863
17.03.2026;13:45;UTC;14:00;UTC;10,179
17.03.2026;14:00;UTC;14:15;UTC;9,967
17.03.2026;14:15;UTC;14:30;UTC;10,555
17.03.2026;14:30;UTC;14:45;UTC;11,585
17.03.2026;14:45;UTC;15:00;UTC;12,736
17.03.2026;15:00;UTC;15:15;UTC;11,17
17.03.2026;15:15;UTC;15:30;UTC;12,441
17.03.2026;15:30;UTC;15:45;UTC;13,644
17.03.2026;15:45;UTC;16:00;UTC;15,456
17.03.2026;16:00;UTC;16:15;UTC;12,804
17.03.2026;16:15;UTC;16:30;UTC;14,671
17.03.2026;16:30;UTC;16:45;UTC;16,318
17.03.2026;16:45;UTC;17:00;UTC;21,088
17.03.2026;17:00;UTC;17:15;UTC;19,132
17.03.2026;17:15;UTC;17:30;UTC;21,188
17.03.2026;17:30;UTC;17:45;UTC;21,499
17.03.2026;17:45;UTC;18:00;UTC;21,1
17.03.2026;18:00;UTC;18:15;UTC;21,368
17.03.2026;18:15;UTC;18:30;UTC;17,915
17.03.2026;18:30;UTC;18:45;UTC;14,591
17.03.2026;18:45;UTC;19:00;UTC;14,279
17.03.2026;19:00;UTC;19:15;UTC;16,342
17.03.2026;19:15;UTC;19:30;UTC;14,511
17.03.2026;19:30;UTC;19:45;UTC;13,816
17.03.2026;19:45;UTC;20:00;UTC;13,026
17.03.2026;20:00;UTC;20:15;UTC;14,527
17.03.2026;20:15;UTC;20:30;UTC;13,527
17.03.2026;20:30;UTC;20:45;UTC;12,653
17.03.2026;20:45;UTC;21:00;UTC;11,209
17.03.2026;21:00;UTC;21:15;UTC;13,369
17.03.2026;21:15;UTC;21:30;UTC;11,928
17.03.2026;21:30;UTC;21:45;UTC;10,57
17.03.2026;21:45;UTC;22:00;UTC;9,829
17.03.2026;22:00;UTC;22:15;UTC;10,821
17.03.2026;22:15;UTC;22:30;UTC;10,167
17.03.2026;22:30;UTC;22:45;UTC;9,812
17.03.2026;22:45;UTC;23:00;UTC;9,383
17.03.2026;23:00;UTC;23:15;UTC;9,57
17.03.2026;23:15;UTC;23:30;UTC;8,89
17.03.2026;23:30;UTC;23:45;UTC;8,739
17.03.2026;23:45;UTC;00:00;UTC;8,721
18.03.2026;00:00;UTC;00:15;UTC;8,964
18.03.2026;00:15;UTC;00:30;UTC;8,664
18.03.2026;00:30;UTC;00:45;UTC;8,583
18.03.2026;00:45;UTC;01:00;UTC;8,48
18.03.2026;01:00;UTC;01:15;UTC;8,658
18.03.2026;01:15;UTC;01:30;UTC;8,539
18.03.2026;01:30;UTC;01:45;UTC;8,527
18.03.2026;01:45;UTC;02:00;UTC;8,55
18.03.2026;02:00;UTC;02:15;UTC;8,615
18.03.2026;02:15;UTC;02:30;UTC;8,65
18.03.2026;02:30;UTC;02:45;UTC;8,709
18.03.2026;02:45;UTC;03:00;UTC;8,773
18.03.2026;03:00;UTC;03:15;UTC;8,793
18.03.2026;03:15;UTC;03:30;UTC;8,888
18.03.2026;03:30;UTC;03:45;UTC;8,906
18.03.2026;03:45;UTC;04:00;UTC;8,947
18.03.2026;04:00;UTC;04:15;UTC;8,9
18.03.2026;04:15;UTC;04:30;UTC;9,152
18.03.2026;04:30;UTC;04:45;UTC;10,284
18.03.2026;04:45;UTC;05:00;UTC;11,686
18.03.2026;05:00;UTC;05:15;UTC;11,258
18.03.2026;05:15;UTC;05:30;UTC;13,068
18.03.2026;05:30;UTC;05:45;UTC;13,742
18.03.2026;05:45;UTC;06:00;UTC;14,228
18.03.2026;06:00;UTC;06:15;UTC;15,02
18.03.2026;06:15;UTC;06:30;UTC;14,881
18.03.2026;06:30;UTC;06:45;UTC;13,201
18.03.2026;06:45;UTC;07:00;UTC;10,335
18.03.2026;07:00;UTC;07:15;UTC;13,143
18.03.2026;07:15;UTC;07:30;UTC;10,69
18.03.2026;07:30;UTC;07:45;UTC;8,769
18.03.2026;07:45;UTC;08:00;UTC;7,373
18.03.2026;08:00;UTC;08:15;UTC;9,991
18.03.2026;08:15;UTC;08:30;UTC;8,106
18.03.2026;08:30;UTC;08:45;UTC;5,731
18.03.2026;08:45;UTC;09:00;UTC;1,352
18.03.2026;09:00;UTC;09:15;UTC;3,756
18.03.2026;09:15;UTC;09:30;UTC;0,345
18.03.2026;09:30;UTC;09:45;UTC;-0,001
18.03.2026;09:45;UTC;10:00;UTC;-0,101
18.03.2026;10:00;UTC;10:15;UTC;-0,006
18.03.2026;10:15;UTC;10:30;UTC;-0,185
18.03.2026;10:30;UTC;10:45;UTC;-0,221
18.03.2026;10:45;UTC;11:00;UTC;-0,236
18.03.2026;11:00;UTC;11:15;UTC;-0,208
18.03.2026;11:15;UTC;11:30;UTC;-0,251
18.03.2026;11:30;UTC;11:45;UTC;-0,232
18.03.2026;11:45;UTC;12:00;UTC;-0,233
18.03.2026;12:00;UTC;12:15;UTC;-0,332
18.03.2026;12:15;UTC;12:30;UTC;-0,33
18.03.2026;12:30;UTC;12:45;UTC;-0,311
18.03.2026;12:45;UTC;13:00;UTC;-0,112
18.03.2026;13:00;UTC;13:15;UTC;-0,101
18.03.2026;13:15;UTC;13:30;UTC;-0,047
18.03.2026;13:30;UTC;13:45;UTC;-0,001
18.03.2026;13:45;UTC;14:00;UTC;0,238
18.03.2026;14:00;UTC;14:15;UTC;0,332
18.03.2026;14:15;UTC;14:30;UTC;1,398
18.03.2026;14:30;UTC;14:45;UTC;7,127
18.03.2026;14:45;UTC;15:00;UTC;10,021
18.03.2026;15:00;UTC;15:15;UTC;6,539
18.03.2026;15:15;UTC;15:30;UTC;9,391
18.03.2026;15:30;UTC;15:45;UTC;12,498
18.03.2026;15:45;UTC;16:00;UTC;14,385
18.03.2026;16:00;UTC;16:15;UTC;10,15
18.03.2026;16:15;UTC;16:30;UTC;13,589
18.03.2026;16:30;UTC;16:45;UTC;15,928
18.03.2026;16:45;UTC;17:00;UTC;18,418
18.03.2026;17:00;UTC;17:15;UTC;16,303
18.03.2026;17:15;UTC;17:30;UTC;17,681
18.03.2026;17:30;UTC;17:45;UTC;18,572
18.03.2026;17:45;UTC;18:00;UTC;18,493
18.03.2026;18:00;UTC;18:15;UTC;19,259
18.03.2026;18:15;UTC;18:30;UTC;18,055
18.03.2026;18:30;UTC;18:45;UTC;16,54
18.03.2026;18:45;UTC;19:00;UTC;14,225
18.03.2026;19:00;UTC;19:15;UTC;16,464
18.03.2026;19:15;UTC;19:30;UTC;15,201
18.03.2026;19:30;UTC;19:45;UTC;14,173
18.03.2026;19:45;UTC;20:00;UTC;13,558
18.03.2026;20:00;UTC;20:15;UTC;14,497
18.03.2026;20:15;UTC;20:30;UTC;13,895
18.03.2026;20:30;UTC;20:45;UTC;12,812
18.03.2026;20:45;UTC;21:00;UTC;11,619
18.03.2026;21:00;UTC;21:15;UTC;13,699
18.03.2026;21:15;UTC;21:30;UTC;12,601
18.03.2026;21:30;UTC;21:45;UTC;11,813
18.03.2026;21:45;UTC;22:00;UTC;11,397
18.03.2026;22:00;UTC;22:15;UTC;12,32
18.03.2026;22:15;UTC;22:30;UTC;11,263
18.03.2026;22:30;UTC;22:45;UTC;11,15
18.03.2026;22:45;UTC;23:00;UTC;10,617
18.03.2026;23:00;UTC;23:15;UTC;11,304
18.03.2026;23:15;UTC;23:30;UTC;10,877
18.03.2026;23:30;UTC;23:45;UTC;10,82
18.03.2026;23:45;UTC;00:00;UTC;10,699
19.03.2026;00:00;UTC;00:15;UTC;11,276
19.03.2026;00:15;UTC;00:30;UTC;11,173
19.03.2026;00:30;UTC;00:45;UTC;11,285
19.03.2026;00:45;UTC;01:00;UTC;11,322
19.03.2026;01:00;UTC;01:15;UTC;11,366
19.03.2026;01:15;UTC;01:30;UTC;11,279
19.03.2026;01:30;UTC;01:45;UTC;11,393
19.03.2026;01:45;UTC;02:00;UTC;11,559
19.03.2026;02:00;UTC;02:15;UTC;11,005
19.03.2026;02:15;UTC;02:30;UTC;11,273
19.03.2026;02:30;UTC;02:45;UTC;11,797
19.03.2026;02:45;UTC;03:00;UTC;12,135
19.03.2026;03:00;UTC;03:15;UTC;12,02
19.03.2026;03:15;UTC;03:30;UTC;12,182
19.03.2026;03:30;UTC;03:45;UTC;12,398
19.03.2026;03:45;UTC;04:00;UTC;12,71
19.03.2026;04:00;UTC;04:15;UTC;12,234
19.03.2026;04:15;UTC;04:30;UTC;12,814
19.03.2026;04:30;UTC;04:45;UTC;13,229
19.03.2026;04:45;UTC;05:00;UTC;14,835
19.03.2026;05:00;UTC;05:15;UTC;13,452
19.03.2026;05:15;UTC;05:30;UTC;15,79
19.03.2026;05:30;UTC;05:45;UTC;17,086
19.03.2026;05:45;UTC;06:00;UTC;17,723
19.03.2026;06:00;UTC;06:15;UTC;19,16
19.03.2026;06:15;UTC;06:30;UTC;17,551
19.03.2026;06:30;UTC;06:45;UTC;15,021
19.03.2026;06:45;UTC;07:00;UTC;11,565
19.03.2026;07:00;UTC;07:15;UTC;17,947
19.03.2026;07:15;UTC;07:30;UTC;15,135
19.03.2026;07:30;UTC;07:45;UTC;12,019
19.03.2026;07:45;UTC;08:00;UTC;10,34
19.03.2026;08:00;UTC;08:15;UTC;12,198
19.03.2026;08:15;UTC;08:30;UTC;10,087
19.03.2026;08:30;UTC;08:45;UTC;8,416
19.03.2026;08:45;UTC;09:00;UTC;5,66
19.03.2026;09:00;UTC;09:15;UTC;9,9
19.03.2026;09:15;UTC;09:30;UTC;6,076
19.03.2026;09:30;UTC;09:45;UTC;4,005
19.03.2026;09:45;UTC;10:00;UTC;2,139
19.03.2026;10:00;UTC;10:15;UTC;2,063
19.03.2026;10:15;UTC;10:30;UTC;0,961
19.03.2026;10:30;UTC;10:45;UTC;0,122
19.03.2026;10:45;UTC;11:00;UTC;0,002
19.03.2026;11:00;UTC;11:15;UTC;0,001
19.03.2026;11:15;UTC;11:30;UTC;0
19.03.2026;11:30;UTC;11:45;UTC;-0,001
19.03.2026;11:45;UTC;12:00;UTC;0
19.03.2026;12:00;UTC;12:15;UTC;0
19.03.2026;12:15;UTC;12:30;UTC;0
19.03.2026;12:30;UTC;12:45;UTC;0,06
19.03.2026;12:45;UTC;13:00;UTC;0,952
19.03.2026;13:00;UTC;13:15;UTC;1,005
19.03.2026;13:15;UTC;13:30;UTC;2,844
19.03.2026;13:30;UTC;13:45;UTC;5,807
19.03.2026;13:45;UTC;14:00;UTC;7,83
19.03.2026;14:00;UTC;14:15;UTC;4,277
19.03.2026;14:15;UTC;14:30;UTC;8,175
19.03.2026;14:30;UTC;14:45;UTC;9,879
19.03.2026;14:45;UTC;15:00;UTC;12,048
19.03.2026;15:00;UTC;15:15;UTC;9,764
19.03.2026;15:15;UTC;15:30;UTC;11,013
19.03.2026;15:30;UTC;15:45;UTC;12,285
19.03.2026;15:45;UTC;16:00;UTC;15,077
19.03.2026;16:00;UTC;16:15;UTC;10,141
19.03.2026;16:15;UTC;16:30;UTC;13,296
19.03.2026;16:30;UTC;16:45;UTC;16,396
19.03.2026;16:45;UTC;17:00;UTC;21,037
19.03.2026;17:00;UTC;17:15;UTC;18,037
19.03.2026;17:15;UTC;17:30;UTC;20,23
19.03.2026;17:30;UTC;17:45;UTC;22,321
19.03.2026;17:45;UTC;18:00;UTC;23,119
19.03.2026;18:00;UTC;18:15;UTC;24,091
19.03.2026;18:15;UTC;18:30;UTC;21,948
19.03.2026;18:30;UTC;18:45;UTC;20,332
19.03.2026;18:45;UTC;19:00;UTC;19,382
19.03.2026;19:00;UTC;19:15;UTC;18,305
19.03.2026;19:15;UTC;19:30;UTC;16,786
19.03.2026;19:30;UTC;19:45;UTC;15,715
19.03.2026;19:45;UTC;20:00;UTC;14,542
19.03.2026;20:00;UTC;20:15;UTC;16,079
19.03.2026;20:15;UTC;20:30;UTC;15,574
19.03.2026;20:30;UTC;20:45;UTC;14,777
19.03.2026;20:45;UTC;21:00;UTC;13,186
19.03.2026;21:00;UTC;21:15;UTC;15,074
19.03.2026;21:15;UTC;21:30;UTC;14,568
19.03.2026;21:30;UTC;21:45;UTC;13,444
19.03.2026;21:45;UTC;22:00;UTC;12,734
19.03.2026;22:00;UTC;22:15;UTC;14,156
19.03.2026;22:15;UTC;22:30;UTC;13,405
19.03.2026;22:30;UTC;22:45;UTC;13,11
19.03.2026;22:45;UTC;23:00;UTC;12,224
19.03.2026;23:00;UTC;23:15;UTC;15,856
19.03.2026;23:15;UTC;23:30;UTC;14,541
19.03.2026;23:30;UTC;23:45;UTC;13,726
19.03.2026;23:45;UTC;00:00;UTC;13,302
20.03.2026;00:00;UTC;00:15;UTC;14,126
20.03.2026;00:15;UTC;00:30;UTC;13,809
20.03.2026;00:30;UTC;00:45;UTC;13,665
20.03.2026;00:45;UTC;01:00;UTC;13,584
20.03.2026;01:00;UTC;01:15;UTC;13,636
20.03.2026;01:15;UTC;01:30;UTC;13,498
20.03.2026;01:30;UTC;01:45;UTC;13,562
20.03.2026;01:45;UTC;02:00;UTC;13,561
20.03.2026;02:00;UTC;02:15;UTC;13,593
20.03.2026;02:15;UTC;02:30;UTC;13,523
20.03.2026;02:30;UTC;02:45;UTC;13,886
20.03.2026;02:45;UTC;03:00;UTC;13,988
20.03.2026;03:00;UTC;03:15;UTC;13,113
20.03.2026;03:15;UTC;03:30;UTC;13,576
20.03.2026;03:30;UTC;03:45;UTC;13,899
20.03.2026;03:45;UTC;04:00;UTC;14,974
20.03.2026;04:00;UTC;04:15;UTC;13,66
20.03.2026;04:15;UTC;04:30;UTC;14,537
20.03.2026;04:30;UTC;04:45;UTC;16,468
20.03.2026;04:45;UTC;05:00;UTC;17,171
20.03.2026;05:00;UTC;05:15;UTC;16,417
20.03.2026;05:15;UTC;05:30;UTC;19,276
20.03.2026;05:30;UTC;05:45;UTC;20,33
20.03.2026;05:45;UTC;06:00;UTC;20,895
20.03.2026;06:00;UTC;06:15;UTC;23,375
20.03.2026;06:15;UTC;06:30;UTC;20,973
20.03.2026;06:30;UTC;06:45;UTC;19,065
20.03.2026;06:45;UTC;07:00;UTC;15,644
20.03.2026;07:00;UTC;07:15;UTC;20,814
20.03.2026;07:15;UTC;07:30;UTC;16,905
20.03.2026;07:30;UTC;07:45;UTC;15,202
20.03.2026;07:45;UTC;08:00;UTC;11,6
20.03.2026;08:00;UTC;08:15;UTC;16,934
20.03.2026;08:15;UTC;08:30;UTC;14,439
20.03.2026;08:30;UTC;08:45;UTC;10,63
20.03.2026;08:45;UTC;09:00;UTC;10,8
20.03.2026;09:00;UTC;09:15;UTC;12,104
20.03.2026;09:15;UTC;09:30;UTC;10,8
20.03.2026;09:30;UTC;09:45;UTC;9,081
20.03.2026;09:45;UTC;10:00;UTC;8,449
20.03.2026;10:00;UTC;10:15;UTC;9,552
20.03.2026;10:15;UTC;10:30;UTC;8,513
20.03.2026;10:30;UTC;10:45;UTC;7,068
20.03.2026;10:45;UTC;11:00;UTC;6,256
20.03.2026;11:00;UTC;11:15;UTC;7,129
20.03.2026;11:15;UTC;11:30;UTC;6,652
20.03.2026;11:30;UTC;11:45;UTC;6,552
20.03.2026;11:45;UTC;12:00;UTC;5,911
20.03.2026;12:00;UTC;12:15;UTC;5,625
20.03.2026;12:15;UTC;12:30;UTC;6
20.03.2026;12:30;UTC;12:45;UTC;6,917
20.03.2026;12:45;UTC;13:00;UTC;7,702
20.03.2026;13:00;UTC;13:15;UTC;5,986
20.03.2026;13:15;UTC;13:30;UTC;8,114
20.03.2026;13:30;UTC;13:45;UTC;9,557
20.03.2026;13:45;UTC;14:00;UTC;11,303
20.03.2026;14:00;UTC;14:15;UTC;10,015
20.03.2026;14:15;UTC;14:30;UTC;11,5
20.03.2026;14:30;UTC;14:45;UTC;11,882
20.03.2026;14:45;UTC;15:00;UTC;13,465
20.03.2026;15:00;UTC;15:15;UTC;10,43
20.03.2026;15:15;UTC;15:30;UTC;13,899
20.03.2026;15:30;UTC;15:45;UTC;15,67
20.03.2026;15:45;UTC;16:00;UTC;17,871
20.03.2026;16:00;UTC;16:15;UTC;14,048
20.03.2026;16:15;UTC;16:30;UTC;16,161
20.03.2026;16:30;UTC;16:45;UTC;17,831
20.03.2026;16:45;UTC;17:00;UTC;21,887
20.03.2026;17:00;UTC;17:15;UTC;17,665
20.03.2026;17:15;UTC;17:30;UTC;21,713
20.03.2026;17:30;UTC;17:45;UTC;22,712
20.03.2026;17:45;UTC;18:00;UTC;22,312
20.03.2026;18:00;UTC;18:15;UTC;23,787
20.03.2026;18:15;UTC;18:30;UTC;21,801
20.03.2026;18:30;UTC;18:45;UTC;20,544
20.03.2026;18:45;UTC;19:00;UTC;18,792
20.03.2026;19:00;UTC;19:15;UTC;20,077
20.03.2026;19:15;UTC;19:30;UTC;18,299
20.03.2026;19:30;UTC;19:45;UTC;17,331
20.03.2026;19:45;UTC;20:00;UTC;16,307
20.03.2026;20:00;UTC;20:15;UTC;17,469
20.03.2026;20:15;UTC;20:30;UTC;17,07
20.03.2026;20:30;UTC;20:45;UTC;15,781
20.03.2026;20:45;UTC;21:00;UTC;14,9
20.03.2026;21:00;UTC;21:15;UTC;16,347
20.03.2026;21:15;UTC;21:30;UTC;16,409
20.03.2026;21:30;UTC;21:45;UTC;14,372
20.03.2026;21:45;UTC;22:00;UTC;13,613
20.03.2026;22:00;UTC;22:15;UTC;16,2
20.03.2026;22:15;UTC;22:30;UTC;15,486
20.03.2026;22:30;UTC;22:45;UTC;14,042
20.03.2026;22:45;UTC;23:00;UTC;13,522
20.03.2026;23:00;UTC;23:15;UTC;15,125
20.03.2026;23:15;UTC;23:30;UTC;14,736
20.03.2026;23:30;UTC;23:45;UTC;13,903
20.03.2026;23:45;UTC;00:00;UTC;13,195
21.03.2026;00:00;UTC;00:15;UTC;14,863
21.03.2026;00:15;UTC;00:30;UTC;13,888
21.03.2026;00:30;UTC;00:45;UTC;13,375
21.03.2026;00:45;UTC;01:00;UTC;13,211
21.03.2026;01:00;UTC;01:15;UTC;14,277
21.03.2026;01:15;UTC;01:30;UTC;13,549
21.03.2026;01:30;UTC;01:45;UTC;13,262
21.03.2026;01:45;UTC;02:00;UTC;13,346
21.03.2026;02:00;UTC;02:15;UTC;13,202
21.03.2026;02:15;UTC;02:30;UTC;13,204
21.03.2026;02:30;UTC;02:45;UTC;13,228
21.03.2026;02:45;UTC;03:00;UTC;13,189
21.03.2026;03:00;UTC;03:15;UTC;13,134
21.03.2026;03:15;UTC;03:30;UTC;13,059
21.03.2026;03:30;UTC;03:45;UTC;13,141
21.03.2026;03:45;UTC;04:00;UTC;13,143
21.03.2026;04:00;UTC;04:15;UTC;13,563
21.03.2026;04:15;UTC;04:30;UTC;13,567
21.03.2026;04:30;UTC;04:45;UTC;13,845
21.03.2026;04:45;UTC;05:00;UTC;14,091
21.03.2026;05:00;UTC;05:15;UTC;14,07
21.03.2026;05:15;UTC;05:30;UTC;14,547
21.03.2026;05:30;UTC;05:45;UTC;14,163
21.03.2026;05:45;UTC;06:00;UTC;14,156
21.03.2026;06:00;UTC;06:15;UTC;15,104
21.03.2026;06:15;UTC;06:30;UTC;14,799
21.03.2026;06:30;UTC;06:45;UTC;13,867
21.03.2026;06:45;UTC;07:00;UTC;12,095
21.03.2026;07:00;UTC;07:15;UTC;14,331
21.03.2026;07:15;UTC;07:30;UTC;13,804
21.03.2026;07:30;UTC;07:45;UTC;12,07
21.03.2026;07:45;UTC;08:00;UTC;10,701
21.03.2026;08:00;UTC;08:15;UTC;10,98
21.03.2026;08:15;UTC;08:30;UTC;10,4
21.03.2026;08:30;UTC;08:45;UTC;9,638
21.03.2026;08:45;UTC;09:00;UTC;9,213
21.03.2026;09:00;UTC;09:15;UTC;10,001
21.03.2026;09:15;UTC;09:30;UTC;8,074
21.03.2026;09:30;UTC;09:45;UTC;6,816
21.03.2026;09:45;UTC;10:00;UTC;5,698
21.03.2026;10:00;UTC;10:15;UTC;6,263
21.03.2026;10:15;UTC;10:30;UTC;4,678
21.03.2026;10:30;UTC;10:45;UTC;4,041
21.03.2026;10:45;UTC;11:00;UTC;3,378
21.03.2026;11:00;UTC;11:15;UTC;3,287
21.03.2026;11:15;UTC;11:30;UTC;2,108
21.03.2026;11:30;UTC;11:45;UTC;2,001
21.03.2026;11:45;UTC;12:00;UTC;2
21.03.2026;12:00;UTC;12:15;UTC;2,041
21.03.2026;12:15;UTC;12:30;UTC;2,191
21.03.2026;12:30;UTC;12:45;UTC;2,476
21.03.2026;12:45;UTC;13:00;UTC;3
21.03.2026;13:00;UTC;13:15;UTC;4,274
21.03.2026;13:15;UTC;13:30;UTC;6,2
21.03.2026;13:30;UTC;13:45;UTC;6,826
21.03.2026;13:45;UTC;14:00;UTC;7,871
21.03.2026;14:00;UTC;14:15;UTC;7,67
21.03.2026;14:15;UTC;14:30;UTC;8,904
21.03.2026;14:30;UTC;14:45;UTC;9,049
21.03.2026;14:45;UTC;15:00;UTC;10,377
21.03.2026;15:00;UTC;15:15;UTC;9,626
21.03.2026;15:15;UTC;15:30;UTC;10,419
21.03.2026;15:30;UTC;15:45;UTC;12,353
21.03.2026;15:45;UTC;16:00;UTC;13,868
21.03.2026;16:00;UTC;16:15;UTC;12,276
21.03.2026;16:15;UTC;16:30;UTC;14,109
21.03.2026;16:30;UTC;16:45;UTC;15,649
21.03.2026;16:45;UTC;17:00;UTC;16,376
21.03.2026;17:00;UTC;17:15;UTC;16,148
21.03.2026;17:15;UTC;17:30;UTC;17,438
21.03.2026;17:30;UTC;17:45;UTC;17,745
21.03.2026;17:45;UTC;18:00;UTC;17,316
21.03.2026;18:00;UTC;18:15;UTC;18,971
21.03.2026;18:15;UTC;18:30;UTC;16,819
21.03.2026;18:30;UTC;18:45;UTC;15,355
21.03.2026;18:45;UTC;19:00;UTC;14,097
21.03.2026;19:00;UTC;19:15;UTC;15,673
21.03.2026;19:15;UTC;19:30;UTC;14,6
21.03.2026;19:30;UTC;19:45;UTC;13,51
21.03.2026;19:45;UTC;20:00;UTC;12,948
21.03.2026;20:00;UTC;20:15;UTC;13,103
21.03.2026;20:15;UTC;20:30;UTC;12,957
21.03.2026;20:30;UTC;20:45;UTC;12,562
21.03.2026;20:45;UTC;21:00;UTC;12,128
21.03.2026;21:00;UTC;21:15;UTC;12,793
21.03.2026;21:15;UTC;21:30;UTC;12,749
21.03.2026;21:30;UTC;21:45;UTC;11,71
21.03.2026;21:45;UTC;22:00;UTC;10,845
21.03.2026;22:00;UTC;22:15;UTC;12,119
21.03.2026;22:15;UTC;22:30;UTC;11,034
21.03.2026;22:30;UTC;22:45;UTC;10,366
21.03.2026;22:45;UTC;23:00;UTC;9,681
21.03.2026;23:00;UTC;23:15;UTC;10,454
21.03.2026;23:15;UTC;23:30;UTC;10,18
21.03.2026;23:30;UTC;23:45;UTC;9,981
21.03.2026;23:45;UTC;00:00;UTC;9,55
22.03.2026;00:00;UTC;00:15;UTC;9,856
22.03.2026;00:15;UTC;00:30;UTC;9,675
22.03.2026;00:30;UTC;00:45;UTC;9,493
22.03.2026;00:45;UTC;01:00;UTC;9,278
22.03.2026;01:00;UTC;01:15;UTC;9,559
22.03.2026;01:15;UTC;01:30;UTC;9,42
22.03.2026;01:30;UTC;01:45;UTC;9,398
22.03.2026;01:45;UTC;02:00;UTC;9,304
22.03.2026;02:00;UTC;02:15;UTC;9,567
22.03.2026;02:15;UTC;02:30;UTC;9,469
22.03.2026;02:30;UTC;02:45;UTC;9,519
22.03.2026;02:45;UTC;03:00;UTC;9,549
22.03.2026;03:00;UTC;03:15;UTC;9,751
22.03.2026;03:15;UTC;03:30;UTC;9,775
22.03.2026;03:30;UTC;03:45;UTC;9,905
22.03.2026;03:45;UTC;04:00;UTC;10,008
22.03.2026;04:00;UTC;04:15;UTC;10,021
22.03.2026;04:15;UTC;04:30;UTC;10,187
22.03.2026;04:30;UTC;04:45;UTC;10,288
22.03.2026;04:45;UTC;05:00;UTC;10,169
22.03.2026;05:00;UTC;05:15;UTC;10,28
22.03.2026;05:15;UTC;05:30;UTC;10,381
22.03.2026;05:30;UTC;05:45;UTC;10,218
22.03.2026;05:45;UTC;06:00;UTC;9,163
22.03.2026;06:00;UTC;06:15;UTC;11,751
22.03.2026;06:15;UTC;06:30;UTC;9,291
22.03.2026;06:30;UTC;06:45;UTC;7,863
22.03.2026;06:45;UTC;07:00;UTC;4,979
22.03.2026;07:00;UTC;07:15;UTC;8,075
22.03.2026;07:15;UTC;07:30;UTC;4,62
22.03.2026;07:30;UTC;07:45;UTC;2,637
22.03.2026;07:45;UTC;08:00;UTC;1,2
22.03.2026;08:00;UTC;08:15;UTC;1,99
22.03.2026;08:15;UTC;08:30;UTC;0,686
22.03.2026;08:30;UTC;08:45;UTC;0,043
22.03.2026;08:45;UTC;09:00;UTC;-0,01
22.03.2026;09:00;UTC;09:15;UTC;0
22.03.2026;09:15;UTC;09:30;UTC;-0,001
22.03.2026;09:30;UTC;09:45;UTC;-0,062
22.03.2026;09:45;UTC;10:00;UTC;-0,109
22.03.2026;10:00;UTC;10:15;UTC;-0,246
22.03.2026;10:15;UTC;10:30;UTC;-0,346
22.03.2026;10:30;UTC;10:45;UTC;-0,49
22.03.2026;10:45;UTC;11:00;UTC;-0,663
22.03.2026;11:00;UTC;11:15;UTC;-0,997
22.03.2026;11:15;UTC;11:30;UTC;-1,139
22.03.2026;11:30;UTC;11:45;UTC;-1,237
22.03.2026;11:45;UTC;12:00;UTC;-1,331
22.03.2026;12:00;UTC;12:15;UTC;-1,268
22.03.2026;12:15;UTC;12:30;UTC;-1,134
22.03.2026;12:30;UTC;12:45;UTC;-0,991
22.03.2026;12:45;UTC;13:00;UTC;-0,731
22.03.2026;13:00;UTC;13:15;UTC;-0,338
22.03.2026;13:15;UTC;13:30;UTC;-0,248
22.03.2026;13:30;UTC;13:45;UTC;-0,19
22.03.2026;13:45;UTC;14:00;UTC;-0,095
22.03.2026;14:00;UTC;14:15;UTC;-0,026
22.03.2026;14:15;UTC;14:30;UTC;0
22.03.2026;14:30;UTC;14:45;UTC;1,166
22.03.2026;14:45;UTC;15:00;UTC;3,36
22.03.2026;15:00;UTC;15:15;UTC;3,276
22.03.2026;15:15;UTC;15:30;UTC;7,985
22.03.2026;15:30;UTC;15:45;UTC;10,8
22.03.2026;15:45;UTC;16:00;UTC;15,2
22.03.2026;16:00;UTC;16:15;UTC;9,863
22.03.2026;16:15;UTC;16:30;UTC;14,18
22.03.2026;16:30;UTC;16:45;UTC;15,908
22.03.2026;16:45;UTC;17:00;UTC;18,303
22.03.2026;17:00;UTC;17:15;UTC;16,104
22.03.2026;17:15;UTC;17:30;UTC;17,426
22.03.2026;17:30;UTC;17:45;UTC;17,6
22.03.2026;17:45;UTC;18:00;UTC;18,546
22.03.2026;18:00;UTC;18:15;UTC;18,446
22.03.2026;18:15;UTC;18:30;UTC;18,17
22.03.2026;18:30;UTC;18:45;UTC;16,861
22.03.2026;18:45;UTC;19:00;UTC;15,876
22.03.2026;19:00;UTC;19:15;UTC;18,413
22.03.2026;19:15;UTC;19:30;UTC;16,714
22.03.2026;19:30;UTC;19:45;UTC;15,959
22.03.2026;19:45;UTC;20:00;UTC;14,807
22.03.2026;20:00;UTC;20:15;UTC;16,521
22.03.2026;20:15;UTC;20:30;UTC;15,825
22.03.2026;20:30;UTC;20:45;UTC;15,005
22.03.2026;20:45;UTC;21:00;UTC;14,8
22.03.2026;21:00;UTC;21:15;UTC;15,737
22.03.2026;21:15;UTC;21:30;UTC;14,999
22.03.2026;21:30;UTC;21:45;UTC;14,168
22.03.2026;21:45;UTC;22:00;UTC;13,815
22.03.2026;22:00;UTC;22:15;UTC;15,779
22.03.2026;22:15;UTC;22:30;UTC;14,762
22.03.2026;22:30;UTC;22:45;UTC;13,683
22.03.2026;22:45;UTC;23:00;UTC;13,178
22.03.2026;23:00;UTC;23:15;UTC;13,618
22.03.2026;23:15;UTC;23:30;UTC;13,306
22.03.2026;23:30;UTC;23:45;UTC;12,855
22.03.2026;23:45;UTC;00:00;UTC;12,676
23.03.2026;00:00;UTC;00:15;UTC;12,859
23.03.2026;00:15;UTC;00:30;UTC;12,775
23.03.2026;00:30;UTC;00:45;UTC;12,493
23.03.2026;00:45;UTC;01:00;UTC;12,233
23.03.2026;01:00;UTC;01:15;UTC;12,733
23.03.2026;01:15;UTC;01:30;UTC;12,44
23.03.2026;01:30;UTC;01:45;UTC;12,421
23.03.2026;01:45;UTC;02:00;UTC;12,47
23.03.2026;02:00;UTC;02:15;UTC;12,906
23.03.2026;02:15;UTC;02:30;UTC;12,631
23.03.2026;02:30;UTC;02:45;UTC;12,751
23.03.2026;02:45;UTC;03:00;UTC;13,147
23.03.2026;03:00;UTC;03:15;UTC;13,088
23.03.2026;03:15;UTC;03:30;UTC;13,682
23.03.2026;03:30;UTC;03:45;UTC;14,147
23.03.2026;03:45;UTC;04:00;UTC;14,39
23.03.2026;04:00;UTC;04:15;UTC;14,008
23.03.2026;04:15;UTC;04:30;UTC;14,826
23.03.2026;04:30;UTC;04:45;UTC;16,406
23.03.2026;04:45;UTC;05:00;UTC;17,048
23.03.2026;05:00;UTC;05:15;UTC;16,188
23.03.2026;05:15;UTC;05:30;UTC;18,186
23.03.2026;05:30;UTC;05:45;UTC;19,341
23.03.2026;05:45;UTC;06:00;UTC;19,201
23.03.2026;06:00;UTC;06:15;UTC;23,064
23.03.2026;06:15;UTC;06:30;UTC;19,009
23.03.2026;06:30;UTC;06:45;UTC;18,157
23.03.2026;06:45;UTC;07:00;UTC;14,244
23.03.2026;07:00;UTC;07:15;UTC;19,999
23.03.2026;07:15;UTC;07:30;UTC;15,977
23.03.2026;07:30;UTC;07:45;UTC;12,903
23.03.2026;07:45;UTC;08:00;UTC;10,163
23.03.2026;08:00;UTC;08:15;UTC;13,521
23.03.2026;08:15;UTC;08:30;UTC;10,491
23.03.2026;08:30;UTC;08:45;UTC;10,955
23.03.2026;08:45;UTC;09:00;UTC;8,233
23.03.2026;09:00;UTC;09:15;UTC;10,737
23.03.2026;09:15;UTC;09:30;UTC;8,53
23.03.2026;09:30;UTC;09:45;UTC;7,658
23.03.2026;09:45;UTC;10:00;UTC;5,648
23.03.2026;10:00;UTC;10:15;UTC;6,713
23.03.2026;10:15;UTC;10:30;UTC;5,055
23.03.2026;10:30;UTC;10:45;UTC;3,856
23.03.2026;10:45;UTC;11:00;UTC;3,609
23.03.2026;11:00;UTC;11:15;UTC;3,761
23.03.2026;11:15;UTC;11:30;UTC;4,432
23.03.2026;11:30;UTC;11:45;UTC;5,137
23.03.2026;11:45;UTC;12:00;UTC;6,372
23.03.2026;12:00;UTC;12:15;UTC;5,668
23.03.2026;12:15;UTC;12:30;UTC;6,88
23.03.2026;12:30;UTC;12:45;UTC;8,318
23.03.2026;12:45;UTC;13:00;UTC;9,084
23.03.2026;13:00;UTC;13:15;UTC;8,25
23.03.2026;13:15;UTC;13:30;UTC;9,046
23.03.2026;13:30;UTC;13:45;UTC;9,974
23.03.2026;13:45;UTC;14:00;UTC;10,722
23.03.2026;14:00;UTC;14:15;UTC;9,31
23.03.2026;14:15;UTC;14:30;UTC;10,716
23.03.2026;14:30;UTC;14:45;UTC;11,855
23.03.2026;14:45;UTC;15:00;UTC;13,9
23.03.2026;15:00;UTC;15:15;UTC;10,221
23.03.2026;15:15;UTC;15:30;UTC;13,2
23.03.2026;15:30;UTC;15:45;UTC;14,931
23.03.2026;15:45;UTC;16:00;UTC;17,065
23.03.2026;16:00;UTC;16:15;UTC;13,2
23.03.2026;16:15;UTC;16:30;UTC;16,868
23.03.2026;16:30;UTC;16:45;UTC;19,58
23.03.2026;16:45;UTC;17:00;UTC;26,662
23.03.2026;17:00;UTC;17:15;UTC;19,599
23.03.2026;17:15;UTC;17:30;UTC;26,066
23.03.2026;17:30;UTC;17:45;UTC;28,519
23.03.2026;17:45;UTC;18:00;UTC;31,02
23.03.2026;18:00;UTC;18:15;UTC;26,795
23.03.2026;18:15;UTC;18:30;UTC;24,497
23.03.2026;18:30;UTC;18:45;UTC;23,592
23.03.2026;18:45;UTC;19:00;UTC;21,74
23.03.2026;19:00;UTC;19:15;UTC;24,66
23.03.2026;19:15;UTC;19:30;UTC;21,674
23.03.2026;19:30;UTC;19:45;UTC;18,791
23.03.2026;19:45;UTC;20:00;UTC;17,51
23.03.2026;20:00;UTC;20:15;UTC;21,955
23.03.2026;20:15;UTC;20:30;UTC;18,248
23.03.2026;20:30;UTC;20:45;UTC;15,896
23.03.2026;20:45;UTC;21:00;UTC;14,829
23.03.2026;21:00;UTC;21:15;UTC;16,9
23.03.2026;21:15;UTC;21:30;UTC;15,424
23.03.2026;21:30;UTC;21:45;UTC;15,199
23.03.2026;21:45;UTC;22:00;UTC;14,773
23.03.2026;22:00;UTC;22:15;UTC;15,295
23.03.2026;22:15;UTC;22:30;UTC;14,417
23.03.2026;22:30;UTC;22:45;UTC;13,815
23.03.2026;22:45;UTC;23:00;UTC;12,653
23.03.2026;23:00;UTC;23:15;UTC;14,9
23.03.2026;23:15;UTC;23:30;UTC;14,568
23.03.2026;23:30;UTC;23:45;UTC;13,656
23.03.2026;23:45;UTC;00:00;UTC;13,301
24.03.2026;00:00;UTC;00:15;UTC;13,906
24.03.2026;00:15;UTC;00:30;UTC;13,012
24.03.2026;00:30;UTC;00:45;UTC;11,653
24.03.2026;00:45;UTC;01:00;UTC;11,156
24.03.2026;01:00;UTC;01:15;UTC;11,926
24.03.2026;01:15;UTC;01:30;UTC;11,157
24.03.2026;01:30;UTC;01:45;UTC;10,622
24.03.2026;01:45;UTC;02:00;UTC;10,294
24.03.2026;02:00;UTC;02:15;UTC;10,708
24.03.2026;02:15;UTC;02:30;UTC;10,154
24.03.2026;02:30;UTC;02:45;UTC;9,936
24.03.2026;02:45;UTC;03:00;UTC;9,858
24.03.2026;03:00;UTC;03:15;UTC;10,046
24.03.2026;03:15;UTC;03:30;UTC;9,917
24.03.2026;03:30;UTC;03:45;UTC;10,156
24.03.2026;03:45;UTC;04:00;UTC;10,031
24.03.2026;04:00;UTC;04:15;UTC;9,822
24.03.2026;04:15;UTC;04:30;UTC;9,7
24.03.2026;04:30;UTC;04:45;UTC;9,903
24.03.2026;04:45;UTC;05:00;UTC;10,964
24.03.2026;05:00;UTC;05:15;UTC;10,708
24.03.2026;05:15;UTC;05:30;UTC;11,13
24.03.2026;05:30;UTC;05:45;UTC;11,357
24.03.2026;05:45;UTC;06:00;UTC;11,132
24.03.2026;06:00;UTC;06:15;UTC;13,41
24.03.2026;06:15;UTC;06:30;UTC;12,044
24.03.2026;06:30;UTC;06:45;UTC;10,658
24.03.2026;06:45;UTC;07:00;UTC;9,107
24.03.2026;07:00;UTC;07:15;UTC;13,208
24.03.2026;07:15;UTC;07:30;UTC;10,346
24.03.2026;07:30;UTC;07:45;UTC;8,99
24.03.2026;07:45;UTC;08:00;UTC;6,439
24.03.2026;08:00;UTC;08:15;UTC;9,955
24.03.2026;08:15;UTC;08:30;UTC;8,022
24.03.2026;08:30;UTC;08:45;UTC;6,472
24.03.2026;08:45;UTC;09:00;UTC;3,913
24.03.2026;09:00;UTC;09:15;UTC;5,764
24.03.2026;09:15;UTC;09:30;UTC;2,332
24.03.2026;09:30;UTC;09:45;UTC;1,004
24.03.2026;09:45;UTC;10:00;UTC;0,391
24.03.2026;10:00;UTC;10:15;UTC;0,45
24.03.2026;10:15;UTC;10:30;UTC;0,03
24.03.2026;10:30;UTC;10:45;UTC;-0,001
24.03.2026;10:45;UTC;11:00;UTC;-0,001
24.03.2026;11:00;UTC;11:15;UTC;0
24.03.2026;11:15;UTC;11:30;UTC;-0,001
24.03.2026;11:30;UTC;11:45;UTC;-0,001
24.03.2026;11:45;UTC;12:00;UTC;-0,002
24.03.2026;12:00;UTC;12:15;UTC;-0,004
24.03.2026;12:15;UTC;12:30;UTC;-0,002
24.03.2026;12:30;UTC;12:45;UTC;-0,001
24.03.2026;12:45;UTC;13:00;UTC;-0,001
24.03.2026;13:00;UTC;13:15;UTC;-0,002
24.03.2026;13:15;UTC;13:30;UTC;-0,001
24.03.2026;13:30;UTC;13:45;UTC;0
24.03.2026;13:45;UTC;14:00;UTC;0,002
24.03.2026;14:00;UTC;14:15;UTC;0,104
24.03.2026;14:15;UTC;14:30;UTC;0,777
24.03.2026;14:30;UTC;14:45;UTC;1,497
24.03.2026;14:45;UTC;15:00;UTC;5,621
24.03.2026;15:00;UTC;15:15;UTC;3,393
24.03.2026;15:15;UTC;15:30;UTC;6,679
24.03.2026;15:30;UTC;15:45;UTC;10,101
24.03.2026;15:45;UTC;16:00;UTC;10,8
24.03.2026;16:00;UTC;16:15;UTC;9,131
24.03.2026;16:15;UTC;16:30;UTC;10,101
24.03.2026;16:30;UTC;16:45;UTC;11,87
24.03.2026;16:45;UTC;17:00;UTC;14,034
24.03.2026;17:00;UTC;17:15;UTC;13
24.03.2026;17:15;UTC;17:30;UTC;14,1
24.03.2026;17:30;UTC;17:45;UTC;13,136
24.03.2026;17:45;UTC;18:00;UTC;14,101
24.03.2026;18:00;UTC;18:15;UTC;14,799
24.03.2026;18:15;UTC;18:30;UTC;13,168
24.03.2026;18:30;UTC;18:45;UTC;13,96
24.03.2026;18:45;UTC;19:00;UTC;13,27
24.03.2026;19:00;UTC;19:15;UTC;12,908
24.03.2026;19:15;UTC;19:30;UTC;10,647
24.03.2026;19:30;UTC;19:45;UTC;9,082
24.03.2026;19:45;UTC;20:00;UTC;7,803
24.03.2026;20:00;UTC;20:15;UTC;9,198
24.03.2026;20:15;UTC;20:30;UTC;8,604
24.03.2026;20:30;UTC;20:45;UTC;6,861
24.03.2026;20:45;UTC;21:00;UTC;5,136
24.03.2026;21:00;UTC;21:15;UTC;8,666
24.03.2026;21:15;UTC;21:30;UTC;7,815
24.03.2026;21:30;UTC;21:45;UTC;6,434
24.03.2026;21:45;UTC;22:00;UTC;3,526
24.03.2026;22:00;UTC;22:15;UTC;4,554
24.03.2026;22:15;UTC;22:30;UTC;1,751
24.03.2026;22:30;UTC;22:45;UTC;1,659
24.03.2026;22:45;UTC;23:00;UTC;0,875
24.03.2026;23:00;UTC;23:15;UTC;0,3
24.03.2026;23:15;UTC;23:30;UTC;0,24
24.03.2026;23:30;UTC;23:45;UTC;0,178
24.03.2026;23:45;UTC;00:00;UTC;0,006
25.03.2026;00:00;UTC;00:15;UTC;0,136
25.03.2026;00:15;UTC;00:30;UTC;0,01
25.03.2026;00:30;UTC;00:45;UTC;0,001
25.03.2026;00:45;UTC;01:00;UTC;0
25.03.2026;01:00;UTC;01:15;UTC;0
25.03.2026;01:15;UTC;01:30;UTC;0
25.03.2026;01:30;UTC;01:45;UTC;0
25.03.2026;01:45;UTC;02:00;UTC;-0,001
25.03.2026;02:00;UTC;02:15;UTC;-0,001
25.03.2026;02:15;UTC;02:30;UTC;-0,001
25.03.2026;02:30;UTC;02:45;UTC;-0,001
25.03.2026;02:45;UTC;03:00;UTC;-0,001
25.03.2026;03:00;UTC;03:15;UTC;-0,001
25.03.2026;03:15;UTC;03:30;UTC;-0,001
25.03.2026;03:30;UTC;03:45;UTC;0
25.03.2026;03:45;UTC;04:00;UTC;0
25.03.2026;04:00;UTC;04:15;UTC;0
25.03.2026;04:15;UTC;04:30;UTC;0
25.03.2026;04:30;UTC;04:45;UTC;0,01
25.03.2026;04:45;UTC;05:00;UTC;0,136
25.03.2026;05:00;UTC;05:15;UTC;0,245
25.03.2026;05:15;UTC;05:30;UTC;0,281
25.03.2026;05:30;UTC;05:45;UTC;0,48
25.03.2026;05:45;UTC;06:00;UTC;0,451
25.03.2026;06:00;UTC;06:15;UTC;1,187
25.03.2026;06:15;UTC;06:30;UTC;1
25.03.2026;06:30;UTC;06:45;UTC;0,961
25.03.2026;06:45;UTC;07:00;UTC;0,413
25.03.2026;07:00;UTC;07:15;UTC;0,361
25.03.2026;07:15;UTC;07:30;UTC;0,002
25.03.2026;07:30;UTC;07:45;UTC;0
25.03.2026;07:45;UTC;08:00;UTC;0
25.03.2026;08:00;UTC;08:15;UTC;0
25.03.2026;08:15;UTC;08:30;UTC;-0,001
25.03.2026;08:30;UTC;08:45;UTC;-0,004
25.03.2026;08:45;UTC;09:00;UTC;-0,007
25.03.2026;09:00;UTC;09:15;UTC;-0,001
25.03.2026;09:15;UTC;09:30;UTC;-0,002
25.03.2026;09:30;UTC;09:45;UTC;-0,004
25.03.2026;09:45;UTC;10:00;UTC;-0,004
25.03.2026;10:00;UTC;10:15;UTC;-0,001
25.03.2026;10:15;UTC;10:30;UTC;-0,001
25.03.2026;10:30;UTC;10:45;UTC;-0,001
25.03.2026;10:45;UTC;11:00;UTC;-0,001
25.03.2026;11:00;UTC;11:15;UTC;-0,001
25.03.2026;11:15;UTC;11:30;UTC;-0,001
25.03.2026;11:30;UTC;11:45;UTC;-0,001
25.03.2026;11:45;UTC;12:00;UTC;-0,001
25.03.2026;12:00;UTC;12:15;UTC;-0,001
25.03.2026;12:15;UTC;12:30;UTC;-0,001
25.03.2026;12:30;UTC;12:45;UTC;-0,001
25.03.2026;12:45;UTC;13:00;UTC;-0,001
25.03.2026;13:00;UTC;13:15;UTC;-0,001
25.03.2026;13:15;UTC;13:30;UTC;0
25.03.2026;13:30;UTC;13:45;UTC;0
25.03.2026;13:45;UTC;14:00;UTC;0,004
25.03.2026;14:00;UTC;14:15;UTC;0,01
25.03.2026;14:15;UTC;14:30;UTC;0,318
25.03.2026;14:30;UTC;14:45;UTC;0,575
25.03.2026;14:45;UTC;15:00;UTC;1,007
25.03.2026;15:00;UTC;15:15;UTC;1,007
25.03.2026;15:15;UTC;15:30;UTC;2,008
25.03.2026;15:30;UTC;15:45;UTC;5,002
25.03.2026;15:45;UTC;16:00;UTC;8,744
25.03.2026;16:00;UTC;16:15;UTC;7,141
25.03.2026;16:15;UTC;16:30;UTC;9,294
25.03.2026;16:30;UTC;16:45;UTC;10,841
25.03.2026;16:45;UTC;17:00;UTC;12,259
25.03.2026;17:00;UTC;17:15;UTC;11,082
25.03.2026;17:15;UTC;17:30;UTC;11,581
25.03.2026;17:30;UTC;17:45;UTC;14,262
25.03.2026;17:45;UTC;18:00;UTC;17,007
25.03.2026;18:00;UTC;18:15;UTC;17,534
25.03.2026;18:15;UTC;18:30;UTC;16,729
25.03.2026;18:30;UTC;18:45;UTC;15,372
25.03.2026;18:45;UTC;19:00;UTC;15,135
25.03.2026;19:00;UTC;19:15;UTC;15,267
25.03.2026;19:15;UTC;19:30;UTC;14,292
25.03.2026;19:30;UTC;19:45;UTC;12,772
25.03.2026;19:45;UTC;20:00;UTC;11,632
25.03.2026;20:00;UTC;20:15;UTC;12,258
25.03.2026;20:15;UTC;20:30;UTC;12,002
25.03.2026;20:30;UTC;20:45;UTC;11,223
25.03.2026;20:45;UTC;21:00;UTC;10,301
25.03.2026;21:00;UTC;21:15;UTC;11,203
25.03.2026;21:15;UTC;21:30;UTC;11,089
25.03.2026;21:30;UTC;21:45;UTC;11,017
25.03.2026;21:45;UTC;22:00;UTC;9,931
25.03.2026;22:00;UTC;22:15;UTC;10,292
25.03.2026;22:15;UTC;22:30;UTC;8,867
25.03.2026;22:30;UTC;22:45;UTC;8,765
25.03.2026;22:45;UTC;23:00;UTC;7,597
25.03.2026;23:00;UTC;23:15;UTC;10,68
25.03.2026;23:15;UTC;23:30;UTC;10,125
25.03.2026;23:30;UTC;23:45;UTC;9,699
25.03.2026;23:45;UTC;00:00;UTC;9,351
26.03.2026;00:00;UTC;00:15;UTC;9,966
26.03.2026;00:15;UTC;00:30;UTC;9,653
26.03.2026;00:30;UTC;00:45;UTC;9,288
26.03.2026;00:45;UTC;01:00;UTC;9,122
26.03.2026;01:00;UTC;01:15;UTC;9,275
26.03.2026;01:15;UTC;01:30;UTC;9,057
26.03.2026;01:30;UTC;01:45;UTC;9,096
26.03.2026;01:45;UTC;02:00;UTC;9,214
26.03.2026;02:00;UTC;02:15;UTC;9,414
26.03.2026;02:15;UTC;02:30;UTC;9,167
26.03.2026;02:30;UTC;02:45;UTC;9,725
26.03.2026;02:45;UTC;03:00;UTC;9,642
26.03.2026;03:00;UTC;03:15;UTC;9,549
26.03.2026;03:15;UTC;03:30;UTC;9,666
26.03.2026;03:30;UTC;03:45;UTC;9,776
26.03.2026;03:45;UTC;04:00;UTC;10,04
26.03.2026;04:00;UTC;04:15;UTC;9,8
26.03.2026;04:15;UTC;04:30;UTC;9,747
26.03.2026;04:30;UTC;04:45;UTC;11,021
26.03.2026;04:45;UTC;05:00;UTC;11,539
26.03.2026;05:00;UTC;05:15;UTC;10,393
26.03.2026;05:15;UTC;05:30;UTC;12,27
26.03.2026;05:30;UTC;05:45;UTC;12,758
26.03.2026;05:45;UTC;06:00;UTC;12,691
26.03.2026;06:00;UTC;06:15;UTC;14,531
26.03.2026;06:15;UTC;06:30;UTC;14,809
26.03.2026;06:30;UTC;06:45;UTC;13,393
26.03.2026;06:45;UTC;07:00;UTC;12,205
26.03.2026;07:00;UTC;07:15;UTC;15,12
26.03.2026;07:15;UTC;07:30;UTC;13,945
26.03.2026;07:30;UTC;07:45;UTC;11,664
26.03.2026;07:45;UTC;08:00;UTC;9,587
26.03.2026;08:00;UTC;08:15;UTC;11,205
26.03.2026;08:15;UTC;08:30;UTC;8,931
26.03.2026;08:30;UTC;08:45;UTC;7,775
26.03.2026;08:45;UTC;09:00;UTC;7,055
26.03.2026;09:00;UTC;09:15;UTC;7,908
26.03.2026;09:15;UTC;09:30;UTC;4,956
26.03.2026;09:30;UTC;09:45;UTC;2,378
26.03.2026;09:45;UTC;10:00;UTC;1,499
26.03.2026;10:00;UTC;10:15;UTC;2,007
26.03.2026;10:15;UTC;10:30;UTC;1,5
26.03.2026;10:30;UTC;10:45;UTC;1,006
26.03.2026;10:45;UTC;11:00;UTC;0,983
26.03.2026;11:00;UTC;11:15;UTC;0,662
26.03.2026;11:15;UTC;11:30;UTC;0,462
26.03.2026;11:30;UTC;11:45;UTC;0,109
26.03.2026;11:45;UTC;12:00;UTC;0,015
26.03.2026;12:00;UTC;12:15;UTC;0,112
26.03.2026;12:15;UTC;12:30;UTC;0,02
26.03.2026;12:30;UTC;12:45;UTC;0,014
26.03.2026;12:45;UTC;13:00;UTC;0,106
26.03.2026;13:00;UTC;13:15;UTC;0,022
26.03.2026;13:15;UTC;13:30;UTC;0,251
26.03.2026;13:30;UTC;13:45;UTC;0,879
26.03.2026;13:45;UTC;14:00;UTC;1,209
26.03.2026;14:00;UTC;14:15;UTC;1
26.03.2026;14:15;UTC;14:30;UTC;2,007
26.03.2026;14:30;UTC;14:45;UTC;4,002
26.03.2026;14:45;UTC;15:00;UTC;7,965
26.03.2026;15:00;UTC;15:15;UTC;3,868
26.03.2026;15:15;UTC;15:30;UTC;7,368
26.03.2026;15:30;UTC;15:45;UTC;8,007
26.03.2026;15:45;UTC;16:00;UTC;11,084
26.03.2026;16:00;UTC;16:15;UTC;7,686
26.03.2026;16:15;UTC;16:30;UTC;10,909
26.03.2026;16:30;UTC;16:45;UTC;12,818
26.03.2026;16:45;UTC;17:00;UTC;14,956
26.03.2026;17:00;UTC;17:15;UTC;13,144
26.03.2026;17:15;UTC;17:30;UTC;14,725
26.03.2026;17:30;UTC;17:45;UTC;16,079
26.03.2026;17:45;UTC;18:00;UTC;18,219
26.03.2026;18:00;UTC;18:15;UTC;16,447
26.03.2026;18:15;UTC;18:30;UTC;16,801
26.03.2026;18:30;UTC;18:45;UTC;16,97
26.03.2026;18:45;UTC;19:00;UTC;16,67
26.03.2026;19:00;UTC;19:15;UTC;17,1
26.03.2026;19:15;UTC;19:30;UTC;15,566
26.03.2026;19:30;UTC;19:45;UTC;14,776
26.03.2026;19:45;UTC;20:00;UTC;14,056
26.03.2026;20:00;UTC;20:15;UTC;14,693
26.03.2026;20:15;UTC;20:30;UTC;13,295
26.03.2026;20:30;UTC;20:45;UTC;12,382
26.03.2026;20:45;UTC;21:00;UTC;11,832
26.03.2026;21:00;UTC;21:15;UTC;13,107
26.03.2026;21:15;UTC;21:30;UTC;12,151
26.03.2026;21:30;UTC;21:45;UTC;12,414
26.03.2026;21:45;UTC;22:00;UTC;12,077
26.03.2026;22:00;UTC;22:15;UTC;12,377
26.03.2026;22:15;UTC;22:30;UTC;11,406
26.03.2026;22:30;UTC;22:45;UTC;11,594
26.03.2026;22:45;UTC;23:00;UTC;10,633
26.03.2026;23:00;UTC;23:15;UTC;12,451
26.03.2026;23:15;UTC;23:30;UTC;12,029
26.03.2026;23:30;UTC;23:45;UTC;11,714
26.03.2026;23:45;UTC;00:00;UTC;11,563
27.03.2026;00:00;UTC;00:15;UTC;12,215
27.03.2026;00:15;UTC;00:30;UTC;11,94
27.03.2026;00:30;UTC;00:45;UTC;11,933
27.03.2026;00:45;UTC;01:00;UTC;11,712
27.03.2026;01:00;UTC;01:15;UTC;12,092
27.03.2026;01:15;UTC;01:30;UTC;11,814
27.03.2026;01:30;UTC;01:45;UTC;11,53
27.03.2026;01:45;UTC;02:00;UTC;11,501
27.03.2026;02:00;UTC;02:15;UTC;11,65
27.03.2026;02:15;UTC;02:30;UTC;11,949
27.03.2026;02:30;UTC;02:45;UTC;11,7
27.03.2026;02:45;UTC;03:00;UTC;11,834
27.03.2026;03:00;UTC;03:15;UTC;11,767
27.03.2026;03:15;UTC;03:30;UTC;11,873
27.03.2026;03:30;UTC;03:45;UTC;12,093
27.03.2026;03:45;UTC;04:00;UTC;12,366
27.03.2026;04:00;UTC;04:15;UTC;11,98
27.03.2026;04:15;UTC;04:30;UTC;12,9
27.03.2026;04:30;UTC;04:45;UTC;14,399
27.03.2026;04:45;UTC;05:00;UTC;15,306
27.03.2026;05:00;UTC;05:15;UTC;15,22
27.03.2026;05:15;UTC;05:30;UTC;16,899
27.03.2026;05:30;UTC;05:45;UTC;17,91
27.03.2026;05:45;UTC;06:00;UTC;19,023
27.03.2026;06:00;UTC;06:15;UTC;20,374
27.03.2026;06:15;UTC;06:30;UTC;19,136
27.03.2026;06:30;UTC;06:45;UTC;17,092
27.03.2026;06:45;UTC;07:00;UTC;13,956
27.03.2026;07:00;UTC;07:15;UTC;19,419
27.03.2026;07:15;UTC;07:30;UTC;15,14
27.03.2026;07:30;UTC;07:45;UTC;13,677
27.03.2026;07:45;UTC;08:00;UTC;10,787
27.03.2026;08:00;UTC;08:15;UTC;13,641
27.03.2026;08:15;UTC;08:30;UTC;12,221
27.03.2026;08:30;UTC;08:45;UTC;10,938
27.03.2026;08:45;UTC;09:00;UTC;8,801
27.03.2026;09:00;UTC;09:15;UTC;10,121
27.03.2026;09:15;UTC;09:30;UTC;9,013
27.03.2026;09:30;UTC;09:45;UTC;8,653
27.03.2026;09:45;UTC;10:00;UTC;7,117
27.03.2026;10:00;UTC;10:15;UTC;8,531
27.03.2026;10:15;UTC;10:30;UTC;7,793
27.03.2026;10:30;UTC;10:45;UTC;6,883
27.03.2026;10:45;UTC;11:00;UTC;5,917
27.03.2026;11:00;UTC;11:15;UTC;7,074
27.03.2026;11:15;UTC;11:30;UTC;6,499
27.03.2026;11:30;UTC;11:45;UTC;6,101
27.03.2026;11:45;UTC;12:00;UTC;5,654
27.03.2026;12:00;UTC;12:15;UTC;6,121
27.03.2026;12:15;UTC;12:30;UTC;5,919
27.03.2026;12:30;UTC;12:45;UTC;5,79
27.03.2026;12:45;UTC;13:00;UTC;6,01
27.03.2026;13:00;UTC;13:15;UTC;5,827
27.03.2026;13:15;UTC;13:30;UTC;6,762
27.03.2026;13:30;UTC;13:45;UTC;8,23
27.03.2026;13:45;UTC;14:00;UTC;8,811
27.03.2026;14:00;UTC;14:15;UTC;7,883
27.03.2026;14:15;UTC;14:30;UTC;9,199
27.03.2026;14:30;UTC;14:45;UTC;9,532
27.03.2026;14:45;UTC;15:00;UTC;10,315
27.03.2026;15:00;UTC;15:15;UTC;9,064
27.03.2026;15:15;UTC;15:30;UTC;10,002
27.03.2026;15:30;UTC;15:45;UTC;10,098
27.03.2026;15:45;UTC;16:00;UTC;12,069
27.03.2026;16:00;UTC;16:15;UTC;10,561
27.03.2026;16:15;UTC;16:30;UTC;13,077
27.03.2026;16:30;UTC;16:45;UTC;14,659
27.03.2026;16:45;UTC;17:00;UTC;17,323
27.03.2026;17:00;UTC;17:15;UTC;14,581
27.03.2026;17:15;UTC;17:30;UTC;15,9
27.03.2026;17:30;UTC;17:45;UTC;16,346
27.03.2026;17:45;UTC;18:00;UTC;16,746
27.03.2026;18:00;UTC;18:15;UTC;19,298
27.03.2026;18:15;UTC;18:30;UTC;17,761
27.03.2026;18:30;UTC;18:45;UTC;15,825
27.03.2026;18:45;UTC;19:00;UTC;14,414
27.03.2026;19:00;UTC;19:15;UTC;17,49
27.03.2026;19:15;UTC;19:30;UTC;15,014
27.03.2026;19:30;UTC;19:45;UTC;12,752
27.03.2026;19:45;UTC;20:00;UTC;11,9
27.03.2026;20:00;UTC;20:15;UTC;12,413
27.03.2026;20:15;UTC;20:30;UTC;12,25
27.03.2026;20:30;UTC;20:45;UTC;11,978
27.03.2026;20:45;UTC;21:00;UTC;10,957
27.03.2026;21:00;UTC;21:15;UTC;12,31
27.03.2026;21:15;UTC;21:30;UTC;11,79
27.03.2026;21:30;UTC;21:45;UTC;11,759
27.03.2026;21:45;UTC;22:00;UTC;10,805
27.03.2026;22:00;UTC;22:15;UTC;11,365
27.03.2026;22:15;UTC;22:30;UTC;10,689
27.03.2026;22:30;UTC;22:45;UTC;10,525
27.03.2026;22:45;UTC;23:00;UTC;9,826
27.03.2026;23:00;UTC;23:15;UTC;9,761
27.03.2026;23:15;UTC;23:30;UTC;9,904
27.03.2026;23:30;UTC;23:45;UTC;9,425
27.03.2026;23:45;UTC;00:00;UTC;8,964
28.03.2026;00:00;UTC;00:15;UTC;9,6
28.03.2026;00:15;UTC;00:30;UTC;9,33
28.03.2026;00:30;UTC;00:45;UTC;9,164
28.03.2026;00:45;UTC;01:00;UTC;8,972
28.03.2026;01:00;UTC;01:15;UTC;9,209
28.03.2026;01:15;UTC;01:30;UTC;8,974
28.03.2026;01:30;UTC;01:45;UTC;8,86
28.03.2026;01:45;UTC;02:00;UTC;8,776
28.03.2026;02:00;UTC;02:15;UTC;8,756
28.03.2026;02:15;UTC;02:30;UTC;8,743
28.03.2026;02:30;UTC;02:45;UTC;8,711
28.03.2026;02:45;UTC;03:00;UTC;8,695
28.03.2026;03:00;UTC;03:15;UTC;8,753
28.03.2026;03:15;UTC;03:30;UTC;8,794
28.03.2026;03:30;UTC;03:45;UTC;8,818
28.03.2026;03:45;UTC;04:00;UTC;8,882
28.03.2026;04:00;UTC;04:15;UTC;8,853
28.03.2026;04:15;UTC;04:30;UTC;8,995
28.03.2026;04:30;UTC;04:45;UTC;9,285
28.03.2026;04:45;UTC;05:00;UTC;9,512
28.03.2026;05:00;UTC;05:15;UTC;9,102
28.03.2026;05:15;UTC;05:30;UTC;9,074
28.03.2026;05:30;UTC;05:45;UTC;8,799
28.03.2026;05:45;UTC;06:00;UTC;8,193
28.03.2026;06:00;UTC;06:15;UTC;8,916
28.03.2026;06:15;UTC;06:30;UTC;8,024
28.03.2026;06:30;UTC;06:45;UTC;7,912
28.03.2026;06:45;UTC;07:00;UTC;6,822
28.03.2026;07:00;UTC;07:15;UTC;8,069
28.03.2026;07:15;UTC;07:30;UTC;7,552
28.03.2026;07:30;UTC;07:45;UTC;6,746
28.03.2026;07:45;UTC;08:00;UTC;4,953
28.03.2026;08:00;UTC;08:15;UTC;7,616
28.03.2026;08:15;UTC;08:30;UTC;4,919
28.03.2026;08:30;UTC;08:45;UTC;4,089
28.03.2026;08:45;UTC;09:00;UTC;1,339
28.03.2026;09:00;UTC;09:15;UTC;3,694
28.03.2026;09:15;UTC;09:30;UTC;1,679
28.03.2026;09:30;UTC;09:45;UTC;0,99
28.03.2026;09:45;UTC;10:00;UTC;0,67
28.03.2026;10:00;UTC;10:15;UTC;0,905
28.03.2026;10:15;UTC;10:30;UTC;0,804
28.03.2026;10:30;UTC;10:45;UTC;0,713
28.03.2026;10:45;UTC;11:00;UTC;0,635
28.03.2026;11:00;UTC;11:15;UTC;0,7
28.03.2026;11:15;UTC;11:30;UTC;0,492
28.03.2026;11:30;UTC;11:45;UTC;0,643
28.03.2026;11:45;UTC;12:00;UTC;0,843
28.03.2026;12:00;UTC;12:15;UTC;0,64
28.03.2026;12:15;UTC;12:30;UTC;0,67
28.03.2026;12:30;UTC;12:45;UTC;0,852
28.03.2026;12:45;UTC;13:00;UTC;0,977
28.03.2026;13:00;UTC;13:15;UTC;0,797
28.03.2026;13:15;UTC;13:30;UTC;1
28.03.2026;13:30;UTC;13:45;UTC;2,504
28.03.2026;13:45;UTC;14:00;UTC;3,889
28.03.2026;14:00;UTC;14:15;UTC;2,404
28.03.2026;14:15;UTC;14:30;UTC;4,5
28.03.2026;14:30;UTC;14:45;UTC;6,358
28.03.2026;14:45;UTC;15:00;UTC;8,435
28.03.2026;15:00;UTC;15:15;UTC;6,035
28.03.2026;15:15;UTC;15:30;UTC;7,412
28.03.2026;15:30;UTC;15:45;UTC;8,84
28.03.2026;15:45;UTC;16:00;UTC;10,134
28.03.2026;16:00;UTC;16:15;UTC;8,944
28.03.2026;16:15;UTC;16:30;UTC;9,989
28.03.2026;16:30;UTC;16:45;UTC;12,231
28.03.2026;16:45;UTC;17:00;UTC;12,972
28.03.2026;17:00;UTC;17:15;UTC;12,442
28.03.2026;17:15;UTC;17:30;UTC;13,46
28.03.2026;17:30;UTC;17:45;UTC;14,135
28.03.2026;17:45;UTC;18:00;UTC;15,533
28.03.2026;18:00;UTC;18:15;UTC;15,8
28.03.2026;18:15;UTC;18:30;UTC;15,634
28.03.2026;18:30;UTC;18:45;UTC;15,496
28.03.2026;18:45;UTC;19:00;UTC;14,698
28.03.2026;19:00;UTC;19:15;UTC;16,179
28.03.2026;19:15;UTC;19:30;UTC;14,89
28.03.2026;19:30;UTC;19:45;UTC;13,735
28.03.2026;19:45;UTC;20:00;UTC;12,777
28.03.2026;20:00;UTC;20:15;UTC;14,114
28.03.2026;20:15;UTC;20:30;UTC;13,219
28.03.2026;20:30;UTC;20:45;UTC;12,826
28.03.2026;20:45;UTC;21:00;UTC;12,479
28.03.2026;21:00;UTC;21:15;UTC;12,751
28.03.2026;21:15;UTC;21:30;UTC;12,687
28.03.2026;21:30;UTC;21:45;UTC;12,601
28.03.2026;21:45;UTC;22:00;UTC;12,093
28.03.2026;22:00;UTC;22:15;UTC;13
28.03.2026;22:15;UTC;22:30;UTC;11,805
28.03.2026;22:30;UTC;22:45;UTC;12,092
28.03.2026;22:45;UTC;23:00;UTC;10,935
28.03.2026;23:00;UTC;23:15;UTC;12,588
28.03.2026;23:15;UTC;23:30;UTC;12,023
28.03.2026;23:30;UTC;23:45;UTC;10,828
28.03.2026;23:45;UTC;00:00;UTC;10,385
29.03.2026;00:00;UTC;00:15;UTC;11,205
29.03.2026;00:15;UTC;00:30;UTC;10,751
29.03.2026;00:30;UTC;00:45;UTC;10,701
29.03.2026;00:45;UTC;01:00;UTC;10,422
29.03.2026;01:00;UTC;01:15;UTC;10,211
29.03.2026;01:15;UTC;01:30;UTC;10,026
29.03.2026;01:30;UTC;01:45;UTC;10,118
29.03.2026;01:45;UTC;02:00;UTC;10,111
29.03.2026;02:00;UTC;02:15;UTC;10,941
29.03.2026;02:15;UTC;02:30;UTC;10,335
29.03.2026;02:30;UTC;02:45;UTC;10,432
29.03.2026;02:45;UTC;03:00;UTC;10,382
29.03.2026;03:00;UTC;03:15;UTC;10,357
29.03.2026;03:15;UTC;03:30;UTC;10,368
29.03.2026;03:30;UTC;03:45;UTC;10,524
29.03.2026;03:45;UTC;04:00;UTC;10,593
29.03.2026;04:00;UTC;04:15;UTC;10,233
29.03.2026;04:15;UTC;04:30;UTC;10,53
29.03.2026;04:30;UTC;04:45;UTC;11,359
29.03.2026;04:45;UTC;05:00;UTC;11,78
29.03.2026;05:00;UTC;05:15;UTC;11,967
29.03.2026;05:15;UTC;05:30;UTC;11,524
29.03.2026;05:30;UTC;05:45;UTC;11,3
29.03.2026;05:45;UTC;06:00;UTC;11,221
29.03.2026;06:00;UTC;06:15;UTC;12,247
29.03.2026;06:15;UTC;06:30;UTC;12,5
29.03.2026;06:30;UTC;06:45;UTC;10,899
29.03.2026;06:45;UTC;07:00;UTC;10,291
29.03.2026;07:00;UTC;07:15;UTC;11,224
29.03.2026;07:15;UTC;07:30;UTC;9,482
29.03.2026;07:30;UTC;07:45;UTC;8,906
29.03.2026;07:45;UTC;08:00;UTC;8,147
29.03.2026;08:00;UTC;08:15;UTC;9,796
29.03.2026;08:15;UTC;08:30;UTC;8,391
29.03.2026;08:30;UTC;08:45;UTC;7,055
29.03.2026;08:45;UTC;09:00;UTC;4,681
29.03.2026;09:00;UTC;09:15;UTC;7,06
29.03.2026;09:15;UTC;09:30;UTC;5,529
29.03.2026;09:30;UTC;09:45;UTC;4,291
29.03.2026;09:45;UTC;10:00;UTC;0,999
29.03.2026;10:00;UTC;10:15;UTC;2,623
29.03.2026;10:15;UTC;10:30;UTC;0,778
29.03.2026;10:30;UTC;10:45;UTC;0,469
29.03.2026;10:45;UTC;11:00;UTC;0,022
29.03.2026;11:00;UTC;11:15;UTC;0,109
29.03.2026;11:15;UTC;11:30;UTC;0
29.03.2026;11:30;UTC;11:45;UTC;-0,006
29.03.2026;11:45;UTC;12:00;UTC;-0,105
29.03.2026;12:00;UTC;12:15;UTC;-0,101
29.03.2026;12:15;UTC;12:30;UTC;-0,121
29.03.2026;12:30;UTC;12:45;UTC;-0,211
29.03.2026;12:45;UTC;13:00;UTC;-0,281
29.03.2026;13:00;UTC;13:15;UTC;-0,202
29.03.2026;13:15;UTC;13:30;UTC;-0,24
29.03.2026;13:30;UTC;13:45;UTC;-0,207
29.03.2026;13:45;UTC;14:00;UTC;-0,191
29.03.2026;14:00;UTC;14:15;UTC;-0,008
29.03.2026;14:15;UTC;14:30;UTC;0
29.03.2026;14:30;UTC;14:45;UTC;0
29.03.2026;14:45;UTC;15:00;UTC;0,357
29.03.2026;15:00;UTC;15:15;UTC;0,25
29.03.2026;15:15;UTC;15:30;UTC;1,441
29.03.2026;15:30;UTC;15:45;UTC;3,425
29.03.2026;15:45;UTC;16:00;UTC;8,208
29.03.2026;16:00;UTC;16:15;UTC;5,805
29.03.2026;16:15;UTC;16:30;UTC;8,091
29.03.2026;16:30;UTC;16:45;UTC;9,798
29.03.2026;16:45;UTC;17:00;UTC;12,01
29.03.2026;17:00;UTC;17:15;UTC;9,924
29.03.2026;17:15;UTC;17:30;UTC;10,884
29.03.2026;17:30;UTC;17:45;UTC;10,862
29.03.2026;17:45;UTC;18:00;UTC;10,601
29.03.2026;18:00;UTC;18:15;UTC;11,971
29.03.2026;18:15;UTC;18:30;UTC;10,791
29.03.2026;18:30;UTC;18:45;UTC;8,118
29.03.2026;18:45;UTC;19:00;UTC;7,192
29.03.2026;19:00;UTC;19:15;UTC;9,633
29.03.2026;19:15;UTC;19:30;UTC;8,531
29.03.2026;19:30;UTC;19:45;UTC;6,392
29.03.2026;19:45;UTC;20:00;UTC;5,369
29.03.2026;20:00;UTC;20:15;UTC;9,659
29.03.2026;20:15;UTC;20:30;UTC;7,799
29.03.2026;20:30;UTC;20:45;UTC;6,223
29.03.2026;20:45;UTC;21:00;UTC;3,059
29.03.2026;21:00;UTC;21:15;UTC;5,519
29.03.2026;21:15;UTC;21:30;UTC;2,48
29.03.2026;21:30;UTC;21:45;UTC;1,759
29.03.2026;21:45;UTC;22:00;UTC;0,496
29.03.2026;22:00;UTC;22:15;UTC;1,776
29.03.2026;22:15;UTC;22:30;UTC;0,943
29.03.2026;22:30;UTC;22:45;UTC;0,517
29.03.2026;22:45;UTC;23:00;UTC;0,443
29.03.2026;23:00;UTC;23:15;UTC;0,425
29.03.2026;23:15;UTC;23:30;UTC;0,314
29.03.2026;23:30;UTC;23:45;UTC;0,159
29.03.2026;23:45;UTC;00:00;UTC;0,022
30.03.2026;00:00;UTC;00:15;UTC;0,548
30.03.2026;00:15;UTC;00:30;UTC;0,45
30.03.2026;00:30;UTC;00:45;UTC;0,497
30.03.2026;00:45;UTC;01:00;UTC;0,513
30.03.2026;01:00;UTC;01:15;UTC;0,308
30.03.2026;01:15;UTC;01:30;UTC;0,38
30.03.2026;01:30;UTC;01:45;UTC;0,391
30.03.2026;01:45;UTC;02:00;UTC;0,451
30.03.2026;02:00;UTC;02:15;UTC;0,219
30.03.2026;02:15;UTC;02:30;UTC;0,354
30.03.2026;02:30;UTC;02:45;UTC;0,408
30.03.2026;02:45;UTC;03:00;UTC;0,762
30.03.2026;03:00;UTC;03:15;UTC;0,354
30.03.2026;03:15;UTC;03:30;UTC;0,762
30.03.2026;03:30;UTC;03:45;UTC;1,723
30.03.2026;03:45;UTC;04:00;UTC;4,53
30.03.2026;04:00;UTC;04:15;UTC;2,605
30.03.2026;04:15;UTC;04:30;UTC;6,35
30.03.2026;04:30;UTC;04:45;UTC;8,796
30.03.2026;04:45;UTC;05:00;UTC;8,997
30.03.2026;05:00;UTC;05:15;UTC;7,312
30.03.2026;05:15;UTC;05:30;UTC;8,948
30.03.2026;05:30;UTC;05:45;UTC;10,052
30.03.2026;05:45;UTC;06:00;UTC;9,813
30.03.2026;06:00;UTC;06:15;UTC;11,673
30.03.2026;06:15;UTC;06:30;UTC;10,826
30.03.2026;06:30;UTC;06:45;UTC;10,839
30.03.2026;06:45;UTC;07:00;UTC;10,351
30.03.2026;07:00;UTC;07:15;UTC;11,185
30.03.2026;07:15;UTC;07:30;UTC;10,216
30.03.2026;07:30;UTC;07:45;UTC;9,634
30.03.2026;07:45;UTC;08:00;UTC;7,7
30.03.2026;08:00;UTC;08:15;UTC;8,599
30.03.2026;08:15;UTC;08:30;UTC;7,154
30.03.2026;08:30;UTC;08:45;UTC;8,224
30.03.2026;08:45;UTC;09:00;UTC;5,562
30.03.2026;09:00;UTC;09:15;UTC;7,128
30.03.2026;09:15;UTC;09:30;UTC;5,03
30.03.2026;09:30;UTC;09:45;UTC;3,917
30.03.2026;09:45;UTC;10:00;UTC;2,324
30.03.2026;10:00;UTC;10:15;UTC;3,941
30.03.2026;10:15;UTC;10:30;UTC;2,503
30.03.2026;10:30;UTC;10:45;UTC;1,991
30.03.2026;10:45;UTC;11:00;UTC;1
30.03.2026;11:00;UTC;11:15;UTC;1,755
30.03.2026;11:15;UTC;11:30;UTC;1,555
30.03.2026;11:30;UTC;11:45;UTC;0,991
30.03.2026;11:45;UTC;12:00;UTC;0,259
30.03.2026;12:00;UTC;12:15;UTC;0,94
30.03.2026;12:15;UTC;12:30;UTC;0,867
30.03.2026;12:30;UTC;12:45;UTC;0,759
30.03.2026;12:45;UTC;13:00;UTC;0,451
30.03.2026;13:00;UTC;13:15;UTC;0,938
30.03.2026;13:15;UTC;13:30;UTC;1,073
30.03.2026;13:30;UTC;13:45;UTC;1,166
30.03.2026;13:45;UTC;14:00;UTC;1,998
30.03.2026;14:00;UTC;14:15;UTC;0,998
30.03.2026;14:15;UTC;14:30;UTC;2,334
30.03.2026;14:30;UTC;14:45;UTC;4,426
30.03.2026;14:45;UTC;15:00;UTC;6,3
30.03.2026;15:00;UTC;15:15;UTC;4,546
30.03.2026;15:15;UTC;15:30;UTC;6,546
30.03.2026;15:30;UTC;15:45;UTC;8,679
30.03.2026;15:45;UTC;16:00;UTC;11,209
30.03.2026;16:00;UTC;16:15;UTC;8,5
30.03.2026;16:15;UTC;16:30;UTC;10,503
30.03.2026;16:30;UTC;16:45;UTC;10,938
30.03.2026;16:45;UTC;17:00;UTC;11,99
30.03.2026;17:00;UTC;17:15;UTC;11,406
30.03.2026;17:15;UTC;17:30;UTC;11,728
30.03.2026;17:30;UTC;17:45;UTC;12,227
30.03.2026;17:45;UTC;18:00;UTC;13,3
30.03.2026;18:00;UTC;18:15;UTC;12,479
30.03.2026;18:15;UTC;18:30;UTC;12,44
30.03.2026;18:30;UTC;18:45;UTC;12,735
30.03.2026;18:45;UTC;19:00;UTC;12,589
30.03.2026;19:00;UTC;19:15;UTC;13,599
30.03.2026;19:15;UTC;19:30;UTC;12,482
30.03.2026;19:30;UTC;19:45;UTC;12,798
30.03.2026;19:45;UTC;20:00;UTC;11,587
30.03.2026;20:00;UTC;20:15;UTC;12,952
30.03.2026;20:15;UTC;20:30;UTC;11,943
30.03.2026;20:30;UTC;20:45;UTC;12,01
30.03.2026;20:45;UTC;21:00;UTC;11,565
30.03.2026;21:00;UTC;21:15;UTC;11,523
30.03.2026;21:15;UTC;21:30;UTC;11,015
30.03.2026;21:30;UTC;21:45;UTC;10,76
30.03.2026;21:45;UTC;22:00;UTC;10,254
30.03.2026;22:00;UTC;22:15;UTC;12,3
30.03.2026;22:15;UTC;22:30;UTC;10,888
30.03.2026;22:30;UTC;22:45;UTC;10,46
30.03.2026;22:45;UTC;23:00;UTC;10,05
30.03.2026;23:00;UTC;23:15;UTC;10,256
30.03.2026;23:15;UTC;23:30;UTC;10,307
30.03.2026;23:30;UTC;23:45;UTC;10,308
30.03.2026;23:45;UTC;00:00;UTC;10,201
31.03.2026;00:00;UTC;00:15;UTC;10,265
31.03.2026;00:15;UTC;00:30;UTC;10,139
31.03.2026;00:30;UTC;00:45;UTC;10,089
31.03.2026;00:45;UTC;01:00;UTC;10,011
31.03.2026;01:00;UTC;01:15;UTC;10,064
31.03.2026;01:15;UTC;01:30;UTC;10,013
31.03.2026;01:30;UTC;01:45;UTC;10,099
31.03.2026;01:45;UTC;02:00;UTC;10,038
31.03.2026;02:00;UTC;02:15;UTC;10,055
31.03.2026;02:15;UTC;02:30;UTC;10,179
31.03.2026;02:30;UTC;02:45;UTC;10,127
31.03.2026;02:45;UTC;03:00;UTC;10,311
31.03.2026;03:00;UTC;03:15;UTC;9,484
31.03.2026;03:15;UTC;03:30;UTC;9,942
31.03.2026;03:30;UTC;03:45;UTC;11,297
31.03.2026;03:45;UTC;04:00;UTC;12,494
31.03.2026;04:00;UTC;04:15;UTC;11,377
31.03.2026;04:15;UTC;04:30;UTC;12,75
31.03.2026;04:30;UTC;04:45;UTC;15,111
31.03.2026;04:45;UTC;05:00;UTC;15,641
31.03.2026;05:00;UTC;05:15;UTC;15,247
31.03.2026;05:15;UTC;05:30;UTC;15,3
31.03.2026;05:30;UTC;05:45;UTC;15,444
31.03.2026;05:45;UTC;06:00;UTC;14,859
31.03.2026;06:00;UTC;06:15;UTC;20,34
31.03.2026;06:15;UTC;06:30;UTC;18,022
31.03.2026;06:30;UTC;06:45;UTC;14,556
31.03.2026;06:45;UTC;07:00;UTC;12,598
31.03.2026;07:00;UTC;07:15;UTC;16,315
31.03.2026;07:15;UTC;07:30;UTC;13,476
31.03.2026;07:30;UTC;07:45;UTC;12,531
31.03.2026;07:45;UTC;08:00;UTC;11,9
31.03.2026;08:00;UTC;08:15;UTC;11,709
31.03.2026;08:15;UTC;08:30;UTC;10,885
31.03.2026;08:30;UTC;08:45;UTC;9,811
31.03.2026;08:45;UTC;09:00;UTC;9,297
31.03.2026;09:00;UTC;09:15;UTC;9,903
31.03.2026;09:15;UTC;09:30;UTC;9,308
31.03.2026;09:30;UTC;09:45;UTC;8,413
31.03.2026;09:45;UTC;10:00;UTC;7,316
31.03.2026;10:00;UTC;10:15;UTC;8,878
31.03.2026;10:15;UTC;10:30;UTC;8,234
31.03.2026;10:30;UTC;10:45;UTC;7,818
31.03.2026;10:45;UTC;11:00;UTC;6,538
31.03.2026;11:00;UTC;11:15;UTC;7,354
31.03.2026;11:15;UTC;11:30;UTC;6,09
31.03.2026;11:30;UTC;11:45;UTC;4,639
31.03.2026;11:45;UTC;12:00;UTC;4,007
31.03.2026;12:00;UTC;12:15;UTC;5,12
31.03.2026;12:15;UTC;12:30;UTC;5,134
31.03.2026;12:30;UTC;12:45;UTC;5,402
31.03.2026;12:45;UTC;13:00;UTC;5,739
31.03.2026;13:00;UTC;13:15;UTC;5,4
31.03.2026;13:15;UTC;13:30;UTC;6,24
31.03.2026;13:30;UTC;13:45;UTC;6,276
31.03.2026;13:45;UTC;14:00;UTC;7,305
31.03.2026;14:00;UTC;14:15;UTC;6,403
31.03.2026;14:15;UTC;14:30;UTC;8,04
31.03.2026;14:30;UTC;14:45;UTC;8,927
31.03.2026;14:45;UTC;15:00;UTC;9,517
31.03.2026;15:00;UTC;15:15;UTC;9,606
31.03.2026;15:15;UTC;15:30;UTC;10,122
31.03.2026;15:30;UTC;15:45;UTC;10,581
31.03.2026;15:45;UTC;16:00;UTC;14,078
31.03.2026;16:00;UTC;16:15;UTC;10,858
31.03.2026;16:15;UTC;16:30;UTC;14,183
31.03.2026;16:30;UTC;16:45;UTC;15,872
31.03.2026;16:45;UTC;17:00;UTC;19,487
31.03.2026;17:00;UTC;17:15;UTC;15,348
31.03.2026;17:15;UTC;17:30;UTC;17,656
31.03.2026;17:30;UTC;17:45;UTC;18,196
31.03.2026;17:45;UTC;18:00;UTC;18,801
31.03.2026;18:00;UTC;18:15;UTC;18,975
31.03.2026;18:15;UTC;18:30;UTC;18,074
31.03.2026;18:30;UTC;18:45;UTC;17,354
31.03.2026;18:45;UTC;19:00;UTC;15,999
31.03.2026;19:00;UTC;19:15;UTC;20,116
31.03.2026;19:15;UTC;19:30;UTC;17,146
31.03.2026;19:30;UTC;19:45;UTC;16,262
31.03.2026;19:45;UTC;20:00;UTC;15,166
31.03.2026;20:00;UTC;20:15;UTC;16,914
31.03.2026;20:15;UTC;20:30;UTC;16,13
31.03.2026;20:30;UTC;20:45;UTC;15,295
31.03.2026;20:45;UTC;21:00;UTC;14,993
31.03.2026;21:00;UTC;21:15;UTC;15,298
31.03.2026;21:15;UTC;21:30;UTC;14,956
31.03.2026;21:30;UTC;21:45;UTC;14,996
31.03.2026;21:45;UTC;22:00;UTC;14,14
31.03.2026;22:00;UTC;22:15;UTC;15,902
31.03.2026;22:15;UTC;22:30;UTC;14,67
31.03.2026;22:30;UTC;22:45;UTC;14,299
31.03.2026;22:45;UTC;23:00;UTC;13,333
31.03.2026;23:00;UTC;23:15;UTC;13,731
31.03.2026;23:15;UTC;23:30;UTC;12,92
31.03.2026;23:30;UTC;23:45;UTC;12,92
31.03.2026;23:45;UTC;00:00;UTC;12,224
01.04.2026;00:00;UTC;00:15;UTC;12,568
01.04.2026;00:15;UTC;00:30;UTC;12,418
01.04.2026;00:30;UTC;00:45;UTC;12,549
01.04.2026;00:45;UTC;01:00;UTC;12,603
01.04.2026;01:00;UTC;01:15;UTC;12,368
01.04.2026;01:15;UTC;01:30;UTC;12,8
01.04.2026;01:30;UTC;01:45;UTC;13,212
01.04.2026;01:45;UTC;02:00;UTC;13,391
01.04.2026;02:00;UTC;02:15;UTC;12,828
01.04.2026;02:15;UTC;02:30;UTC;13,162
01.04.2026;02:30;UTC;02:45;UTC;13,88
01.04.2026;02:45;UTC;03:00;UTC;14,54
01.04.2026;03:00;UTC;03:15;UTC;13,467
01.04.2026;03:15;UTC;03:30;UTC;14,347
01.04.2026;03:30;UTC;03:45;UTC;15,006
01.04.2026;03:45;UTC;04:00;UTC;16,826
01.04.2026;04:00;UTC;04:15;UTC;15,567
01.04.2026;04:15;UTC;04:30;UTC;17,723
01.04.2026;04:30;UTC;04:45;UTC;19,054
01.04.2026;04:45;UTC;05:00;UTC;19,99
01.04.2026;05:00;UTC;05:15;UTC;23,593
01.04.2026;05:15;UTC;05:30;UTC;23,903
01.04.2026;05:30;UTC;05:45;UTC;22,102
01.04.2026;05:45;UTC;06:00;UTC;21,181
01.04.2026;06:00;UTC;06:15;UTC;23,912
01.04.2026;06:15;UTC;06:30;UTC;21,459
01.04.2026;06:30;UTC;06:45;UTC;18,415
01.04.2026;06:45;UTC;07:00;UTC;16,205
01.04.2026;07:00;UTC;07:15;UTC;20,9
01.04.2026;07:15;UTC;07:30;UTC;18,581
01.04.2026;07:30;UTC;07:45;UTC;16,139
01.04.2026;07:45;UTC;08:00;UTC;12,986
01.04.2026;08:00;UTC;08:15;UTC;16,337
01.04.2026;08:15;UTC;08:30;UTC;14,174
01.04.2026;08:30;UTC;08:45;UTC;13,051
01.04.2026;08:45;UTC;09:00;UTC;12,358
01.04.2026;09:00;UTC;09:15;UTC;13,863
01.04.2026;09:15;UTC;09:30;UTC;13,077
01.04.2026;09:30;UTC;09:45;UTC;12,232
01.04.2026;09:45;UTC;10:00;UTC;12,059
01.04.2026;10:00;UTC;10:15;UTC;13,049
01.04.2026;10:15;UTC;10:30;UTC;11,275
01.04.2026;10:30;UTC;10:45;UTC;11,184
01.04.2026;10:45;UTC;11:00;UTC;10,513
01.04.2026;11:00;UTC;11:15;UTC;10,635
01.04.2026;11:15;UTC;11:30;UTC;9,856
01.04.2026;11:30;UTC;11:45;UTC;9,003
01.04.2026;11:45;UTC;12:00;UTC;8,04
01.04.2026;12:00;UTC;12:15;UTC;8,901
01.04.2026;12:15;UTC;12:30;UTC;8,533
01.04.2026;12:30;UTC;12:45;UTC;8,533
01.04.2026;12:45;UTC;13:00;UTC;8,566
01.04.2026;13:00;UTC;13:15;UTC;8,451
01.04.2026;13:15;UTC;13:30;UTC;8,843
01.04.2026;13:30;UTC;13:45;UTC;9,678
01.04.2026;13:45;UTC;14:00;UTC;10,563
01.04.2026;14:00;UTC;14:15;UTC;8,494
01.04.2026;14:15;UTC;14:30;UTC;9,823
01.04.2026;14:30;UTC;14:45;UTC;10,899
01.04.2026;14:45;UTC;15:00;UTC;12,99
01.04.2026;15:00;UTC;15:15;UTC;11,993
01.04.2026;15:15;UTC;15:30;UTC;11,991
01.04.2026;15:30;UTC;15:45;UTC;12,856
01.04.2026;15:45;UTC;16:00;UTC;15,208
01.04.2026;16:00;UTC;16:15;UTC;11,11
01.04.2026;16:15;UTC;16:30;UTC;14,201
01.04.2026;16:30;UTC;16:45;UTC;15,78
01.04.2026;16:45;UTC;17:00;UTC;19,747
01.04.2026;17:00;UTC;17:15;UTC;16,256
01.04.2026;17:15;UTC;17:30;UTC;18,575
01.04.2026;17:30;UTC;17:45;UTC;20,038
01.04.2026;17:45;UTC;18:00;UTC;20,597
01.04.2026;18:00;UTC;18:15;UTC;19,783
01.04.2026;18:15;UTC;18:30;UTC;19,073
01.04.2026;18:30;UTC;18:45;UTC;18
01.04.2026;18:45;UTC;19:00;UTC;15,621
01.04.2026;19:00;UTC;19:15;UTC;17,868
01.04.2026;19:15;UTC;19:30;UTC;16,858
01.04.2026;19:30;UTC;19:45;UTC;16,393
01.04.2026;19:45;UTC;20:00;UTC;15,21
01.04.2026;20:00;UTC;20:15;UTC;16,764
01.04.2026;20:15;UTC;20:30;UTC;15,387
01.04.2026;20:30;UTC;20:45;UTC;15,135
01.04.2026;20:45;UTC;21:00;UTC;13,843
01.04.2026;21:00;UTC;21:15;UTC;14,752
01.04.2026;21:15;UTC;21:30;UTC;13,785
01.04.2026;21:30;UTC;21:45;UTC;13,058
01.04.2026;21:45;UTC;22:00;UTC;11,918
01.04.2026;22:00;UTC;22:15;UTC;13,94
01.04.2026;22:15;UTC;22:30;UTC;12,844
01.04.2026;22:30;UTC;22:45;UTC;12,155
01.04.2026;22:45;UTC;23:00;UTC;11,93
01.04.2026;23:00;UTC;23:15;UTC;12,543
01.04.2026;23:15;UTC;23:30;UTC;11,936
01.04.2026;23:30;UTC;23:45;UTC;11,661
01.04.2026;23:45;UTC;00:00;UTC;11,458
02.04.2026;00:00;UTC;00:15;UTC;11,69
02.04.2026;00:15;UTC;00:30;UTC;11,444
02.04.2026;00:30;UTC;00:45;UTC;11,375
02.04.2026;00:45;UTC;01:00;UTC;11,143
02.04.2026;01:00;UTC;01:15;UTC;11,023
02.04.2026;01:15;UTC;01:30;UTC;10,765
02.04.2026;01:30;UTC;01:45;UTC;10,886
02.04.2026;01:45;UTC;02:00;UTC;11
02.04.2026;02:00;UTC;02:15;UTC;10,542
02.04.2026;02:15;UTC;02:30;UTC;10,497
02.04.2026;02:30;UTC;02:45;UTC;10,892
02.04.2026;02:45;UTC;03:00;UTC;11,033
02.04.2026;03:00;UTC;03:15;UTC;10,829
02.04.2026;03:15;UTC;03:30;UTC;11,317
02.04.2026;03:30;UTC;03:45;UTC;11,93
02.04.2026;03:45;UTC;04:00;UTC;13,641
02.04.2026;04:00;UTC;04:15;UTC;13,1
02.04.2026;04:15;UTC;04:30;UTC;15,004
02.04.2026;04:30;UTC;04:45;UTC;16,161
02.04.2026;04:45;UTC;05:00;UTC;16,556
02.04.2026;05:00;UTC;05:15;UTC;16,362
02.04.2026;05:15;UTC;05:30;UTC;16,668
02.04.2026;05:30;UTC;05:45;UTC;16,152
02.04.2026;05:45;UTC;06:00;UTC;14,821
02.04.2026;06:00;UTC;06:15;UTC;19,693
02.04.2026;06:15;UTC;06:30;UTC;17,346
02.04.2026;06:30;UTC;06:45;UTC;15,405
02.04.2026;06:45;UTC;07:00;UTC;10,619
02.04.2026;07:00;UTC;07:15;UTC;12,701
02.04.2026;07:15;UTC;07:30;UTC;11,701
02.04.2026;07:30;UTC;07:45;UTC;11,342
02.04.2026;07:45;UTC;08:00;UTC;9,967
02.04.2026;08:00;UTC;08:15;UTC;10,791
02.04.2026;08:15;UTC;08:30;UTC;9,889
02.04.2026;08:30;UTC;08:45;UTC;9,194
02.04.2026;08:45;UTC;09:00;UTC;6,391
02.04.2026;09:00;UTC;09:15;UTC;8,843
02.04.2026;09:15;UTC;09:30;UTC;7,875
02.04.2026;09:30;UTC;09:45;UTC;7,195
02.04.2026;09:45;UTC;10:00;UTC;5,787
02.04.2026;10:00;UTC;10:15;UTC;7,501
02.04.2026;10:15;UTC;10:30;UTC;6,242
02.04.2026;10:30;UTC;10:45;UTC;5,554
02.04.2026;10:45;UTC;11:00;UTC;4,601
02.04.2026;11:00;UTC;11:15;UTC;4,981
02.04.2026;11:15;UTC;11:30;UTC;4,32
02.04.2026;11:30;UTC;11:45;UTC;4,21
02.04.2026;11:45;UTC;12:00;UTC;3,471
02.04.2026;12:00;UTC;12:15;UTC;4,262
02.04.2026;12:15;UTC;12:30;UTC;4,997
02.04.2026;12:30;UTC;12:45;UTC;5,475
02.04.2026;12:45;UTC;13:00;UTC;6,41
02.04.2026;13:00;UTC;13:15;UTC;5,255
02.04.2026;13:15;UTC;13:30;UTC;7,299
02.04.2026;13:30;UTC;13:45;UTC;7,93
02.04.2026;13:45;UTC;14:00;UTC;9,024
02.04.2026;14:00;UTC;14:15;UTC;8,001
02.04.2026;14:15;UTC;14:30;UTC;9,318
02.04.2026;14:30;UTC;14:45;UTC;9,682
02.04.2026;14:45;UTC;15:00;UTC;10,102
02.04.2026;15:00;UTC;15:15;UTC;9,873
02.04.2026;15:15;UTC;15:30;UTC;10,315
02.04.2026;15:30;UTC;15:45;UTC;11,286
02.04.2026;15:45;UTC;16:00;UTC;12,05
02.04.2026;16:00;UTC;16:15;UTC;11,84
02.04.2026;16:15;UTC;16:30;UTC;12,646
02.04.2026;16:30;UTC;16:45;UTC;13,967
02.04.2026;16:45;UTC;17:00;UTC;15,301
02.04.2026;17:00;UTC;17:15;UTC;14,256
02.04.2026;17:15;UTC;17:30;UTC;15,58
02.04.2026;17:30;UTC;17:45;UTC;16,858
02.04.2026;17:45;UTC;18:00;UTC;18,042
02.04.2026;18:00;UTC;18:15;UTC;17,257
02.04.2026;18:15;UTC;18:30;UTC;16,094
02.04.2026;18:30;UTC;18:45;UTC;15,706
02.04.2026;18:45;UTC;19:00;UTC;14,797
02.04.2026;19:00;UTC;19:15;UTC;16,288
02.04.2026;19:15;UTC;19:30;UTC;15,075
02.04.2026;19:30;UTC;19:45;UTC;14,238
02.04.2026;19:45;UTC;20:00;UTC;13,008
02.04.2026;20:00;UTC;20:15;UTC;14,753
02.04.2026;20:15;UTC;20:30;UTC;13,796
02.04.2026;20:30;UTC;20:45;UTC;13,007
02.04.2026;20:45;UTC;21:00;UTC;12,443
02.04.2026;21:00;UTC;21:15;UTC;13,005
02.04.2026;21:15;UTC;21:30;UTC;12,378
02.04.2026;21:30;UTC;21:45;UTC;12,781
02.04.2026;21:45;UTC;22:00;UTC;11,424
02.04.2026;22:00;UTC;22:15;UTC;14,484
02.04.2026;22:15;UTC;22:30;UTC;13,652
02.04.2026;22:30;UTC;22:45;UTC;12,914
02.04.2026;22:45;UTC;23:00;UTC;12,39
02.04.2026;23:00;UTC;23:15;UTC;12,453
02.04.2026;23:15;UTC;23:30;UTC;12,41
02.04.2026;23:30;UTC;23:45;UTC;12,441
02.04.2026;23:45;UTC;00:00;UTC;11,49
03.04.2026;00:00;UTC;00:15;UTC;12,753
03.04.2026;00:15;UTC;00:30;UTC;12
03.04.2026;00:30;UTC;00:45;UTC;11,476
03.04.2026;00:45;UTC;01:00;UTC;11,577
03.04.2026;01:00;UTC;01:15;UTC;11,928
03.04.2026;01:15;UTC;01:30;UTC;11,716
03.04.2026;01:30;UTC;01:45;UTC;11,55
03.04.2026;01:45;UTC;02:00;UTC;11,873
03.04.2026;02:00;UTC;02:15;UTC;12,059
03.04.2026;02:15;UTC;02:30;UTC;12,105
03.04.2026;02:30;UTC;02:45;UTC;12,017
03.04.2026;02:45;UTC;03:00;UTC;11,892
03.04.2026;03:00;UTC;03:15;UTC;12,105
03.04.2026;03:15;UTC;03:30;UTC;12,344
03.04.2026;03:30;UTC;03:45;UTC;12,11
03.04.2026;03:45;UTC;04:00;UTC;12,802
03.04.2026;04:00;UTC;04:15;UTC;12,102
03.04.2026;04:15;UTC;04:30;UTC;13,234
03.04.2026;04:30;UTC;04:45;UTC;13,995
03.04.2026;04:45;UTC;05:00;UTC;13,919
03.04.2026;05:00;UTC;05:15;UTC;13,916
03.04.2026;05:15;UTC;05:30;UTC;13,884
03.04.2026;05:30;UTC;05:45;UTC;13,565
03.04.2026;05:45;UTC;06:00;UTC;12,98
03.04.2026;06:00;UTC;06:15;UTC;15,658
03.04.2026;06:15;UTC;06:30;UTC;13,559
03.04.2026;06:30;UTC;06:45;UTC;12,815
03.04.2026;06:45;UTC;07:00;UTC;10,385
03.04.2026;07:00;UTC;07:15;UTC;14,314
03.04.2026;07:15;UTC;07:30;UTC;12,159
03.04.2026;07:30;UTC;07:45;UTC;10,366
03.04.2026;07:45;UTC;08:00;UTC;8,433
03.04.2026;08:00;UTC;08:15;UTC;12,678
03.04.2026;08:15;UTC;08:30;UTC;9,578
03.04.2026;08:30;UTC;08:45;UTC;6,466
03.04.2026;08:45;UTC;09:00;UTC;5,512
03.04.2026;09:00;UTC;09:15;UTC;7,2
03.04.2026;09:15;UTC;09:30;UTC;6
03.04.2026;09:30;UTC;09:45;UTC;4,907
03.04.2026;09:45;UTC;10:00;UTC;3,076
03.04.2026;10:00;UTC;10:15;UTC;4,859
03.04.2026;10:15;UTC;10:30;UTC;3,106
03.04.2026;10:30;UTC;10:45;UTC;1,979
03.04.2026;10:45;UTC;11:00;UTC;0,86
03.04.2026;11:00;UTC;11:15;UTC;1,908
03.04.2026;11:15;UTC;11:30;UTC;1,164
03.04.2026;11:30;UTC;11:45;UTC;0,77
03.04.2026;11:45;UTC;12:00;UTC;0,136
03.04.2026;12:00;UTC;12:15;UTC;0,45
03.04.2026;12:15;UTC;12:30;UTC;0,191
03.04.2026;12:30;UTC;12:45;UTC;0,01
03.04.2026;12:45;UTC;13:00;UTC;0,01
03.04.2026;13:00;UTC;13:15;UTC;0
03.04.2026;13:15;UTC;13:30;UTC;0,01
03.04.2026;13:30;UTC;13:45;UTC;0,3
03.04.2026;13:45;UTC;14:00;UTC;0,91
03.04.2026;14:00;UTC;14:15;UTC;0,262
03.04.2026;14:15;UTC;14:30;UTC;1,181
03.04.2026;14:30;UTC;14:45;UTC;3,264
03.04.2026;14:45;UTC;15:00;UTC;4,87
03.04.2026;15:00;UTC;15:15;UTC;4,335
03.04.2026;15:15;UTC;15:30;UTC;6,251
03.04.2026;15:30;UTC;15:45;UTC;7,399
03.04.2026;15:45;UTC;16:00;UTC;8,734
03.04.2026;16:00;UTC;16:15;UTC;7,703
03.04.2026;16:15;UTC;16:30;UTC;8,617
03.04.2026;16:30;UTC;16:45;UTC;9,329
03.04.2026;16:45;UTC;17:00;UTC;9,94
03.04.2026;17:00;UTC;17:15;UTC;9,685
03.04.2026;17:15;UTC;17:30;UTC;9,888
03.04.2026;17:30;UTC;17:45;UTC;10,161
03.04.2026;17:45;UTC;18:00;UTC;10,022
03.04.2026;18:00;UTC;18:15;UTC;10,364
03.04.2026;18:15;UTC;18:30;UTC;10,108
03.04.2026;18:30;UTC;18:45;UTC;9,407
03.04.2026;18:45;UTC;19:00;UTC;8,656
03.04.2026;19:00;UTC;19:15;UTC;9,401
03.04.2026;19:15;UTC;19:30;UTC;8,776
03.04.2026;19:30;UTC;19:45;UTC;7,906
03.04.2026;19:45;UTC;20:00;UTC;7,598
03.04.2026;20:00;UTC;20:15;UTC;8,935
03.04.2026;20:15;UTC;20:30;UTC;8,005
03.04.2026;20:30;UTC;20:45;UTC;7,998
03.04.2026;20:45;UTC;21:00;UTC;7,574
03.04.2026;21:00;UTC;21:15;UTC;7,819
03.04.2026;21:15;UTC;21:30;UTC;6,314
03.04.2026;21:30;UTC;21:45;UTC;5,049
03.04.2026;21:45;UTC;22:00;UTC;5,053
03.04.2026;22:00;UTC;22:15;UTC;1,244
03.04.2026;22:15;UTC;22:30;UTC;1,735
03.04.2026;22:30;UTC;22:45;UTC;0,476
03.04.2026;22:45;UTC;23:00;UTC;0,436
03.04.2026;23:00;UTC;23:15;UTC;1,423
03.04.2026;23:15;UTC;23:30;UTC;1,008
03.04.2026;23:30;UTC;23:45;UTC;0,926
03.04.2026;23:45;UTC;00:00;UTC;0,225
04.04.2026;00:00;UTC;00:15;UTC;1,073
04.04.2026;00:15;UTC;00:30;UTC;0,709
04.04.2026;00:30;UTC;00:45;UTC;0,381
04.04.2026;00:45;UTC;01:00;UTC;0,41
04.04.2026;01:00;UTC;01:15;UTC;0,038
04.04.2026;01:15;UTC;01:30;UTC;0,297
04.04.2026;01:30;UTC;01:45;UTC;0,204
04.04.2026;01:45;UTC;02:00;UTC;0,256
04.04.2026;02:00;UTC;02:15;UTC;0,443
04.04.2026;02:15;UTC;02:30;UTC;0,339
04.04.2026;02:30;UTC;02:45;UTC;0,929
04.04.2026;02:45;UTC;03:00;UTC;0,85
04.04.2026;03:00;UTC;03:15;UTC;1,339
04.04.2026;03:15;UTC;03:30;UTC;0,895
04.04.2026;03:30;UTC;03:45;UTC;1,01
04.04.2026;03:45;UTC;04:00;UTC;1,45
04.04.2026;04:00;UTC;04:15;UTC;0,777
04.04.2026;04:15;UTC;04:30;UTC;0,991
04.04.2026;04:30;UTC;04:45;UTC;1,503
04.04.2026;04:45;UTC;05:00;UTC;2,074
04.04.2026;05:00;UTC;05:15;UTC;1,99
04.04.2026;05:15;UTC;05:30;UTC;1,837
04.04.2026;05:30;UTC;05:45;UTC;2,346
04.04.2026;05:45;UTC;06:00;UTC;1,534
04.04.2026;06:00;UTC;06:15;UTC;2,188
04.04.2026;06:15;UTC;06:30;UTC;1,997
04.04.2026;06:30;UTC;06:45;UTC;1,603
04.04.2026;06:45;UTC;07:00;UTC;0,89
04.04.2026;07:00;UTC;07:15;UTC;1,298
04.04.2026;07:15;UTC;07:30;UTC;0,645
04.04.2026;07:30;UTC;07:45;UTC;0,451
04.04.2026;07:45;UTC;08:00;UTC;0,246
04.04.2026;08:00;UTC;08:15;UTC;0,394
04.04.2026;08:15;UTC;08:30;UTC;0,2
04.04.2026;08:30;UTC;08:45;UTC;0,13
04.04.2026;08:45;UTC;09:00;UTC;0
04.04.2026;09:00;UTC;09:15;UTC;0
04.04.2026;09:15;UTC;09:30;UTC;-0,001
04.04.2026;09:30;UTC;09:45;UTC;-0,001
04.04.2026;09:45;UTC;10:00;UTC;-0,002
04.04.2026;10:00;UTC;10:15;UTC;-0,006
04.04.2026;10:15;UTC;10:30;UTC;-0,062
04.04.2026;10:30;UTC;10:45;UTC;-0,026
04.04.2026;10:45;UTC;11:00;UTC;-0,005
04.04.2026;11:00;UTC;11:15;UTC;-0,004
04.04.2026;11:15;UTC;11:30;UTC;-0,004
04.04.2026;11:30;UTC;11:45;UTC;-0,003
04.04.2026;11:45;UTC;12:00;UTC;-0,003
04.04.2026;12:00;UTC;12:15;UTC;-0,003
04.04.2026;12:15;UTC;12:30;UTC;-0,002
04.04.2026;12:30;UTC;12:45;UTC;-0,001
04.04.2026;12:45;UTC;13:00;UTC;-0,001
04.04.2026;13:00;UTC;13:15;UTC;-0,001
04.04.2026;13:15;UTC;13:30;UTC;0
04.04.2026;13:30;UTC;13:45;UTC;0
04.04.2026;13:45;UTC;14:00;UTC;0,011
04.04.2026;14:00;UTC;14:15;UTC;0
04.04.2026;14:15;UTC;14:30;UTC;0,274
04.04.2026;14:30;UTC;14:45;UTC;0,663
04.04.2026;14:45;UTC;15:00;UTC;3,339
04.04.2026;15:00;UTC;15:15;UTC;1,339
04.04.2026;15:15;UTC;15:30;UTC;4,795
04.04.2026;15:30;UTC;15:45;UTC;9,114
04.04.2026;15:45;UTC;16:00;UTC;9,846
04.04.2026;16:00;UTC;16:15;UTC;6,162
04.04.2026;16:15;UTC;16:30;UTC;9,337
04.04.2026;16:30;UTC;16:45;UTC;12,098
04.04.2026;16:45;UTC;17:00;UTC;16,241
04.04.2026;17:00;UTC;17:15;UTC;12,798
04.04.2026;17:15;UTC;17:30;UTC;13,708
04.04.2026;17:30;UTC;17:45;UTC;16,587
04.04.2026;17:45;UTC;18:00;UTC;16,856
04.04.2026;18:00;UTC;18:15;UTC;17,495
04.04.2026;18:15;UTC;18:30;UTC;13,601
04.04.2026;18:30;UTC;18:45;UTC;12,714
04.04.2026;18:45;UTC;19:00;UTC;10,486
04.04.2026;19:00;UTC;19:15;UTC;13,401
04.04.2026;19:15;UTC;19:30;UTC;10,655
04.04.2026;19:30;UTC;19:45;UTC;9,606
04.04.2026;19:45;UTC;20:00;UTC;7,873
04.04.2026;20:00;UTC;20:15;UTC;10,981
04.04.2026;20:15;UTC;20:30;UTC;7,997
04.04.2026;20:30;UTC;20:45;UTC;6,454
04.04.2026;20:45;UTC;21:00;UTC;5,291
04.04.2026;21:00;UTC;21:15;UTC;6,709
04.04.2026;21:15;UTC;21:30;UTC;4,479
04.04.2026;21:30;UTC;21:45;UTC;3,34
04.04.2026;21:45;UTC;22:00;UTC;2,205
04.04.2026;22:00;UTC;22:15;UTC;0,229
04.04.2026;22:15;UTC;22:30;UTC;0,195
04.04.2026;22:30;UTC;22:45;UTC;0
04.04.2026;22:45;UTC;23:00;UTC;-0,001
04.04.2026;23:00;UTC;23:15;UTC;0,01
04.04.2026;23:15;UTC;23:30;UTC;0
04.04.2026;23:30;UTC;23:45;UTC;-0,002
04.04.2026;23:45;UTC;00:00;UTC;-0,01
05.04.2026;00:00;UTC;00:15;UTC;-0,007
05.04.2026;00:15;UTC;00:30;UTC;-0,018
05.04.2026;00:30;UTC;00:45;UTC;-0,02
05.04.2026;00:45;UTC;01:00;UTC;-0,1
05.04.2026;01:00;UTC;01:15;UTC;-0,071
05.04.2026;01:15;UTC;01:30;UTC;-0,104
05.04.2026;01:30;UTC;01:45;UTC;-0,109
05.04.2026;01:45;UTC;02:00;UTC;-0,199
05.04.2026;02:00;UTC;02:15;UTC;-0,107
05.04.2026;02:15;UTC;02:30;UTC;-0,199
05.04.2026;02:30;UTC;02:45;UTC;-0,142
05.04.2026;02:45;UTC;03:00;UTC;-0,199
05.04.2026;03:00;UTC;03:15;UTC;-0,199
05.04.2026;03:15;UTC;03:30;UTC;-0,212
05.04.2026;03:30;UTC;03:45;UTC;-0,202
05.04.2026;03:45;UTC;04:00;UTC;-0,204
05.04.2026;04:00;UTC;04:15;UTC;-0,317
05.04.2026;04:15;UTC;04:30;UTC;-0,336
05.04.2026;04:30;UTC;04:45;UTC;-0,286
05.04.2026;04:45;UTC;05:00;UTC;-0,259
05.04.2026;05:00;UTC;05:15;UTC;-0,109
05.04.2026;05:15;UTC;05:30;UTC;-0,104
05.04.2026;05:30;UTC;05:45;UTC;-0,101
05.04.2026;05:45;UTC;06:00;UTC;-0,202
05.04.2026;06:00;UTC;06:15;UTC;-0,051
05.04.2026;06:15;UTC;06:30;UTC;-0,104
05.04.2026;06:30;UTC;06:45;UTC;-0,276
05.04.2026;06:45;UTC;07:00;UTC;-0,541
05.04.2026;07:00;UTC;07:15;UTC;-0,493
05.04.2026;07:15;UTC;07:30;UTC;-0,772
05.04.2026;07:30;UTC;07:45;UTC;-1,008
05.04.2026;07:45;UTC;08:00;UTC;-1,95
05.04.2026;08:00;UTC;08:15;UTC;-2,366
05.04.2026;08:15;UTC;08:30;UTC;-3,001
05.04.2026;08:30;UTC;08:45;UTC;-4,62
05.04.2026;08:45;UTC;09:00;UTC;-6
05.04.2026;09:00;UTC;09:15;UTC;-6
05.04.2026;09:15;UTC;09:30;UTC;-7
05.04.2026;09:30;UTC;09:45;UTC;-7,4
05.04.2026;09:45;UTC;10:00;UTC;-8,137
05.04.2026;10:00;UTC;10:15;UTC;-7,406
05.04.2026;10:15;UTC;10:30;UTC;-8,481
05.04.2026;10:30;UTC;10:45;UTC;-8,61
05.04.2026;10:45;UTC;11:00;UTC;-9,484
05.04.2026;11:00;UTC;11:15;UTC;-9,952
05.04.2026;11:15;UTC;11:30;UTC;-10,317
05.04.2026;11:30;UTC;11:45;UTC;-11,044
05.04.2026;11:45;UTC;12:00;UTC;-10,757
05.04.2026;12:00;UTC;12:15;UTC;-11,453
05.04.2026;12:15;UTC;12:30;UTC;-10,101
05.04.2026;12:30;UTC;12:45;UTC;-9,378
05.04.2026;12:45;UTC;13:00;UTC;-8,55
05.04.2026;13:00;UTC;13:15;UTC;-8
05.04.2026;13:15;UTC;13:30;UTC;-7,374
05.04.2026;13:30;UTC;13:45;UTC;-6,393
05.04.2026;13:45;UTC;14:00;UTC;-4,996
05.04.2026;14:00;UTC;14:15;UTC;-4,993
05.04.2026;14:15;UTC;14:30;UTC;-3
05.04.2026;14:30;UTC;14:45;UTC;-2,496
05.04.2026;14:45;UTC;15:00;UTC;-1,503
05.04.2026;15:00;UTC;15:15;UTC;-1,499
05.04.2026;15:15;UTC;15:30;UTC;-0,682
05.04.2026;15:30;UTC;15:45;UTC;-0,345
05.04.2026;15:45;UTC;16:00;UTC;-0,109
05.04.2026;16:00;UTC;16:15;UTC;-0,214
05.04.2026;16:15;UTC;16:30;UTC;-0,092
05.04.2026;16:30;UTC;16:45;UTC;0
05.04.2026;16:45;UTC;17:00;UTC;0,265
05.04.2026;17:00;UTC;17:15;UTC;0,45
05.04.2026;17:15;UTC;17:30;UTC;1,401
05.04.2026;17:30;UTC;17:45;UTC;2,991
05.04.2026;17:45;UTC;18:00;UTC;3,175
05.04.2026;18:00;UTC;18:15;UTC;2,987
05.04.2026;18:15;UTC;18:30;UTC;3,261
05.04.2026;18:30;UTC;18:45;UTC;3,472
05.04.2026;18:45;UTC;19:00;UTC;3,62
05.04.2026;19:00;UTC;19:15;UTC;3,633
05.04.2026;19:15;UTC;19:30;UTC;3,307
05.04.2026;19:30;UTC;19:45;UTC;3,14
05.04.2026;19:45;UTC;20:00;UTC;2,002
05.04.2026;20:00;UTC;20:15;UTC;3,572
05.04.2026;20:15;UTC;20:30;UTC;3,095
05.04.2026;20:30;UTC;20:45;UTC;3,292
05.04.2026;20:45;UTC;21:00;UTC;2,192
05.04.2026;21:00;UTC;21:15;UTC;3,415
05.04.2026;21:15;UTC;21:30;UTC;2,228
05.04.2026;21:30;UTC;21:45;UTC;1,296
05.04.2026;21:45;UTC;22:00;UTC;0,67
05.04.2026;22:00;UTC;22:15;UTC;0,399
05.04.2026;22:15;UTC;22:30;UTC;0,395
05.04.2026;22:30;UTC;22:45;UTC;0,247
05.04.2026;22:45;UTC;23:00;UTC;0,255
05.04.2026;23:00;UTC;23:15;UTC;0,318
05.04.2026;23:15;UTC;23:30;UTC;0,245
05.04.2026;23:30;UTC;23:45;UTC;0,159
05.04.2026;23:45;UTC;00:00;UTC;0,072
06.04.2026;00:00;UTC;00:15;UTC;0,161
06.04.2026;00:15;UTC;00:30;UTC;0,117
06.04.2026;00:30;UTC;00:45;UTC;0,09
06.04.2026;00:45;UTC;01:00;UTC;0,048
06.04.2026;01:00;UTC;01:15;UTC;0,138
06.04.2026;01:15;UTC;01:30;UTC;0,134
06.04.2026;01:30;UTC;01:45;UTC;0,136
06.04.2026;01:45;UTC;02:00;UTC;0,136
06.04.2026;02:00;UTC;02:15;UTC;0,066
06.04.2026;02:15;UTC;02:30;UTC;0,099
06.04.2026;02:30;UTC;02:45;UTC;0,159
06.04.2026;02:45;UTC;03:00;UTC;0,1
06.04.2026;03:00;UTC;03:15;UTC;0,249
06.04.2026;03:15;UTC;03:30;UTC;0,25
06.04.2026;03:30;UTC;03:45;UTC;0,211
06.04.2026;03:45;UTC;04:00;UTC;0,134
06.04.2026;04:00;UTC;04:15;UTC;0,244
06.04.2026;04:15;UTC;04:30;UTC;0,212
06.04.2026;04:30;UTC;04:45;UTC;0,207
06.04.2026;04:45;UTC;05:00;UTC;0,131
06.04.2026;05:00;UTC;05:15;UTC;0,244
06.04.2026;05:15;UTC;05:30;UTC;0,156
06.04.2026;05:30;UTC;05:45;UTC;0,133
06.04.2026;05:45;UTC;06:00;UTC;0
06.04.2026;06:00;UTC;06:15;UTC;-0,001
06.04.2026;06:15;UTC;06:30;UTC;-0,002
06.04.2026;06:30;UTC;06:45;UTC;-0,101
06.04.2026;06:45;UTC;07:00;UTC;-0,273
06.04.2026;07:00;UTC;07:15;UTC;-0,61
06.04.2026;07:15;UTC;07:30;UTC;-0,995
06.04.2026;07:30;UTC;07:45;UTC;-1,336
06.04.2026;07:45;UTC;08:00;UTC;-1,501
06.04.2026;08:00;UTC;08:15;UTC;-1,501
06.04.2026;08:15;UTC;08:30;UTC;-1,998
06.04.2026;08:30;UTC;08:45;UTC;-2,66
06.04.2026;08:45;UTC;09:00;UTC;-4,242
06.04.2026;09:00;UTC;09:15;UTC;-4,17
06.04.2026;09:15;UTC;09:30;UTC;-5,501
06.04.2026;09:30;UTC;09:45;UTC;-6,834
06.04.2026;09:45;UTC;10:00;UTC;-7,399
06.04.2026;10:00;UTC;10:15;UTC;-5,305
06.04.2026;10:15;UTC;10:30;UTC;-8,277
06.04.2026;10:30;UTC;10:45;UTC;-8,742
06.04.2026;10:45;UTC;11:00;UTC;-9,482
06.04.2026;11:00;UTC;11:15;UTC;-10,525
06.04.2026;11:15;UTC;11:30;UTC;-11,616
06.04.2026;11:30;UTC;11:45;UTC;-13,409
06.04.2026;11:45;UTC;12:00;UTC;-14,705
06.04.2026;12:00;UTC;12:15;UTC;-13,689
06.04.2026;12:15;UTC;12:30;UTC;-12,789
06.04.2026;12:30;UTC;12:45;UTC;-12,306
06.04.2026;12:45;UTC;13:00;UTC;-10,63
06.04.2026;13:00;UTC;13:15;UTC;-11,453
06.04.2026;13:15;UTC;13:30;UTC;-9
06.04.2026;13:30;UTC;13:45;UTC;-7,4
06.04.2026;13:45;UTC;14:00;UTC;-5,994
06.04.2026;14:00;UTC;14:15;UTC;-5,9
06.04.2026;14:15;UTC;14:30;UTC;-3,3
06.04.2026;14:30;UTC;14:45;UTC;-1,587
06.04.2026;14:45;UTC;15:00;UTC;-0,701
06.04.2026;15:00;UTC;15:15;UTC;-1,329
06.04.2026;15:15;UTC;15:30;UTC;-0,658
06.04.2026;15:30;UTC;15:45;UTC;-0,333
06.04.2026;15:45;UTC;16:00;UTC;0,076
06.04.2026;16:00;UTC;16:15;UTC;0
06.04.2026;16:15;UTC;16:30;UTC;0,999
06.04.2026;16:30;UTC;16:45;UTC;7,331
06.04.2026;16:45;UTC;17:00;UTC;11,12
06.04.2026;17:00;UTC;17:15;UTC;9,345
06.04.2026;17:15;UTC;17:30;UTC;11,002
06.04.2026;17:30;UTC;17:45;UTC;11,145
06.04.2026;17:45;UTC;18:00;UTC;11,583
06.04.2026;18:00;UTC;18:15;UTC;11,757
06.04.2026;18:15;UTC;18:30;UTC;11,729
06.04.2026;18:30;UTC;18:45;UTC;11,727
06.04.2026;18:45;UTC;19:00;UTC;11,189
06.04.2026;19:00;UTC;19:15;UTC;11,108
06.04.2026;19:15;UTC;19:30;UTC;11,101
06.04.2026;19:30;UTC;19:45;UTC;10,859
06.04.2026;19:45;UTC;20:00;UTC;10,621
06.04.2026;20:00;UTC;20:15;UTC;12,15
06.04.2026;20:15;UTC;20:30;UTC;11,735
06.04.2026;20:30;UTC;20:45;UTC;11,176
06.04.2026;20:45;UTC;21:00;UTC;10,478
06.04.2026;21:00;UTC;21:15;UTC;11,659
06.04.2026;21:15;UTC;21:30;UTC;11,063
06.04.2026;21:30;UTC;21:45;UTC;10,681
06.04.2026;21:45;UTC;22:00;UTC;10,119
06.04.2026;22:00;UTC;22:15;UTC;10,754
06.04.2026;22:15;UTC;22:30;UTC;10,723
06.04.2026;22:30;UTC;22:45;UTC;10,719
06.04.2026;22:45;UTC;23:00;UTC;10,364
06.04.2026;23:00;UTC;23:15;UTC;10,428
06.04.2026;23:15;UTC;23:30;UTC;10,174
06.04.2026;23:30;UTC;23:45;UTC;10,063
06.04.2026;23:45;UTC;00:00;UTC;9,853
07.04.2026;00:00;UTC;00:15;UTC;10,244
07.04.2026;00:15;UTC;00:30;UTC;10,196
07.04.2026;00:30;UTC;00:45;UTC;10,125
07.04.2026;00:45;UTC;01:00;UTC;10,094
07.04.2026;01:00;UTC;01:15;UTC;10,196
07.04.2026;01:15;UTC;01:30;UTC;10,163
07.04.2026;01:30;UTC;01:45;UTC;10,224
07.04.2026;01:45;UTC;02:00;UTC;10,329
07.04.2026;02:00;UTC;02:15;UTC;10,028
07.04.2026;02:15;UTC;02:30;UTC;10,331
07.04.2026;02:30;UTC;02:45;UTC;10,35
07.04.2026;02:45;UTC;03:00;UTC;11,345
07.04.2026;03:00;UTC;03:15;UTC;10,939
07.04.2026;03:15;UTC;03:30;UTC;10,921
07.04.2026;03:30;UTC;03:45;UTC;12,4
07.04.2026;03:45;UTC;04:00;UTC;12,847
07.04.2026;04:00;UTC;04:15;UTC;11,859
07.04.2026;04:15;UTC;04:30;UTC;13,813
07.04.2026;04:30;UTC;04:45;UTC;14,994
07.04.2026;04:45;UTC;05:00;UTC;16,899
07.04.2026;05:00;UTC;05:15;UTC;21,034
07.04.2026;05:15;UTC;05:30;UTC;20,484
07.04.2026;05:30;UTC;05:45;UTC;16,923
07.04.2026;05:45;UTC;06:00;UTC;12,864
07.04.2026;06:00;UTC;06:15;UTC;19,898
07.04.2026;06:15;UTC;06:30;UTC;13,787
07.04.2026;06:30;UTC;06:45;UTC;10,159
07.04.2026;06:45;UTC;07:00;UTC;7,299
07.04.2026;07:00;UTC;07:15;UTC;12,873
07.04.2026;07:15;UTC;07:30;UTC;8,841
07.04.2026;07:30;UTC;07:45;UTC;7,1
07.04.2026;07:45;UTC;08:00;UTC;3,907
07.04.2026;08:00;UTC;08:15;UTC;6,93
07.04.2026;08:15;UTC;08:30;UTC;2,759
07.04.2026;08:30;UTC;08:45;UTC;0,267
07.04.2026;08:45;UTC;09:00;UTC;-0,001
07.04.2026;09:00;UTC;09:15;UTC;0,106
07.04.2026;09:15;UTC;09:30;UTC;0
07.04.2026;09:30;UTC;09:45;UTC;-0,009
07.04.2026;09:45;UTC;10:00;UTC;-0,1
07.04.2026;10:00;UTC;10:15;UTC;-0,02
07.04.2026;10:15;UTC;10:30;UTC;-0,199
07.04.2026;10:30;UTC;10:45;UTC;-0,474
07.04.2026;10:45;UTC;11:00;UTC;-0,511
07.04.2026;11:00;UTC;11:15;UTC;-0,61
07.04.2026;11:15;UTC;11:30;UTC;-0,994
07.04.2026;11:30;UTC;11:45;UTC;-1,406
07.04.2026;11:45;UTC;12:00;UTC;-1,505
07.04.2026;12:00;UTC;12:15;UTC;-1,507
07.04.2026;12:15;UTC;12:30;UTC;-1,465
07.04.2026;12:30;UTC;12:45;UTC;-1,009
07.04.2026;12:45;UTC;13:00;UTC;-0,511
07.04.2026;13:00;UTC;13:15;UTC;-1,227
07.04.2026;13:15;UTC;13:30;UTC;-0,43
07.04.2026;13:30;UTC;13:45;UTC;-0,024
07.04.2026;13:45;UTC;14:00;UTC;-0,001
07.04.2026;14:00;UTC;14:15;UTC;-0,142
07.04.2026;14:15;UTC;14:30;UTC;-0,001
07.04.2026;14:30;UTC;14:45;UTC;0,001
07.04.2026;14:45;UTC;15:00;UTC;1,662
07.04.2026;15:00;UTC;15:15;UTC;1,159
07.04.2026;15:15;UTC;15:30;UTC;6,985
07.04.2026;15:30;UTC;15:45;UTC;10,265
07.04.2026;15:45;UTC;16:00;UTC;13,552
07.04.2026;16:00;UTC;16:15;UTC;9,125
07.04.2026;16:15;UTC;16:30;UTC;12,479
07.04.2026;16:30;UTC;16:45;UTC;14,068
07.04.2026;16:45;UTC;17:00;UTC;19,526
07.04.2026;17:00;UTC;17:15;UTC;14,871
07.04.2026;17:15;UTC;17:30;UTC;17,996
07.04.2026;17:30;UTC;17:45;UTC;21,859
07.04.2026;17:45;UTC;18:00;UTC;22,885
07.04.2026;18:00;UTC;18:15;UTC;22,839
07.04.2026;18:15;UTC;18:30;UTC;21,351
07.04.2026;18:30;UTC;18:45;UTC;17,111
07.04.2026;18:45;UTC;19:00;UTC;14,252
07.04.2026;19:00;UTC;19:15;UTC;17,255
07.04.2026;19:15;UTC;19:30;UTC;14,531
07.04.2026;19:30;UTC;19:45;UTC;13,721
07.04.2026;19:45;UTC;20:00;UTC;12,094
07.04.2026;20:00;UTC;20:15;UTC;13,55
07.04.2026;20:15;UTC;20:30;UTC;12,901
07.04.2026;20:30;UTC;20:45;UTC;13,055
07.04.2026;20:45;UTC;21:00;UTC;12,098
07.04.2026;21:00;UTC;21:15;UTC;12,788
07.04.2026;21:15;UTC;21:30;UTC;11,772
07.04.2026;21:30;UTC;21:45;UTC;11,454
07.04.2026;21:45;UTC;22:00;UTC;11,266
07.04.2026;22:00;UTC;22:15;UTC;11,557
07.04.2026;22:15;UTC;22:30;UTC;10,822
07.04.2026;22:30;UTC;22:45;UTC;10,378
07.04.2026;22:45;UTC;23:00;UTC;10,111
07.04.2026;23:00;UTC;23:15;UTC;10,393
07.04.2026;23:15;UTC;23:30;UTC;10,3
07.04.2026;23:30;UTC;23:45;UTC;10,159
07.04.2026;23:45;UTC;00:00;UTC;10,032
08.04.2026;00:00;UTC;00:15;UTC;10,198
08.04.2026;00:15;UTC;00:30;UTC;10,009
08.04.2026;00:30;UTC;00:45;UTC;10,037
08.04.2026;00:45;UTC;01:00;UTC;10,084
08.04.2026;01:00;UTC;01:15;UTC;10,232
08.04.2026;01:15;UTC;01:30;UTC;10,238
08.04.2026;01:30;UTC;01:45;UTC;10,394
08.04.2026;01:45;UTC;02:00;UTC;10,535
08.04.2026;02:00;UTC;02:15;UTC;10,232
08.04.2026;02:15;UTC;02:30;UTC;10,468
08.04.2026;02:30;UTC;02:45;UTC;10,938
08.04.2026;02:45;UTC;03:00;UTC;11,367
08.04.2026;03:00;UTC;03:15;UTC;10,384
08.04.2026;03:15;UTC;03:30;UTC;11,23
08.04.2026;03:30;UTC;03:45;UTC;11,789
08.04.2026;03:45;UTC;04:00;UTC;13,368
08.04.2026;04:00;UTC;04:15;UTC;12,339
08.04.2026;04:15;UTC;04:30;UTC;14,124
08.04.2026;04:30;UTC;04:45;UTC;16,468
08.04.2026;04:45;UTC;05:00;UTC;16,987
08.04.2026;05:00;UTC;05:15;UTC;18,679
08.04.2026;05:15;UTC;05:30;UTC;18,481
08.04.2026;05:30;UTC;05:45;UTC;16,8
08.04.2026;05:45;UTC;06:00;UTC;13,559
08.04.2026;06:00;UTC;06:15;UTC;18,594
08.04.2026;06:15;UTC;06:30;UTC;14,177
08.04.2026;06:30;UTC;06:45;UTC;12,779
08.04.2026;06:45;UTC;07:00;UTC;9,853
08.04.2026;07:00;UTC;07:15;UTC;13,437
08.04.2026;07:15;UTC;07:30;UTC;10,599
08.04.2026;07:30;UTC;07:45;UTC;8,75
08.04.2026;07:45;UTC;08:00;UTC;6,194
08.04.2026;08:00;UTC;08:15;UTC;10,236
08.04.2026;08:15;UTC;08:30;UTC;7,599
08.04.2026;08:30;UTC;08:45;UTC;2,613
08.04.2026;08:45;UTC;09:00;UTC;0
08.04.2026;09:00;UTC;09:15;UTC;0,59
08.04.2026;09:15;UTC;09:30;UTC;-0,001
08.04.2026;09:30;UTC;09:45;UTC;-0,109
08.04.2026;09:45;UTC;10:00;UTC;-0,5
08.04.2026;10:00;UTC;10:15;UTC;-0,53
08.04.2026;10:15;UTC;10:30;UTC;-1,871
08.04.2026;10:30;UTC;10:45;UTC;-2,157
08.04.2026;10:45;UTC;11:00;UTC;-2,973
08.04.2026;11:00;UTC;11:15;UTC;-2,672
08.04.2026;11:15;UTC;11:30;UTC;-3,091
08.04.2026;11:30;UTC;11:45;UTC;-3,356
08.04.2026;11:45;UTC;12:00;UTC;-3,993
08.04.2026;12:00;UTC;12:15;UTC;-3,4
08.04.2026;12:15;UTC;12:30;UTC;-3,3
08.04.2026;12:30;UTC;12:45;UTC;-2,999
08.04.2026;12:45;UTC;13:00;UTC;-2,195
08.04.2026;13:00;UTC;13:15;UTC;-2,303
08.04.2026;13:15;UTC;13:30;UTC;-1,81
08.04.2026;13:30;UTC;13:45;UTC;-1,04
08.04.2026;13:45;UTC;14:00;UTC;-0,109
08.04.2026;14:00;UTC;14:15;UTC;-0,589
08.04.2026;14:15;UTC;14:30;UTC;-0,001
08.04.2026;14:30;UTC;14:45;UTC;0,136
08.04.2026;14:45;UTC;15:00;UTC;5,795
08.04.2026;15:00;UTC;15:15;UTC;3,008
08.04.2026;15:15;UTC;15:30;UTC;8,564
08.04.2026;15:30;UTC;15:45;UTC;11,324
08.04.2026;15:45;UTC;16:00;UTC;13,854
08.04.2026;16:00;UTC;16:15;UTC;10,99
08.04.2026;16:15;UTC;16:30;UTC;12,608
08.04.2026;16:30;UTC;16:45;UTC;13,792
08.04.2026;16:45;UTC;17:00;UTC;16,309
08.04.2026;17:00;UTC;17:15;UTC;14,595
08.04.2026;17:15;UTC;17:30;UTC;16,702
08.04.2026;17:30;UTC;17:45;UTC;18,167
08.04.2026;17:45;UTC;18:00;UTC;18,539
08.04.2026;18:00;UTC;18:15;UTC;20,101
08.04.2026;18:15;UTC;18:30;UTC;16,356
08.04.2026;18:30;UTC;18:45;UTC;14,267
08.04.2026;18:45;UTC;19:00;UTC;13,497
08.04.2026;19:00;UTC;19:15;UTC;15,493
08.04.2026;19:15;UTC;19:30;UTC;14,168
08.04.2026;19:30;UTC;19:45;UTC;13,48
08.04.2026;19:45;UTC;20:00;UTC;11,7
08.04.2026;20:00;UTC;20:15;UTC;12,73
08.04.2026;20:15;UTC;20:30;UTC;12,259
08.04.2026;20:30;UTC;20:45;UTC;12,116
08.04.2026;20:45;UTC;21:00;UTC;11,452
08.04.2026;21:00;UTC;21:15;UTC;11,737
08.04.2026;21:15;UTC;21:30;UTC;11,095
08.04.2026;21:30;UTC;21:45;UTC;10,775
08.04.2026;21:45;UTC;22:00;UTC;10,183
08.04.2026;22:00;UTC;22:15;UTC;10,956
08.04.2026;22:15;UTC;22:30;UTC;10,554
08.04.2026;22:30;UTC;22:45;UTC;10,309
08.04.2026;22:45;UTC;23:00;UTC;10,14
08.04.2026;23:00;UTC;23:15;UTC;10,187
08.04.2026;23:15;UTC;23:30;UTC;10,142
08.04.2026;23:30;UTC;23:45;UTC;10,08
08.04.2026;23:45;UTC;00:00;UTC;10,032
09.04.2026;00:00;UTC;00:15;UTC;10,081
09.04.2026;00:15;UTC;00:30;UTC;10,081
09.04.2026;00:30;UTC;00:45;UTC;10,12
09.04.2026;00:45;UTC;01:00;UTC;10,156
09.04.2026;01:00;UTC;01:15;UTC;10,074
09.04.2026;01:15;UTC;01:30;UTC;10,15
09.04.2026;01:30;UTC;01:45;UTC;10,195
09.04.2026;01:45;UTC;02:00;UTC;10,326
09.04.2026;02:00;UTC;02:15;UTC;9,98
09.04.2026;02:15;UTC;02:30;UTC;10,24
09.04.2026;02:30;UTC;02:45;UTC;10,536
09.04.2026;02:45;UTC;03:00;UTC;11,284
09.04.2026;03:00;UTC;03:15;UTC;10,509
09.04.2026;03:15;UTC;03:30;UTC;11,032
09.04.2026;03:30;UTC;03:45;UTC;11,961
09.04.2026;03:45;UTC;04:00;UTC;12,847
09.04.2026;04:00;UTC;04:15;UTC;11,855
09.04.2026;04:15;UTC;04:30;UTC;13,163
09.04.2026;04:30;UTC;04:45;UTC;14,28
09.04.2026;04:45;UTC;05:00;UTC;14,82
09.04.2026;05:00;UTC;05:15;UTC;15,625
09.04.2026;05:15;UTC;05:30;UTC;15,483
09.04.2026;05:30;UTC;05:45;UTC;14,639
09.04.2026;05:45;UTC;06:00;UTC;12,893
09.04.2026;06:00;UTC;06:15;UTC;15,875
09.04.2026;06:15;UTC;06:30;UTC;13,58
09.04.2026;06:30;UTC;06:45;UTC;11,969
09.04.2026;06:45;UTC;07:00;UTC;9,812
09.04.2026;07:00;UTC;07:15;UTC;13,17
09.04.2026;07:15;UTC;07:30;UTC;10,858
09.04.2026;07:30;UTC;07:45;UTC;8,956
09.04.2026;07:45;UTC;08:00;UTC;6,886
09.04.2026;08:00;UTC;08:15;UTC;8,844
09.04.2026;08:15;UTC;08:30;UTC;7,485
09.04.2026;08:30;UTC;08:45;UTC;4,709
09.04.2026;08:45;UTC;09:00;UTC;0,961
09.04.2026;09:00;UTC;09:15;UTC;0,483
09.04.2026;09:15;UTC;09:30;UTC;0,001
09.04.2026;09:30;UTC;09:45;UTC;0
09.04.2026;09:45;UTC;10:00;UTC;-0,001
09.04.2026;10:00;UTC;10:15;UTC;-0,001
09.04.2026;10:15;UTC;10:30;UTC;-0,01
09.04.2026;10:30;UTC;10:45;UTC;-0,109
09.04.2026;10:45;UTC;11:00;UTC;-0,292
09.04.2026;11:00;UTC;11:15;UTC;-0,3
09.04.2026;11:15;UTC;11:30;UTC;-0,516
09.04.2026;11:30;UTC;11:45;UTC;-0,996
09.04.2026;11:45;UTC;12:00;UTC;-1,334
09.04.2026;12:00;UTC;12:15;UTC;-1,025
09.04.2026;12:15;UTC;12:30;UTC;-0,999
09.04.2026;12:30;UTC;12:45;UTC;-0,717
09.04.2026;12:45;UTC;13:00;UTC;-0,514
09.04.2026;13:00;UTC;13:15;UTC;-0,299
09.04.2026;13:15;UTC;13:30;UTC;-0,12
09.04.2026;13:30;UTC;13:45;UTC;-0,093
09.04.2026;13:45;UTC;14:00;UTC;-0,009
09.04.2026;14:00;UTC;14:15;UTC;-0,001
09.04.2026;14:15;UTC;14:30;UTC;0,368
09.04.2026;14:30;UTC;14:45;UTC;3,341
09.04.2026;14:45;UTC;15:00;UTC;7,124
09.04.2026;15:00;UTC;15:15;UTC;2,74
09.04.2026;15:15;UTC;15:30;UTC;7,785
09.04.2026;15:30;UTC;15:45;UTC;10,071
09.04.2026;15:45;UTC;16:00;UTC;12,415
09.04.2026;16:00;UTC;16:15;UTC;9,066
09.04.2026;16:15;UTC;16:30;UTC;11,165
09.04.2026;16:30;UTC;16:45;UTC;12,624
09.04.2026;16:45;UTC;17:00;UTC;13,287
09.04.2026;17:00;UTC;17:15;UTC;12,926
09.04.2026;17:15;UTC;17:30;UTC;13,25
09.04.2026;17:30;UTC;17:45;UTC;14,354
09.04.2026;17:45;UTC;18:00;UTC;14,337
09.04.2026;18:00;UTC;18:15;UTC;15,412
09.04.2026;18:15;UTC;18:30;UTC;12,949
09.04.2026;18:30;UTC;18:45;UTC;11,965
09.04.2026;18:45;UTC;19:00;UTC;10,604
09.04.2026;19:00;UTC;19:15;UTC;13,19
09.04.2026;19:15;UTC;19:30;UTC;12,015
09.04.2026;19:30;UTC;19:45;UTC;10,548
09.04.2026;19:45;UTC;20:00;UTC;8,627
09.04.2026;20:00;UTC;20:15;UTC;10,952
09.04.2026;20:15;UTC;20:30;UTC;10,484
09.04.2026;20:30;UTC;20:45;UTC;9,823
09.04.2026;20:45;UTC;21:00;UTC;8,833
09.04.2026;21:00;UTC;21:15;UTC;9,031
09.04.2026;21:15;UTC;21:30;UTC;8,551
09.04.2026;21:30;UTC;21:45;UTC;7,969
09.04.2026;21:45;UTC;22:00;UTC;6,87
09.04.2026;22:00;UTC;22:15;UTC;8,557
09.04.2026;22:15;UTC;22:30;UTC;8,19
09.04.2026;22:30;UTC;22:45;UTC;8,025
09.04.2026;22:45;UTC;23:00;UTC;7,98
09.04.2026;23:00;UTC;23:15;UTC;8,1
09.04.2026;23:15;UTC;23:30;UTC;7,986
09.04.2026;23:30;UTC;23:45;UTC;7,842
09.04.2026;23:45;UTC;00:00;UTC;7,8
10.04.2026;00:00;UTC;00:15;UTC;8,111
10.04.2026;00:15;UTC;00:30;UTC;7,858
10.04.2026;00:30;UTC;00:45;UTC;7,845
10.04.2026;00:45;UTC;01:00;UTC;7,718
10.04.2026;01:00;UTC;01:15;UTC;7,849
10.04.2026;01:15;UTC;01:30;UTC;7,871
10.04.2026;01:30;UTC;01:45;UTC;7,894
10.04.2026;01:45;UTC;02:00;UTC;7,807
10.04.2026;02:00;UTC;02:15;UTC;7,827
10.04.2026;02:15;UTC;02:30;UTC;8,058
10.04.2026;02:30;UTC;02:45;UTC;8,084
10.04.2026;02:45;UTC;03:00;UTC;8,48
10.04.2026;03:00;UTC;03:15;UTC;8,192
10.04.2026;03:15;UTC;03:30;UTC;8,808
10.04.2026;03:30;UTC;03:45;UTC;8,661
10.04.2026;03:45;UTC;04:00;UTC;9,846
10.04.2026;04:00;UTC;04:15;UTC;8,988
10.04.2026;04:15;UTC;04:30;UTC;11,801
10.04.2026;04:30;UTC;04:45;UTC;11,662
10.04.2026;04:45;UTC;05:00;UTC;12,412
10.04.2026;05:00;UTC;05:15;UTC;12,741
10.04.2026;05:15;UTC;05:30;UTC;12,92
10.04.2026;05:30;UTC;05:45;UTC;12,621
10.04.2026;05:45;UTC;06:00;UTC;12,293
10.04.2026;06:00;UTC;06:15;UTC;13,229
10.04.2026;06:15;UTC;06:30;UTC;12,72
10.04.2026;06:30;UTC;06:45;UTC;12,301
10.04.2026;06:45;UTC;07:00;UTC;11,014
10.04.2026;07:00;UTC;07:15;UTC;13,118
10.04.2026;07:15;UTC;07:30;UTC;11,953
10.04.2026;07:30;UTC;07:45;UTC;11,711
10.04.2026;07:45;UTC;08:00;UTC;10,924
10.04.2026;08:00;UTC;08:15;UTC;11,868
10.04.2026;08:15;UTC;08:30;UTC;11,078
10.04.2026;08:30;UTC;08:45;UTC;11,1
10.04.2026;08:45;UTC;09:00;UTC;9,89
10.04.2026;09:00;UTC;09:15;UTC;11,021
10.04.2026;09:15;UTC;09:30;UTC;10,257
10.04.2026;09:30;UTC;09:45;UTC;10,018
10.04.2026;09:45;UTC;10:00;UTC;9,9
10.04.2026;10:00;UTC;10:15;UTC;9,548
10.04.2026;10:15;UTC;10:30;UTC;8,848
10.04.2026;10:30;UTC;10:45;UTC;9,602
10.04.2026;10:45;UTC;11:00;UTC;8,838
10.04.2026;11:00;UTC;11:15;UTC;9,611
10.04.2026;11:15;UTC;11:30;UTC;8,794
10.04.2026;11:30;UTC;11:45;UTC;8,489
10.04.2026;11:45;UTC;12:00;UTC;8,681
10.04.2026;12:00;UTC;12:15;UTC;8,791
10.04.2026;12:15;UTC;12:30;UTC;8,568
10.04.2026;12:30;UTC;12:45;UTC;8,806
10.04.2026;12:45;UTC;13:00;UTC;8,795
10.04.2026;13:00;UTC;13:15;UTC;8,652
10.04.2026;13:15;UTC;13:30;UTC;9,404
10.04.2026;13:30;UTC;13:45;UTC;9,713
10.04.2026;13:45;UTC;14:00;UTC;9,838
10.04.2026;14:00;UTC;14:15;UTC;9,46
10.04.2026;14:15;UTC;14:30;UTC;10,403
10.04.2026;14:30;UTC;14:45;UTC;11,285
10.04.2026;14:45;UTC;15:00;UTC;12,364
10.04.2026;15:00;UTC;15:15;UTC;11,02
10.04.2026;15:15;UTC;15:30;UTC;12,3
10.04.2026;15:30;UTC;15:45;UTC;13,113
10.04.2026;15:45;UTC;16:00;UTC;15,608
10.04.2026;16:00;UTC;16:15;UTC;12,81
10.04.2026;16:15;UTC;16:30;UTC;13,444
10.04.2026;16:30;UTC;16:45;UTC;15,401
10.04.2026;16:45;UTC;17:00;UTC;20,461
10.04.2026;17:00;UTC;17:15;UTC;16,553
10.04.2026;17:15;UTC;17:30;UTC;19,317
10.04.2026;17:30;UTC;17:45;UTC;23,777
10.04.2026;17:45;UTC;18:00;UTC;31,46
10.04.2026;18:00;UTC;18:15;UTC;27,2
10.04.2026;18:15;UTC;18:30;UTC;25,9
10.04.2026;18:30;UTC;18:45;UTC;23,953
10.04.2026;18:45;UTC;19:00;UTC;20,993
10.04.2026;19:00;UTC;19:15;UTC;21,566
10.04.2026;19:15;UTC;19:30;UTC;17,703
10.04.2026;19:30;UTC;19:45;UTC;16,7
10.04.2026;19:45;UTC;20:00;UTC;14,622
10.04.2026;20:00;UTC;20:15;UTC;16,853
10.04.2026;20:15;UTC;20:30;UTC;15,251
10.04.2026;20:30;UTC;20:45;UTC;14,406
10.04.2026;20:45;UTC;21:00;UTC;13,212
10.04.2026;21:00;UTC;21:15;UTC;13,788
10.04.2026;21:15;UTC;21:30;UTC;13,23
10.04.2026;21:30;UTC;21:45;UTC;13,229
10.04.2026;21:45;UTC;22:00;UTC;12,537
10.04.2026;22:00;UTC;22:15;UTC;14,715
10.04.2026;22:15;UTC;22:30;UTC;13,626
10.04.2026;22:30;UTC;22:45;UTC;12,936
10.04.2026;22:45;UTC;23:00;UTC;12,329
10.04.2026;23:00;UTC;23:15;UTC;12,794
10.04.2026;23:15;UTC;23:30;UTC;12,391
10.04.2026;23:30;UTC;23:45;UTC;11,578
10.04.2026;23:45;UTC;00:00;UTC;11,49
11.04.2026;00:00;UTC;00:15;UTC;11,662
11.04.2026;00:15;UTC;00:30;UTC;11,405
11.04.2026;00:30;UTC;00:45;UTC;11,414
11.04.2026;00:45;UTC;01:00;UTC;11,272
11.04.2026;01:00;UTC;01:15;UTC;11,499
11.04.2026;01:15;UTC;01:30;UTC;11,325
11.04.2026;01:30;UTC;01:45;UTC;11,232
11.04.2026;01:45;UTC;02:00;UTC;10,884
11.04.2026;02:00;UTC;02:15;UTC;11,301
11.04.2026;02:15;UTC;02:30;UTC;11,206
11.04.2026;02:30;UTC;02:45;UTC;11,108
11.04.2026;02:45;UTC;03:00;UTC;10,72
11.04.2026;03:00;UTC;03:15;UTC;11,176
11.04.2026;03:15;UTC;03:30;UTC;10,776
11.04.2026;03:30;UTC;03:45;UTC;10,753
11.04.2026;03:45;UTC;04:00;UTC;10,639
11.04.2026;04:00;UTC;04:15;UTC;10,742
11.04.2026;04:15;UTC;04:30;UTC;10,866
11.04.2026;04:30;UTC;04:45;UTC;10,846
11.04.2026;04:45;UTC;05:00;UTC;10,188
11.04.2026;05:00;UTC;05:15;UTC;11,03
11.04.2026;05:15;UTC;05:30;UTC;10,57
11.04.2026;05:30;UTC;05:45;UTC;9,049
11.04.2026;05:45;UTC;06:00;UTC;6,646
11.04.2026;06:00;UTC;06:15;UTC;10,362
11.04.2026;06:15;UTC;06:30;UTC;8,741
11.04.2026;06:30;UTC;06:45;UTC;6,377
11.04.2026;06:45;UTC;07:00;UTC;2,364
11.04.2026;07:00;UTC;07:15;UTC;5,581
11.04.2026;07:15;UTC;07:30;UTC;2,246
11.04.2026;07:30;UTC;07:45;UTC;0,8
11.04.2026;07:45;UTC;08:00;UTC;0,001
11.04.2026;08:00;UTC;08:15;UTC;0,773
11.04.2026;08:15;UTC;08:30;UTC;0
11.04.2026;08:30;UTC;08:45;UTC;-0,101
11.04.2026;08:45;UTC;09:00;UTC;-0,735
11.04.2026;09:00;UTC;09:15;UTC;-0,1
11.04.2026;09:15;UTC;09:30;UTC;-0,217
11.04.2026;09:30;UTC;09:45;UTC;-0,999
11.04.2026;09:45;UTC;10:00;UTC;-2,007
11.04.2026;10:00;UTC;10:15;UTC;-2,009
11.04.2026;10:15;UTC;10:30;UTC;-3,993
11.04.2026;10:30;UTC;10:45;UTC;-4,274
11.04.2026;10:45;UTC;11:00;UTC;-5,825
11.04.2026;11:00;UTC;11:15;UTC;-7,001
11.04.2026;11:15;UTC;11:30;UTC;-7,474
11.04.2026;11:30;UTC;11:45;UTC;-8,48
11.04.2026;11:45;UTC;12:00;UTC;-9,031
11.04.2026;12:00;UTC;12:15;UTC;-8,201
11.04.2026;12:15;UTC;12:30;UTC;-7,975
11.04.2026;12:30;UTC;12:45;UTC;-7,499
11.04.2026;12:45;UTC;13:00;UTC;-7,379
11.04.2026;13:00;UTC;13:15;UTC;-6,301
11.04.2026;13:15;UTC;13:30;UTC;-5,03
11.04.2026;13:30;UTC;13:45;UTC;-4
11.04.2026;13:45;UTC;14:00;UTC;-3
11.04.2026;14:00;UTC;14:15;UTC;-2,993
11.04.2026;14:15;UTC;14:30;UTC;-1,5
11.04.2026;14:30;UTC;14:45;UTC;-0,83
11.04.2026;14:45;UTC;15:00;UTC;-0,996
11.04.2026;15:00;UTC;15:15;UTC;-0,41
11.04.2026;15:15;UTC;15:30;UTC;-0,3
11.04.2026;15:30;UTC;15:45;UTC;-0,055
11.04.2026;15:45;UTC;16:00;UTC;0,479
11.04.2026;16:00;UTC;16:15;UTC;0,238
11.04.2026;16:15;UTC;16:30;UTC;3,71
11.04.2026;16:30;UTC;16:45;UTC;6,041
11.04.2026;16:45;UTC;17:00;UTC;7,49
11.04.2026;17:00;UTC;17:15;UTC;6,811
11.04.2026;17:15;UTC;17:30;UTC;7,532
11.04.2026;17:30;UTC;17:45;UTC;7,699
11.04.2026;17:45;UTC;18:00;UTC;7,485
11.04.2026;18:00;UTC;18:15;UTC;8,619
11.04.2026;18:15;UTC;18:30;UTC;7,009
11.04.2026;18:30;UTC;18:45;UTC;7,495
11.04.2026;18:45;UTC;19:00;UTC;6,792
11.04.2026;19:00;UTC;19:15;UTC;6,799
11.04.2026;19:15;UTC;19:30;UTC;6,694
11.04.2026;19:30;UTC;19:45;UTC;6,3
11.04.2026;19:45;UTC;20:00;UTC;6,3
11.04.2026;20:00;UTC;20:15;UTC;6,997
11.04.2026;20:15;UTC;20:30;UTC;7,104
11.04.2026;20:30;UTC;20:45;UTC;7,051
11.04.2026;20:45;UTC;21:00;UTC;6,299
11.04.2026;21:00;UTC;21:15;UTC;7,001
11.04.2026;21:15;UTC;21:30;UTC;7,005
11.04.2026;21:30;UTC;21:45;UTC;6,913
11.04.2026;21:45;UTC;22:00;UTC;6,531
11.04.2026;22:00;UTC;22:15;UTC;7,001
11.04.2026;22:15;UTC;22:30;UTC;7,102
11.04.2026;22:30;UTC;22:45;UTC;7,515
11.04.2026;22:45;UTC;23:00;UTC;7,391
11.04.2026;23:00;UTC;23:15;UTC;7,71
11.04.2026;23:15;UTC;23:30;UTC;7,327
11.04.2026;23:30;UTC;23:45;UTC;7,621
11.04.2026;23:45;UTC;00:00;UTC;7,971
12.04.2026;00:00;UTC;00:15;UTC;7,747
12.04.2026;00:15;UTC;00:30;UTC;8,011
12.04.2026;00:30;UTC;00:45;UTC;8,068
12.04.2026;00:45;UTC;01:00;UTC;8,343
12.04.2026;01:00;UTC;01:15;UTC;8,24
12.04.2026;01:15;UTC;01:30;UTC;8,559
12.04.2026;01:30;UTC;01:45;UTC;8,493
12.04.2026;01:45;UTC;02:00;UTC;8,812
12.04.2026;02:00;UTC;02:15;UTC;9,129
12.04.2026;02:15;UTC;02:30;UTC;9,306
12.04.2026;02:30;UTC;02:45;UTC;9,618
12.04.2026;02:45;UTC;03:00;UTC;9,988
12.04.2026;03:00;UTC;03:15;UTC;9,562
12.04.2026;03:15;UTC;03:30;UTC;9,934
12.04.2026;03:30;UTC;03:45;UTC;9,931
12.04.2026;03:45;UTC;04:00;UTC;9,793
12.04.2026;04:00;UTC;04:15;UTC;10,16
12.04.2026;04:15;UTC;04:30;UTC;10,113
12.04.2026;04:30;UTC;04:45;UTC;9,706
12.04.2026;04:45;UTC;05:00;UTC;9,501
12.04.2026;05:00;UTC;05:15;UTC;10,519
12.04.2026;05:15;UTC;05:30;UTC;9,595
12.04.2026;05:30;UTC;05:45;UTC;8,919
12.04.2026;05:45;UTC;06:00;UTC;8,694
12.04.2026;06:00;UTC;06:15;UTC;8,799
12.04.2026;06:15;UTC;06:30;UTC;8,128
12.04.2026;06:30;UTC;06:45;UTC;7,714
12.04.2026;06:45;UTC;07:00;UTC;5,8
12.04.2026;07:00;UTC;07:15;UTC;6,361
12.04.2026;07:15;UTC;07:30;UTC;5,698
12.04.2026;07:30;UTC;07:45;UTC;4,769
12.04.2026;07:45;UTC;08:00;UTC;4,501
12.04.2026;08:00;UTC;08:15;UTC;4,972
12.04.2026;08:15;UTC;08:30;UTC;2,493
12.04.2026;08:30;UTC;08:45;UTC;2,505
12.04.2026;08:45;UTC;09:00;UTC;2,123
12.04.2026;09:00;UTC;09:15;UTC;2,625
12.04.2026;09:15;UTC;09:30;UTC;2,367
12.04.2026;09:30;UTC;09:45;UTC;2,079
12.04.2026;09:45;UTC;10:00;UTC;1,895
12.04.2026;10:00;UTC;10:15;UTC;2,158
12.04.2026;10:15;UTC;10:30;UTC;1,625
12.04.2026;10:30;UTC;10:45;UTC;1,5
12.04.2026;10:45;UTC;11:00;UTC;0,707
12.04.2026;11:00;UTC;11:15;UTC;0,556
12.04.2026;11:15;UTC;11:30;UTC;0,2
12.04.2026;11:30;UTC;11:45;UTC;0,018
12.04.2026;11:45;UTC;12:00;UTC;0,014
12.04.2026;12:00;UTC;12:15;UTC;0
12.04.2026;12:15;UTC;12:30;UTC;0,329
12.04.2026;12:30;UTC;12:45;UTC;0,81
12.04.2026;12:45;UTC;13:00;UTC;0,711
12.04.2026;13:00;UTC;13:15;UTC;0,596
12.04.2026;13:15;UTC;13:30;UTC;1,004
12.04.2026;13:30;UTC;13:45;UTC;1,723
12.04.2026;13:45;UTC;14:00;UTC;3,039
12.04.2026;14:00;UTC;14:15;UTC;3,309
12.04.2026;14:15;UTC;14:30;UTC;6,255
12.04.2026;14:30;UTC;14:45;UTC;6,735
12.04.2026;14:45;UTC;15:00;UTC;10,721
12.04.2026;15:00;UTC;15:15;UTC;6,422
12.04.2026;15:15;UTC;15:30;UTC;9,868
12.04.2026;15:30;UTC;15:45;UTC;13,284
12.04.2026;15:45;UTC;16:00;UTC;14,497
12.04.2026;16:00;UTC;16:15;UTC;12,3
12.04.2026;16:15;UTC;16:30;UTC;13,098
12.04.2026;16:30;UTC;16:45;UTC;14,014
12.04.2026;16:45;UTC;17:00;UTC;14,743
12.04.2026;17:00;UTC;17:15;UTC;13,838
12.04.2026;17:15;UTC;17:30;UTC;13,736
12.04.2026;17:30;UTC;17:45;UTC;14,627
12.04.2026;17:45;UTC;18:00;UTC;15,705
12.04.2026;18:00;UTC;18:15;UTC;15,082
12.04.2026;18:15;UTC;18:30;UTC;14,884
12.04.2026;18:30;UTC;18:45;UTC;14,704
12.04.2026;18:45;UTC;19:00;UTC;14,051
12.04.2026;19:00;UTC;19:15;UTC;14,092
12.04.2026;19:15;UTC;19:30;UTC;13,53
12.04.2026;19:30;UTC;19:45;UTC;13,73
12.04.2026;19:45;UTC;20:00;UTC;13,341
12.04.2026;20:00;UTC;20:15;UTC;13,959
12.04.2026;20:15;UTC;20:30;UTC;13,47
12.04.2026;20:30;UTC;20:45;UTC;12,872
12.04.2026;20:45;UTC;21:00;UTC;11,942
12.04.2026;21:00;UTC;21:15;UTC;13,505
12.04.2026;21:15;UTC;21:30;UTC;11,937
12.04.2026;21:30;UTC;21:45;UTC;11,942
12.04.2026;21:45;UTC;22:00;UTC;11,023
12.04.2026;22:00;UTC;22:15;UTC;12,333
12.04.2026;22:15;UTC;22:30;UTC;11,938
12.04.2026;22:30;UTC;22:45;UTC;11,346
12.04.2026;22:45;UTC;23:00;UTC;11
12.04.2026;23:00;UTC;23:15;UTC;11,329
12.04.2026;23:15;UTC;23:30;UTC;11,06
12.04.2026;23:30;UTC;23:45;UTC;11
12.04.2026;23:45;UTC;00:00;UTC;10,529
13.04.2026;00:00;UTC;00:15;UTC;10,92
13.04.2026;00:15;UTC;00:30;UTC;10,406
13.04.2026;00:30;UTC;00:45;UTC;10,832
13.04.2026;00:45;UTC;01:00;UTC;10,768
13.04.2026;01:00;UTC;01:15;UTC;10,95
13.04.2026;01:15;UTC;01:30;UTC;10,69
13.04.2026;01:30;UTC;01:45;UTC;10,809
13.04.2026;01:45;UTC;02:00;UTC;10,587
13.04.2026;02:00;UTC;02:15;UTC;10,916
13.04.2026;02:15;UTC;02:30;UTC;10,957
13.04.2026;02:30;UTC;02:45;UTC;10,872
13.04.2026;02:45;UTC;03:00;UTC;11,263
13.04.2026;03:00;UTC;03:15;UTC;11,268
13.04.2026;03:15;UTC;03:30;UTC;11,437
13.04.2026;03:30;UTC;03:45;UTC;11,944
13.04.2026;03:45;UTC;04:00;UTC;12,98
13.04.2026;04:00;UTC;04:15;UTC;12,598
13.04.2026;04:15;UTC;04:30;UTC;13,537
13.04.2026;04:30;UTC;04:45;UTC;14,273
13.04.2026;04:45;UTC;05:00;UTC;14,038
13.04.2026;05:00;UTC;05:15;UTC;14,596
13.04.2026;05:15;UTC;05:30;UTC;14,526
13.04.2026;05:30;UTC;05:45;UTC;14,437
13.04.2026;05:45;UTC;06:00;UTC;14,489
13.04.2026;06:00;UTC;06:15;UTC;21,8
13.04.2026;06:15;UTC;06:30;UTC;17,222
13.04.2026;06:30;UTC;06:45;UTC;15,619
13.04.2026;06:45;UTC;07:00;UTC;14,911
13.04.2026;07:00;UTC;07:15;UTC;19,237
13.04.2026;07:15;UTC;07:30;UTC;17,481
13.04.2026;07:30;UTC;07:45;UTC;14,578
13.04.2026;07:45;UTC;08:00;UTC;13,09
13.04.2026;08:00;UTC;08:15;UTC;17,703
13.04.2026;08:15;UTC;08:30;UTC;13,3
13.04.2026;08:30;UTC;08:45;UTC;12,64
13.04.2026;08:45;UTC;09:00;UTC;11,809
13.04.2026;09:00;UTC;09:15;UTC;12,653
13.04.2026;09:15;UTC;09:30;UTC;11,281
13.04.2026;09:30;UTC;09:45;UTC;11,091
13.04.2026;09:45;UTC;10:00;UTC;11,375
13.04.2026;10:00;UTC;10:15;UTC;11,282
13.04.2026;10:15;UTC;10:30;UTC;10,102
13.04.2026;10:30;UTC;10:45;UTC;10,484
13.04.2026;10:45;UTC;11:00;UTC;10,026
13.04.2026;11:00;UTC;11:15;UTC;9,979
13.04.2026;11:15;UTC;11:30;UTC;9,745
13.04.2026;11:30;UTC;11:45;UTC;9,704
13.04.2026;11:45;UTC;12:00;UTC;9,529
13.04.2026;12:00;UTC;12:15;UTC;9,825
13.04.2026;12:15;UTC;12:30;UTC;9,931
13.04.2026;12:30;UTC;12:45;UTC;10,33
13.04.2026;12:45;UTC;13:00;UTC;10,592
13.04.2026;13:00;UTC;13:15;UTC;10,04
13.04.2026;13:15;UTC;13:30;UTC;10,378
13.04.2026;13:30;UTC;13:45;UTC;10,337
13.04.2026;13:45;UTC;14:00;UTC;11,1
13.04.2026;14:00;UTC;14:15;UTC;9,793
13.04.2026;14:15;UTC;14:30;UTC;10,338
13.04.2026;14:30;UTC;14:45;UTC;11,77
13.04.2026;14:45;UTC;15:00;UTC;13,938
13.04.2026;15:00;UTC;15:15;UTC;10,121
13.04.2026;15:15;UTC;15:30;UTC;12,241
13.04.2026;15:30;UTC;15:45;UTC;14,089
13.04.2026;15:45;UTC;16:00;UTC;15,7
13.04.2026;16:00;UTC;16:15;UTC;13,224
13.04.2026;16:15;UTC;16:30;UTC;14,186
13.04.2026;16:30;UTC;16:45;UTC;15,017
13.04.2026;16:45;UTC;17:00;UTC;16,853
13.04.2026;17:00;UTC;17:15;UTC;14,968
13.04.2026;17:15;UTC;17:30;UTC;16,283
13.04.2026;17:30;UTC;17:45;UTC;16,656
13.04.2026;17:45;UTC;18:00;UTC;17,902
13.04.2026;18:00;UTC;18:15;UTC;16,56
13.04.2026;18:15;UTC;18:30;UTC;16,537
13.04.2026;18:30;UTC;18:45;UTC;15,147
13.04.2026;18:45;UTC;19:00;UTC;14,4
13.04.2026;19:00;UTC;19:15;UTC;15,242
13.04.2026;19:15;UTC;19:30;UTC;14,43
13.04.2026;19:30;UTC;19:45;UTC;13,188
13.04.2026;19:45;UTC;20:00;UTC;12,759
13.04.2026;20:00;UTC;20:15;UTC;13,714
13.04.2026;20:15;UTC;20:30;UTC;13,199
13.04.2026;20:30;UTC;20:45;UTC;12,796
13.04.2026;20:45;UTC;21:00;UTC;12,195
13.04.2026;21:00;UTC;21:15;UTC;13,092
13.04.2026;21:15;UTC;21:30;UTC;12,436
13.04.2026;21:30;UTC;21:45;UTC;12,2
13.04.2026;21:45;UTC;22:00;UTC;11,323
13.04.2026;22:00;UTC;22:15;UTC;12,364
13.04.2026;22:15;UTC;22:30;UTC;11,621
13.04.2026;22:30;UTC;22:45;UTC;11,333
13.04.2026;22:45;UTC;23:00;UTC;11,107
13.04.2026;23:00;UTC;23:15;UTC;11,356
13.04.2026;23:15;UTC;23:30;UTC;11,325
13.04.2026;23:30;UTC;23:45;UTC;11,279
13.04.2026;23:45;UTC;00:00;UTC;11,506
14.04.2026;00:00;UTC;00:15;UTC;11,51
14.04.2026;00:15;UTC;00:30;UTC;11,5
14.04.2026;00:30;UTC;00:45;UTC;11,439
14.04.2026;00:45;UTC;01:00;UTC;11,547
14.04.2026;01:00;UTC;01:15;UTC;11,32
14.04.2026;01:15;UTC;01:30;UTC;11,286
14.04.2026;01:30;UTC;01:45;UTC;11,38
14.04.2026;01:45;UTC;02:00;UTC;11,368
14.04.2026;02:00;UTC;02:15;UTC;11,349
14.04.2026;02:15;UTC;02:30;UTC;11,455
14.04.2026;02:30;UTC;02:45;UTC;11,494
14.04.2026;02:45;UTC;03:00;UTC;11,574
14.04.2026;03:00;UTC;03:15;UTC;11,427
14.04.2026;03:15;UTC;03:30;UTC;11,619
14.04.2026;03:30;UTC;03:45;UTC;11,737
14.04.2026;03:45;UTC;04:00;UTC;12,476
14.04.2026;04:00;UTC;04:15;UTC;11,956
14.04.2026;04:15;UTC;04:30;UTC;13,661
14.04.2026;04:30;UTC;04:45;UTC;14,253
14.04.2026;04:45;UTC;05:00;UTC;15,618
14.04.2026;05:00;UTC;05:15;UTC;15,685
14.04.2026;05:15;UTC;05:30;UTC;16,782
14.04.2026;05:30;UTC;05:45;UTC;17,186
14.04.2026;05:45;UTC;06:00;UTC;15,556
14.04.2026;06:00;UTC;06:15;UTC;19,618
14.04.2026;06:15;UTC;06:30;UTC;17,94
14.04.2026;06:30;UTC;06:45;UTC;15,029
14.04.2026;06:45;UTC;07:00;UTC;13,211
14.04.2026;07:00;UTC;07:15;UTC;17,243
14.04.2026;07:15;UTC;07:30;UTC;14,51
14.04.2026;07:30;UTC;07:45;UTC;13,998
14.04.2026;07:45;UTC;08:00;UTC;11,981
14.04.2026;08:00;UTC;08:15;UTC;14,204
14.04.2026;08:15;UTC;08:30;UTC;12,99
14.04.2026;08:30;UTC;08:45;UTC;12,158
14.04.2026;08:45;UTC;09:00;UTC;12,18
14.04.2026;09:00;UTC;09:15;UTC;12,014
14.04.2026;09:15;UTC;09:30;UTC;11,885
14.04.2026;09:30;UTC;09:45;UTC;11,648
14.04.2026;09:45;UTC;10:00;UTC;11,386
14.04.2026;10:00;UTC;10:15;UTC;11,414
14.04.2026;10:15;UTC;10:30;UTC;11,03
14.04.2026;10:30;UTC;10:45;UTC;10,784
14.04.2026;10:45;UTC;11:00;UTC;10,575
14.04.2026;11:00;UTC;11:15;UTC;10,695
14.04.2026;11:15;UTC;11:30;UTC;10,583
14.04.2026;11:30;UTC;11:45;UTC;10,507
14.04.2026;11:45;UTC;12:00;UTC;10,095
14.04.2026;12:00;UTC;12:15;UTC;10,087
14.04.2026;12:15;UTC;12:30;UTC;10,519
14.04.2026;12:30;UTC;12:45;UTC;10,93
14.04.2026;12:45;UTC;13:00;UTC;12,028
14.04.2026;13:00;UTC;13:15;UTC;10,341
14.04.2026;13:15;UTC;13:30;UTC;11,26
14.04.2026;13:30;UTC;13:45;UTC;12
14.04.2026;13:45;UTC;14:00;UTC;12,626
14.04.2026;14:00;UTC;14:15;UTC;11,029
14.04.2026;14:15;UTC;14:30;UTC;11,416
14.04.2026;14:30;UTC;14:45;UTC;12,7
14.04.2026;14:45;UTC;15:00;UTC;13,533
14.04.2026;15:00;UTC;15:15;UTC;11,828
14.04.2026;15:15;UTC;15:30;UTC;13,53
14.04.2026;15:30;UTC;15:45;UTC;14,621
14.04.2026;15:45;UTC;16:00;UTC;14,996
14.04.2026;16:00;UTC;16:15;UTC;13,506
14.04.2026;16:15;UTC;16:30;UTC;14,896
14.04.2026;16:30;UTC;16:45;UTC;16,424
14.04.2026;16:45;UTC;17:00;UTC;19,18
14.04.2026;17:00;UTC;17:15;UTC;17,374
14.04.2026;17:15;UTC;17:30;UTC;19,519
14.04.2026;17:30;UTC;17:45;UTC;23,685
14.04.2026;17:45;UTC;18:00;UTC;29,323
14.04.2026;18:00;UTC;18:15;UTC;26,101
14.04.2026;18:15;UTC;18:30;UTC;25,573
14.04.2026;18:30;UTC;18:45;UTC;22,548
14.04.2026;18:45;UTC;19:00;UTC;19,489
14.04.2026;19:00;UTC;19:15;UTC;18,667
14.04.2026;19:15;UTC;19:30;UTC;17,1
14.04.2026;19:30;UTC;19:45;UTC;15,641
14.04.2026;19:45;UTC;20:00;UTC;14,971
14.04.2026;20:00;UTC;20:15;UTC;16,064
14.04.2026;20:15;UTC;20:30;UTC;15,206
14.04.2026;20:30;UTC;20:45;UTC;14,555
14.04.2026;20:45;UTC;21:00;UTC;13,478
14.04.2026;21:00;UTC;21:15;UTC;15,001
14.04.2026;21:15;UTC;21:30;UTC;13,993
14.04.2026;21:30;UTC;21:45;UTC;13,153
14.04.2026;21:45;UTC;22:00;UTC;12,001
14.04.2026;22:00;UTC;22:15;UTC;12,614
14.04.2026;22:15;UTC;22:30;UTC;12,358
14.04.2026;22:30;UTC;22:45;UTC;12
14.04.2026;22:45;UTC;23:00;UTC;11,668
14.04.2026;23:00;UTC;23:15;UTC;11,99
14.04.2026;23:15;UTC;23:30;UTC;11,803
14.04.2026;23:30;UTC;23:45;UTC;11,489
14.04.2026;23:45;UTC;00:00;UTC;11,301
15.04.2026;00:00;UTC;00:15;UTC;11,369
15.04.2026;00:15;UTC;00:30;UTC;11,27
15.04.2026;00:30;UTC;00:45;UTC;11,067
15.04.2026;00:45;UTC;01:00;UTC;11,001
15.04.2026;01:00;UTC;01:15;UTC;11
15.04.2026;01:15;UTC;01:30;UTC;11,002
15.04.2026;01:30;UTC;01:45;UTC;11,004
15.04.2026;01:45;UTC;02:00;UTC;11,001
15.04.2026;02:00;UTC;02:15;UTC;11,01
15.04.2026;02:15;UTC;02:30;UTC;10,901
15.04.2026;02:30;UTC;02:45;UTC;11,127
15.04.2026;02:45;UTC;03:00;UTC;11,299
15.04.2026;03:00;UTC;03:15;UTC;11,468
15.04.2026;03:15;UTC;03:30;UTC;11,966
15.04.2026;03:30;UTC;03:45;UTC;12,488
15.04.2026;03:45;UTC;04:00;UTC;13,35
15.04.2026;04:00;UTC;04:15;UTC;13,786
15.04.2026;04:15;UTC;04:30;UTC;14,747
15.04.2026;04:30;UTC;04:45;UTC;15,183
15.04.2026;04:45;UTC;05:00;UTC;15,66
15.04.2026;05:00;UTC;05:15;UTC;16,692
15.04.2026;05:15;UTC;05:30;UTC;16,487
15.04.2026;05:30;UTC;05:45;UTC;16,128
15.04.2026;05:45;UTC;06:00;UTC;14,514
15.04.2026;06:00;UTC;06:15;UTC;16,45
15.04.2026;06:15;UTC;06:30;UTC;14,588
15.04.2026;06:30;UTC;06:45;UTC;13,577
15.04.2026;06:45;UTC;07:00;UTC;11,425
15.04.2026;07:00;UTC;07:15;UTC;13
15.04.2026;07:15;UTC;07:30;UTC;12,194
15.04.2026;07:30;UTC;07:45;UTC;11,01
15.04.2026;07:45;UTC;08:00;UTC;10,324
15.04.2026;08:00;UTC;08:15;UTC;12,6
15.04.2026;08:15;UTC;08:30;UTC;10,184
15.04.2026;08:30;UTC;08:45;UTC;9,431
15.04.2026;08:45;UTC;09:00;UTC;8,106
15.04.2026;09:00;UTC;09:15;UTC;9,933
15.04.2026;09:15;UTC;09:30;UTC;8,492
15.04.2026;09:30;UTC;09:45;UTC;7,439
15.04.2026;09:45;UTC;10:00;UTC;5,712
15.04.2026;10:00;UTC;10:15;UTC;6,962
15.04.2026;10:15;UTC;10:30;UTC;6,008
15.04.2026;10:30;UTC;10:45;UTC;5,446
15.04.2026;10:45;UTC;11:00;UTC;4,911
15.04.2026;11:00;UTC;11:15;UTC;5,005
15.04.2026;11:15;UTC;11:30;UTC;4,81
15.04.2026;11:30;UTC;11:45;UTC;5,044
15.04.2026;11:45;UTC;12:00;UTC;5,234
15.04.2026;12:00;UTC;12:15;UTC;4,899
15.04.2026;12:15;UTC;12:30;UTC;6,105
15.04.2026;12:30;UTC;12:45;UTC;7,301
15.04.2026;12:45;UTC;13:00;UTC;8,598
15.04.2026;13:00;UTC;13:15;UTC;6,553
15.04.2026;13:15;UTC;13:30;UTC;7,649
15.04.2026;13:30;UTC;13:45;UTC;8,65
15.04.2026;13:45;UTC;14:00;UTC;9,745
15.04.2026;14:00;UTC;14:15;UTC;8,477
15.04.2026;14:15;UTC;14:30;UTC;9,65
15.04.2026;14:30;UTC;14:45;UTC;10,464
15.04.2026;14:45;UTC;15:00;UTC;11,111
15.04.2026;15:00;UTC;15:15;UTC;10,941
15.04.2026;15:15;UTC;15:30;UTC;11,84
15.04.2026;15:30;UTC;15:45;UTC;13,091
15.04.2026;15:45;UTC;16:00;UTC;14,064
15.04.2026;16:00;UTC;16:15;UTC;12,712
15.04.2026;16:15;UTC;16:30;UTC;13,5
15.04.2026;16:30;UTC;16:45;UTC;14,586
15.04.2026;16:45;UTC;17:00;UTC;15,962
15.04.2026;17:00;UTC;17:15;UTC;15,813
15.04.2026;17:15;UTC;17:30;UTC;16,462
15.04.2026;17:30;UTC;17:45;UTC;18,792
15.04.2026;17:45;UTC;18:00;UTC;20,965
15.04.2026;18:00;UTC;18:15;UTC;20,451
15.04.2026;18:15;UTC;18:30;UTC;18,823
15.04.2026;18:30;UTC;18:45;UTC;17,822
15.04.2026;18:45;UTC;19:00;UTC;15,224
15.04.2026;19:00;UTC;19:15;UTC;17,01
15.04.2026;19:15;UTC;19:30;UTC;14,958
15.04.2026;19:30;UTC;19:45;UTC;14,254
15.04.2026;19:45;UTC;20:00;UTC;13,01
15.04.2026;20:00;UTC;20:15;UTC;14,294
15.04.2026;20:15;UTC;20:30;UTC;13,501
15.04.2026;20:30;UTC;20:45;UTC;12,908
15.04.2026;20:45;UTC;21:00;UTC;12,371
15.04.2026;21:00;UTC;21:15;UTC;13,173
15.04.2026;21:15;UTC;21:30;UTC;12,191
15.04.2026;21:30;UTC;21:45;UTC;11,317
15.04.2026;21:45;UTC;22:00;UTC;10,427
15.04.2026;22:00;UTC;22:15;UTC;11,251
15.04.2026;22:15;UTC;22:30;UTC;10,871
15.04.2026;22:30;UTC;22:45;UTC;10,353
15.04.2026;22:45;UTC;23:00;UTC;10,011
15.04.2026;23:00;UTC;23:15;UTC;10,462
15.04.2026;23:15;UTC;23:30;UTC;10,089
15.04.2026;23:30;UTC;23:45;UTC;10,035
15.04.2026;23:45;UTC;00:00;UTC;9,973
16.04.2026;00:00;UTC;00:15;UTC;9,969
16.04.2026;00:15;UTC;00:30;UTC;10,05
16.04.2026;00:30;UTC;00:45;UTC;10,008
16.04.2026;00:45;UTC;01:00;UTC;9,811
16.04.2026;01:00;UTC;01:15;UTC;9,678
16.04.2026;01:15;UTC;01:30;UTC;9,825
16.04.2026;01:30;UTC;01:45;UTC;9,946
16.04.2026;01:45;UTC;02:00;UTC;9,897
16.04.2026;02:00;UTC;02:15;UTC;9,672
16.04.2026;02:15;UTC;02:30;UTC;9,891
16.04.2026;02:30;UTC;02:45;UTC;10,229
16.04.2026;02:45;UTC;03:00;UTC;10,569
16.04.2026;03:00;UTC;03:15;UTC;9,981
16.04.2026;03:15;UTC;03:30;UTC;10,313
16.04.2026;03:30;UTC;03:45;UTC;11,295
16.04.2026;03:45;UTC;04:00;UTC;12,653
16.04.2026;04:00;UTC;04:15;UTC;12,481
16.04.2026;04:15;UTC;04:30;UTC;13,592
16.04.2026;04:30;UTC;04:45;UTC;14,211
16.04.2026;04:45;UTC;05:00;UTC;15,506
16.04.2026;05:00;UTC;05:15;UTC;15,073
16.04.2026;05:15;UTC;05:30;UTC;15,019
16.04.2026;05:30;UTC;05:45;UTC;14,42
16.04.2026;05:45;UTC;06:00;UTC;13,497
16.04.2026;06:00;UTC;06:15;UTC;15,999
16.04.2026;06:15;UTC;06:30;UTC;14,144
16.04.2026;06:30;UTC;06:45;UTC;13,036
16.04.2026;06:45;UTC;07:00;UTC;10,275
16.04.2026;07:00;UTC;07:15;UTC;12,45
16.04.2026;07:15;UTC;07:30;UTC;10,999
16.04.2026;07:30;UTC;07:45;UTC;10,386
16.04.2026;07:45;UTC;08:00;UTC;10,243
16.04.2026;08:00;UTC;08:15;UTC;12,093
16.04.2026;08:15;UTC;08:30;UTC;10,5
16.04.2026;08:30;UTC;08:45;UTC;9,079
16.04.2026;08:45;UTC;09:00;UTC;6,869
16.04.2026;09:00;UTC;09:15;UTC;9,673
16.04.2026;09:15;UTC;09:30;UTC;8,5
16.04.2026;09:30;UTC;09:45;UTC;6,798
16.04.2026;09:45;UTC;10:00;UTC;5,298
16.04.2026;10:00;UTC;10:15;UTC;8,098
16.04.2026;10:15;UTC;10:30;UTC;6,309
16.04.2026;10:30;UTC;10:45;UTC;5,409
16.04.2026;10:45;UTC;11:00;UTC;4,389
16.04.2026;11:00;UTC;11:15;UTC;5,721
16.04.2026;11:15;UTC;11:30;UTC;5,001
16.04.2026;11:30;UTC;11:45;UTC;4,194
16.04.2026;11:45;UTC;12:00;UTC;3,391
16.04.2026;12:00;UTC;12:15;UTC;3,672
16.04.2026;12:15;UTC;12:30;UTC;5,001
16.04.2026;12:30;UTC;12:45;UTC;6,056
16.04.2026;12:45;UTC;13:00;UTC;6,86
16.04.2026;13:00;UTC;13:15;UTC;5,279
16.04.2026;13:15;UTC;13:30;UTC;6,422
16.04.2026;13:30;UTC;13:45;UTC;7,589
16.04.2026;13:45;UTC;14:00;UTC;9,058
16.04.2026;14:00;UTC;14:15;UTC;6,499
16.04.2026;14:15;UTC;14:30;UTC;8,639
16.04.2026;14:30;UTC;14:45;UTC;10,056
16.04.2026;14:45;UTC;15:00;UTC;10,709
16.04.2026;15:00;UTC;15:15;UTC;9,758
16.04.2026;15:15;UTC;15:30;UTC;10,63
16.04.2026;15:30;UTC;15:45;UTC;11,735
16.04.2026;15:45;UTC;16:00;UTC;12,499
16.04.2026;16:00;UTC;16:15;UTC;10,528
16.04.2026;16:15;UTC;16:30;UTC;12,712
16.04.2026;16:30;UTC;16:45;UTC;13,706
16.04.2026;16:45;UTC;17:00;UTC;15,512
16.04.2026;17:00;UTC;17:15;UTC;13,559
16.04.2026;17:15;UTC;17:30;UTC;15,093
16.04.2026;17:30;UTC;17:45;UTC;17,526
16.04.2026;17:45;UTC;18:00;UTC;20,593
16.04.2026;18:00;UTC;18:15;UTC;19,359
16.04.2026;18:15;UTC;18:30;UTC;19,609
16.04.2026;18:30;UTC;18:45;UTC;18,586
16.04.2026;18:45;UTC;19:00;UTC;17,373
16.04.2026;19:00;UTC;19:15;UTC;17,482
16.04.2026;19:15;UTC;19:30;UTC;16,043
16.04.2026;19:30;UTC;19:45;UTC;14,616
16.04.2026;19:45;UTC;20:00;UTC;13,863
16.04.2026;20:00;UTC;20:15;UTC;15,144
16.04.2026;20:15;UTC;20:30;UTC;14,144
16.04.2026;20:30;UTC;20:45;UTC;13,558
16.04.2026;20:45;UTC;21:00;UTC;12,658
16.04.2026;21:00;UTC;21:15;UTC;13,5
16.04.2026;21:15;UTC;21:30;UTC;12,868
16.04.2026;21:30;UTC;21:45;UTC;12,585
16.04.2026;21:45;UTC;22:00;UTC;11,992
16.04.2026;22:00;UTC;22:15;UTC;12,848
16.04.2026;22:15;UTC;22:30;UTC;12,341
16.04.2026;22:30;UTC;22:45;UTC;11,883
16.04.2026;22:45;UTC;23:00;UTC;11,637
16.04.2026;23:00;UTC;23:15;UTC;11,8
16.04.2026;23:15;UTC;23:30;UTC;11,734
16.04.2026;23:30;UTC;23:45;UTC;11,398
16.04.2026;23:45;UTC;00:00;UTC;11,277
17.04.2026;00:00;UTC;00:15;UTC;11,304
17.04.2026;00:15;UTC;00:30;UTC;11,277
17.04.2026;00:30;UTC;00:45;UTC;11,231
17.04.2026;00:45;UTC;01:00;UTC;11,201
17.04.2026;01:00;UTC;01:15;UTC;10,922
17.04.2026;01:15;UTC;01:30;UTC;10,799
17.04.2026;01:30;UTC;01:45;UTC;10,847
17.04.2026;01:45;UTC;02:00;UTC;10,837
17.04.2026;02:00;UTC;02:15;UTC;11,041
17.04.2026;02:15;UTC;02:30;UTC;11,026
17.04.2026;02:30;UTC;02:45;UTC;11,159
17.04.2026;02:45;UTC;03:00;UTC;11,361
17.04.2026;03:00;UTC;03:15;UTC;10,853
17.04.2026;03:15;UTC;03:30;UTC;11,348
17.04.2026;03:30;UTC;03:45;UTC;11,975
17.04.2026;03:45;UTC;04:00;UTC;13,901
17.04.2026;04:00;UTC;04:15;UTC;13,021
17.04.2026;04:15;UTC;04:30;UTC;15,148
17.04.2026;04:30;UTC;04:45;UTC;14,959
17.04.2026;04:45;UTC;05:00;UTC;15,499
17.04.2026;05:00;UTC;05:15;UTC;15,847
17.04.2026;05:15;UTC;05:30;UTC;15,193
17.04.2026;05:30;UTC;05:45;UTC;14,836
17.04.2026;05:45;UTC;06:00;UTC;13,546
17.04.2026;06:00;UTC;06:15;UTC;15,538
17.04.2026;06:15;UTC;06:30;UTC;13,612
17.04.2026;06:30;UTC;06:45;UTC;11,98
17.04.2026;06:45;UTC;07:00;UTC;9,733
17.04.2026;07:00;UTC;07:15;UTC;12,302
17.04.2026;07:15;UTC;07:30;UTC;10,66
17.04.2026;07:30;UTC;07:45;UTC;9,368
17.04.2026;07:45;UTC;08:00;UTC;8,431
17.04.2026;08:00;UTC;08:15;UTC;11,242
17.04.2026;08:15;UTC;08:30;UTC;9,853
17.04.2026;08:30;UTC;08:45;UTC;9,224
17.04.2026;08:45;UTC;09:00;UTC;5,994
17.04.2026;09:00;UTC;09:15;UTC;8,993
17.04.2026;09:15;UTC;09:30;UTC;7,533
17.04.2026;09:30;UTC;09:45;UTC;4,188
17.04.2026;09:45;UTC;10:00;UTC;2,438
17.04.2026;10:00;UTC;10:15;UTC;4,306
17.04.2026;10:15;UTC;10:30;UTC;3,331
17.04.2026;10:30;UTC;10:45;UTC;2,51
17.04.2026;10:45;UTC;11:00;UTC;2,201
17.04.2026;11:00;UTC;11:15;UTC;2,501
17.04.2026;11:15;UTC;11:30;UTC;2,507
17.04.2026;11:30;UTC;11:45;UTC;2,625
17.04.2026;11:45;UTC;12:00;UTC;2,945
17.04.2026;12:00;UTC;12:15;UTC;2,008
17.04.2026;12:15;UTC;12:30;UTC;2,55
17.04.2026;12:30;UTC;12:45;UTC;3,336
17.04.2026;12:45;UTC;13:00;UTC;4,655
17.04.2026;13:00;UTC;13:15;UTC;2,506
17.04.2026;13:15;UTC;13:30;UTC;5,146
17.04.2026;13:30;UTC;13:45;UTC;7,441
17.04.2026;13:45;UTC;14:00;UTC;8,906
17.04.2026;14:00;UTC;14:15;UTC;5,869
17.04.2026;14:15;UTC;14:30;UTC;7,831
17.04.2026;14:30;UTC;14:45;UTC;8,813
17.04.2026;14:45;UTC;15:00;UTC;10,215
17.04.2026;15:00;UTC;15:15;UTC;8,773
17.04.2026;15:15;UTC;15:30;UTC;9,806
17.04.2026;15:30;UTC;15:45;UTC;10,681
17.04.2026;15:45;UTC;16:00;UTC;11,664
17.04.2026;16:00;UTC;16:15;UTC;11,218
17.04.2026;16:15;UTC;16:30;UTC;11,937
17.04.2026;16:30;UTC;16:45;UTC;13,538
17.04.2026;16:45;UTC;17:00;UTC;14,009
17.04.2026;17:00;UTC;17:15;UTC;13,952
17.04.2026;17:15;UTC;17:30;UTC;14,698
17.04.2026;17:30;UTC;17:45;UTC;15,961
17.04.2026;17:45;UTC;18:00;UTC;18,351
17.04.2026;18:00;UTC;18:15;UTC;16,818
17.04.2026;18:15;UTC;18:30;UTC;16,254
17.04.2026;18:30;UTC;18:45;UTC;15,325
17.04.2026;18:45;UTC;19:00;UTC;14,448
17.04.2026;19:00;UTC;19:15;UTC;15,44
17.04.2026;19:15;UTC;19:30;UTC;14,033
17.04.2026;19:30;UTC;19:45;UTC;13,54
17.04.2026;19:45;UTC;20:00;UTC;12,19
17.04.2026;20:00;UTC;20:15;UTC;13,712
17.04.2026;20:15;UTC;20:30;UTC;12,574
17.04.2026;20:30;UTC;20:45;UTC;11,937
17.04.2026;20:45;UTC;21:00;UTC;11,349
17.04.2026;21:00;UTC;21:15;UTC;11,68
17.04.2026;21:15;UTC;21:30;UTC;11,389
17.04.2026;21:30;UTC;21:45;UTC;11,044
17.04.2026;21:45;UTC;22:00;UTC;10,971
17.04.2026;22:00;UTC;22:15;UTC;12,317
17.04.2026;22:15;UTC;22:30;UTC;11,824
17.04.2026;22:30;UTC;22:45;UTC;11,287
17.04.2026;22:45;UTC;23:00;UTC;11,07
17.04.2026;23:00;UTC;23:15;UTC;11,301
17.04.2026;23:15;UTC;23:30;UTC;11,174
17.04.2026;23:30;UTC;23:45;UTC;11,099
17.04.2026;23:45;UTC;00:00;UTC;10,777
18.04.2026;00:00;UTC;00:15;UTC;11,021
18.04.2026;00:15;UTC;00:30;UTC;10,912
18.04.2026;00:30;UTC;00:45;UTC;10,985
18.04.2026;00:45;UTC;01:00;UTC;10,947
18.04.2026;01:00;UTC;01:15;UTC;10,819
18.04.2026;01:15;UTC;01:30;UTC;10,747
18.04.2026;01:30;UTC;01:45;UTC;10,741
18.04.2026;01:45;UTC;02:00;UTC;10,771
18.04.2026;02:00;UTC;02:15;UTC;10,786
18.04.2026;02:15;UTC;02:30;UTC;10,851
18.04.2026;02:30;UTC;02:45;UTC;10,878
18.04.2026;02:45;UTC;03:00;UTC;11,034
18.04.2026;03:00;UTC;03:15;UTC;11,046
18.04.2026;03:15;UTC;03:30;UTC;11,034
18.04.2026;03:30;UTC;03:45;UTC;11,198
18.04.2026;03:45;UTC;04:00;UTC;11,084
18.04.2026;04:00;UTC;04:15;UTC;11,2
18.04.2026;04:15;UTC;04:30;UTC;11,143
18.04.2026;04:30;UTC;04:45;UTC;11,418
18.04.2026;04:45;UTC;05:00;UTC;10,571
18.04.2026;05:00;UTC;05:15;UTC;10,999
18.04.2026;05:15;UTC;05:30;UTC;11,119
18.04.2026;05:30;UTC;05:45;UTC;10,758
18.04.2026;05:45;UTC;06:00;UTC;9,421
18.04.2026;06:00;UTC;06:15;UTC;10,582
18.04.2026;06:15;UTC;06:30;UTC;9,928
18.04.2026;06:30;UTC;06:45;UTC;8,706
18.04.2026;06:45;UTC;07:00;UTC;7,699
18.04.2026;07:00;UTC;07:15;UTC;9,523
18.04.2026;07:15;UTC;07:30;UTC;8,737
18.04.2026;07:30;UTC;07:45;UTC;6,691
18.04.2026;07:45;UTC;08:00;UTC;5,1
18.04.2026;08:00;UTC;08:15;UTC;8,105
18.04.2026;08:15;UTC;08:30;UTC;3,804
18.04.2026;08:30;UTC;08:45;UTC;2,06
18.04.2026;08:45;UTC;09:00;UTC;1,858
18.04.2026;09:00;UTC;09:15;UTC;1,703
18.04.2026;09:15;UTC;09:30;UTC;0,001
18.04.2026;09:30;UTC;09:45;UTC;-0,008
18.04.2026;09:45;UTC;10:00;UTC;-0,12
18.04.2026;10:00;UTC;10:15;UTC;-0,11
18.04.2026;10:15;UTC;10:30;UTC;-0,293
18.04.2026;10:30;UTC;10:45;UTC;-0,449
18.04.2026;10:45;UTC;11:00;UTC;-0,501
18.04.2026;11:00;UTC;11:15;UTC;-0,551
18.04.2026;11:15;UTC;11:30;UTC;-0,51
18.04.2026;11:30;UTC;11:45;UTC;-0,314
18.04.2026;11:45;UTC;12:00;UTC;-0,257
18.04.2026;12:00;UTC;12:15;UTC;-0,202
18.04.2026;12:15;UTC;12:30;UTC;-0,004
18.04.2026;12:30;UTC;12:45;UTC;0,023
18.04.2026;12:45;UTC;13:00;UTC;0,143
18.04.2026;13:00;UTC;13:15;UTC;1,03
18.04.2026;13:15;UTC;13:30;UTC;1,546
18.04.2026;13:30;UTC;13:45;UTC;2,446
18.04.2026;13:45;UTC;14:00;UTC;2,537
18.04.2026;14:00;UTC;14:15;UTC;1,573
18.04.2026;14:15;UTC;14:30;UTC;3,201
18.04.2026;14:30;UTC;14:45;UTC;5,821
18.04.2026;14:45;UTC;15:00;UTC;7,36
18.04.2026;15:00;UTC;15:15;UTC;5,765
18.04.2026;15:15;UTC;15:30;UTC;8,625
18.04.2026;15:30;UTC;15:45;UTC;10,238
18.04.2026;15:45;UTC;16:00;UTC;11,694
18.04.2026;16:00;UTC;16:15;UTC;10,631
18.04.2026;16:15;UTC;16:30;UTC;11,5
18.04.2026;16:30;UTC;16:45;UTC;12,708
18.04.2026;16:45;UTC;17:00;UTC;12,999
18.04.2026;17:00;UTC;17:15;UTC;11,6
18.04.2026;17:15;UTC;17:30;UTC;12,901
18.04.2026;17:30;UTC;17:45;UTC;13,839
18.04.2026;17:45;UTC;18:00;UTC;14,276
18.04.2026;18:00;UTC;18:15;UTC;14,295
18.04.2026;18:15;UTC;18:30;UTC;14,671
18.04.2026;18:30;UTC;18:45;UTC;14,689
18.04.2026;18:45;UTC;19:00;UTC;14,301
18.04.2026;19:00;UTC;19:15;UTC;15,043
18.04.2026;19:15;UTC;19:30;UTC;14,146
18.04.2026;19:30;UTC;19:45;UTC;13,553
18.04.2026;19:45;UTC;20:00;UTC;13,376
18.04.2026;20:00;UTC;20:15;UTC;13,438
18.04.2026;20:15;UTC;20:30;UTC;13,377
18.04.2026;20:30;UTC;20:45;UTC;12,828
18.04.2026;20:45;UTC;21:00;UTC;12,354
18.04.2026;21:00;UTC;21:15;UTC;13,325
18.04.2026;21:15;UTC;21:30;UTC;12,553
18.04.2026;21:30;UTC;21:45;UTC;12,296
18.04.2026;21:45;UTC;22:00;UTC;11,826
18.04.2026;22:00;UTC;22:15;UTC;12,378
18.04.2026;22:15;UTC;22:30;UTC;11,706
18.04.2026;22:30;UTC;22:45;UTC;11,348
18.04.2026;22:45;UTC;23:00;UTC;11,192
18.04.2026;23:00;UTC;23:15;UTC;11,232
18.04.2026;23:15;UTC;23:30;UTC;10,994
18.04.2026;23:30;UTC;23:45;UTC;10,975
18.04.2026;23:45;UTC;00:00;UTC;10,779
19.04.2026;00:00;UTC;00:15;UTC;11,168
19.04.2026;00:15;UTC;00:30;UTC;10,998
19.04.2026;00:30;UTC;00:45;UTC;10,886
19.04.2026;00:45;UTC;01:00;UTC;10,63
19.04.2026;01:00;UTC;01:15;UTC;10,836
19.04.2026;01:15;UTC;01:30;UTC;10,647
19.04.2026;01:30;UTC;01:45;UTC;10,546
19.04.2026;01:45;UTC;02:00;UTC;10,5
19.04.2026;02:00;UTC;02:15;UTC;10,554
19.04.2026;02:15;UTC;02:30;UTC;10,542
19.04.2026;02:30;UTC;02:45;UTC;10,544
19.04.2026;02:45;UTC;03:00;UTC;10,526
19.04.2026;03:00;UTC;03:15;UTC;10,62
19.04.2026;03:15;UTC;03:30;UTC;10,651
19.04.2026;03:30;UTC;03:45;UTC;10,654
19.04.2026;03:45;UTC;04:00;UTC;10,695
19.04.2026;04:00;UTC;04:15;UTC;10,588
19.04.2026;04:15;UTC;04:30;UTC;10,535
19.04.2026;04:30;UTC;04:45;UTC;10,5
19.04.2026;04:45;UTC;05:00;UTC;10,29
19.04.2026;05:00;UTC;05:15;UTC;10,469
19.04.2026;05:15;UTC;05:30;UTC;10,044
19.04.2026;05:30;UTC;05:45;UTC;9,607
19.04.2026;05:45;UTC;06:00;UTC;9,893
19.04.2026;06:00;UTC;06:15;UTC;10,415
19.04.2026;06:15;UTC;06:30;UTC;10,002
19.04.2026;06:30;UTC;06:45;UTC;9,235
19.04.2026;06:45;UTC;07:00;UTC;9
19.04.2026;07:00;UTC;07:15;UTC;9,927
19.04.2026;07:15;UTC;07:30;UTC;9,495
19.04.2026;07:30;UTC;07:45;UTC;9,515
19.04.2026;07:45;UTC;08:00;UTC;8,6
19.04.2026;08:00;UTC;08:15;UTC;9,099
19.04.2026;08:15;UTC;08:30;UTC;7,759
19.04.2026;08:30;UTC;08:45;UTC;6,759
19.04.2026;08:45;UTC;09:00;UTC;4,937
19.04.2026;09:00;UTC;09:15;UTC;4,9
19.04.2026;09:15;UTC;09:30;UTC;4,223
19.04.2026;09:30;UTC;09:45;UTC;2,538
19.04.2026;09:45;UTC;10:00;UTC;1,133
19.04.2026;10:00;UTC;10:15;UTC;2,2
19.04.2026;10:15;UTC;10:30;UTC;0,095
19.04.2026;10:30;UTC;10:45;UTC;0
19.04.2026;10:45;UTC;11:00;UTC;-0,001
19.04.2026;11:00;UTC;11:15;UTC;0
19.04.2026;11:15;UTC;11:30;UTC;-0,009
19.04.2026;11:30;UTC;11:45;UTC;-0,12
19.04.2026;11:45;UTC;12:00;UTC;-0,21
19.04.2026;12:00;UTC;12:15;UTC;-0,21
19.04.2026;12:15;UTC;12:30;UTC;-0,249
19.04.2026;12:30;UTC;12:45;UTC;-0,304
19.04.2026;12:45;UTC;13:00;UTC;-0,439
19.04.2026;13:00;UTC;13:15;UTC;-0,321
19.04.2026;13:15;UTC;13:30;UTC;-0,28
19.04.2026;13:30;UTC;13:45;UTC;-0,201
19.04.2026;13:45;UTC;14:00;UTC;-0,1
19.04.2026;14:00;UTC;14:15;UTC;-0,064
19.04.2026;14:15;UTC;14:30;UTC;-0,001
19.04.2026;14:30;UTC;14:45;UTC;1,373
19.04.2026;14:45;UTC;15:00;UTC;5,1
19.04.2026;15:00;UTC;15:15;UTC;2,824
19.04.2026;15:15;UTC;15:30;UTC;6,781
19.04.2026;15:30;UTC;15:45;UTC;8,919
19.04.2026;15:45;UTC;16:00;UTC;10,979
19.04.2026;16:00;UTC;16:15;UTC;8,535
19.04.2026;16:15;UTC;16:30;UTC;9,752
19.04.2026;16:30;UTC;16:45;UTC;11,005
19.04.2026;16:45;UTC;17:00;UTC;12,25
19.04.2026;17:00;UTC;17:15;UTC;11,071
19.04.2026;17:15;UTC;17:30;UTC;11,586
19.04.2026;17:30;UTC;17:45;UTC;11,906
19.04.2026;17:45;UTC;18:00;UTC;12,378
19.04.2026;18:00;UTC;18:15;UTC;12,32
19.04.2026;18:15;UTC;18:30;UTC;12,447
19.04.2026;18:30;UTC;18:45;UTC;12,633
19.04.2026;18:45;UTC;19:00;UTC;12,245
19.04.2026;19:00;UTC;19:15;UTC;12,968
19.04.2026;19:15;UTC;19:30;UTC;12,148
19.04.2026;19:30;UTC;19:45;UTC;11,912
19.04.2026;19:45;UTC;20:00;UTC;11,591
19.04.2026;20:00;UTC;20:15;UTC;12,419
19.04.2026;20:15;UTC;20:30;UTC;12,008
19.04.2026;20:30;UTC;20:45;UTC;11,933
19.04.2026;20:45;UTC;21:00;UTC;11,385
19.04.2026;21:00;UTC;21:15;UTC;11,561
19.04.2026;21:15;UTC;21:30;UTC;11,197
19.04.2026;21:30;UTC;21:45;UTC;11,059
19.04.2026;21:45;UTC;22:00;UTC;10,676
19.04.2026;22:00;UTC;22:15;UTC;11,522
19.04.2026;22:15;UTC;22:30;UTC;10,659
19.04.2026;22:30;UTC;22:45;UTC;10,355
19.04.2026;22:45;UTC;23:00;UTC;9,987
19.04.2026;23:00;UTC;23:15;UTC;10,49
19.04.2026;23:15;UTC;23:30;UTC;10,27
19.04.2026;23:30;UTC;23:45;UTC;10,21
19.04.2026;23:45;UTC;00:00;UTC;9,475
20.04.2026;00:00;UTC;00:15;UTC;10,28
20.04.2026;00:15;UTC;00:30;UTC;9,729
20.04.2026;00:30;UTC;00:45;UTC;9,9
20.04.2026;00:45;UTC;01:00;UTC;9,696
20.04.2026;01:00;UTC;01:15;UTC;9,85
20.04.2026;01:15;UTC;01:30;UTC;9,729
20.04.2026;01:30;UTC;01:45;UTC;9,921
20.04.2026;01:45;UTC;02:00;UTC;10,116
20.04.2026;02:00;UTC;02:15;UTC;9,846
20.04.2026;02:15;UTC;02:30;UTC;10,132
20.04.2026;02:30;UTC;02:45;UTC;10,226
20.04.2026;02:45;UTC;03:00;UTC;10,717
20.04.2026;03:00;UTC;03:15;UTC;10,037
20.04.2026;03:15;UTC;03:30;UTC;10,607
20.04.2026;03:30;UTC;03:45;UTC;11,409
20.04.2026;03:45;UTC;04:00;UTC;12,587
20.04.2026;04:00;UTC;04:15;UTC;11,638
20.04.2026;04:15;UTC;04:30;UTC;12,912
20.04.2026;04:30;UTC;04:45;UTC;13,683
20.04.2026;04:45;UTC;05:00;UTC;13,521
20.04.2026;05:00;UTC;05:15;UTC;14,734
20.04.2026;05:15;UTC;05:30;UTC;15,1
20.04.2026;05:30;UTC;05:45;UTC;14,453
20.04.2026;05:45;UTC;06:00;UTC;12,596
20.04.2026;06:00;UTC;06:15;UTC;16,393
20.04.2026;06:15;UTC;06:30;UTC;13,518
20.04.2026;06:30;UTC;06:45;UTC;12,408
20.04.2026;06:45;UTC;07:00;UTC;11,409
20.04.2026;07:00;UTC;07:15;UTC;14,198
20.04.2026;07:15;UTC;07:30;UTC;11,794
20.04.2026;07:30;UTC;07:45;UTC;10,231
20.04.2026;07:45;UTC;08:00;UTC;7,783
20.04.2026;08:00;UTC;08:15;UTC;11,122
20.04.2026;08:15;UTC;08:30;UTC;8,564
20.04.2026;08:30;UTC;08:45;UTC;8,942
20.04.2026;08:45;UTC;09:00;UTC;7,451
20.04.2026;09:00;UTC;09:15;UTC;9,057
20.04.2026;09:15;UTC;09:30;UTC;8,236
20.04.2026;09:30;UTC;09:45;UTC;7,371
20.04.2026;09:45;UTC;10:00;UTC;5,691
20.04.2026;10:00;UTC;10:15;UTC;7,364
20.04.2026;10:15;UTC;10:30;UTC;5,171
20.04.2026;10:30;UTC;10:45;UTC;4,513
20.04.2026;10:45;UTC;11:00;UTC;3,425
20.04.2026;11:00;UTC;11:15;UTC;4,714
20.04.2026;11:15;UTC;11:30;UTC;3,657
20.04.2026;11:30;UTC;11:45;UTC;2,673
20.04.2026;11:45;UTC;12:00;UTC;1,994
20.04.2026;12:00;UTC;12:15;UTC;2,018
20.04.2026;12:15;UTC;12:30;UTC;2,74
20.04.2026;12:30;UTC;12:45;UTC;2,869
20.04.2026;12:45;UTC;13:00;UTC;4,201
20.04.2026;13:00;UTC;13:15;UTC;2,478
20.04.2026;13:15;UTC;13:30;UTC;3,684
20.04.2026;13:30;UTC;13:45;UTC;5,328
20.04.2026;13:45;UTC;14:00;UTC;7,1
20.04.2026;14:00;UTC;14:15;UTC;6,261
20.04.2026;14:15;UTC;14:30;UTC;7,717
20.04.2026;14:30;UTC;14:45;UTC;8,188
20.04.2026;14:45;UTC;15:00;UTC;9,164
20.04.2026;15:00;UTC;15:15;UTC;8,159
20.04.2026;15:15;UTC;15:30;UTC;8,773
20.04.2026;15:30;UTC;15:45;UTC;10,176
20.04.2026;15:45;UTC;16:00;UTC;11,79
20.04.2026;16:00;UTC;16:15;UTC;9,921
20.04.2026;16:15;UTC;16:30;UTC;11,277
20.04.2026;16:30;UTC;16:45;UTC;11,806
20.04.2026;16:45;UTC;17:00;UTC;12,16
20.04.2026;17:00;UTC;17:15;UTC;11,848
20.04.2026;17:15;UTC;17:30;UTC;12,243
20.04.2026;17:30;UTC;17:45;UTC;12,501
20.04.2026;17:45;UTC;18:00;UTC;12,771
20.04.2026;18:00;UTC;18:15;UTC;12,909
20.04.2026;18:15;UTC;18:30;UTC;12,772
20.04.2026;18:30;UTC;18:45;UTC;12,691
20.04.2026;18:45;UTC;19:00;UTC;12,5
20.04.2026;19:00;UTC;19:15;UTC;13,004
20.04.2026;19:15;UTC;19:30;UTC;12,291
20.04.2026;19:30;UTC;19:45;UTC;11,965
20.04.2026;19:45;UTC;20:00;UTC;11,516
20.04.2026;20:00;UTC;20:15;UTC;12,31
20.04.2026;20:15;UTC;20:30;UTC;11,757
20.04.2026;20:30;UTC;20:45;UTC;11,612
20.04.2026;20:45;UTC;21:00;UTC;10,71
20.04.2026;21:00;UTC;21:15;UTC;11,507
20.04.2026;21:15;UTC;21:30;UTC;10,749
20.04.2026;21:30;UTC;21:45;UTC;10,544
20.04.2026;21:45;UTC;22:00;UTC;9,917
20.04.2026;22:00;UTC;22:15;UTC;10,159
20.04.2026;22:15;UTC;22:30;UTC;9,982
20.04.2026;22:30;UTC;22:45;UTC;9,86
20.04.2026;22:45;UTC;23:00;UTC;9,599
20.04.2026;23:00;UTC;23:15;UTC;10,057
20.04.2026;23:15;UTC;23:30;UTC;9,842
20.04.2026;23:30;UTC;23:45;UTC;9,828
20.04.2026;23:45;UTC;00:00;UTC;9,73
21.04.2026;00:00;UTC;00:15;UTC;9,809
21.04.2026;00:15;UTC;00:30;UTC;9,792
21.04.2026;00:30;UTC;00:45;UTC;9,874
21.04.2026;00:45;UTC;01:00;UTC;9,874
21.04.2026;01:00;UTC;01:15;UTC;9,751
21.04.2026;01:15;UTC;01:30;UTC;9,838
21.04.2026;01:30;UTC;01:45;UTC;9,87
21.04.2026;01:45;UTC;02:00;UTC;10,171
21.04.2026;02:00;UTC;02:15;UTC;9,764
21.04.2026;02:15;UTC;02:30;UTC;9,855
21.04.2026;02:30;UTC;02:45;UTC;10,105
21.04.2026;02:45;UTC;03:00;UTC;10,352
21.04.2026;03:00;UTC;03:15;UTC;10,003
21.04.2026;03:15;UTC;03:30;UTC;10,36
21.04.2026;03:30;UTC;03:45;UTC;11,169
21.04.2026;03:45;UTC;04:00;UTC;11,847
21.04.2026;04:00;UTC;04:15;UTC;11,671
21.04.2026;04:15;UTC;04:30;UTC;12,737
21.04.2026;04:30;UTC;04:45;UTC;12,993
21.04.2026;04:45;UTC;05:00;UTC;13,433
21.04.2026;05:00;UTC;05:15;UTC;14,479
21.04.2026;05:15;UTC;05:30;UTC;14,461
21.04.2026;05:30;UTC;05:45;UTC;13,353
21.04.2026;05:45;UTC;06:00;UTC;11,838
21.04.2026;06:00;UTC;06:15;UTC;14,114
21.04.2026;06:15;UTC;06:30;UTC;12,412
21.04.2026;06:30;UTC;06:45;UTC;11,507
21.04.2026;06:45;UTC;07:00;UTC;9,546
21.04.2026;07:00;UTC;07:15;UTC;13,144
21.04.2026;07:15;UTC;07:30;UTC;11,1
21.04.2026;07:30;UTC;07:45;UTC;8,583
21.04.2026;07:45;UTC;08:00;UTC;6,095
21.04.2026;08:00;UTC;08:15;UTC;8,77
21.04.2026;08:15;UTC;08:30;UTC;8,053
21.04.2026;08:30;UTC;08:45;UTC;5,41
21.04.2026;08:45;UTC;09:00;UTC;1,725
21.04.2026;09:00;UTC;09:15;UTC;4,402
21.04.2026;09:15;UTC;09:30;UTC;2,401
21.04.2026;09:30;UTC;09:45;UTC;1,038
21.04.2026;09:45;UTC;10:00;UTC;0
21.04.2026;10:00;UTC;10:15;UTC;0
21.04.2026;10:15;UTC;10:30;UTC;0
21.04.2026;10:30;UTC;10:45;UTC;-0,004
21.04.2026;10:45;UTC;11:00;UTC;-0,035
21.04.2026;11:00;UTC;11:15;UTC;-0,1
21.04.2026;11:15;UTC;11:30;UTC;-0,101
21.04.2026;11:30;UTC;11:45;UTC;-0,191
21.04.2026;11:45;UTC;12:00;UTC;-0,309
21.04.2026;12:00;UTC;12:15;UTC;-0,511
21.04.2026;12:15;UTC;12:30;UTC;-0,389
21.04.2026;12:30;UTC;12:45;UTC;-0,348
21.04.2026;12:45;UTC;13:00;UTC;-0,232
21.04.2026;13:00;UTC;13:15;UTC;-0,51
21.04.2026;13:15;UTC;13:30;UTC;-0,136
21.04.2026;13:30;UTC;13:45;UTC;-0,09
21.04.2026;13:45;UTC;14:00;UTC;-0,009
21.04.2026;14:00;UTC;14:15;UTC;-0,008
21.04.2026;14:15;UTC;14:30;UTC;0
21.04.2026;14:30;UTC;14:45;UTC;1,396
21.04.2026;14:45;UTC;15:00;UTC;4,426
21.04.2026;15:00;UTC;15:15;UTC;2,74
21.04.2026;15:15;UTC;15:30;UTC;6,123
21.04.2026;15:30;UTC;15:45;UTC;8,642
21.04.2026;15:45;UTC;16:00;UTC;10,427
21.04.2026;16:00;UTC;16:15;UTC;8,405
21.04.2026;16:15;UTC;16:30;UTC;9,527
21.04.2026;16:30;UTC;16:45;UTC;10,997
21.04.2026;16:45;UTC;17:00;UTC;12,129
21.04.2026;17:00;UTC;17:15;UTC;11,768
21.04.2026;17:15;UTC;17:30;UTC;12,672
21.04.2026;17:30;UTC;17:45;UTC;13,771
21.04.2026;17:45;UTC;18:00;UTC;15,433
21.04.2026;18:00;UTC;18:15;UTC;15,05
21.04.2026;18:15;UTC;18:30;UTC;15,127
21.04.2026;18:30;UTC;18:45;UTC;14,498
21.04.2026;18:45;UTC;19:00;UTC;13,235
21.04.2026;19:00;UTC;19:15;UTC;14,772
21.04.2026;19:15;UTC;19:30;UTC;13,123
21.04.2026;19:30;UTC;19:45;UTC;12,266
21.04.2026;19:45;UTC;20:00;UTC;11,687
21.04.2026;20:00;UTC;20:15;UTC;12,799
21.04.2026;20:15;UTC;20:30;UTC;12,229
21.04.2026;20:30;UTC;20:45;UTC;11,803
21.04.2026;20:45;UTC;21:00;UTC;11,107
21.04.2026;21:00;UTC;21:15;UTC;11,801
21.04.2026;21:15;UTC;21:30;UTC;11,501
21.04.2026;21:30;UTC;21:45;UTC;11,098
21.04.2026;21:45;UTC;22:00;UTC;10,349
21.04.2026;22:00;UTC;22:15;UTC;11,094
21.04.2026;22:15;UTC;22:30;UTC;10,855
21.04.2026;22:30;UTC;22:45;UTC;10,612
21.04.2026;22:45;UTC;23:00;UTC;10,277
21.04.2026;23:00;UTC;23:15;UTC;10,608
21.04.2026;23:15;UTC;23:30;UTC;10,407
21.04.2026;23:30;UTC;23:45;UTC;10,385
21.04.2026;23:45;UTC;00:00;UTC;10,244
22.04.2026;00:00;UTC;00:15;UTC;10,74
22.04.2026;00:15;UTC;00:30;UTC;10,393
22.04.2026;00:30;UTC;00:45;UTC;10,302
22.04.2026;00:45;UTC;01:00;UTC;10,245
22.04.2026;01:00;UTC;01:15;UTC;10,353
22.04.2026;01:15;UTC;01:30;UTC;10,372
22.04.2026;01:30;UTC;01:45;UTC;10,548
22.04.2026;01:45;UTC;02:00;UTC;10,666
22.04.2026;02:00;UTC;02:15;UTC;10,413
22.04.2026;02:15;UTC;02:30;UTC;10,753
22.04.2026;02:30;UTC;02:45;UTC;11,023
22.04.2026;02:45;UTC;03:00;UTC;11,688
22.04.2026;03:00;UTC;03:15;UTC;10,736
22.04.2026;03:15;UTC;03:30;UTC;11,601
22.04.2026;03:30;UTC;03:45;UTC;12,34
22.04.2026;03:45;UTC;04:00;UTC;13,816
22.04.2026;04:00;UTC;04:15;UTC;12,56
22.04.2026;04:15;UTC;04:30;UTC;13,793
22.04.2026;04:30;UTC;04:45;UTC;14,519
22.04.2026;04:45;UTC;05:00;UTC;15,065
22.04.2026;05:00;UTC;05:15;UTC;15,498
22.04.2026;05:15;UTC;05:30;UTC;14,322
22.04.2026;05:30;UTC;05:45;UTC;13,01
22.04.2026;05:45;UTC;06:00;UTC;11,089
22.04.2026;06:00;UTC;06:15;UTC;14,046
22.04.2026;06:15;UTC;06:30;UTC;12,558
22.04.2026;06:30;UTC;06:45;UTC;11,601
22.04.2026;06:45;UTC;07:00;UTC;7,341
22.04.2026;07:00;UTC;07:15;UTC;12,386
22.04.2026;07:15;UTC;07:30;UTC;9,887
22.04.2026;07:30;UTC;07:45;UTC;6,889
22.04.2026;07:45;UTC;08:00;UTC;2,66
22.04.2026;08:00;UTC;08:15;UTC;6,572
22.04.2026;08:15;UTC;08:30;UTC;1,733
22.04.2026;08:30;UTC;08:45;UTC;0
22.04.2026;08:45;UTC;09:00;UTC;-0,243
22.04.2026;09:00;UTC;09:15;UTC;-0,036
22.04.2026;09:15;UTC;09:30;UTC;-0,098
22.04.2026;09:30;UTC;09:45;UTC;-0,117
22.04.2026;09:45;UTC;10:00;UTC;-0,717
22.04.2026;10:00;UTC;10:15;UTC;-0,388
22.04.2026;10:15;UTC;10:30;UTC;-0,751
22.04.2026;10:30;UTC;10:45;UTC;-0,949
22.04.2026;10:45;UTC;11:00;UTC;-1,445
22.04.2026;11:00;UTC;11:15;UTC;-1,5
22.04.2026;11:15;UTC;11:30;UTC;-1,838
22.04.2026;11:30;UTC;11:45;UTC;-2,5
22.04.2026;11:45;UTC;12:00;UTC;-2,556
22.04.2026;12:00;UTC;12:15;UTC;-2,836
22.04.2026;12:15;UTC;12:30;UTC;-2,233
22.04.2026;12:30;UTC;12:45;UTC;-1,499
22.04.2026;12:45;UTC;13:00;UTC;-1,032
22.04.2026;13:00;UTC;13:15;UTC;-0,983
22.04.2026;13:15;UTC;13:30;UTC;-0,6
22.04.2026;13:30;UTC;13:45;UTC;-0,246
22.04.2026;13:45;UTC;14:00;UTC;-0,139
22.04.2026;14:00;UTC;14:15;UTC;-0,147
22.04.2026;14:15;UTC;14:30;UTC;-0,2
22.04.2026;14:30;UTC;14:45;UTC;-0,006
22.04.2026;14:45;UTC;15:00;UTC;0,349
22.04.2026;15:00;UTC;15:15;UTC;0,432
22.04.2026;15:15;UTC;15:30;UTC;2,937
22.04.2026;15:30;UTC;15:45;UTC;8,23
22.04.2026;15:45;UTC;16:00;UTC;11,363
22.04.2026;16:00;UTC;16:15;UTC;7,516
22.04.2026;16:15;UTC;16:30;UTC;9,465
22.04.2026;16:30;UTC;16:45;UTC;11,846
22.04.2026;16:45;UTC;17:00;UTC;13,292
22.04.2026;17:00;UTC;17:15;UTC;11,294
22.04.2026;17:15;UTC;17:30;UTC;12,71
22.04.2026;17:30;UTC;17:45;UTC;14,292
22.04.2026;17:45;UTC;18:00;UTC;17,751
22.04.2026;18:00;UTC;18:15;UTC;16,766
22.04.2026;18:15;UTC;18:30;UTC;15,778
22.04.2026;18:30;UTC;18:45;UTC;15,588
22.04.2026;18:45;UTC;19:00;UTC;13,432
22.04.2026;19:00;UTC;19:15;UTC;15,001
22.04.2026;19:15;UTC;19:30;UTC;12,674
22.04.2026;19:30;UTC;19:45;UTC;12,23
22.04.2026;19:45;UTC;20:00;UTC;11,499
22.04.2026;20:00;UTC;20:15;UTC;12,579
22.04.2026;20:15;UTC;20:30;UTC;11,745
22.04.2026;20:30;UTC;20:45;UTC;11,048
22.04.2026;20:45;UTC;21:00;UTC;10,408
22.04.2026;21:00;UTC;21:15;UTC;10,947
22.04.2026;21:15;UTC;21:30;UTC;10,714
22.04.2026;21:30;UTC;21:45;UTC;10,377
22.04.2026;21:45;UTC;22:00;UTC;9,993
22.04.2026;22:00;UTC;22:15;UTC;10,345
22.04.2026;22:15;UTC;22:30;UTC;10,144
22.04.2026;22:30;UTC;22:45;UTC;9,95
22.04.2026;22:45;UTC;23:00;UTC;9,617
22.04.2026;23:00;UTC;23:15;UTC;10,061
22.04.2026;23:15;UTC;23:30;UTC;9,84
22.04.2026;23:30;UTC;23:45;UTC;9,699
22.04.2026;23:45;UTC;00:00;UTC;9,45
23.04.2026;00:00;UTC;00:15;UTC;9,779
23.04.2026;00:15;UTC;00:30;UTC;9,646
23.04.2026;00:30;UTC;00:45;UTC;9,632
23.04.2026;00:45;UTC;01:00;UTC;9,637
23.04.2026;01:00;UTC;01:15;UTC;9,661
23.04.2026;01:15;UTC;01:30;UTC;9,601
23.04.2026;01:30;UTC;01:45;UTC;9,61
23.04.2026;01:45;UTC;02:00;UTC;9,611
23.04.2026;02:00;UTC;02:15;UTC;9,298
23.04.2026;02:15;UTC;02:30;UTC;9,554
23.04.2026;02:30;UTC;02:45;UTC;9,638
23.04.2026;02:45;UTC;03:00;UTC;9,85
23.04.2026;03:00;UTC;03:15;UTC;9,789
23.04.2026;03:15;UTC;03:30;UTC;10,097
23.04.2026;03:30;UTC;03:45;UTC;10,678
23.04.2026;03:45;UTC;04:00;UTC;11,1
23.04.2026;04:00;UTC;04:15;UTC;11,362
23.04.2026;04:15;UTC;04:30;UTC;11,943
23.04.2026;04:30;UTC;04:45;UTC;12,189
23.04.2026;04:45;UTC;05:00;UTC;12,106
23.04.2026;05:00;UTC;05:15;UTC;12,839
23.04.2026;05:15;UTC;05:30;UTC;12,19
23.04.2026;05:30;UTC;05:45;UTC;12,062
23.04.2026;05:45;UTC;06:00;UTC;10,669
23.04.2026;06:00;UTC;06:15;UTC;13,158
23.04.2026;06:15;UTC;06:30;UTC;12,669
23.04.2026;06:30;UTC;06:45;UTC;10,998
23.04.2026;06:45;UTC;07:00;UTC;7,054
23.04.2026;07:00;UTC;07:15;UTC;11,759
23.04.2026;07:15;UTC;07:30;UTC;7,937
23.04.2026;07:30;UTC;07:45;UTC;5,091
23.04.2026;07:45;UTC;08:00;UTC;0,53
23.04.2026;08:00;UTC;08:15;UTC;0,05
23.04.2026;08:15;UTC;08:30;UTC;-0,009
23.04.2026;08:30;UTC;08:45;UTC;-0,1
23.04.2026;08:45;UTC;09:00;UTC;-0,166
23.04.2026;09:00;UTC;09:15;UTC;-0,184
23.04.2026;09:15;UTC;09:30;UTC;-0,353
23.04.2026;09:30;UTC;09:45;UTC;-0,758
23.04.2026;09:45;UTC;10:00;UTC;-1,175
23.04.2026;10:00;UTC;10:15;UTC;-1,399
23.04.2026;10:15;UTC;10:30;UTC;-2,394
23.04.2026;10:30;UTC;10:45;UTC;-3,219
23.04.2026;10:45;UTC;11:00;UTC;-4,591
23.04.2026;11:00;UTC;11:15;UTC;-3,998
23.04.2026;11:15;UTC;11:30;UTC;-4,972
23.04.2026;11:30;UTC;11:45;UTC;-5,159
23.04.2026;11:45;UTC;12:00;UTC;-5,695
23.04.2026;12:00;UTC;12:15;UTC;-5,632
23.04.2026;12:15;UTC;12:30;UTC;-5,101
23.04.2026;12:30;UTC;12:45;UTC;-4,814
23.04.2026;12:45;UTC;13:00;UTC;-3,998
23.04.2026;13:00;UTC;13:15;UTC;-3,9
23.04.2026;13:15;UTC;13:30;UTC;-2,846
23.04.2026;13:30;UTC;13:45;UTC;-1,499
23.04.2026;13:45;UTC;14:00;UTC;-0,911
23.04.2026;14:00;UTC;14:15;UTC;-0,653
23.04.2026;14:15;UTC;14:30;UTC;-0,109
23.04.2026;14:30;UTC;14:45;UTC;-0,01
23.04.2026;14:45;UTC;15:00;UTC;0
23.04.2026;15:00;UTC;15:15;UTC;-0,005
23.04.2026;15:15;UTC;15:30;UTC;0,009
23.04.2026;15:30;UTC;15:45;UTC;0,735
23.04.2026;15:45;UTC;16:00;UTC;8,048
23.04.2026;16:00;UTC;16:15;UTC;4,757
23.04.2026;16:15;UTC;16:30;UTC;8,4
23.04.2026;16:30;UTC;16:45;UTC;11,181
23.04.2026;16:45;UTC;17:00;UTC;13,091
23.04.2026;17:00;UTC;17:15;UTC;10,521
23.04.2026;17:15;UTC;17:30;UTC;11,627
23.04.2026;17:30;UTC;17:45;UTC;12,74
23.04.2026;17:45;UTC;18:00;UTC;13,712
23.04.2026;18:00;UTC;18:15;UTC;14,491
23.04.2026;18:15;UTC;18:30;UTC;14,112
23.04.2026;18:30;UTC;18:45;UTC;13,603
23.04.2026;18:45;UTC;19:00;UTC;12,576
23.04.2026;19:00;UTC;19:15;UTC;12,539
23.04.2026;19:15;UTC;19:30;UTC;11,875
23.04.2026;19:30;UTC;19:45;UTC;11,399
23.04.2026;19:45;UTC;20:00;UTC;10,702
23.04.2026;20:00;UTC;20:15;UTC;11,346
23.04.2026;20:15;UTC;20:30;UTC;11,037
23.04.2026;20:30;UTC;20:45;UTC;10,798
23.04.2026;20:45;UTC;21:00;UTC;10,113
23.04.2026;21:00;UTC;21:15;UTC;10,464
23.04.2026;21:15;UTC;21:30;UTC;9,977
23.04.2026;21:30;UTC;21:45;UTC;9,888
23.04.2026;21:45;UTC;22:00;UTC;9,454
23.04.2026;22:00;UTC;22:15;UTC;11,103
23.04.2026;22:15;UTC;22:30;UTC;10,127
23.04.2026;22:30;UTC;22:45;UTC;9,827
23.04.2026;22:45;UTC;23:00;UTC;9,925
23.04.2026;23:00;UTC;23:15;UTC;10,139
23.04.2026;23:15;UTC;23:30;UTC;9,996
23.04.2026;23:30;UTC;23:45;UTC;9,965
23.04.2026;23:45;UTC;00:00;UTC;9,952
24.04.2026;00:00;UTC;00:15;UTC;10,17
24.04.2026;00:15;UTC;00:30;UTC;10,045
24.04.2026;00:30;UTC;00:45;UTC;10,036
24.04.2026;00:45;UTC;01:00;UTC;10,033
24.04.2026;01:00;UTC;01:15;UTC;10,057
24.04.2026;01:15;UTC;01:30;UTC;10,138
24.04.2026;01:30;UTC;01:45;UTC;10,228
24.04.2026;01:45;UTC;02:00;UTC;10,253
24.04.2026;02:00;UTC;02:15;UTC;10,215
24.04.2026;02:15;UTC;02:30;UTC;10,42
24.04.2026;02:30;UTC;02:45;UTC;10,678
24.04.2026;02:45;UTC;03:00;UTC;10,83
24.04.2026;03:00;UTC;03:15;UTC;10,495
24.04.2026;03:15;UTC;03:30;UTC;11,109
24.04.2026;03:30;UTC;03:45;UTC;12,139
24.04.2026;03:45;UTC;04:00;UTC;12,779
24.04.2026;04:00;UTC;04:15;UTC;12,518
24.04.2026;04:15;UTC;04:30;UTC;13,335
24.04.2026;04:30;UTC;04:45;UTC;13,358
24.04.2026;04:45;UTC;05:00;UTC;13,538
24.04.2026;05:00;UTC;05:15;UTC;14,944
24.04.2026;05:15;UTC;05:30;UTC;14,282
24.04.2026;05:30;UTC;05:45;UTC;13,596
24.04.2026;05:45;UTC;06:00;UTC;12,373
24.04.2026;06:00;UTC;06:15;UTC;15,495
24.04.2026;06:15;UTC;06:30;UTC;12,61
24.04.2026;06:30;UTC;06:45;UTC;11,32
24.04.2026;06:45;UTC;07:00;UTC;7,649
24.04.2026;07:00;UTC;07:15;UTC;12,829
24.04.2026;07:15;UTC;07:30;UTC;8,277
24.04.2026;07:30;UTC;07:45;UTC;6,838
24.04.2026;07:45;UTC;08:00;UTC;4,418
24.04.2026;08:00;UTC;08:15;UTC;5,969
24.04.2026;08:15;UTC;08:30;UTC;1,737
24.04.2026;08:30;UTC;08:45;UTC;0,123
24.04.2026;08:45;UTC;09:00;UTC;0
24.04.2026;09:00;UTC;09:15;UTC;0,009
24.04.2026;09:15;UTC;09:30;UTC;0
24.04.2026;09:30;UTC;09:45;UTC;-0,003
24.04.2026;09:45;UTC;10:00;UTC;-0,02
24.04.2026;10:00;UTC;10:15;UTC;-0,15
24.04.2026;10:15;UTC;10:30;UTC;-0,451
24.04.2026;10:30;UTC;10:45;UTC;-0,705
24.04.2026;10:45;UTC;11:00;UTC;-1,457
24.04.2026;11:00;UTC;11:15;UTC;-1,5
24.04.2026;11:15;UTC;11:30;UTC;-2,006
24.04.2026;11:30;UTC;11:45;UTC;-3
24.04.2026;11:45;UTC;12:00;UTC;-3,95
24.04.2026;12:00;UTC;12:15;UTC;-3,269
24.04.2026;12:15;UTC;12:30;UTC;-3,126
24.04.2026;12:30;UTC;12:45;UTC;-3
24.04.2026;12:45;UTC;13:00;UTC;-2,606
24.04.2026;13:00;UTC;13:15;UTC;-2,673
24.04.2026;13:15;UTC;13:30;UTC;-1,968
24.04.2026;13:30;UTC;13:45;UTC;-1,281
24.04.2026;13:45;UTC;14:00;UTC;-0,7
24.04.2026;14:00;UTC;14:15;UTC;-0,543
24.04.2026;14:15;UTC;14:30;UTC;-0,101
24.04.2026;14:30;UTC;14:45;UTC;-0,002
24.04.2026;14:45;UTC;15:00;UTC;0,001
24.04.2026;15:00;UTC;15:15;UTC;0
24.04.2026;15:15;UTC;15:30;UTC;1,73
24.04.2026;15:30;UTC;15:45;UTC;7,933
24.04.2026;15:45;UTC;16:00;UTC;10,7
24.04.2026;16:00;UTC;16:15;UTC;5,802
24.04.2026;16:15;UTC;16:30;UTC;9,613
24.04.2026;16:30;UTC;16:45;UTC;11,906
24.04.2026;16:45;UTC;17:00;UTC;14,606
24.04.2026;17:00;UTC;17:15;UTC;10,798
24.04.2026;17:15;UTC;17:30;UTC;12,355
24.04.2026;17:30;UTC;17:45;UTC;13,35
24.04.2026;17:45;UTC;18:00;UTC;17,021
24.04.2026;18:00;UTC;18:15;UTC;14,151
24.04.2026;18:15;UTC;18:30;UTC;13,603
24.04.2026;18:30;UTC;18:45;UTC;14,106
24.04.2026;18:45;UTC;19:00;UTC;13,076
24.04.2026;19:00;UTC;19:15;UTC;16,325
24.04.2026;19:15;UTC;19:30;UTC;12,956
24.04.2026;19:30;UTC;19:45;UTC;12,201
24.04.2026;19:45;UTC;20:00;UTC;10,928
24.04.2026;20:00;UTC;20:15;UTC;12,986
24.04.2026;20:15;UTC;20:30;UTC;12,491
24.04.2026;20:30;UTC;20:45;UTC;12,072
24.04.2026;20:45;UTC;21:00;UTC;11,202
24.04.2026;21:00;UTC;21:15;UTC;11,796
24.04.2026;21:15;UTC;21:30;UTC;11,48
24.04.2026;21:30;UTC;21:45;UTC;11,192
24.04.2026;21:45;UTC;22:00;UTC;10,909
24.04.2026;22:00;UTC;22:15;UTC;10,672
24.04.2026;22:15;UTC;22:30;UTC;9,905
24.04.2026;22:30;UTC;22:45;UTC;10,015
24.04.2026;22:45;UTC;23:00;UTC;9,658
24.04.2026;23:00;UTC;23:15;UTC;9,82
24.04.2026;23:15;UTC;23:30;UTC;9,463
24.04.2026;23:30;UTC;23:45;UTC;9,546
24.04.2026;23:45;UTC;00:00;UTC;9,387
25.04.2026;00:00;UTC;00:15;UTC;9,795
25.04.2026;00:15;UTC;00:30;UTC;9,619
25.04.2026;00:30;UTC;00:45;UTC;9,322
25.04.2026;00:45;UTC;01:00;UTC;9,312
25.04.2026;01:00;UTC;01:15;UTC;9,771
25.04.2026;01:15;UTC;01:30;UTC;9,481
25.04.2026;01:30;UTC;01:45;UTC;9,496
25.04.2026;01:45;UTC;02:00;UTC;9,315
25.04.2026;02:00;UTC;02:15;UTC;8,835
25.04.2026;02:15;UTC;02:30;UTC;8,791
25.04.2026;02:30;UTC;02:45;UTC;8,87
25.04.2026;02:45;UTC;03:00;UTC;8,887
25.04.2026;03:00;UTC;03:15;UTC;8,878
25.04.2026;03:15;UTC;03:30;UTC;8,818
25.04.2026;03:30;UTC;03:45;UTC;8,943
25.04.2026;03:45;UTC;04:00;UTC;8,573
25.04.2026;04:00;UTC;04:15;UTC;8,986
25.04.2026;04:15;UTC;04:30;UTC;9,087
25.04.2026;04:30;UTC;04:45;UTC;8,6
25.04.2026;04:45;UTC;05:00;UTC;6,6
25.04.2026;05:00;UTC;05:15;UTC;9,507
25.04.2026;05:15;UTC;05:30;UTC;8,864
25.04.2026;05:30;UTC;05:45;UTC;6,581
25.04.2026;05:45;UTC;06:00;UTC;3,593
25.04.2026;06:00;UTC;06:15;UTC;5,887
25.04.2026;06:15;UTC;06:30;UTC;1,707
25.04.2026;06:30;UTC;06:45;UTC;0,41
25.04.2026;06:45;UTC;07:00;UTC;0,01
25.04.2026;07:00;UTC;07:15;UTC;0,02
25.04.2026;07:15;UTC;07:30;UTC;-0,001
25.04.2026;07:30;UTC;07:45;UTC;-0,001
25.04.2026;07:45;UTC;08:00;UTC;-0,035
25.04.2026;08:00;UTC;08:15;UTC;-0,008
25.04.2026;08:15;UTC;08:30;UTC;-0,202
25.04.2026;08:30;UTC;08:45;UTC;-0,7
25.04.2026;08:45;UTC;09:00;UTC;-1,998
25.04.2026;09:00;UTC;09:15;UTC;-1,503
25.04.2026;09:15;UTC;09:30;UTC;-3
25.04.2026;09:30;UTC;09:45;UTC;-5,143
25.04.2026;09:45;UTC;10:00;UTC;-7,211
25.04.2026;10:00;UTC;10:15;UTC;-7,029
25.04.2026;10:15;UTC;10:30;UTC;-8,998
25.04.2026;10:30;UTC;10:45;UTC;-10,994
25.04.2026;10:45;UTC;11:00;UTC;-13,184
25.04.2026;11:00;UTC;11:15;UTC;-13,006
25.04.2026;11:15;UTC;11:30;UTC;-18,357
25.04.2026;11:30;UTC;11:45;UTC;-19,044
25.04.2026;11:45;UTC;12:00;UTC;-20,17
25.04.2026;12:00;UTC;12:15;UTC;-19,584
25.04.2026;12:15;UTC;12:30;UTC;-19,353
25.04.2026;12:30;UTC;12:45;UTC;-19,092
25.04.2026;12:45;UTC;13:00;UTC;-18,317
25.04.2026;13:00;UTC;13:15;UTC;-16,695
25.04.2026;13:15;UTC;13:30;UTC;-15,401
25.04.2026;13:30;UTC;13:45;UTC;-12,045
25.04.2026;13:45;UTC;14:00;UTC;-9,38
25.04.2026;14:00;UTC;14:15;UTC;-9,374
25.04.2026;14:15;UTC;14:30;UTC;-6,716
25.04.2026;14:30;UTC;14:45;UTC;-3,9
25.04.2026;14:45;UTC;15:00;UTC;-1,6
25.04.2026;15:00;UTC;15:15;UTC;-1,5
25.04.2026;15:15;UTC;15:30;UTC;-0,493
25.04.2026;15:30;UTC;15:45;UTC;-0,1
25.04.2026;15:45;UTC;16:00;UTC;-0,005
25.04.2026;16:00;UTC;16:15;UTC;-0,103
25.04.2026;16:15;UTC;16:30;UTC;-0,001
25.04.2026;16:30;UTC;16:45;UTC;0,248
25.04.2026;16:45;UTC;17:00;UTC;1,702
25.04.2026;17:00;UTC;17:15;UTC;3,895
25.04.2026;17:15;UTC;17:30;UTC;6,28
25.04.2026;17:30;UTC;17:45;UTC;7,332
25.04.2026;17:45;UTC;18:00;UTC;8,572
25.04.2026;18:00;UTC;18:15;UTC;7,547
25.04.2026;18:15;UTC;18:30;UTC;7,754
25.04.2026;18:30;UTC;18:45;UTC;7,601
25.04.2026;18:45;UTC;19:00;UTC;7,266
25.04.2026;19:00;UTC;19:15;UTC;8,186
25.04.2026;19:15;UTC;19:30;UTC;7,633
25.04.2026;19:30;UTC;19:45;UTC;6,976
25.04.2026;19:45;UTC;20:00;UTC;6,007
25.04.2026;20:00;UTC;20:15;UTC;7,988
25.04.2026;20:15;UTC;20:30;UTC;7,315
25.04.2026;20:30;UTC;20:45;UTC;7,224
25.04.2026;20:45;UTC;21:00;UTC;6,544
25.04.2026;21:00;UTC;21:15;UTC;7,28
25.04.2026;21:15;UTC;21:30;UTC;6,571
25.04.2026;21:30;UTC;21:45;UTC;7,189
25.04.2026;21:45;UTC;22:00;UTC;6,952
25.04.2026;22:00;UTC;22:15;UTC;7,831
25.04.2026;22:15;UTC;22:30;UTC;7,649
25.04.2026;22:30;UTC;22:45;UTC;8,045
25.04.2026;22:45;UTC;23:00;UTC;8,251
25.04.2026;23:00;UTC;23:15;UTC;8,139
25.04.2026;23:15;UTC;23:30;UTC;8,155
25.04.2026;23:30;UTC;23:45;UTC;8,543
25.04.2026;23:45;UTC;00:00;UTC;8,601
26.04.2026;00:00;UTC;00:15;UTC;8,535
26.04.2026;00:15;UTC;00:30;UTC;8,574
26.04.2026;00:30;UTC;00:45;UTC;8,825
26.04.2026;00:45;UTC;01:00;UTC;8,906
26.04.2026;01:00;UTC;01:15;UTC;8,793
26.04.2026;01:15;UTC;01:30;UTC;8,937
26.04.2026;01:30;UTC;01:45;UTC;9,127
26.04.2026;01:45;UTC;02:00;UTC;9,338
26.04.2026;02:00;UTC;02:15;UTC;8,847
26.04.2026;02:15;UTC;02:30;UTC;9,115
26.04.2026;02:30;UTC;02:45;UTC;9,827
26.04.2026;02:45;UTC;03:00;UTC;9,872
26.04.2026;03:00;UTC;03:15;UTC;9,422
26.04.2026;03:15;UTC;03:30;UTC;9,949
26.04.2026;03:30;UTC;03:45;UTC;9,99
26.04.2026;03:45;UTC;04:00;UTC;10,095
26.04.2026;04:00;UTC;04:15;UTC;9,71
26.04.2026;04:15;UTC;04:30;UTC;9,72
26.04.2026;04:30;UTC;04:45;UTC;9,404
26.04.2026;04:45;UTC;05:00;UTC;8,84
26.04.2026;05:00;UTC;05:15;UTC;9,225
26.04.2026;05:15;UTC;05:30;UTC;8,822
26.04.2026;05:30;UTC;05:45;UTC;8,316
26.04.2026;05:45;UTC;06:00;UTC;6,898
26.04.2026;06:00;UTC;06:15;UTC;8,885
26.04.2026;06:15;UTC;06:30;UTC;7,3
26.04.2026;06:30;UTC;06:45;UTC;4,572
26.04.2026;06:45;UTC;07:00;UTC;0,968
26.04.2026;07:00;UTC;07:15;UTC;0,491
26.04.2026;07:15;UTC;07:30;UTC;-0,009
26.04.2026;07:30;UTC;07:45;UTC;-0,081
26.04.2026;07:45;UTC;08:00;UTC;-0,405
26.04.2026;08:00;UTC;08:15;UTC;-0,501
26.04.2026;08:15;UTC;08:30;UTC;-1,964
26.04.2026;08:30;UTC;08:45;UTC;-3,8
26.04.2026;08:45;UTC;09:00;UTC;-5,009
26.04.2026;09:00;UTC;09:15;UTC;-7,2
26.04.2026;09:15;UTC;09:30;UTC;-8,699
26.04.2026;09:30;UTC;09:45;UTC;-13,711
26.04.2026;09:45;UTC;10:00;UTC;-21,336
26.04.2026;10:00;UTC;10:15;UTC;-21,354
26.04.2026;10:15;UTC;10:30;UTC;-24,777
26.04.2026;10:30;UTC;10:45;UTC;-25,617
26.04.2026;10:45;UTC;11:00;UTC;-32,236
26.04.2026;11:00;UTC;11:15;UTC;-36,035
26.04.2026;11:15;UTC;11:30;UTC;-37,609
26.04.2026;11:30;UTC;11:45;UTC;-45,135
26.04.2026;11:45;UTC;12:00;UTC;-46,729
26.04.2026;12:00;UTC;12:15;UTC;-48,001
26.04.2026;12:15;UTC;12:30;UTC;-45,112
26.04.2026;12:30;UTC;12:45;UTC;-39,282
26.04.2026;12:45;UTC;13:00;UTC;-32,903
26.04.2026;13:00;UTC;13:15;UTC;-32,11
26.04.2026;13:15;UTC;13:30;UTC;-27,653
26.04.2026;13:30;UTC;13:45;UTC;-22,599
26.04.2026;13:45;UTC;14:00;UTC;-11,995
26.04.2026;14:00;UTC;14:15;UTC;-8,922
26.04.2026;14:15;UTC;14:30;UTC;-4,499
26.04.2026;14:30;UTC;14:45;UTC;-1,2
26.04.2026;14:45;UTC;15:00;UTC;-0,301
26.04.2026;15:00;UTC;15:15;UTC;-0,21
26.04.2026;15:15;UTC;15:30;UTC;-0,013
26.04.2026;15:30;UTC;15:45;UTC;0,039
26.04.2026;15:45;UTC;16:00;UTC;4,655
26.04.2026;16:00;UTC;16:15;UTC;4,267
26.04.2026;16:15;UTC;16:30;UTC;10,092
26.04.2026;16:30;UTC;16:45;UTC;14,426
26.04.2026;16:45;UTC;17:00;UTC;16,454
26.04.2026;17:00;UTC;17:15;UTC;11,489
26.04.2026;17:15;UTC;17:30;UTC;13,234
26.04.2026;17:30;UTC;17:45;UTC;16,464
26.04.2026;17:45;UTC;18:00;UTC;18,928
26.04.2026;18:00;UTC;18:15;UTC;15,198
26.04.2026;18:15;UTC;18:30;UTC;16,101
26.04.2026;18:30;UTC;18:45;UTC;16,623
26.04.2026;18:45;UTC;19:00;UTC;15,204
26.04.2026;19:00;UTC;19:15;UTC;15
26.04.2026;19:15;UTC;19:30;UTC;14,246
26.04.2026;19:30;UTC;19:45;UTC;13,688
26.04.2026;19:45;UTC;20:00;UTC;13,327
26.04.2026;20:00;UTC;20:15;UTC;13,398
26.04.2026;20:15;UTC;20:30;UTC;12,996
26.04.2026;20:30;UTC;20:45;UTC;12,391
26.04.2026;20:45;UTC;21:00;UTC;11,778
26.04.2026;21:00;UTC;21:15;UTC;12,486
26.04.2026;21:15;UTC;21:30;UTC;12,756
26.04.2026;21:30;UTC;21:45;UTC;12,108
26.04.2026;21:45;UTC;22:00;UTC;11,8
26.04.2026;22:00;UTC;22:15;UTC;12,591
26.04.2026;22:15;UTC;22:30;UTC;11,98
26.04.2026;22:30;UTC;22:45;UTC;11,538
26.04.2026;22:45;UTC;23:00;UTC;11,27
26.04.2026;23:00;UTC;23:15;UTC;11,448
26.04.2026;23:15;UTC;23:30;UTC;11,359
26.04.2026;23:30;UTC;23:45;UTC;11,231
26.04.2026;23:45;UTC;00:00;UTC;11,174
27.04.2026;00:00;UTC;00:15;UTC;11,301
27.04.2026;00:15;UTC;00:30;UTC;11,271
27.04.2026;00:30;UTC;00:45;UTC;11,271
27.04.2026;00:45;UTC;01:00;UTC;11,241
27.04.2026;01:00;UTC;01:15;UTC;11,297
27.04.2026;01:15;UTC;01:30;UTC;11,214
27.04.2026;01:30;UTC;01:45;UTC;11,267
27.04.2026;01:45;UTC;02:00;UTC;11,352
27.04.2026;02:00;UTC;02:15;UTC;11,271
27.04.2026;02:15;UTC;02:30;UTC;11,392
27.04.2026;02:30;UTC;02:45;UTC;11,687
27.04.2026;02:45;UTC;03:00;UTC;12,346
27.04.2026;03:00;UTC;03:15;UTC;11,67
27.04.2026;03:15;UTC;03:30;UTC;12,4
27.04.2026;03:30;UTC;03:45;UTC;12,979
27.04.2026;03:45;UTC;04:00;UTC;13,218
27.04.2026;04:00;UTC;04:15;UTC;15,01
27.04.2026;04:15;UTC;04:30;UTC;16,64
27.04.2026;04:30;UTC;04:45;UTC;16,998
27.04.2026;04:45;UTC;05:00;UTC;17,579
27.04.2026;05:00;UTC;05:15;UTC;18,521
27.04.2026;05:15;UTC;05:30;UTC;17,127
27.04.2026;05:30;UTC;05:45;UTC;14,341
27.04.2026;05:45;UTC;06:00;UTC;11,487
27.04.2026;06:00;UTC;06:15;UTC;17,38
27.04.2026;06:15;UTC;06:30;UTC;13,501
27.04.2026;06:30;UTC;06:45;UTC;10,938
27.04.2026;06:45;UTC;07:00;UTC;8,8
27.04.2026;07:00;UTC;07:15;UTC;12,498
27.04.2026;07:15;UTC;07:30;UTC;9,927
27.04.2026;07:30;UTC;07:45;UTC;8,662
27.04.2026;07:45;UTC;08:00;UTC;5,924
27.04.2026;08:00;UTC;08:15;UTC;9,267
27.04.2026;08:15;UTC;08:30;UTC;6,79
27.04.2026;08:30;UTC;08:45;UTC;5,247
27.04.2026;08:45;UTC;09:00;UTC;2,353
27.04.2026;09:00;UTC;09:15;UTC;1,659
27.04.2026;09:15;UTC;09:30;UTC;0
27.04.2026;09:30;UTC;09:45;UTC;-0,001
27.04.2026;09:45;UTC;10:00;UTC;-0,002
27.04.2026;10:00;UTC;10:15;UTC;-0,001
27.04.2026;10:15;UTC;10:30;UTC;-0,005
27.04.2026;10:30;UTC;10:45;UTC;-0,01
27.04.2026;10:45;UTC;11:00;UTC;-0,023
27.04.2026;11:00;UTC;11:15;UTC;-0,05
27.04.2026;11:15;UTC;11:30;UTC;-0,082
27.04.2026;11:30;UTC;11:45;UTC;-0,1
27.04.2026;11:45;UTC;12:00;UTC;-0,1
27.04.2026;12:00;UTC;12:15;UTC;-0,05
27.04.2026;12:15;UTC;12:30;UTC;-0,01
27.04.2026;12:30;UTC;12:45;UTC;-0,005
27.04.2026;12:45;UTC;13:00;UTC;0
27.04.2026;13:00;UTC;13:15;UTC;-0,001
27.04.2026;13:15;UTC;13:30;UTC;0
27.04.2026;13:30;UTC;13:45;UTC;0,001
27.04.2026;13:45;UTC;14:00;UTC;2,057
27.04.2026;14:00;UTC;14:15;UTC;1,866
27.04.2026;14:15;UTC;14:30;UTC;5,361
27.04.2026;14:30;UTC;14:45;UTC;8,862
27.04.2026;14:45;UTC;15:00;UTC;11,377
27.04.2026;15:00;UTC;15:15;UTC;6,825
27.04.2026;15:15;UTC;15:30;UTC;10,518
27.04.2026;15:30;UTC;15:45;UTC;12,355
27.04.2026;15:45;UTC;16:00;UTC;13,176
27.04.2026;16:00;UTC;16:15;UTC;10,905
27.04.2026;16:15;UTC;16:30;UTC;12,374
27.04.2026;16:30;UTC;16:45;UTC;13,933
27.04.2026;16:45;UTC;17:00;UTC;14,729
27.04.2026;17:00;UTC;17:15;UTC;13,291
27.04.2026;17:15;UTC;17:30;UTC;15,654
27.04.2026;17:30;UTC;17:45;UTC;17,542
27.04.2026;17:45;UTC;18:00;UTC;22,433
27.04.2026;18:00;UTC;18:15;UTC;21,755
27.04.2026;18:15;UTC;18:30;UTC;20,514
27.04.2026;18:30;UTC;18:45;UTC;17,938
27.04.2026;18:45;UTC;19:00;UTC;15,04
27.04.2026;19:00;UTC;19:15;UTC;19,394
27.04.2026;19:15;UTC;19:30;UTC;15,09
27.04.2026;19:30;UTC;19:45;UTC;12,9
27.04.2026;19:45;UTC;20:00;UTC;12
27.04.2026;20:00;UTC;20:15;UTC;13,837
27.04.2026;20:15;UTC;20:30;UTC;13,002
27.04.2026;20:30;UTC;20:45;UTC;12,283
27.04.2026;20:45;UTC;21:00;UTC;11,137
27.04.2026;21:00;UTC;21:15;UTC;12,474
27.04.2026;21:15;UTC;21:30;UTC;11,745
27.04.2026;21:30;UTC;21:45;UTC;11,154
27.04.2026;21:45;UTC;22:00;UTC;10,708
27.04.2026;22:00;UTC;22:15;UTC;11,992
27.04.2026;22:15;UTC;22:30;UTC;11,369
27.04.2026;22:30;UTC;22:45;UTC;10,991
27.04.2026;22:45;UTC;23:00;UTC;10,712
27.04.2026;23:00;UTC;23:15;UTC;11,083
27.04.2026;23:15;UTC;23:30;UTC;10,761
27.04.2026;23:30;UTC;23:45;UTC;10,626
27.04.2026;23:45;UTC;00:00;UTC;10,291
28.04.2026;00:00;UTC;00:15;UTC;10,402
28.04.2026;00:15;UTC;00:30;UTC;10,251
28.04.2026;00:30;UTC;00:45;UTC;10,264
28.04.2026;00:45;UTC;01:00;UTC;10,275
28.04.2026;01:00;UTC;01:15;UTC;10,236
28.04.2026;01:15;UTC;01:30;UTC;10,208
28.04.2026;01:30;UTC;01:45;UTC;10,295
28.04.2026;01:45;UTC;02:00;UTC;10,393
28.04.2026;02:00;UTC;02:15;UTC;10,273
28.04.2026;02:15;UTC;02:30;UTC;10,347
28.04.2026;02:30;UTC;02:45;UTC;10,552
28.04.2026;02:45;UTC;03:00;UTC;10,939
28.04.2026;03:00;UTC;03:15;UTC;10,455
28.04.2026;03:15;UTC;03:30;UTC;10,924
28.04.2026;03:30;UTC;03:45;UTC;11,52
28.04.2026;03:45;UTC;04:00;UTC;11,835
28.04.2026;04:00;UTC;04:15;UTC;11,879
28.04.2026;04:15;UTC;04:30;UTC;12,14
28.04.2026;04:30;UTC;04:45;UTC;12,489
28.04.2026;04:45;UTC;05:00;UTC;12,332
28.04.2026;05:00;UTC;05:15;UTC;13,429
28.04.2026;05:15;UTC;05:30;UTC;12,694
28.04.2026;05:30;UTC;05:45;UTC;11,64
28.04.2026;05:45;UTC;06:00;UTC;10,809
28.04.2026;06:00;UTC;06:15;UTC;12,891
28.04.2026;06:15;UTC;06:30;UTC;12,107
28.04.2026;06:30;UTC;06:45;UTC;10,971
28.04.2026;06:45;UTC;07:00;UTC;8,957
28.04.2026;07:00;UTC;07:15;UTC;11,3
28.04.2026;07:15;UTC;07:30;UTC;9,701
28.04.2026;07:30;UTC;07:45;UTC;7,007
28.04.2026;07:45;UTC;08:00;UTC;3,903
28.04.2026;08:00;UTC;08:15;UTC;6,865
28.04.2026;08:15;UTC;08:30;UTC;2,319
28.04.2026;08:30;UTC;08:45;UTC;-0,007
28.04.2026;08:45;UTC;09:00;UTC;-0,451
28.04.2026;09:00;UTC;09:15;UTC;0,005
28.04.2026;09:15;UTC;09:30;UTC;-0,04
28.04.2026;09:30;UTC;09:45;UTC;-0,1
28.04.2026;09:45;UTC;10:00;UTC;-0,299
28.04.2026;10:00;UTC;10:15;UTC;-0,639
28.04.2026;10:15;UTC;10:30;UTC;-1,07
28.04.2026;10:30;UTC;10:45;UTC;-1,71
28.04.2026;10:45;UTC;11:00;UTC;-2,198
28.04.2026;11:00;UTC;11:15;UTC;-2,209
28.04.2026;11:15;UTC;11:30;UTC;-2,845
28.04.2026;11:30;UTC;11:45;UTC;-2,999
28.04.2026;11:45;UTC;12:00;UTC;-3,547
28.04.2026;12:00;UTC;12:15;UTC;-3,294
28.04.2026;12:15;UTC;12:30;UTC;-3
28.04.2026;12:30;UTC;12:45;UTC;-2,863
28.04.2026;12:45;UTC;13:00;UTC;-2,446
28.04.2026;13:00;UTC;13:15;UTC;-2,609
28.04.2026;13:15;UTC;13:30;UTC;-2
28.04.2026;13:30;UTC;13:45;UTC;-1,501
28.04.2026;13:45;UTC;14:00;UTC;-0,822
28.04.2026;14:00;UTC;14:15;UTC;-1,249
28.04.2026;14:15;UTC;14:30;UTC;-0,511
28.04.2026;14:30;UTC;14:45;UTC;-0,102
28.04.2026;14:45;UTC;15:00;UTC;0
28.04.2026;15:00;UTC;15:15;UTC;-0,005
28.04.2026;15:15;UTC;15:30;UTC;0,581
28.04.2026;15:30;UTC;15:45;UTC;4,56
28.04.2026;15:45;UTC;16:00;UTC;8,19
28.04.2026;16:00;UTC;16:15;UTC;5,865
28.04.2026;16:15;UTC;16:30;UTC;7,939
28.04.2026;16:30;UTC;16:45;UTC;10,536
28.04.2026;16:45;UTC;17:00;UTC;11,7
28.04.2026;17:00;UTC;17:15;UTC;10,522
28.04.2026;17:15;UTC;17:30;UTC;11,52
28.04.2026;17:30;UTC;17:45;UTC;12,018
28.04.2026;17:45;UTC;18:00;UTC;12,9
28.04.2026;18:00;UTC;18:15;UTC;12,401
28.04.2026;18:15;UTC;18:30;UTC;12,006
28.04.2026;18:30;UTC;18:45;UTC;12,107
28.04.2026;18:45;UTC;19:00;UTC;11,875
28.04.2026;19:00;UTC;19:15;UTC;11,987
28.04.2026;19:15;UTC;19:30;UTC;11,891
28.04.2026;19:30;UTC;19:45;UTC;11,548
28.04.2026;19:45;UTC;20:00;UTC;10,905
28.04.2026;20:00;UTC;20:15;UTC;11,802
28.04.2026;20:15;UTC;20:30;UTC;11,241
28.04.2026;20:30;UTC;20:45;UTC;11,05
28.04.2026;20:45;UTC;21:00;UTC;10,425
28.04.2026;21:00;UTC;21:15;UTC;10,712
28.04.2026;21:15;UTC;21:30;UTC;10,204
28.04.2026;21:30;UTC;21:45;UTC;10,041
28.04.2026;21:45;UTC;22:00;UTC;9,751
28.04.2026;22:00;UTC;22:15;UTC;10,196
28.04.2026;22:15;UTC;22:30;UTC;9,838
28.04.2026;22:30;UTC;22:45;UTC;9,746
28.04.2026;22:45;UTC;23:00;UTC;9,503
28.04.2026;23:00;UTC;23:15;UTC;9,782
28.04.2026;23:15;UTC;23:30;UTC;9,632
28.04.2026;23:30;UTC;23:45;UTC;9,67
28.04.2026;23:45;UTC;00:00;UTC;9,606
29.04.2026;00:00;UTC;00:15;UTC;9,783
29.04.2026;00:15;UTC;00:30;UTC;9,754
29.04.2026;00:30;UTC;00:45;UTC;9,844
29.04.2026;00:45;UTC;01:00;UTC;9,786
29.04.2026;01:00;UTC;01:15;UTC;9,759
29.04.2026;01:15;UTC;01:30;UTC;9,803
29.04.2026;01:30;UTC;01:45;UTC;9,871
29.04.2026;01:45;UTC;02:00;UTC;9,978
29.04.2026;02:00;UTC;02:15;UTC;9,868
29.04.2026;02:15;UTC;02:30;UTC;9,98
29.04.2026;02:30;UTC;02:45;UTC;10,079
29.04.2026;02:45;UTC;03:00;UTC;10,333
29.04.2026;03:00;UTC;03:15;UTC;10,207
29.04.2026;03:15;UTC;03:30;UTC;10,504
29.04.2026;03:30;UTC;03:45;UTC;10,971
29.04.2026;03:45;UTC;04:00;UTC;11,48
29.04.2026;04:00;UTC;04:15;UTC;12,158
29.04.2026;04:15;UTC;04:30;UTC;13,793
29.04.2026;04:30;UTC;04:45;UTC;14,984
29.04.2026;04:45;UTC;05:00;UTC;14,984
29.04.2026;05:00;UTC;05:15;UTC;15,3
29.04.2026;05:15;UTC;05:30;UTC;13,017
29.04.2026;05:30;UTC;05:45;UTC;11,92
29.04.2026;05:45;UTC;06:00;UTC;10,502
29.04.2026;06:00;UTC;06:15;UTC;13,459
29.04.2026;06:15;UTC;06:30;UTC;12,046
29.04.2026;06:30;UTC;06:45;UTC;10,515
29.04.2026;06:45;UTC;07:00;UTC;8,926
29.04.2026;07:00;UTC;07:15;UTC;11,775
29.04.2026;07:15;UTC;07:30;UTC;9,695
29.04.2026;07:30;UTC;07:45;UTC;5,054
29.04.2026;07:45;UTC;08:00;UTC;0,044
29.04.2026;08:00;UTC;08:15;UTC;1,08
29.04.2026;08:15;UTC;08:30;UTC;-0,002
29.04.2026;08:30;UTC;08:45;UTC;-0,428
29.04.2026;08:45;UTC;09:00;UTC;-1,081
29.04.2026;09:00;UTC;09:15;UTC;-0,752
29.04.2026;09:15;UTC;09:30;UTC;-0,799
29.04.2026;09:30;UTC;09:45;UTC;-1,07
29.04.2026;09:45;UTC;10:00;UTC;-2,006
29.04.2026;10:00;UTC;10:15;UTC;-2
29.04.2026;10:15;UTC;10:30;UTC;-3
29.04.2026;10:30;UTC;10:45;UTC;-3,606
29.04.2026;10:45;UTC;11:00;UTC;-4,9
29.04.2026;11:00;UTC;11:15;UTC;-4,995
29.04.2026;11:15;UTC;11:30;UTC;-5,779
29.04.2026;11:30;UTC;11:45;UTC;-6,347
29.04.2026;11:45;UTC;12:00;UTC;-7,024
29.04.2026;12:00;UTC;12:15;UTC;-6,351
29.04.2026;12:15;UTC;12:30;UTC;-5,771
29.04.2026;12:30;UTC;12:45;UTC;-5,151
29.04.2026;12:45;UTC;13:00;UTC;-4,9
29.04.2026;13:00;UTC;13:15;UTC;-5
29.04.2026;13:15;UTC;13:30;UTC;-3,989
29.04.2026;13:30;UTC;13:45;UTC;-3,291
29.04.2026;13:45;UTC;14:00;UTC;-2,208
29.04.2026;14:00;UTC;14:15;UTC;-2,647
29.04.2026;14:15;UTC;14:30;UTC;-1,312
29.04.2026;14:30;UTC;14:45;UTC;-0,51
29.04.2026;14:45;UTC;15:00;UTC;-0,031
29.04.2026;15:00;UTC;15:15;UTC;-0,636
29.04.2026;15:15;UTC;15:30;UTC;-0,01
29.04.2026;15:30;UTC;15:45;UTC;0,805
29.04.2026;15:45;UTC;16:00;UTC;7,699
29.04.2026;16:00;UTC;16:15;UTC;4,192
29.04.2026;16:15;UTC;16:30;UTC;8,507
29.04.2026;16:30;UTC;16:45;UTC;11,092
29.04.2026;16:45;UTC;17:00;UTC;12,667
29.04.2026;17:00;UTC;17:15;UTC;10,421
29.04.2026;17:15;UTC;17:30;UTC;11,063
29.04.2026;17:30;UTC;17:45;UTC;12,721
29.04.2026;17:45;UTC;18:00;UTC;16,119
29.04.2026;18:00;UTC;18:15;UTC;14,485
29.04.2026;18:15;UTC;18:30;UTC;14,387
29.04.2026;18:30;UTC;18:45;UTC;14,92
29.04.2026;18:45;UTC;19:00;UTC;14,445
29.04.2026;19:00;UTC;19:15;UTC;15,85
29.04.2026;19:15;UTC;19:30;UTC;13,132
29.04.2026;19:30;UTC;19:45;UTC;11,872
29.04.2026;19:45;UTC;20:00;UTC;11,126
29.04.2026;20:00;UTC;20:15;UTC;12,35
29.04.2026;20:15;UTC;20:30;UTC;11,726
29.04.2026;20:30;UTC;20:45;UTC;11,421
29.04.2026;20:45;UTC;21:00;UTC;10,766
29.04.2026;21:00;UTC;21:15;UTC;11,196
29.04.2026;21:15;UTC;21:30;UTC;10,621
29.04.2026;21:30;UTC;21:45;UTC;10,332
29.04.2026;21:45;UTC;22:00;UTC;9,89
29.04.2026;22:00;UTC;22:15;UTC;9,94
29.04.2026;22:15;UTC;22:30;UTC;10,155
29.04.2026;22:30;UTC;22:45;UTC;10,11
29.04.2026;22:45;UTC;23:00;UTC;9,923
29.04.2026;23:00;UTC;23:15;UTC;9,957
29.04.2026;23:15;UTC;23:30;UTC;9,919
29.04.2026;23:30;UTC;23:45;UTC;9,997
29.04.2026;23:45;UTC;00:00;UTC;10,171
30.04.2026;00:00;UTC;00:15;UTC;10,033
30.04.2026;00:15;UTC;00:30;UTC;9,781
30.04.2026;00:30;UTC;00:45;UTC;9,802
30.04.2026;00:45;UTC;01:00;UTC;9,812
30.04.2026;01:00;UTC;01:15;UTC;9,875
30.04.2026;01:15;UTC;01:30;UTC;9,901
30.04.2026;01:30;UTC;01:45;UTC;9,929
30.04.2026;01:45;UTC;02:00;UTC;10,086
30.04.2026;02:00;UTC;02:15;UTC;9,835
30.04.2026;02:15;UTC;02:30;UTC;10,148
30.04.2026;02:30;UTC;02:45;UTC;10,689
30.04.2026;02:45;UTC;03:00;UTC;10,964
30.04.2026;03:00;UTC;03:15;UTC;10,681
30.04.2026;03:15;UTC;03:30;UTC;11,088
30.04.2026;03:30;UTC;03:45;UTC;11,628
30.04.2026;03:45;UTC;04:00;UTC;12,244
30.04.2026;04:00;UTC;04:15;UTC;11,963
30.04.2026;04:15;UTC;04:30;UTC;14,797
30.04.2026;04:30;UTC;04:45;UTC;15,034
30.04.2026;04:45;UTC;05:00;UTC;13,854
30.04.2026;05:00;UTC;05:15;UTC;15,536
30.04.2026;05:15;UTC;05:30;UTC;13,068
30.04.2026;05:30;UTC;05:45;UTC;11,39
30.04.2026;05:45;UTC;06:00;UTC;8,92
30.04.2026;06:00;UTC;06:15;UTC;12,77
30.04.2026;06:15;UTC;06:30;UTC;11,53
30.04.2026;06:30;UTC;06:45;UTC;9,32
30.04.2026;06:45;UTC;07:00;UTC;4,867
30.04.2026;07:00;UTC;07:15;UTC;10,835
30.04.2026;07:15;UTC;07:30;UTC;5,92
30.04.2026;07:30;UTC;07:45;UTC;1,466
30.04.2026;07:45;UTC;08:00;UTC;0,001
30.04.2026;08:00;UTC;08:15;UTC;0,198
30.04.2026;08:15;UTC;08:30;UTC;0
30.04.2026;08:30;UTC;08:45;UTC;-0,009
30.04.2026;08:45;UTC;09:00;UTC;-0,204
30.04.2026;09:00;UTC;09:15;UTC;-0,051
30.04.2026;09:15;UTC;09:30;UTC;-0,129
30.04.2026;09:30;UTC;09:45;UTC;-0,4
30.04.2026;09:45;UTC;10:00;UTC;-0,97
30.04.2026;10:00;UTC;10:15;UTC;-0,817
30.04.2026;10:15;UTC;10:30;UTC;-1,434
30.04.2026;10:30;UTC;10:45;UTC;-1,823
30.04.2026;10:45;UTC;11:00;UTC;-2,427
30.04.2026;11:00;UTC;11:15;UTC;-2,601
30.04.2026;11:15;UTC;11:30;UTC;-2,999
30.04.2026;11:30;UTC;11:45;UTC;-3,463
30.04.2026;11:45;UTC;12:00;UTC;-3,745
30.04.2026;12:00;UTC;12:15;UTC;-3,616
30.04.2026;12:15;UTC;12:30;UTC;-3,001
30.04.2026;12:30;UTC;12:45;UTC;-2,835
30.04.2026;12:45;UTC;13:00;UTC;-2,12
30.04.2026;13:00;UTC;13:15;UTC;-2,073
30.04.2026;13:15;UTC;13:30;UTC;-1,501
30.04.2026;13:30;UTC;13:45;UTC;-0,947
30.04.2026;13:45;UTC;14:00;UTC;-0,299
30.04.2026;14:00;UTC;14:15;UTC;-0,586
30.04.2026;14:15;UTC;14:30;UTC;-0,165
30.04.2026;14:30;UTC;14:45;UTC;-0,094
30.04.2026;14:45;UTC;15:00;UTC;-0,072
30.04.2026;15:00;UTC;15:15;UTC;-0,168
30.04.2026;15:15;UTC;15:30;UTC;-0,001
30.04.2026;15:30;UTC;15:45;UTC;1,37
30.04.2026;15:45;UTC;16:00;UTC;7,031
30.04.2026;16:00;UTC;16:15;UTC;3,114
30.04.2026;16:15;UTC;16:30;UTC;8,861
30.04.2026;16:30;UTC;16:45;UTC;11,247
30.04.2026;16:45;UTC;17:00;UTC;13,75
30.04.2026;17:00;UTC;17:15;UTC;10,413
30.04.2026;17:15;UTC;17:30;UTC;12,17
30.04.2026;17:30;UTC;17:45;UTC;14,427
30.04.2026;17:45;UTC;18:00;UTC;18,625
30.04.2026;18:00;UTC;18:15;UTC;17,801
30.04.2026;18:15;UTC;18:30;UTC;18,847
30.04.2026;18:30;UTC;18:45;UTC;18,109
30.04.2026;18:45;UTC;19:00;UTC;16,691
30.04.2026;19:00;UTC;19:15;UTC;18,163
30.04.2026;19:15;UTC;19:30;UTC;15,544
30.04.2026;19:30;UTC;19:45;UTC;13,123
30.04.2026;19:45;UTC;20:00;UTC;11,506
30.04.2026;20:00;UTC;20:15;UTC;13,237
30.04.2026;20:15;UTC;20:30;UTC;12,01
30.04.2026;20:30;UTC;20:45;UTC;11,394
30.04.2026;20:45;UTC;21:00;UTC;10,927
30.04.2026;21:00;UTC;21:15;UTC;11,759
30.04.2026;21:15;UTC;21:30;UTC;11,112
30.04.2026;21:30;UTC;21:45;UTC;10,674
30.04.2026;21:45;UTC;22:00;UTC;10,298
30.04.2026;22:00;UTC;22:15;UTC;11,599
30.04.2026;22:15;UTC;22:30;UTC;10,886
30.04.2026;22:30;UTC;22:45;UTC;10,348
30.04.2026;22:45;UTC;23:00;UTC;10,058
30.04.2026;23:00;UTC;23:15;UTC;10,492
30.04.2026;23:15;UTC;23:30;UTC;10,316
30.04.2026;23:30;UTC;23:45;UTC;10,316
30.04.2026;23:45;UTC;00:00;UTC;10,11
01.05.2026;00:00;UTC;00:15;UTC;10,284
01.05.2026;00:15;UTC;00:30;UTC;10,051
01.05.2026;00:30;UTC;00:45;UTC;10,109
01.05.2026;00:45;UTC;01:00;UTC;10,11
01.05.2026;01:00;UTC;01:15;UTC;9,901
01.05.2026;01:15;UTC;01:30;UTC;9,896
01.05.2026;01:30;UTC;01:45;UTC;9,978
01.05.2026;01:45;UTC;02:00;UTC;9,923
01.05.2026;02:00;UTC;02:15;UTC;9,78
01.05.2026;02:15;UTC;02:30;UTC;9,821
01.05.2026;02:30;UTC;02:45;UTC;9,7
01.05.2026;02:45;UTC;03:00;UTC;9,891
01.05.2026;03:00;UTC;03:15;UTC;9,735
01.05.2026;03:15;UTC;03:30;UTC;9,787
01.05.2026;03:30;UTC;03:45;UTC;9,937
01.05.2026;03:45;UTC;04:00;UTC;9,539
01.05.2026;04:00;UTC;04:15;UTC;11,268
01.05.2026;04:15;UTC;04:30;UTC;11,066
01.05.2026;04:30;UTC;04:45;UTC;10,674
01.05.2026;04:45;UTC;05:00;UTC;8,499
01.05.2026;05:00;UTC;05:15;UTC;12,478
01.05.2026;05:15;UTC;05:30;UTC;9,588
01.05.2026;05:30;UTC;05:45;UTC;7,002
01.05.2026;05:45;UTC;06:00;UTC;3,068
01.05.2026;06:00;UTC;06:15;UTC;9,865
01.05.2026;06:15;UTC;06:30;UTC;3,499
01.05.2026;06:30;UTC;06:45;UTC;0,766
01.05.2026;06:45;UTC;07:00;UTC;0,003
01.05.2026;07:00;UTC;07:15;UTC;0,116
01.05.2026;07:15;UTC;07:30;UTC;0
01.05.2026;07:30;UTC;07:45;UTC;-0,001
01.05.2026;07:45;UTC;08:00;UTC;-0,126
01.05.2026;08:00;UTC;08:15;UTC;-0,138
01.05.2026;08:15;UTC;08:30;UTC;-0,799
01.05.2026;08:30;UTC;08:45;UTC;-2,5
01.05.2026;08:45;UTC;09:00;UTC;-5,035
01.05.2026;09:00;UTC;09:15;UTC;-6,998
01.05.2026;09:15;UTC;09:30;UTC;-9,047
01.05.2026;09:30;UTC;09:45;UTC;-12
01.05.2026;09:45;UTC;10:00;UTC;-15,402
01.05.2026;10:00;UTC;10:15;UTC;-16,002
01.05.2026;10:15;UTC;10:30;UTC;-28,077
01.05.2026;10:30;UTC;10:45;UTC;-34,021
01.05.2026;10:45;UTC;11:00;UTC;-49,332
01.05.2026;11:00;UTC;11:15;UTC;-49,603
01.05.2026;11:15;UTC;11:30;UTC;-49,999
01.05.2026;11:30;UTC;11:45;UTC;-49,999
01.05.2026;11:45;UTC;12:00;UTC;-49,999
01.05.2026;12:00;UTC;12:15;UTC;-49,999
01.05.2026;12:15;UTC;12:30;UTC;-49,999
01.05.2026;12:30;UTC;12:45;UTC;-49,989
01.05.2026;12:45;UTC;13:00;UTC;-40
01.05.2026;13:00;UTC;13:15;UTC;-40
01.05.2026;13:15;UTC;13:30;UTC;-21,565
01.05.2026;13:30;UTC;13:45;UTC;-12,995
01.05.2026;13:45;UTC;14:00;UTC;-7,791
01.05.2026;14:00;UTC;14:15;UTC;-6,383
01.05.2026;14:15;UTC;14:30;UTC;-3
01.05.2026;14:30;UTC;14:45;UTC;-0,996
01.05.2026;14:45;UTC;15:00;UTC;-0,12
01.05.2026;15:00;UTC;15:15;UTC;-0,157
01.05.2026;15:15;UTC;15:30;UTC;-0,021
01.05.2026;15:30;UTC;15:45;UTC;0
01.05.2026;15:45;UTC;16:00;UTC;2,4
01.05.2026;16:00;UTC;16:15;UTC;0,509
01.05.2026;16:15;UTC;16:30;UTC;7,91
01.05.2026;16:30;UTC;16:45;UTC;10,967
01.05.2026;16:45;UTC;17:00;UTC;17,626
01.05.2026;17:00;UTC;17:15;UTC;10,663
01.05.2026;17:15;UTC;17:30;UTC;12,415
01.05.2026;17:30;UTC;17:45;UTC;15,299
01.05.2026;17:45;UTC;18:00;UTC;23,299
01.05.2026;18:00;UTC;18:15;UTC;18,071
01.05.2026;18:15;UTC;18:30;UTC;18,122
01.05.2026;18:30;UTC;18:45;UTC;18,102
01.05.2026;18:45;UTC;19:00;UTC;15,035
01.05.2026;19:00;UTC;19:15;UTC;21
01.05.2026;19:15;UTC;19:30;UTC;13,532
01.05.2026;19:30;UTC;19:45;UTC;11,665
01.05.2026;19:45;UTC;20:00;UTC;10,983
01.05.2026;20:00;UTC;20:15;UTC;12,77
01.05.2026;20:15;UTC;20:30;UTC;11,599
01.05.2026;20:30;UTC;20:45;UTC;10,6
01.05.2026;20:45;UTC;21:00;UTC;10,32
01.05.2026;21:00;UTC;21:15;UTC;10,409
01.05.2026;21:15;UTC;21:30;UTC;10,213
01.05.2026;21:30;UTC;21:45;UTC;9,484
01.05.2026;21:45;UTC;22:00;UTC;8,687
01.05.2026;22:00;UTC;22:15;UTC;13,8
01.05.2026;22:15;UTC;22:30;UTC;12,331
01.05.2026;22:30;UTC;22:45;UTC;10,513
01.05.2026;22:45;UTC;23:00;UTC;10,326
01.05.2026;23:00;UTC;23:15;UTC;10,959
01.05.2026;23:15;UTC;23:30;UTC;10,487
01.05.2026;23:30;UTC;23:45;UTC;10,224
01.05.2026;23:45;UTC;00:00;UTC;9,815
02.05.2026;00:00;UTC;00:15;UTC;10,417
02.05.2026;00:15;UTC;00:30;UTC;9,891
02.05.2026;00:30;UTC;00:45;UTC;9,733
02.05.2026;00:45;UTC;01:00;UTC;9,75
02.05.2026;01:00;UTC;01:15;UTC;9,737
02.05.2026;01:15;UTC;01:30;UTC;9,212
02.05.2026;01:30;UTC;01:45;UTC;9,208
02.05.2026;01:45;UTC;02:00;UTC;9,177
02.05.2026;02:00;UTC;02:15;UTC;9,152
02.05.2026;02:15;UTC;02:30;UTC;9,422
02.05.2026;02:30;UTC;02:45;UTC;9,422
02.05.2026;02:45;UTC;03:00;UTC;9,422
02.05.2026;03:00;UTC;03:15;UTC;9,282
02.05.2026;03:15;UTC;03:30;UTC;9,178
02.05.2026;03:30;UTC;03:45;UTC;9,514
02.05.2026;03:45;UTC;04:00;UTC;9,505
02.05.2026;04:00;UTC;04:15;UTC;9,565
02.05.2026;04:15;UTC;04:30;UTC;9,678
02.05.2026;04:30;UTC;04:45;UTC;9,347
02.05.2026;04:45;UTC;05:00;UTC;8,122
02.05.2026;05:00;UTC;05:15;UTC;11,085
02.05.2026;05:15;UTC;05:30;UTC;8,656
02.05.2026;05:30;UTC;05:45;UTC;7,204
02.05.2026;05:45;UTC;06:00;UTC;4,26
02.05.2026;06:00;UTC;06:15;UTC;4,621
02.05.2026;06:15;UTC;06:30;UTC;2
02.05.2026;06:30;UTC;06:45;UTC;0,477
02.05.2026;06:45;UTC;07:00;UTC;0,21
02.05.2026;07:00;UTC;07:15;UTC;0,479
02.05.2026;07:15;UTC;07:30;UTC;0,033
02.05.2026;07:30;UTC;07:45;UTC;0
02.05.2026;07:45;UTC;08:00;UTC;-0,004
02.05.2026;08:00;UTC;08:15;UTC;-0,001
02.05.2026;08:15;UTC;08:30;UTC;-0,009
02.05.2026;08:30;UTC;08:45;UTC;-0,126
02.05.2026;08:45;UTC;09:00;UTC;-0,819
02.05.2026;09:00;UTC;09:15;UTC;-1
02.05.2026;09:15;UTC;09:30;UTC;-1,445
02.05.2026;09:30;UTC;09:45;UTC;-2,331
02.05.2026;09:45;UTC;10:00;UTC;-3,989
02.05.2026;10:00;UTC;10:15;UTC;-5,995
02.05.2026;10:15;UTC;10:30;UTC;-7,403
02.05.2026;10:30;UTC;10:45;UTC;-8,8
02.05.2026;10:45;UTC;11:00;UTC;-11,245
02.05.2026;11:00;UTC;11:15;UTC;-11,416
02.05.2026;11:15;UTC;11:30;UTC;-12,904
02.05.2026;11:30;UTC;11:45;UTC;-14,701
02.05.2026;11:45;UTC;12:00;UTC;-12,99
02.05.2026;12:00;UTC;12:15;UTC;-12,001
02.05.2026;12:15;UTC;12:30;UTC;-9,549
02.05.2026;12:30;UTC;12:45;UTC;-7,4
02.05.2026;12:45;UTC;13:00;UTC;-5,787
02.05.2026;13:00;UTC;13:15;UTC;-3,499
02.05.2026;13:15;UTC;13:30;UTC;-1,499
02.05.2026;13:30;UTC;13:45;UTC;-0,509
02.05.2026;13:45;UTC;14:00;UTC;-0,108
02.05.2026;14:00;UTC;14:15;UTC;-0,011
02.05.2026;14:15;UTC;14:30;UTC;-0,001
02.05.2026;14:30;UTC;14:45;UTC;0
02.05.2026;14:45;UTC;15:00;UTC;0,025
02.05.2026;15:00;UTC;15:15;UTC;0,037
02.05.2026;15:15;UTC;15:30;UTC;0,619
02.05.2026;15:30;UTC;15:45;UTC;6,882
02.05.2026;15:45;UTC;16:00;UTC;14,44
02.05.2026;16:00;UTC;16:15;UTC;7,871
02.05.2026;16:15;UTC;16:30;UTC;11,351
02.05.2026;16:30;UTC;16:45;UTC;13,631
02.05.2026;16:45;UTC;17:00;UTC;18,003
02.05.2026;17:00;UTC;17:15;UTC;11,568
02.05.2026;17:15;UTC;17:30;UTC;13,746
02.05.2026;17:30;UTC;17:45;UTC;15,577
02.05.2026;17:45;UTC;18:00;UTC;25,109
02.05.2026;18:00;UTC;18:15;UTC;17,698
02.05.2026;18:15;UTC;18:30;UTC;19,977
02.05.2026;18:30;UTC;18:45;UTC;21,7
02.05.2026;18:45;UTC;19:00;UTC;18,805
02.05.2026;19:00;UTC;19:15;UTC;21,076
02.05.2026;19:15;UTC;19:30;UTC;14,794
02.05.2026;19:30;UTC;19:45;UTC;13,378
02.05.2026;19:45;UTC;20:00;UTC;12,48
02.05.2026;20:00;UTC;20:15;UTC;17,48
02.05.2026;20:15;UTC;20:30;UTC;13,78
02.05.2026;20:30;UTC;20:45;UTC;12,54
02.05.2026;20:45;UTC;21:00;UTC;12,184
02.05.2026;21:00;UTC;21:15;UTC;13,511
02.05.2026;21:15;UTC;21:30;UTC;12,916
02.05.2026;21:30;UTC;21:45;UTC;11,774
02.05.2026;21:45;UTC;22:00;UTC;11,345
02.05.2026;22:00;UTC;22:15;UTC;12,953
02.05.2026;22:15;UTC;22:30;UTC;12,008
02.05.2026;22:30;UTC;22:45;UTC;11,966
02.05.2026;22:45;UTC;23:00;UTC;11,551
02.05.2026;23:00;UTC;23:15;UTC;11,826
02.05.2026;23:15;UTC;23:30;UTC;11,791
02.05.2026;23:30;UTC;23:45;UTC;11,595
02.05.2026;23:45;UTC;00:00;UTC;11,201
03.05.2026;00:00;UTC;00:15;UTC;11,126
03.05.2026;00:15;UTC;00:30;UTC;11,089
03.05.2026;00:30;UTC;00:45;UTC;11
03.05.2026;00:45;UTC;01:00;UTC;10,85
03.05.2026;01:00;UTC;01:15;UTC;10,93
03.05.2026;01:15;UTC;01:30;UTC;10,912
03.05.2026;01:30;UTC;01:45;UTC;10,79
03.05.2026;01:45;UTC;02:00;UTC;10,759
03.05.2026;02:00;UTC;02:15;UTC;10,686
03.05.2026;02:15;UTC;02:30;UTC;10,564
03.05.2026;02:30;UTC;02:45;UTC;10,606
03.05.2026;02:45;UTC;03:00;UTC;10,661
03.05.2026;03:00;UTC;03:15;UTC;10,47
03.05.2026;03:15;UTC;03:30;UTC;10,716
03.05.2026;03:30;UTC;03:45;UTC;10,714
03.05.2026;03:45;UTC;04:00;UTC;10,929
03.05.2026;04:00;UTC;04:15;UTC;10,783
03.05.2026;04:15;UTC;04:30;UTC;10,394
03.05.2026;04:30;UTC;04:45;UTC;10,274
03.05.2026;04:45;UTC;05:00;UTC;9,229
03.05.2026;05:00;UTC;05:15;UTC;11,977
03.05.2026;05:15;UTC;05:30;UTC;9,326
03.05.2026;05:30;UTC;05:45;UTC;6,91
03.05.2026;05:45;UTC;06:00;UTC;5,922
03.05.2026;06:00;UTC;06:15;UTC;8,776
03.05.2026;06:15;UTC;06:30;UTC;7,525
03.05.2026;06:30;UTC;06:45;UTC;6,729
03.05.2026;06:45;UTC;07:00;UTC;5,665
03.05.2026;07:00;UTC;07:15;UTC;6,223
03.05.2026;07:15;UTC;07:30;UTC;3,636
03.05.2026;07:30;UTC;07:45;UTC;2,582
03.05.2026;07:45;UTC;08:00;UTC;0,622
03.05.2026;08:00;UTC;08:15;UTC;0,635
03.05.2026;08:15;UTC;08:30;UTC;0
03.05.2026;08:30;UTC;08:45;UTC;-0,059
03.05.2026;08:45;UTC;09:00;UTC;-0,061
03.05.2026;09:00;UTC;09:15;UTC;-0,036
03.05.2026;09:15;UTC;09:30;UTC;-0,077
03.05.2026;09:30;UTC;09:45;UTC;-0,145
03.05.2026;09:45;UTC;10:00;UTC;-0,313
03.05.2026;10:00;UTC;10:15;UTC;-0,534
03.05.2026;10:15;UTC;10:30;UTC;-0,655
03.05.2026;10:30;UTC;10:45;UTC;-0,727
03.05.2026;10:45;UTC;11:00;UTC;-0,8
03.05.2026;11:00;UTC;11:15;UTC;-1,259
03.05.2026;11:15;UTC;11:30;UTC;-1,5
03.05.2026;11:30;UTC;11:45;UTC;-1,515
03.05.2026;11:45;UTC;12:00;UTC;-1,5
03.05.2026;12:00;UTC;12:15;UTC;-1,163
03.05.2026;12:15;UTC;12:30;UTC;-1,27
03.05.2026;12:30;UTC;12:45;UTC;-0,96
03.05.2026;12:45;UTC;13:00;UTC;-0,96
03.05.2026;13:00;UTC;13:15;UTC;-1,001
03.05.2026;13:15;UTC;13:30;UTC;-0,47
03.05.2026;13:30;UTC;13:45;UTC;-0,109
03.05.2026;13:45;UTC;14:00;UTC;-0,007
03.05.2026;14:00;UTC;14:15;UTC;-0,085
03.05.2026;14:15;UTC;14:30;UTC;-0,06
03.05.2026;14:30;UTC;14:45;UTC;0,019
03.05.2026;14:45;UTC;15:00;UTC;3,779
03.05.2026;15:00;UTC;15:15;UTC;2,126
03.05.2026;15:15;UTC;15:30;UTC;6,825
03.05.2026;15:30;UTC;15:45;UTC;9,969
03.05.2026;15:45;UTC;16:00;UTC;13,363
03.05.2026;16:00;UTC;16:15;UTC;10,169
03.05.2026;16:15;UTC;16:30;UTC;11,499
03.05.2026;16:30;UTC;16:45;UTC;12,799
03.05.2026;16:45;UTC;17:00;UTC;13,762
03.05.2026;17:00;UTC;17:15;UTC;12,352
03.05.2026;17:15;UTC;17:30;UTC;12,477
03.05.2026;17:30;UTC;17:45;UTC;13,789
03.05.2026;17:45;UTC;18:00;UTC;15,3
03.05.2026;18:00;UTC;18:15;UTC;13,964
03.05.2026;18:15;UTC;18:30;UTC;14,203
03.05.2026;18:30;UTC;18:45;UTC;14,198
03.05.2026;18:45;UTC;19:00;UTC;13,983
03.05.2026;19:00;UTC;19:15;UTC;14,794
03.05.2026;19:15;UTC;19:30;UTC;13,868
03.05.2026;19:30;UTC;19:45;UTC;13,394
03.05.2026;19:45;UTC;20:00;UTC;12,868
03.05.2026;20:00;UTC;20:15;UTC;14,007
03.05.2026;20:15;UTC;20:30;UTC;13,775
03.05.2026;20:30;UTC;20:45;UTC;12,487
03.05.2026;20:45;UTC;21:00;UTC;11,882
03.05.2026;21:00;UTC;21:15;UTC;13,396
03.05.2026;21:15;UTC;21:30;UTC;12,124
03.05.2026;21:30;UTC;21:45;UTC;11,595
03.05.2026;21:45;UTC;22:00;UTC;11,331
03.05.2026;22:00;UTC;22:15;UTC;12,679
03.05.2026;22:15;UTC;22:30;UTC;12,008
03.05.2026;22:30;UTC;22:45;UTC;11,247
03.05.2026;22:45;UTC;23:00;UTC;11,008
03.05.2026;23:00;UTC;23:15;UTC;11,065
03.05.2026;23:15;UTC;23:30;UTC;10,942
03.05.2026;23:30;UTC;23:45;UTC;10,835
03.05.2026;23:45;UTC;00:00;UTC;10,522
04.05.2026;00:00;UTC;00:15;UTC;11,326
04.05.2026;00:15;UTC;00:30;UTC;11,064
04.05.2026;00:30;UTC;00:45;UTC;11,01
04.05.2026;00:45;UTC;01:00;UTC;10,823
04.05.2026;01:00;UTC;01:15;UTC;10,655
04.05.2026;01:15;UTC;01:30;UTC;10,545
04.05.2026;01:30;UTC;01:45;UTC;10,593
04.05.2026;01:45;UTC;02:00;UTC;10,746
04.05.2026;02:00;UTC;02:15;UTC;10,704
04.05.2026;02:15;UTC;02:30;UTC;10,875
04.05.2026;02:30;UTC;02:45;UTC;11,1
04.05.2026;02:45;UTC;03:00;UTC;11,284
04.05.2026;03:00;UTC;03:15;UTC;11,137
04.05.2026;03:15;UTC;03:30;UTC;11,909
04.05.2026;03:30;UTC;03:45;UTC;13,449
04.05.2026;03:45;UTC;04:00;UTC;15,058
04.05.2026;04:00;UTC;04:15;UTC;14,172
04.05.2026;04:15;UTC;04:30;UTC;15,393
04.05.2026;04:30;UTC;04:45;UTC;15,2
04.05.2026;04:45;UTC;05:00;UTC;15,054
04.05.2026;05:00;UTC;05:15;UTC;16,333
04.05.2026;05:15;UTC;05:30;UTC;15,426
04.05.2026;05:30;UTC;05:45;UTC;14,719
04.05.2026;05:45;UTC;06:00;UTC;14,029
04.05.2026;06:00;UTC;06:15;UTC;15,551
04.05.2026;06:15;UTC;06:30;UTC;14,288
04.05.2026;06:30;UTC;06:45;UTC;13,12
04.05.2026;06:45;UTC;07:00;UTC;10,882
04.05.2026;07:00;UTC;07:15;UTC;12,989
04.05.2026;07:15;UTC;07:30;UTC;11,212
04.05.2026;07:30;UTC;07:45;UTC;11,141
04.05.2026;07:45;UTC;08:00;UTC;10,108
04.05.2026;08:00;UTC;08:15;UTC;11,894
04.05.2026;08:15;UTC;08:30;UTC;9,817
04.05.2026;08:30;UTC;08:45;UTC;9,698
04.05.2026;08:45;UTC;09:00;UTC;8,587
04.05.2026;09:00;UTC;09:15;UTC;9,749
04.05.2026;09:15;UTC;09:30;UTC;9,361
04.05.2026;09:30;UTC;09:45;UTC;9,328
04.05.2026;09:45;UTC;10:00;UTC;8,8
04.05.2026;10:00;UTC;10:15;UTC;8,748
04.05.2026;10:15;UTC;10:30;UTC;7,444
04.05.2026;10:30;UTC;10:45;UTC;7,063
04.05.2026;10:45;UTC;11:00;UTC;6,771
04.05.2026;11:00;UTC;11:15;UTC;7,241
04.05.2026;11:15;UTC;11:30;UTC;6,89
04.05.2026;11:30;UTC;11:45;UTC;6,3
04.05.2026;11:45;UTC;12:00;UTC;7,332
04.05.2026;12:00;UTC;12:15;UTC;7,281
04.05.2026;12:15;UTC;12:30;UTC;7,955
04.05.2026;12:30;UTC;12:45;UTC;8,379
04.05.2026;12:45;UTC;13:00;UTC;8,816
04.05.2026;13:00;UTC;13:15;UTC;8,334
04.05.2026;13:15;UTC;13:30;UTC;8,963
04.05.2026;13:30;UTC;13:45;UTC;9,397
04.05.2026;13:45;UTC;14:00;UTC;10,907
04.05.2026;14:00;UTC;14:15;UTC;8,855
04.05.2026;14:15;UTC;14:30;UTC;9,955
04.05.2026;14:30;UTC;14:45;UTC;11,263
04.05.2026;14:45;UTC;15:00;UTC;13,114
04.05.2026;15:00;UTC;15:15;UTC;9,334
04.05.2026;15:15;UTC;15:30;UTC;12,6
04.05.2026;15:30;UTC;15:45;UTC;14,119
04.05.2026;15:45;UTC;16:00;UTC;15,544
04.05.2026;16:00;UTC;16:15;UTC;13,527
04.05.2026;16:15;UTC;16:30;UTC;14,692
04.05.2026;16:30;UTC;16:45;UTC;17,874
04.05.2026;16:45;UTC;17:00;UTC;21,507
04.05.2026;17:00;UTC;17:15;UTC;15,67
04.05.2026;17:15;UTC;17:30;UTC;19,647
04.05.2026;17:30;UTC;17:45;UTC;27,068
04.05.2026;17:45;UTC;18:00;UTC;35,627
04.05.2026;18:00;UTC;18:15;UTC;28,576
04.05.2026;18:15;UTC;18:30;UTC;28,2
04.05.2026;18:30;UTC;18:45;UTC;27,272
04.05.2026;18:45;UTC;19:00;UTC;22,686
04.05.2026;19:00;UTC;19:15;UTC;27,299
04.05.2026;19:15;UTC;19:30;UTC;20,264
04.05.2026;19:30;UTC;19:45;UTC;15,891
04.05.2026;19:45;UTC;20:00;UTC;14,266
04.05.2026;20:00;UTC;20:15;UTC;18,1
04.05.2026;20:15;UTC;20:30;UTC;15,271
04.05.2026;20:30;UTC;20:45;UTC;14,136
04.05.2026;20:45;UTC;21:00;UTC;13,711
04.05.2026;21:00;UTC;21:15;UTC;15,225
04.05.2026;21:15;UTC;21:30;UTC;13,909
04.05.2026;21:30;UTC;21:45;UTC;13,2
04.05.2026;21:45;UTC;22:00;UTC;12,546
04.05.2026;22:00;UTC;22:15;UTC;14,342
04.05.2026;22:15;UTC;22:30;UTC;13,245
04.05.2026;22:30;UTC;22:45;UTC;12,622
04.05.2026;22:45;UTC;23:00;UTC;12,335
04.05.2026;23:00;UTC;23:15;UTC;13,188
04.05.2026;23:15;UTC;23:30;UTC;12,615
04.05.2026;23:30;UTC;23:45;UTC;12,535
04.05.2026;23:45;UTC;00:00;UTC;12,142
05.05.2026;00:00;UTC;00:15;UTC;12,328
05.05.2026;00:15;UTC;00:30;UTC;12,179
05.05.2026;00:30;UTC;00:45;UTC;12,159
05.05.2026;00:45;UTC;01:00;UTC;12,178
05.05.2026;01:00;UTC;01:15;UTC;12,218
05.05.2026;01:15;UTC;01:30;UTC;12,184
05.05.2026;01:30;UTC;01:45;UTC;12,268
05.05.2026;01:45;UTC;02:00;UTC;12,148
05.05.2026;02:00;UTC;02:15;UTC;12,069
05.05.2026;02:15;UTC;02:30;UTC;12,234
05.05.2026;02:30;UTC;02:45;UTC;12,544
05.05.2026;02:45;UTC;03:00;UTC;12,713
05.05.2026;03:00;UTC;03:15;UTC;12,419
05.05.2026;03:15;UTC;03:30;UTC;12,757
05.05.2026;03:30;UTC;03:45;UTC;13,658
05.05.2026;03:45;UTC;04:00;UTC;14,727
05.05.2026;04:00;UTC;04:15;UTC;14,939
05.05.2026;04:15;UTC;04:30;UTC;15,553
05.05.2026;04:30;UTC;04:45;UTC;16,367
05.05.2026;04:45;UTC;05:00;UTC;17,186
05.05.2026;05:00;UTC;05:15;UTC;17,834
05.05.2026;05:15;UTC;05:30;UTC;16,555
05.05.2026;05:30;UTC;05:45;UTC;15,159
05.05.2026;05:45;UTC;06:00;UTC;14,758
05.05.2026;06:00;UTC;06:15;UTC;16,715
05.05.2026;06:15;UTC;06:30;UTC;14,697
05.05.2026;06:30;UTC;06:45;UTC;14,478
05.05.2026;06:45;UTC;07:00;UTC;13,003
05.05.2026;07:00;UTC;07:15;UTC;14,141
05.05.2026;07:15;UTC;07:30;UTC;13,003
05.05.2026;07:30;UTC;07:45;UTC;12,6
05.05.2026;07:45;UTC;08:00;UTC;12,1
05.05.2026;08:00;UTC;08:15;UTC;12,466
05.05.2026;08:15;UTC;08:30;UTC;11,589
05.05.2026;08:30;UTC;08:45;UTC;10,872
05.05.2026;08:45;UTC;09:00;UTC;10,721
05.05.2026;09:00;UTC;09:15;UTC;11,308
05.05.2026;09:15;UTC;09:30;UTC;10,999
05.05.2026;09:30;UTC;09:45;UTC;10,636
05.05.2026;09:45;UTC;10:00;UTC;10,36
05.05.2026;10:00;UTC;10:15;UTC;10,628
05.05.2026;10:15;UTC;10:30;UTC;9,728
05.05.2026;10:30;UTC;10:45;UTC;9,53
05.05.2026;10:45;UTC;11:00;UTC;9,751
05.05.2026;11:00;UTC;11:15;UTC;9,825
05.05.2026;11:15;UTC;11:30;UTC;9,83
05.05.2026;11:30;UTC;11:45;UTC;9,736
05.05.2026;11:45;UTC;12:00;UTC;9,831
05.05.2026;12:00;UTC;12:15;UTC;9,233
05.05.2026;12:15;UTC;12:30;UTC;9,83
05.05.2026;12:30;UTC;12:45;UTC;9,934
05.05.2026;12:45;UTC;13:00;UTC;10,101
05.05.2026;13:00;UTC;13:15;UTC;11,111
05.05.2026;13:15;UTC;13:30;UTC;10,215
05.05.2026;13:30;UTC;13:45;UTC;10,53
05.05.2026;13:45;UTC;14:00;UTC;10,54
05.05.2026;14:00;UTC;14:15;UTC;10,953
05.05.2026;14:15;UTC;14:30;UTC;10,557
05.05.2026;14:30;UTC;14:45;UTC;10,842
05.05.2026;14:45;UTC;15:00;UTC;12,439
05.05.2026;15:00;UTC;15:15;UTC;11,616
05.05.2026;15:15;UTC;15:30;UTC;12,343
05.05.2026;15:30;UTC;15:45;UTC;13,279
05.05.2026;15:45;UTC;16:00;UTC;14,23
05.05.2026;16:00;UTC;16:15;UTC;13,341
05.05.2026;16:15;UTC;16:30;UTC;13,223
05.05.2026;16:30;UTC;16:45;UTC;14,96
05.05.2026;16:45;UTC;17:00;UTC;16,781
05.05.2026;17:00;UTC;17:15;UTC;14,897
05.05.2026;17:15;UTC;17:30;UTC;15,71
05.05.2026;17:30;UTC;17:45;UTC;16,283
05.05.2026;17:45;UTC;18:00;UTC;18,584
05.05.2026;18:00;UTC;18:15;UTC;16,517
05.05.2026;18:15;UTC;18:30;UTC;16,932
05.05.2026;18:30;UTC;18:45;UTC;16,608
05.05.2026;18:45;UTC;19:00;UTC;15,504
05.05.2026;19:00;UTC;19:15;UTC;15,7
05.05.2026;19:15;UTC;19:30;UTC;15,196
05.05.2026;19:30;UTC;19:45;UTC;14,604
05.05.2026;19:45;UTC;20:00;UTC;13,299
05.05.2026;20:00;UTC;20:15;UTC;14,661
05.05.2026;20:15;UTC;20:30;UTC;13,561
05.05.2026;20:30;UTC;20:45;UTC;13,003
05.05.2026;20:45;UTC;21:00;UTC;11,873
05.05.2026;21:00;UTC;21:15;UTC;12,803
05.05.2026;21:15;UTC;21:30;UTC;11,741
05.05.2026;21:30;UTC;21:45;UTC;11,092
05.05.2026;21:45;UTC;22:00;UTC;10,481
05.05.2026;22:00;UTC;22:15;UTC;12,801
05.05.2026;22:15;UTC;22:30;UTC;11,976
05.05.2026;22:30;UTC;22:45;UTC;11,818
05.05.2026;22:45;UTC;23:00;UTC;11,419
05.05.2026;23:00;UTC;23:15;UTC;11,803
05.05.2026;23:15;UTC;23:30;UTC;11,415
05.05.2026;23:30;UTC;23:45;UTC;11,302
05.05.2026;23:45;UTC;00:00;UTC;11,172
06.05.2026;00:00;UTC;00:15;UTC;11,346
06.05.2026;00:15;UTC;00:30;UTC;11,301
06.05.2026;00:30;UTC;00:45;UTC;11,276
06.05.2026;00:45;UTC;01:00;UTC;11,343
06.05.2026;01:00;UTC;01:15;UTC;11,261
06.05.2026;01:15;UTC;01:30;UTC;11,283
06.05.2026;01:30;UTC;01:45;UTC;11,354
06.05.2026;01:45;UTC;02:00;UTC;11,3
06.05.2026;02:00;UTC;02:15;UTC;11,299
06.05.2026;02:15;UTC;02:30;UTC;11,266
06.05.2026;02:30;UTC;02:45;UTC;11,372
06.05.2026;02:45;UTC;03:00;UTC;11,399
06.05.2026;03:00;UTC;03:15;UTC;11,256
06.05.2026;03:15;UTC;03:30;UTC;11,612
06.05.2026;03:30;UTC;03:45;UTC;11,909
06.05.2026;03:45;UTC;04:00;UTC;12,513
06.05.2026;04:00;UTC;04:15;UTC;12,06
06.05.2026;04:15;UTC;04:30;UTC;12,972
06.05.2026;04:30;UTC;04:45;UTC;13,604
06.05.2026;04:45;UTC;05:00;UTC;13,82
06.05.2026;05:00;UTC;05:15;UTC;15,01
06.05.2026;05:15;UTC;05:30;UTC;14,996
06.05.2026;05:30;UTC;05:45;UTC;14,104
06.05.2026;05:45;UTC;06:00;UTC;12,87
06.05.2026;06:00;UTC;06:15;UTC;17,779
06.05.2026;06:15;UTC;06:30;UTC;14,393
06.05.2026;06:30;UTC;06:45;UTC;13,137
06.05.2026;06:45;UTC;07:00;UTC;11,311
06.05.2026;07:00;UTC;07:15;UTC;13,686
06.05.2026;07:15;UTC;07:30;UTC;12,549
06.05.2026;07:30;UTC;07:45;UTC;11,583
06.05.2026;07:45;UTC;08:00;UTC;10,704
06.05.2026;08:00;UTC;08:15;UTC;11,947
06.05.2026;08:15;UTC;08:30;UTC;11,019
06.05.2026;08:30;UTC;08:45;UTC;10,277
06.05.2026;08:45;UTC;09:00;UTC;10,277
06.05.2026;09:00;UTC;09:15;UTC;11,1
06.05.2026;09:15;UTC;09:30;UTC;10,273
06.05.2026;09:30;UTC;09:45;UTC;10,257
06.05.2026;09:45;UTC;10:00;UTC;10,018
06.05.2026;10:00;UTC;10:15;UTC;9,979
06.05.2026;10:15;UTC;10:30;UTC;9,972
06.05.2026;10:30;UTC;10:45;UTC;10,331
06.05.2026;10:45;UTC;11:00;UTC;9,755
06.05.2026;11:00;UTC;11:15;UTC;9,63
06.05.2026;11:15;UTC;11:30;UTC;9,164
06.05.2026;11:30;UTC;11:45;UTC;8,562
06.05.2026;11:45;UTC;12:00;UTC;8,38
06.05.2026;12:00;UTC;12:15;UTC;8,574
06.05.2026;12:15;UTC;12:30;UTC;8,877
06.05.2026;12:30;UTC;12:45;UTC;9,296
06.05.2026;12:45;UTC;13:00;UTC;9,785
06.05.2026;13:00;UTC;13:15;UTC;10,266
06.05.2026;13:15;UTC;13:30;UTC;9,976
06.05.2026;13:30;UTC;13:45;UTC;10,24
06.05.2026;13:45;UTC;14:00;UTC;10,768
06.05.2026;14:00;UTC;14:15;UTC;10,569
06.05.2026;14:15;UTC;14:30;UTC;10,467
06.05.2026;14:30;UTC;14:45;UTC;11,516
06.05.2026;14:45;UTC;15:00;UTC;12,513
06.05.2026;15:00;UTC;15:15;UTC;11,171
06.05.2026;15:15;UTC;15:30;UTC;11,964
06.05.2026;15:30;UTC;15:45;UTC;12,904
06.05.2026;15:45;UTC;16:00;UTC;13,982
06.05.2026;16:00;UTC;16:15;UTC;12,408
06.05.2026;16:15;UTC;16:30;UTC;13,145
06.05.2026;16:30;UTC;16:45;UTC;14,111
06.05.2026;16:45;UTC;17:00;UTC;15,5
06.05.2026;17:00;UTC;17:15;UTC;14,05
06.05.2026;17:15;UTC;17:30;UTC;15,001
06.05.2026;17:30;UTC;17:45;UTC;15,731
06.05.2026;17:45;UTC;18:00;UTC;17,06
06.05.2026;18:00;UTC;18:15;UTC;14,6
06.05.2026;18:15;UTC;18:30;UTC;15,124
06.05.2026;18:30;UTC;18:45;UTC;16,019
06.05.2026;18:45;UTC;19:00;UTC;17,023
06.05.2026;19:00;UTC;19:15;UTC;16,372
06.05.2026;19:15;UTC;19:30;UTC;16,23
06.05.2026;19:30;UTC;19:45;UTC;15,3
06.05.2026;19:45;UTC;20:00;UTC;13,942
06.05.2026;20:00;UTC;20:15;UTC;15,583
06.05.2026;20:15;UTC;20:30;UTC;14,844
06.05.2026;20:30;UTC;20:45;UTC;13,995
06.05.2026;20:45;UTC;21:00;UTC;12,943
06.05.2026;21:00;UTC;21:15;UTC;13,7
06.05.2026;21:15;UTC;21:30;UTC;12,951
06.05.2026;21:30;UTC;21:45;UTC;12,61
06.05.2026;21:45;UTC;22:00;UTC;12,043
06.05.2026;22:00;UTC;22:15;UTC;13,257
06.05.2026;22:15;UTC;22:30;UTC;12,6
06.05.2026;22:30;UTC;22:45;UTC;12,309
06.05.2026;22:45;UTC;23:00;UTC;11,895
06.05.2026;23:00;UTC;23:15;UTC;11,817
06.05.2026;23:15;UTC;23:30;UTC;11,651
06.05.2026;23:30;UTC;23:45;UTC;11,596
06.05.2026;23:45;UTC;00:00;UTC;11,53
07.05.2026;00:00;UTC;00:15;UTC;11,448
07.05.2026;00:15;UTC;00:30;UTC;11,526
07.05.2026;00:30;UTC;00:45;UTC;11,486
07.05.2026;00:45;UTC;01:00;UTC;11,643
07.05.2026;01:00;UTC;01:15;UTC;11,59
07.05.2026;01:15;UTC;01:30;UTC;11,508
07.05.2026;01:30;UTC;01:45;UTC;11,634
07.05.2026;01:45;UTC;02:00;UTC;11,864
07.05.2026;02:00;UTC;02:15;UTC;11,413
07.05.2026;02:15;UTC;02:30;UTC;11,759
07.05.2026;02:30;UTC;02:45;UTC;12,026
07.05.2026;02:45;UTC;03:00;UTC;12,457
07.05.2026;03:00;UTC;03:15;UTC;11,887
07.05.2026;03:15;UTC;03:30;UTC;12,371
07.05.2026;03:30;UTC;03:45;UTC;12,871
07.05.2026;03:45;UTC;04:00;UTC;13,621
07.05.2026;04:00;UTC;04:15;UTC;13,902
07.05.2026;04:15;UTC;04:30;UTC;15,135
07.05.2026;04:30;UTC;04:45;UTC;15,359
07.05.2026;04:45;UTC;05:00;UTC;16,004
07.05.2026;05:00;UTC;05:15;UTC;17,065
07.05.2026;05:15;UTC;05:30;UTC;17,178
07.05.2026;05:30;UTC;05:45;UTC;16,674
07.05.2026;05:45;UTC;06:00;UTC;16
07.05.2026;06:00;UTC;06:15;UTC;18,615
07.05.2026;06:15;UTC;06:30;UTC;15,511
07.05.2026;06:30;UTC;06:45;UTC;14,893
07.05.2026;06:45;UTC;07:00;UTC;13,218
07.05.2026;07:00;UTC;07:15;UTC;15,133
07.05.2026;07:15;UTC;07:30;UTC;14,015
07.05.2026;07:30;UTC;07:45;UTC;13,096
07.05.2026;07:45;UTC;08:00;UTC;12,32
07.05.2026;08:00;UTC;08:15;UTC;13,428
07.05.2026;08:15;UTC;08:30;UTC;12,36
07.05.2026;08:30;UTC;08:45;UTC;11,347
07.05.2026;08:45;UTC;09:00;UTC;10,918
07.05.2026;09:00;UTC;09:15;UTC;11,702
07.05.2026;09:15;UTC;09:30;UTC;11,285
07.05.2026;09:30;UTC;09:45;UTC;11,42
07.05.2026;09:45;UTC;10:00;UTC;11,003
07.05.2026;10:00;UTC;10:15;UTC;10,825
07.05.2026;10:15;UTC;10:30;UTC;10,413
07.05.2026;10:30;UTC;10:45;UTC;10,246
07.05.2026;10:45;UTC;11:00;UTC;10,085
07.05.2026;11:00;UTC;11:15;UTC;10,367
07.05.2026;11:15;UTC;11:30;UTC;10,34
07.05.2026;11:30;UTC;11:45;UTC;10,073
07.05.2026;11:45;UTC;12:00;UTC;9,986
07.05.2026;12:00;UTC;12:15;UTC;9,988
07.05.2026;12:15;UTC;12:30;UTC;10,096
07.05.2026;12:30;UTC;12:45;UTC;10,212
07.05.2026;12:45;UTC;13:00;UTC;10,396
07.05.2026;13:00;UTC;13:15;UTC;10,5
07.05.2026;13:15;UTC;13:30;UTC;10,589
07.05.2026;13:30;UTC;13:45;UTC;10,73
07.05.2026;13:45;UTC;14:00;UTC;11,159
07.05.2026;14:00;UTC;14:15;UTC;11,192
07.05.2026;14:15;UTC;14:30;UTC;11,3
07.05.2026;14:30;UTC;14:45;UTC;11,796
07.05.2026;14:45;UTC;15:00;UTC;12,911
07.05.2026;15:00;UTC;15:15;UTC;11,542
07.05.2026;15:15;UTC;15:30;UTC;12,315
07.05.2026;15:30;UTC;15:45;UTC;13,815
07.05.2026;15:45;UTC;16:00;UTC;15,352
07.05.2026;16:00;UTC;16:15;UTC;13,244
07.05.2026;16:15;UTC;16:30;UTC;14,106
07.05.2026;16:30;UTC;16:45;UTC;15,27
07.05.2026;16:45;UTC;17:00;UTC;16,862
07.05.2026;17:00;UTC;17:15;UTC;16,31
07.05.2026;17:15;UTC;17:30;UTC;16,778
07.05.2026;17:30;UTC;17:45;UTC;18,889
07.05.2026;17:45;UTC;18:00;UTC;22,285
07.05.2026;18:00;UTC;18:15;UTC;21,907
07.05.2026;18:15;UTC;18:30;UTC;22,527
07.05.2026;18:30;UTC;18:45;UTC;22,498
07.05.2026;18:45;UTC;19:00;UTC;21,659
07.05.2026;19:00;UTC;19:15;UTC;21,878
07.05.2026;19:15;UTC;19:30;UTC;18,824
07.05.2026;19:30;UTC;19:45;UTC;16,803
07.05.2026;19:45;UTC;20:00;UTC;15,581
07.05.2026;20:00;UTC;20:15;UTC;16,505
07.05.2026;20:15;UTC;20:30;UTC;15,481
07.05.2026;20:30;UTC;20:45;UTC;15,416
07.05.2026;20:45;UTC;21:00;UTC;14,372
07.05.2026;21:00;UTC;21:15;UTC;15,699
07.05.2026;21:15;UTC;21:30;UTC;14,668
07.05.2026;21:30;UTC;21:45;UTC;13,658
07.05.2026;21:45;UTC;22:00;UTC;13,078
07.05.2026;22:00;UTC;22:15;UTC;13,8
07.05.2026;22:15;UTC;22:30;UTC;13,415
07.05.2026;22:30;UTC;22:45;UTC;12,717
07.05.2026;22:45;UTC;23:00;UTC;12,205
07.05.2026;23:00;UTC;23:15;UTC;12,495
07.05.2026;23:15;UTC;23:30;UTC;12,152
07.05.2026;23:30;UTC;23:45;UTC;12
07.05.2026;23:45;UTC;00:00;UTC;11,617
08.05.2026;00:00;UTC;00:15;UTC;11,947
08.05.2026;00:15;UTC;00:30;UTC;11,859
08.05.2026;00:30;UTC;00:45;UTC;11,867
08.05.2026;00:45;UTC;01:00;UTC;11,613
08.05.2026;01:00;UTC;01:15;UTC;11,739
08.05.2026;01:15;UTC;01:30;UTC;11,735
08.05.2026;01:30;UTC;01:45;UTC;11,643
08.05.2026;01:45;UTC;02:00;UTC;11,674
08.05.2026;02:00;UTC;02:15;UTC;11,619
08.05.2026;02:15;UTC;02:30;UTC;11,713
08.05.2026;02:30;UTC;02:45;UTC;11,951
08.05.2026;02:45;UTC;03:00;UTC;12,143
08.05.2026;03:00;UTC;03:15;UTC;12,022
08.05.2026;03:15;UTC;03:30;UTC;12,136
08.05.2026;03:30;UTC;03:45;UTC;12,712
08.05.2026;03:45;UTC;04:00;UTC;13,604
08.05.2026;04:00;UTC;04:15;UTC;13,55
08.05.2026;04:15;UTC;04:30;UTC;14,55
08.05.2026;04:30;UTC;04:45;UTC;14,661
08.05.2026;04:45;UTC;05:00;UTC;14,679
08.05.2026;05:00;UTC;05:15;UTC;15,565
08.05.2026;05:15;UTC;05:30;UTC;15,14
08.05.2026;05:30;UTC;05:45;UTC;14,59
08.05.2026;05:45;UTC;06:00;UTC;13,516
08.05.2026;06:00;UTC;06:15;UTC;16,108
08.05.2026;06:15;UTC;06:30;UTC;14,229
08.05.2026;06:30;UTC;06:45;UTC;13,231
08.05.2026;06:45;UTC;07:00;UTC;11,392
08.05.2026;07:00;UTC;07:15;UTC;13,211
08.05.2026;07:15;UTC;07:30;UTC;11,953
08.05.2026;07:30;UTC;07:45;UTC;10,833
08.05.2026;07:45;UTC;08:00;UTC;10,102
08.05.2026;08:00;UTC;08:15;UTC;11,523
08.05.2026;08:15;UTC;08:30;UTC;10,171
08.05.2026;08:30;UTC;08:45;UTC;9,165
08.05.2026;08:45;UTC;09:00;UTC;8,24
08.05.2026;09:00;UTC;09:15;UTC;9,399
08.05.2026;09:15;UTC;09:30;UTC;8,501
08.05.2026;09:30;UTC;09:45;UTC;6,725
08.05.2026;09:45;UTC;10:00;UTC;5,699
08.05.2026;10:00;UTC;10:15;UTC;7,601
08.05.2026;10:15;UTC;10:30;UTC;6,738
08.05.2026;10:30;UTC;10:45;UTC;6,211
08.05.2026;10:45;UTC;11:00;UTC;5,598
08.05.2026;11:00;UTC;11:15;UTC;6,726
08.05.2026;11:15;UTC;11:30;UTC;6,115
08.05.2026;11:30;UTC;11:45;UTC;5,563
08.05.2026;11:45;UTC;12:00;UTC;5,079
08.05.2026;12:00;UTC;12:15;UTC;5,42
08.05.2026;12:15;UTC;12:30;UTC;6,028
08.05.2026;12:30;UTC;12:45;UTC;7,409
08.05.2026;12:45;UTC;13:00;UTC;6,879
08.05.2026;13:00;UTC;13:15;UTC;6,934
08.05.2026;13:15;UTC;13:30;UTC;7,472
08.05.2026;13:30;UTC;13:45;UTC;9,112
08.05.2026;13:45;UTC;14:00;UTC;9,239
08.05.2026;14:00;UTC;14:15;UTC;8,37
08.05.2026;14:15;UTC;14:30;UTC;8,98
08.05.2026;14:30;UTC;14:45;UTC;9,618
08.05.2026;14:45;UTC;15:00;UTC;10,657
08.05.2026;15:00;UTC;15:15;UTC;9,681
08.05.2026;15:15;UTC;15:30;UTC;10,252
08.05.2026;15:30;UTC;15:45;UTC;11,458
08.05.2026;15:45;UTC;16:00;UTC;12,409
08.05.2026;16:00;UTC;16:15;UTC;11,046
08.05.2026;16:15;UTC;16:30;UTC;12,304
08.05.2026;16:30;UTC;16:45;UTC;13,32
08.05.2026;16:45;UTC;17:00;UTC;14,456
08.05.2026;17:00;UTC;17:15;UTC;13,183
08.05.2026;17:15;UTC;17:30;UTC;13,666
08.05.2026;17:30;UTC;17:45;UTC;14,734
08.05.2026;17:45;UTC;18:00;UTC;15,834
08.05.2026;18:00;UTC;18:15;UTC;15,45
08.05.2026;18:15;UTC;18:30;UTC;15,41
08.05.2026;18:30;UTC;18:45;UTC;15,33
08.05.2026;18:45;UTC;19:00;UTC;15,001
08.05.2026;19:00;UTC;19:15;UTC;15,205
08.05.2026;19:15;UTC;19:30;UTC;14,399
08.05.2026;19:30;UTC;19:45;UTC;13,263
08.05.2026;19:45;UTC;20:00;UTC;12,693
08.05.2026;20:00;UTC;20:15;UTC;13,931
08.05.2026;20:15;UTC;20:30;UTC;12,79
08.05.2026;20:30;UTC;20:45;UTC;12,409
08.05.2026;20:45;UTC;21:00;UTC;11,871
08.05.2026;21:00;UTC;21:15;UTC;12,466
08.05.2026;21:15;UTC;21:30;UTC;12,399
08.05.2026;21:30;UTC;21:45;UTC;11,885
08.05.2026;21:45;UTC;22:00;UTC;10,906
08.05.2026;22:00;UTC;22:15;UTC;13,346
08.05.2026;22:15;UTC;22:30;UTC;12,71
08.05.2026;22:30;UTC;22:45;UTC;12,551
08.05.2026;22:45;UTC;23:00;UTC;12,47
08.05.2026;23:00;UTC;23:15;UTC;12,524
08.05.2026;23:15;UTC;23:30;UTC;12,48
08.05.2026;23:30;UTC;23:45;UTC;12,24
08.05.2026;23:45;UTC;00:00;UTC;12,119
09.05.2026;00:00;UTC;00:15;UTC;12,299
09.05.2026;00:15;UTC;00:30;UTC;12,51
09.05.2026;00:30;UTC;00:45;UTC;12,2
09.05.2026;00:45;UTC;01:00;UTC;12,383
09.05.2026;01:00;UTC;01:15;UTC;12,401
09.05.2026;01:15;UTC;01:30;UTC;12,439
09.05.2026;01:30;UTC;01:45;UTC;12,459
09.05.2026;01:45;UTC;02:00;UTC;12,442
09.05.2026;02:00;UTC;02:15;UTC;12,425
09.05.2026;02:15;UTC;02:30;UTC;12,477
09.05.2026;02:30;UTC;02:45;UTC;12,632
09.05.2026;02:45;UTC;03:00;UTC;12,761
09.05.2026;03:00;UTC;03:15;UTC;12,474
09.05.2026;03:15;UTC;03:30;UTC;12,626
09.05.2026;03:30;UTC;03:45;UTC;12,74
09.05.2026;03:45;UTC;04:00;UTC;12,741
09.05.2026;04:00;UTC;04:15;UTC;13,098
09.05.2026;04:15;UTC;04:30;UTC;12,927
09.05.2026;04:30;UTC;04:45;UTC;12,795
09.05.2026;04:45;UTC;05:00;UTC;12,189
09.05.2026;05:00;UTC;05:15;UTC;12,718
09.05.2026;05:15;UTC;05:30;UTC;12,346
09.05.2026;05:30;UTC;05:45;UTC;11,932
09.05.2026;05:45;UTC;06:00;UTC;10,472
09.05.2026;06:00;UTC;06:15;UTC;13,335
09.05.2026;06:15;UTC;06:30;UTC;11,655
09.05.2026;06:30;UTC;06:45;UTC;10,368
09.05.2026;06:45;UTC;07:00;UTC;7,711
09.05.2026;07:00;UTC;07:15;UTC;12,622
09.05.2026;07:15;UTC;07:30;UTC;8,5
09.05.2026;07:30;UTC;07:45;UTC;4,646
09.05.2026;07:45;UTC;08:00;UTC;1,555
09.05.2026;08:00;UTC;08:15;UTC;3,172
09.05.2026;08:15;UTC;08:30;UTC;0,793
09.05.2026;08:30;UTC;08:45;UTC;0,007
09.05.2026;08:45;UTC;09:00;UTC;-0,001
09.05.2026;09:00;UTC;09:15;UTC;0
09.05.2026;09:15;UTC;09:30;UTC;-0,001
09.05.2026;09:30;UTC;09:45;UTC;-0,001
09.05.2026;09:45;UTC;10:00;UTC;-0,004
09.05.2026;10:00;UTC;10:15;UTC;-0,004
09.05.2026;10:15;UTC;10:30;UTC;-0,009
09.05.2026;10:30;UTC;10:45;UTC;-0,003
09.05.2026;10:45;UTC;11:00;UTC;-0,009
09.05.2026;11:00;UTC;11:15;UTC;-0,009
09.05.2026;11:15;UTC;11:30;UTC;-0,009
09.05.2026;11:30;UTC;11:45;UTC;-0,009
09.05.2026;11:45;UTC;12:00;UTC;-0,009
09.05.2026;12:00;UTC;12:15;UTC;-0,002
09.05.2026;12:15;UTC;12:30;UTC;-0,001
09.05.2026;12:30;UTC;12:45;UTC;-0,001
09.05.2026;12:45;UTC;13:00;UTC;-0,001
09.05.2026;13:00;UTC;13:15;UTC;0
09.05.2026;13:15;UTC;13:30;UTC;0
09.05.2026;13:30;UTC;13:45;UTC;0
09.05.2026;13:45;UTC;14:00;UTC;0,001
09.05.2026;14:00;UTC;14:15;UTC;0,01
09.05.2026;14:15;UTC;14:30;UTC;0,749
09.05.2026;14:30;UTC;14:45;UTC;3,509
09.05.2026;14:45;UTC;15:00;UTC;6,818
09.05.2026;15:00;UTC;15:15;UTC;3,694
09.05.2026;15:15;UTC;15:30;UTC;8,942
09.05.2026;15:30;UTC;15:45;UTC;11,458
09.05.2026;15:45;UTC;16:00;UTC;13,382
09.05.2026;16:00;UTC;16:15;UTC;10,67
09.05.2026;16:15;UTC;16:30;UTC;12,101
09.05.2026;16:30;UTC;16:45;UTC;12,688
09.05.2026;16:45;UTC;17:00;UTC;13,817
09.05.2026;17:00;UTC;17:15;UTC;12,694
09.05.2026;17:15;UTC;17:30;UTC;13,211
09.05.2026;17:30;UTC;17:45;UTC;14,01
09.05.2026;17:45;UTC;18:00;UTC;15,488
09.05.2026;18:00;UTC;18:15;UTC;14,342
09.05.2026;18:15;UTC;18:30;UTC;14,703
09.05.2026;18:30;UTC;18:45;UTC;14,869
09.05.2026;18:45;UTC;19:00;UTC;14,872
09.05.2026;19:00;UTC;19:15;UTC;15,752
09.05.2026;19:15;UTC;19:30;UTC;14,609
09.05.2026;19:30;UTC;19:45;UTC;13,963
09.05.2026;19:45;UTC;20:00;UTC;13,07
09.05.2026;20:00;UTC;20:15;UTC;14,587
09.05.2026;20:15;UTC;20:30;UTC;14,027
09.05.2026;20:30;UTC;20:45;UTC;13,209
09.05.2026;20:45;UTC;21:00;UTC;12,697
09.05.2026;21:00;UTC;21:15;UTC;13,209
09.05.2026;21:15;UTC;21:30;UTC;12,753
09.05.2026;21:30;UTC;21:45;UTC;12,615
09.05.2026;21:45;UTC;22:00;UTC;12,258
09.05.2026;22:00;UTC;22:15;UTC;13,341
09.05.2026;22:15;UTC;22:30;UTC;12,749
09.05.2026;22:30;UTC;22:45;UTC;12,6
09.05.2026;22:45;UTC;23:00;UTC;12,547
09.05.2026;23:00;UTC;23:15;UTC;12,756
09.05.2026;23:15;UTC;23:30;UTC;12,649
09.05.2026;23:30;UTC;23:45;UTC;12,469
09.05.2026;23:45;UTC;00:00;UTC;12,305
10.05.2026;00:00;UTC;00:15;UTC;12,936
10.05.2026;00:15;UTC;00:30;UTC;12,49
10.05.2026;00:30;UTC;00:45;UTC;12,428
10.05.2026;00:45;UTC;01:00;UTC;12,319
10.05.2026;01:00;UTC;01:15;UTC;12,499
10.05.2026;01:15;UTC;01:30;UTC;12,311
10.05.2026;01:30;UTC;01:45;UTC;12,309
10.05.2026;01:45;UTC;02:00;UTC;12,274
10.05.2026;02:00;UTC;02:15;UTC;12,174
10.05.2026;02:15;UTC;02:30;UTC;12,649
10.05.2026;02:30;UTC;02:45;UTC;12,541
10.05.2026;02:45;UTC;03:00;UTC;12,315
10.05.2026;03:00;UTC;03:15;UTC;12,34
10.05.2026;03:15;UTC;03:30;UTC;12,634
10.05.2026;03:30;UTC;03:45;UTC;12,661
10.05.2026;03:45;UTC;04:00;UTC;11,941
10.05.2026;04:00;UTC;04:15;UTC;13,032
10.05.2026;04:15;UTC;04:30;UTC;11,968
10.05.2026;04:30;UTC;04:45;UTC;10,857
10.05.2026;04:45;UTC;05:00;UTC;10,199
10.05.2026;05:00;UTC;05:15;UTC;12,2
10.05.2026;05:15;UTC;05:30;UTC;10,37
10.05.2026;05:30;UTC;05:45;UTC;9,71
10.05.2026;05:45;UTC;06:00;UTC;8,187
10.05.2026;06:00;UTC;06:15;UTC;11,106
10.05.2026;06:15;UTC;06:30;UTC;9,622
10.05.2026;06:30;UTC;06:45;UTC;6,318
10.05.2026;06:45;UTC;07:00;UTC;1,288
10.05.2026;07:00;UTC;07:15;UTC;3,359
10.05.2026;07:15;UTC;07:30;UTC;0,996
10.05.2026;07:30;UTC;07:45;UTC;0,115
10.05.2026;07:45;UTC;08:00;UTC;0,002
10.05.2026;08:00;UTC;08:15;UTC;0,007
10.05.2026;08:15;UTC;08:30;UTC;0
10.05.2026;08:30;UTC;08:45;UTC;-0,001
10.05.2026;08:45;UTC;09:00;UTC;-0,005
10.05.2026;09:00;UTC;09:15;UTC;-0,005
10.05.2026;09:15;UTC;09:30;UTC;-0,049
10.05.2026;09:30;UTC;09:45;UTC;-0,087
10.05.2026;09:45;UTC;10:00;UTC;-0,127
10.05.2026;10:00;UTC;10:15;UTC;-0,099
10.05.2026;10:15;UTC;10:30;UTC;-0,143
10.05.2026;10:30;UTC;10:45;UTC;-0,199
10.05.2026;10:45;UTC;11:00;UTC;-0,311
10.05.2026;11:00;UTC;11:15;UTC;-0,219
10.05.2026;11:15;UTC;11:30;UTC;-0,205
10.05.2026;11:30;UTC;11:45;UTC;-0,24
10.05.2026;11:45;UTC;12:00;UTC;-0,202
10.05.2026;12:00;UTC;12:15;UTC;-0,201
10.05.2026;12:15;UTC;12:30;UTC;-0,124
10.05.2026;12:30;UTC;12:45;UTC;-0,13
10.05.2026;12:45;UTC;13:00;UTC;-0,105
10.05.2026;13:00;UTC;13:15;UTC;-0,083
10.05.2026;13:15;UTC;13:30;UTC;-0,011
10.05.2026;13:30;UTC;13:45;UTC;-0,007
10.05.2026;13:45;UTC;14:00;UTC;-0,001
10.05.2026;14:00;UTC;14:15;UTC;-0,006
10.05.2026;14:15;UTC;14:30;UTC;-0,003
10.05.2026;14:30;UTC;14:45;UTC;0,023
10.05.2026;14:45;UTC;15:00;UTC;0,739
10.05.2026;15:00;UTC;15:15;UTC;1,013
10.05.2026;15:15;UTC;15:30;UTC;5,903
10.05.2026;15:30;UTC;15:45;UTC;9,549
10.05.2026;15:45;UTC;16:00;UTC;11,937
10.05.2026;16:00;UTC;16:15;UTC;9,098
10.05.2026;16:15;UTC;16:30;UTC;10,878
10.05.2026;16:30;UTC;16:45;UTC;11,952
10.05.2026;16:45;UTC;17:00;UTC;12,449
10.05.2026;17:00;UTC;17:15;UTC;11,228
10.05.2026;17:15;UTC;17:30;UTC;12,151
10.05.2026;17:30;UTC;17:45;UTC;12,522
10.05.2026;17:45;UTC;18:00;UTC;12,899
10.05.2026;18:00;UTC;18:15;UTC;12,702
10.05.2026;18:15;UTC;18:30;UTC;12,93
10.05.2026;18:30;UTC;18:45;UTC;13,023
10.05.2026;18:45;UTC;19:00;UTC;13,072
10.05.2026;19:00;UTC;19:15;UTC;13,129
10.05.2026;19:15;UTC;19:30;UTC;12,895
10.05.2026;19:30;UTC;19:45;UTC;12,741
10.05.2026;19:45;UTC;20:00;UTC;12,641
10.05.2026;20:00;UTC;20:15;UTC;12,689
10.05.2026;20:15;UTC;20:30;UTC;12,491
10.05.2026;20:30;UTC;20:45;UTC;12,362
10.05.2026;20:45;UTC;21:00;UTC;12,114
10.05.2026;21:00;UTC;21:15;UTC;12,415
10.05.2026;21:15;UTC;21:30;UTC;12,159
10.05.2026;21:30;UTC;21:45;UTC;12,047
10.05.2026;21:45;UTC;22:00;UTC;11,314
10.05.2026;22:00;UTC;22:15;UTC;12,516
10.05.2026;22:15;UTC;22:30;UTC;11,985
10.05.2026;22:30;UTC;22:45;UTC;11,672
10.05.2026;22:45;UTC;23:00;UTC;11,341
10.05.2026;23:00;UTC;23:15;UTC;11,745
10.05.2026;23:15;UTC;23:30;UTC;11,318
10.05.2026;23:30;UTC;23:45;UTC;11,037
10.05.2026;23:45;UTC;00:00;UTC;10,834
11.05.2026;00:00;UTC;00:15;UTC;11,11
11.05.2026;00:15;UTC;00:30;UTC;10,987
11.05.2026;00:30;UTC;00:45;UTC;11,009
11.05.2026;00:45;UTC;01:00;UTC;11,065
11.05.2026;01:00;UTC;01:15;UTC;11,034
11.05.2026;01:15;UTC;01:30;UTC;11,208
11.05.2026;01:30;UTC;01:45;UTC;11,343
11.05.2026;01:45;UTC;02:00;UTC;11,478
11.05.2026;02:00;UTC;02:15;UTC;10,794
11.05.2026;02:15;UTC;02:30;UTC;10,864
11.05.2026;02:30;UTC;02:45;UTC;11,552
11.05.2026;02:45;UTC;03:00;UTC;12,027
11.05.2026;03:00;UTC;03:15;UTC;11,801
11.05.2026;03:15;UTC;03:30;UTC;12,008
11.05.2026;03:30;UTC;03:45;UTC;12,375
11.05.2026;03:45;UTC;04:00;UTC;12,671
11.05.2026;04:00;UTC;04:15;UTC;12,544
11.05.2026;04:15;UTC;04:30;UTC;13,362
11.05.2026;04:30;UTC;04:45;UTC;14,02
11.05.2026;04:45;UTC;05:00;UTC;14,664
11.05.2026;05:00;UTC;05:15;UTC;15,298
11.05.2026;05:15;UTC;05:30;UTC;15,906
11.05.2026;05:30;UTC;05:45;UTC;15,612
11.05.2026;05:45;UTC;06:00;UTC;14,803
11.05.2026;06:00;UTC;06:15;UTC;17,357
11.05.2026;06:15;UTC;06:30;UTC;15,251
11.05.2026;06:30;UTC;06:45;UTC;14,22
11.05.2026;06:45;UTC;07:00;UTC;13,177
11.05.2026;07:00;UTC;07:15;UTC;15,295
11.05.2026;07:15;UTC;07:30;UTC;13,767
11.05.2026;07:30;UTC;07:45;UTC;13,344
11.05.2026;07:45;UTC;08:00;UTC;12,314
11.05.2026;08:00;UTC;08:15;UTC;13,949
11.05.2026;08:15;UTC;08:30;UTC;12,825
11.05.2026;08:30;UTC;08:45;UTC;12,214
11.05.2026;08:45;UTC;09:00;UTC;11,535
11.05.2026;09:00;UTC;09:15;UTC;12,604
11.05.2026;09:15;UTC;09:30;UTC;11,496
11.05.2026;09:30;UTC;09:45;UTC;10,673
11.05.2026;09:45;UTC;10:00;UTC;10,6
11.05.2026;10:00;UTC;10:15;UTC;10,84
11.05.2026;10:15;UTC;10:30;UTC;10,62
11.05.2026;10:30;UTC;10:45;UTC;10,619
11.05.2026;10:45;UTC;11:00;UTC;10,115
11.05.2026;11:00;UTC;11:15;UTC;10,166
11.05.2026;11:15;UTC;11:30;UTC;10,122
11.05.2026;11:30;UTC;11:45;UTC;9,872
11.05.2026;11:45;UTC;12:00;UTC;9,352
11.05.2026;12:00;UTC;12:15;UTC;9,733
11.05.2026;12:15;UTC;12:30;UTC;9,732
11.05.2026;12:30;UTC;12:45;UTC;9,402
11.05.2026;12:45;UTC;13:00;UTC;9,525
11.05.2026;13:00;UTC;13:15;UTC;9,504
11.05.2026;13:15;UTC;13:30;UTC;9,602
11.05.2026;13:30;UTC;13:45;UTC;9,59
11.05.2026;13:45;UTC;14:00;UTC;9,784
11.05.2026;14:00;UTC;14:15;UTC;9,115
11.05.2026;14:15;UTC;14:30;UTC;9,657
11.05.2026;14:30;UTC;14:45;UTC;10,168
11.05.2026;14:45;UTC;15:00;UTC;11,256
11.05.2026;15:00;UTC;15:15;UTC;10,165
11.05.2026;15:15;UTC;15:30;UTC;11,557
11.05.2026;15:30;UTC;15:45;UTC;12,098
11.05.2026;15:45;UTC;16:00;UTC;12,701
11.05.2026;16:00;UTC;16:15;UTC;12,052
11.05.2026;16:15;UTC;16:30;UTC;12,2
11.05.2026;16:30;UTC;16:45;UTC;12,252
11.05.2026;16:45;UTC;17:00;UTC;12,688
11.05.2026;17:00;UTC;17:15;UTC;12,368
11.05.2026;17:15;UTC;17:30;UTC;12,9
11.05.2026;17:30;UTC;17:45;UTC;13,198
11.05.2026;17:45;UTC;18:00;UTC;13,821
11.05.2026;18:00;UTC;18:15;UTC;12,959
11.05.2026;18:15;UTC;18:30;UTC;12,82
11.05.2026;18:30;UTC;18:45;UTC;13,333
11.05.2026;18:45;UTC;19:00;UTC;13,336
11.05.2026;19:00;UTC;19:15;UTC;13,538
11.05.2026;19:15;UTC;19:30;UTC;12,999
11.05.2026;19:30;UTC;19:45;UTC;12,764
11.05.2026;19:45;UTC;20:00;UTC;11,848
11.05.2026;20:00;UTC;20:15;UTC;12,686
11.05.2026;20:15;UTC;20:30;UTC;12,101
11.05.2026;20:30;UTC;20:45;UTC;12,186
11.05.2026;20:45;UTC;21:00;UTC;11,333
11.05.2026;21:00;UTC;21:15;UTC;11,935
11.05.2026;21:15;UTC;21:30;UTC;10,88
11.05.2026;21:30;UTC;21:45;UTC;10,66
11.05.2026;21:45;UTC;22:00;UTC;10,106
11.05.2026;22:00;UTC;22:15;UTC;10,591
11.05.2026;22:15;UTC;22:30;UTC;10,086
11.05.2026;22:30;UTC;22:45;UTC;9,668
11.05.2026;22:45;UTC;23:00;UTC;9,281
11.05.2026;23:00;UTC;23:15;UTC;9,959
11.05.2026;23:15;UTC;23:30;UTC;9,469
11.05.2026;23:30;UTC;23:45;UTC;9,45
11.05.2026;23:45;UTC;00:00;UTC;9,232
12.05.2026;00:00;UTC;00:15;UTC;9,213
12.05.2026;00:15;UTC;00:30;UTC;9,155
12.05.2026;00:30;UTC;00:45;UTC;9,17
12.05.2026;00:45;UTC;01:00;UTC;9,154
12.05.2026;01:00;UTC;01:15;UTC;9,231
12.05.2026;01:15;UTC;01:30;UTC;9,099
12.05.2026;01:30;UTC;01:45;UTC;9,03
12.05.2026;01:45;UTC;02:00;UTC;8,599
12.05.2026;02:00;UTC;02:15;UTC;8,444
12.05.2026;02:15;UTC;02:30;UTC;8,963
12.05.2026;02:30;UTC;02:45;UTC;9,232
12.05.2026;02:45;UTC;03:00;UTC;9,911
12.05.2026;03:00;UTC;03:15;UTC;8,54
12.05.2026;03:15;UTC;03:30;UTC;9,001
12.05.2026;03:30;UTC;03:45;UTC;9,89
12.05.2026;03:45;UTC;04:00;UTC;10,17
12.05.2026;04:00;UTC;04:15;UTC;9,988
12.05.2026;04:15;UTC;04:30;UTC;11,062
12.05.2026;04:30;UTC;04:45;UTC;11,469
12.05.2026;04:45;UTC;05:00;UTC;11,986
12.05.2026;05:00;UTC;05:15;UTC;12,544
12.05.2026;05:15;UTC;05:30;UTC;12,501
12.05.2026;05:30;UTC;05:45;UTC;12,285
12.05.2026;05:45;UTC;06:00;UTC;11,7
12.05.2026;06:00;UTC;06:15;UTC;12,505
12.05.2026;06:15;UTC;06:30;UTC;11,8
12.05.2026;06:30;UTC;06:45;UTC;10,853
12.05.2026;06:45;UTC;07:00;UTC;9,7
12.05.2026;07:00;UTC;07:15;UTC;10,853
12.05.2026;07:15;UTC;07:30;UTC;10
12.05.2026;07:30;UTC;07:45;UTC;9,278
12.05.2026;07:45;UTC;08:00;UTC;7,499
12.05.2026;08:00;UTC;08:15;UTC;9,684
12.05.2026;08:15;UTC;08:30;UTC;8,77
12.05.2026;08:30;UTC;08:45;UTC;7,369
12.05.2026;08:45;UTC;09:00;UTC;6
12.05.2026;09:00;UTC;09:15;UTC;7,265
12.05.2026;09:15;UTC;09:30;UTC;6,51
12.05.2026;09:30;UTC;09:45;UTC;6,008
12.05.2026;09:45;UTC;10:00;UTC;5,631
12.05.2026;10:00;UTC;10:15;UTC;5,591
12.05.2026;10:15;UTC;10:30;UTC;4,596
12.05.2026;10:30;UTC;10:45;UTC;4,091
12.05.2026;10:45;UTC;11:00;UTC;4,086
12.05.2026;11:00;UTC;11:15;UTC;3,231
12.05.2026;11:15;UTC;11:30;UTC;3,001
12.05.2026;11:30;UTC;11:45;UTC;2,448
12.05.2026;11:45;UTC;12:00;UTC;2,252
12.05.2026;12:00;UTC;12:15;UTC;1,513
12.05.2026;12:15;UTC;12:30;UTC;1,744
12.05.2026;12:30;UTC;12:45;UTC;2,101
12.05.2026;12:45;UTC;13:00;UTC;2,631
12.05.2026;13:00;UTC;13:15;UTC;3,036
12.05.2026;13:15;UTC;13:30;UTC;3,752
12.05.2026;13:30;UTC;13:45;UTC;5,01
12.05.2026;13:45;UTC;14:00;UTC;6,106
12.05.2026;14:00;UTC;14:15;UTC;4,565
12.05.2026;14:15;UTC;14:30;UTC;6,839
12.05.2026;14:30;UTC;14:45;UTC;8,741
12.05.2026;14:45;UTC;15:00;UTC;9,617
12.05.2026;15:00;UTC;15:15;UTC;7,01
12.05.2026;15:15;UTC;15:30;UTC;9,48
12.05.2026;15:30;UTC;15:45;UTC;10,262
12.05.2026;15:45;UTC;16:00;UTC;11,648
12.05.2026;16:00;UTC;16:15;UTC;9,739
12.05.2026;16:15;UTC;16:30;UTC;11,121
12.05.2026;16:30;UTC;16:45;UTC;12,108
12.05.2026;16:45;UTC;17:00;UTC;12,984
12.05.2026;17:00;UTC;17:15;UTC;12,198
12.05.2026;17:15;UTC;17:30;UTC;12,965
12.05.2026;17:30;UTC;17:45;UTC;14,045
12.05.2026;17:45;UTC;18:00;UTC;15,303
12.05.2026;18:00;UTC;18:15;UTC;13,829
12.05.2026;18:15;UTC;18:30;UTC;14,301
12.05.2026;18:30;UTC;18:45;UTC;14,649
12.05.2026;18:45;UTC;19:00;UTC;14,415
12.05.2026;19:00;UTC;19:15;UTC;15,178
12.05.2026;19:15;UTC;19:30;UTC;14,732
12.05.2026;19:30;UTC;19:45;UTC;13,961
12.05.2026;19:45;UTC;20:00;UTC;13,226
12.05.2026;20:00;UTC;20:15;UTC;13,816
12.05.2026;20:15;UTC;20:30;UTC;13,289
12.05.2026;20:30;UTC;20:45;UTC;12,945
12.05.2026;20:45;UTC;21:00;UTC;12,44
12.05.2026;21:00;UTC;21:15;UTC;12,714
12.05.2026;21:15;UTC;21:30;UTC;12,033
12.05.2026;21:30;UTC;21:45;UTC;11,517
12.05.2026;21:45;UTC;22:00;UTC;11,074
12.05.2026;22:00;UTC;22:15;UTC;12,605
12.05.2026;22:15;UTC;22:30;UTC;11,529
12.05.2026;22:30;UTC;22:45;UTC;11,03
12.05.2026;22:45;UTC;23:00;UTC;10,568
12.05.2026;23:00;UTC;23:15;UTC;11,054
12.05.2026;23:15;UTC;23:30;UTC;10,515
12.05.2026;23:30;UTC;23:45;UTC;10,512
12.05.2026;23:45;UTC;00:00;UTC;10,406
13.05.2026;00:00;UTC;00:15;UTC;10,469
13.05.2026;00:15;UTC;00:30;UTC;10,403
13.05.2026;00:30;UTC;00:45;UTC;10,36
13.05.2026;00:45;UTC;01:00;UTC;10,511
13.05.2026;01:00;UTC;01:15;UTC;10,449
13.05.2026;01:15;UTC;01:30;UTC;10,639
13.05.2026;01:30;UTC;01:45;UTC;10,913
13.05.2026;01:45;UTC;02:00;UTC;10,973
13.05.2026;02:00;UTC;02:15;UTC;10,609
13.05.2026;02:15;UTC;02:30;UTC;11,034
13.05.2026;02:30;UTC;02:45;UTC;11,178
13.05.2026;02:45;UTC;03:00;UTC;11,657
13.05.2026;03:00;UTC;03:15;UTC;11,172
13.05.2026;03:15;UTC;03:30;UTC;11,56
13.05.2026;03:30;UTC;03:45;UTC;12,368
13.05.2026;03:45;UTC;04:00;UTC;12,9
13.05.2026;04:00;UTC;04:15;UTC;12,838
13.05.2026;04:15;UTC;04:30;UTC;13,868
13.05.2026;04:30;UTC;04:45;UTC;14,137
13.05.2026;04:45;UTC;05:00;UTC;14,03
13.05.2026;05:00;UTC;05:15;UTC;14,409
13.05.2026;05:15;UTC;05:30;UTC;14,24
13.05.2026;05:30;UTC;05:45;UTC;14,38
13.05.2026;05:45;UTC;06:00;UTC;13,42
13.05.2026;06:00;UTC;06:15;UTC;14,391
13.05.2026;06:15;UTC;06:30;UTC;13,222
13.05.2026;06:30;UTC;06:45;UTC;12,389
13.05.2026;06:45;UTC;07:00;UTC;10,678
13.05.2026;07:00;UTC;07:15;UTC;12,324
13.05.2026;07:15;UTC;07:30;UTC;10,222
13.05.2026;07:30;UTC;07:45;UTC;9,77
13.05.2026;07:45;UTC;08:00;UTC;8,694
13.05.2026;08:00;UTC;08:15;UTC;9,788
13.05.2026;08:15;UTC;08:30;UTC;8,945
13.05.2026;08:30;UTC;08:45;UTC;8,417
13.05.2026;08:45;UTC;09:00;UTC;7,426
13.05.2026;09:00;UTC;09:15;UTC;8,89
13.05.2026;09:15;UTC;09:30;UTC;8,314
13.05.2026;09:30;UTC;09:45;UTC;8,307
13.05.2026;09:45;UTC;10:00;UTC;8
13.05.2026;10:00;UTC;10:15;UTC;8,169
13.05.2026;10:15;UTC;10:30;UTC;7,63
13.05.2026;10:30;UTC;10:45;UTC;7,104
13.05.2026;10:45;UTC;11:00;UTC;6,738
13.05.2026;11:00;UTC;11:15;UTC;7,443
13.05.2026;11:15;UTC;11:30;UTC;7,372
13.05.2026;11:30;UTC;11:45;UTC;7,185
13.05.2026;11:45;UTC;12:00;UTC;6,709
13.05.2026;12:00;UTC;12:15;UTC;6,4
13.05.2026;12:15;UTC;12:30;UTC;6,642
13.05.2026;12:30;UTC;12:45;UTC;7,263
13.05.2026;12:45;UTC;13:00;UTC;7,776
13.05.2026;13:00;UTC;13:15;UTC;6,914
13.05.2026;13:15;UTC;13:30;UTC;7,733
13.05.2026;13:30;UTC;13:45;UTC;8,558
13.05.2026;13:45;UTC;14:00;UTC;9,702
13.05.2026;14:00;UTC;14:15;UTC;7,577
13.05.2026;14:15;UTC;14:30;UTC;8,806
13.05.2026;14:30;UTC;14:45;UTC;9,535
13.05.2026;14:45;UTC;15:00;UTC;11,032
13.05.2026;15:00;UTC;15:15;UTC;9,359
13.05.2026;15:15;UTC;15:30;UTC;10,5
13.05.2026;15:30;UTC;15:45;UTC;12,097
13.05.2026;15:45;UTC;16:00;UTC;13,085
13.05.2026;16:00;UTC;16:15;UTC;11,707
13.05.2026;16:15;UTC;16:30;UTC;12,989
13.05.2026;16:30;UTC;16:45;UTC;13,532
13.05.2026;16:45;UTC;17:00;UTC;14,714
13.05.2026;17:00;UTC;17:15;UTC;13,375
13.05.2026;17:15;UTC;17:30;UTC;14,353
13.05.2026;17:30;UTC;17:45;UTC;15,3
13.05.2026;17:45;UTC;18:00;UTC;17,569
13.05.2026;18:00;UTC;18:15;UTC;16,415
13.05.2026;18:15;UTC;18:30;UTC;16,942
13.05.2026;18:30;UTC;18:45;UTC;17,642
13.05.2026;18:45;UTC;19:00;UTC;17,508
13.05.2026;19:00;UTC;19:15;UTC;18,3
13.05.2026;19:15;UTC;19:30;UTC;16,197
13.05.2026;19:30;UTC;19:45;UTC;15,197
13.05.2026;19:45;UTC;20:00;UTC;14,324
13.05.2026;20:00;UTC;20:15;UTC;15,603
13.05.2026;20:15;UTC;20:30;UTC;14,357
13.05.2026;20:30;UTC;20:45;UTC;13,682
13.05.2026;20:45;UTC;21:00;UTC;13,24
13.05.2026;21:00;UTC;21:15;UTC;13,064
13.05.2026;21:15;UTC;21:30;UTC;12,675
13.05.2026;21:30;UTC;21:45;UTC;11,906
13.05.2026;21:45;UTC;22:00;UTC;11,593
13.05.2026;22:00;UTC;22:15;UTC;14,119
13.05.2026;22:15;UTC;22:30;UTC;13,338
13.05.2026;22:30;UTC;22:45;UTC;12,637
13.05.2026;22:45;UTC;23:00;UTC;12,122
13.05.2026;23:00;UTC;23:15;UTC;12,708
13.05.2026;23:15;UTC;23:30;UTC;12,22
13.05.2026;23:30;UTC;23:45;UTC;12,04
13.05.2026;23:45;UTC;00:00;UTC;11,732
14.05.2026;00:00;UTC;00:15;UTC;12,298
14.05.2026;00:15;UTC;00:30;UTC;11,989
14.05.2026;00:30;UTC;00:45;UTC;11,829
14.05.2026;00:45;UTC;01:00;UTC;11,574
14.05.2026;01:00;UTC;01:15;UTC;11,762
14.05.2026;01:15;UTC;01:30;UTC;11,644
14.05.2026;01:30;UTC;01:45;UTC;11,432
14.05.2026;01:45;UTC;02:00;UTC;11,417
14.05.2026;02:00;UTC;02:15;UTC;11,355
14.05.2026;02:15;UTC;02:30;UTC;11,211
14.05.2026;02:30;UTC;02:45;UTC;11,215
14.05.2026;02:45;UTC;03:00;UTC;11,386
14.05.2026;03:00;UTC;03:15;UTC;11,315
14.05.2026;03:15;UTC;03:30;UTC;11,186
14.05.2026;03:30;UTC;03:45;UTC;11,26
14.05.2026;03:45;UTC;04:00;UTC;11,057
14.05.2026;04:00;UTC;04:15;UTC;11,377
14.05.2026;04:15;UTC;04:30;UTC;11,451
14.05.2026;04:30;UTC;04:45;UTC;11,314
14.05.2026;04:45;UTC;05:00;UTC;10,42
14.05.2026;05:00;UTC;05:15;UTC;12,091
14.05.2026;05:15;UTC;05:30;UTC;10,92
14.05.2026;05:30;UTC;05:45;UTC;10,311
14.05.2026;05:45;UTC;06:00;UTC;9,914
14.05.2026;06:00;UTC;06:15;UTC;11,05
14.05.2026;06:15;UTC;06:30;UTC;10,501
14.05.2026;06:30;UTC;06:45;UTC;9,79
14.05.2026;06:45;UTC;07:00;UTC;8,362
14.05.2026;07:00;UTC;07:15;UTC;10,103
14.05.2026;07:15;UTC;07:30;UTC;9,518
14.05.2026;07:30;UTC;07:45;UTC;8,04
14.05.2026;07:45;UTC;08:00;UTC;6,399
14.05.2026;08:00;UTC;08:15;UTC;8,265
14.05.2026;08:15;UTC;08:30;UTC;6,4
14.05.2026;08:30;UTC;08:45;UTC;5,007
14.05.2026;08:45;UTC;09:00;UTC;3,785
14.05.2026;09:00;UTC;09:15;UTC;4,34
14.05.2026;09:15;UTC;09:30;UTC;4,009
14.05.2026;09:30;UTC;09:45;UTC;3,372
14.05.2026;09:45;UTC;10:00;UTC;2,506
14.05.2026;10:00;UTC;10:15;UTC;2,378
14.05.2026;10:15;UTC;10:30;UTC;1,597
14.05.2026;10:30;UTC;10:45;UTC;1,422
14.05.2026;10:45;UTC;11:00;UTC;1,025
14.05.2026;11:00;UTC;11:15;UTC;1,021
14.05.2026;11:15;UTC;11:30;UTC;0,825
14.05.2026;11:30;UTC;11:45;UTC;0,651
14.05.2026;11:45;UTC;12:00;UTC;0,524
14.05.2026;12:00;UTC;12:15;UTC;0,331
14.05.2026;12:15;UTC;12:30;UTC;0,453
14.05.2026;12:30;UTC;12:45;UTC;0,483
14.05.2026;12:45;UTC;13:00;UTC;0,574
14.05.2026;13:00;UTC;13:15;UTC;0,502
14.05.2026;13:15;UTC;13:30;UTC;0,784
14.05.2026;13:30;UTC;13:45;UTC;1,797
14.05.2026;13:45;UTC;14:00;UTC;4,056
14.05.2026;14:00;UTC;14:15;UTC;2,403
14.05.2026;14:15;UTC;14:30;UTC;5,623
14.05.2026;14:30;UTC;14:45;UTC;8,185
14.05.2026;14:45;UTC;15:00;UTC;10,554
14.05.2026;15:00;UTC;15:15;UTC;6,046
14.05.2026;15:15;UTC;15:30;UTC;9,051
14.05.2026;15:30;UTC;15:45;UTC;10,294
14.05.2026;15:45;UTC;16:00;UTC;12,513
14.05.2026;16:00;UTC;16:15;UTC;10,578
14.05.2026;16:15;UTC;16:30;UTC;12,208
14.05.2026;16:30;UTC;16:45;UTC;13,229
14.05.2026;16:45;UTC;17:00;UTC;14,385
14.05.2026;17:00;UTC;17:15;UTC;13,296
14.05.2026;17:15;UTC;17:30;UTC;13,821
14.05.2026;17:30;UTC;17:45;UTC;14,606
14.05.2026;17:45;UTC;18:00;UTC;15,31
14.05.2026;18:00;UTC;18:15;UTC;14,303
14.05.2026;18:15;UTC;18:30;UTC;14,837
14.05.2026;18:30;UTC;18:45;UTC;15,306
14.05.2026;18:45;UTC;19:00;UTC;15,733
14.05.2026;19:00;UTC;19:15;UTC;15,384
14.05.2026;19:15;UTC;19:30;UTC;15,467
14.05.2026;19:30;UTC;19:45;UTC;15,276
14.05.2026;19:45;UTC;20:00;UTC;14,754
14.05.2026;20:00;UTC;20:15;UTC;16,817
14.05.2026;20:15;UTC;20:30;UTC;15,027
14.05.2026;20:30;UTC;20:45;UTC;14,539
14.05.2026;20:45;UTC;21:00;UTC;13,981
14.05.2026;21:00;UTC;21:15;UTC;14,442
14.05.2026;21:15;UTC;21:30;UTC;13,74
14.05.2026;21:30;UTC;21:45;UTC;13,371
14.05.2026;21:45;UTC;22:00;UTC;12,975
14.05.2026;22:00;UTC;22:15;UTC;14,637
14.05.2026;22:15;UTC;22:30;UTC;13,997
14.05.2026;22:30;UTC;22:45;UTC;13,776
14.05.2026;22:45;UTC;23:00;UTC;12,779
14.05.2026;23:00;UTC;23:15;UTC;14,173
14.05.2026;23:15;UTC;23:30;UTC;13,343
14.05.2026;23:30;UTC;23:45;UTC;12,819
14.05.2026;23:45;UTC;00:00;UTC;12,214
15.05.2026;00:00;UTC;00:15;UTC;13,148
15.05.2026;00:15;UTC;00:30;UTC;12,668
15.05.2026;00:30;UTC;00:45;UTC;12,42
15.05.2026;00:45;UTC;01:00;UTC;12,289
15.05.2026;01:00;UTC;01:15;UTC;12,233
15.05.2026;01:15;UTC;01:30;UTC;12,115
15.05.2026;01:30;UTC;01:45;UTC;12,266
15.05.2026;01:45;UTC;02:00;UTC;12,161
15.05.2026;02:00;UTC;02:15;UTC;12,075
15.05.2026;02:15;UTC;02:30;UTC;12,27
15.05.2026;02:30;UTC;02:45;UTC;12,409
15.05.2026;02:45;UTC;03:00;UTC;12,731
15.05.2026;03:00;UTC;03:15;UTC;12,41
15.05.2026;03:15;UTC;03:30;UTC;12,54
15.05.2026;03:30;UTC;03:45;UTC;12,795
15.05.2026;03:45;UTC;04:00;UTC;13,119
15.05.2026;04:00;UTC;04:15;UTC;13,27
15.05.2026;04:15;UTC;04:30;UTC;13,76
15.05.2026;04:30;UTC;04:45;UTC;13,71
15.05.2026;04:45;UTC;05:00;UTC;13,7
15.05.2026;05:00;UTC;05:15;UTC;14,185
15.05.2026;05:15;UTC;05:30;UTC;13,877
15.05.2026;05:30;UTC;05:45;UTC;13,532
15.05.2026;05:45;UTC;06:00;UTC;11,412
15.05.2026;06:00;UTC;06:15;UTC;13,679
15.05.2026;06:15;UTC;06:30;UTC;12,964
15.05.2026;06:30;UTC;06:45;UTC;12,058
15.05.2026;06:45;UTC;07:00;UTC;10,897
15.05.2026;07:00;UTC;07:15;UTC;12,175
15.05.2026;07:15;UTC;07:30;UTC;11,067
15.05.2026;07:30;UTC;07:45;UTC;9,762
15.05.2026;07:45;UTC;08:00;UTC;8,812
15.05.2026;08:00;UTC;08:15;UTC;9,923
15.05.2026;08:15;UTC;08:30;UTC;8,305
15.05.2026;08:30;UTC;08:45;UTC;7,736
15.05.2026;08:45;UTC;09:00;UTC;6,749
15.05.2026;09:00;UTC;09:15;UTC;8,3
15.05.2026;09:15;UTC;09:30;UTC;7,553
15.05.2026;09:30;UTC;09:45;UTC;6,009
15.05.2026;09:45;UTC;10:00;UTC;4,865
15.05.2026;10:00;UTC;10:15;UTC;7,052
15.05.2026;10:15;UTC;10:30;UTC;6,001
15.05.2026;10:30;UTC;10:45;UTC;4,764
15.05.2026;10:45;UTC;11:00;UTC;3,904
15.05.2026;11:00;UTC;11:15;UTC;5,044
15.05.2026;11:15;UTC;11:30;UTC;4,099
15.05.2026;11:30;UTC;11:45;UTC;3,829
15.05.2026;11:45;UTC;12:00;UTC;3,157
15.05.2026;12:00;UTC;12:15;UTC;3,203
15.05.2026;12:15;UTC;12:30;UTC;3,711
15.05.2026;12:30;UTC;12:45;UTC;4,346
15.05.2026;12:45;UTC;13:00;UTC;4,799
15.05.2026;13:00;UTC;13:15;UTC;2,834
15.05.2026;13:15;UTC;13:30;UTC;4,4
15.05.2026;13:30;UTC;13:45;UTC;5,7
15.05.2026;13:45;UTC;14:00;UTC;7,467
15.05.2026;14:00;UTC;14:15;UTC;4,356
15.05.2026;14:15;UTC;14:30;UTC;6,931
15.05.2026;14:30;UTC;14:45;UTC;9,384
15.05.2026;14:45;UTC;15:00;UTC;10,257
15.05.2026;15:00;UTC;15:15;UTC;8,68
15.05.2026;15:15;UTC;15:30;UTC;9,96
15.05.2026;15:30;UTC;15:45;UTC;11,177
15.05.2026;15:45;UTC;16:00;UTC;12,202
15.05.2026;16:00;UTC;16:15;UTC;11,595
15.05.2026;16:15;UTC;16:30;UTC;12,2
15.05.2026;16:30;UTC;16:45;UTC;12,68
15.05.2026;16:45;UTC;17:00;UTC;13,542
15.05.2026;17:00;UTC;17:15;UTC;13,598
15.05.2026;17:15;UTC;17:30;UTC;14,029
15.05.2026;17:30;UTC;17:45;UTC;14,498
15.05.2026;17:45;UTC;18:00;UTC;15,199
15.05.2026;18:00;UTC;18:15;UTC;15,187
15.05.2026;18:15;UTC;18:30;UTC;15,178
15.05.2026;18:30;UTC;18:45;UTC;15,308
15.05.2026;18:45;UTC;19:00;UTC;15,709
15.05.2026;19:00;UTC;19:15;UTC;16,267
15.05.2026;19:15;UTC;19:30;UTC;15,321
15.05.2026;19:30;UTC;19:45;UTC;14,656
15.05.2026;19:45;UTC;20:00;UTC;14,214
15.05.2026;20:00;UTC;20:15;UTC;15,094
15.05.2026;20:15;UTC;20:30;UTC;14,452
15.05.2026;20:30;UTC;20:45;UTC;14,421
15.05.2026;20:45;UTC;21:00;UTC;13,907
15.05.2026;21:00;UTC;21:15;UTC;14,448
15.05.2026;21:15;UTC;21:30;UTC;13,721
15.05.2026;21:30;UTC;21:45;UTC;13,12
15.05.2026;21:45;UTC;22:00;UTC;12,916
15.05.2026;22:00;UTC;22:15;UTC;13,914
15.05.2026;22:15;UTC;22:30;UTC;13,163
15.05.2026;22:30;UTC;22:45;UTC;12,647
15.05.2026;22:45;UTC;23:00;UTC;12,276
15.05.2026;23:00;UTC;23:15;UTC;12,459
15.05.2026;23:15;UTC;23:30;UTC;12,261
15.05.2026;23:30;UTC;23:45;UTC;12,069
15.05.2026;23:45;UTC;00:00;UTC;11,926
16.05.2026;00:00;UTC;00:15;UTC;11,959
16.05.2026;00:15;UTC;00:30;UTC;11,767
16.05.2026;00:30;UTC;00:45;UTC;11,721
16.05.2026;00:45;UTC;01:00;UTC;11,578
16.05.2026;01:00;UTC;01:15;UTC;11,785
16.05.2026;01:15;UTC;01:30;UTC;11,609
16.05.2026;01:30;UTC;01:45;UTC;11,522
16.05.2026;01:45;UTC;02:00;UTC;11,485
16.05.2026;02:00;UTC;02:15;UTC;11,473
16.05.2026;02:15;UTC;02:30;UTC;11,361
16.05.2026;02:30;UTC;02:45;UTC;11,276
16.05.2026;02:45;UTC;03:00;UTC;11,498
16.05.2026;03:00;UTC;03:15;UTC;11,482
16.05.2026;03:15;UTC;03:30;UTC;11,019
16.05.2026;03:30;UTC;03:45;UTC;10,68
16.05.2026;03:45;UTC;04:00;UTC;10,556
16.05.2026;04:00;UTC;04:15;UTC;11,047
16.05.2026;04:15;UTC;04:30;UTC;10,647
16.05.2026;04:30;UTC;04:45;UTC;10,51
16.05.2026;04:45;UTC;05:00;UTC;10,079
16.05.2026;05:00;UTC;05:15;UTC;10,797
16.05.2026;05:15;UTC;05:30;UTC;10,328
16.05.2026;05:30;UTC;05:45;UTC;9,864
16.05.2026;05:45;UTC;06:00;UTC;9,029
16.05.2026;06:00;UTC;06:15;UTC;10,031
16.05.2026;06:15;UTC;06:30;UTC;9,523
16.05.2026;06:30;UTC;06:45;UTC;8,17
16.05.2026;06:45;UTC;07:00;UTC;7,057
16.05.2026;07:00;UTC;07:15;UTC;8,905
16.05.2026;07:15;UTC;07:30;UTC;6,213
16.05.2026;07:30;UTC;07:45;UTC;1,746
16.05.2026;07:45;UTC;08:00;UTC;0,717
16.05.2026;08:00;UTC;08:15;UTC;1,365
16.05.2026;08:15;UTC;08:30;UTC;0,306
16.05.2026;08:30;UTC;08:45;UTC;0,01
16.05.2026;08:45;UTC;09:00;UTC;0
16.05.2026;09:00;UTC;09:15;UTC;0
16.05.2026;09:15;UTC;09:30;UTC;-0,001
16.05.2026;09:30;UTC;09:45;UTC;-0,002
16.05.2026;09:45;UTC;10:00;UTC;-0,009
16.05.2026;10:00;UTC;10:15;UTC;-0,1
16.05.2026;10:15;UTC;10:30;UTC;-0,109
16.05.2026;10:30;UTC;10:45;UTC;-0,12
16.05.2026;10:45;UTC;11:00;UTC;-0,149
16.05.2026;11:00;UTC;11:15;UTC;-0,233
16.05.2026;11:15;UTC;11:30;UTC;-0,224
16.05.2026;11:30;UTC;11:45;UTC;-0,222
16.05.2026;11:45;UTC;12:00;UTC;-0,201
16.05.2026;12:00;UTC;12:15;UTC;-0,206
16.05.2026;12:15;UTC;12:30;UTC;-0,202
16.05.2026;12:30;UTC;12:45;UTC;-0,199
16.05.2026;12:45;UTC;13:00;UTC;-0,166
16.05.2026;13:00;UTC;13:15;UTC;-0,16
16.05.2026;13:15;UTC;13:30;UTC;-0,105
16.05.2026;13:30;UTC;13:45;UTC;-0,089
16.05.2026;13:45;UTC;14:00;UTC;-0,045
16.05.2026;14:00;UTC;14:15;UTC;-0,016
16.05.2026;14:15;UTC;14:30;UTC;-0,001
16.05.2026;14:30;UTC;14:45;UTC;0,025
16.05.2026;14:45;UTC;15:00;UTC;1,904
16.05.2026;15:00;UTC;15:15;UTC;0,631
16.05.2026;15:15;UTC;15:30;UTC;4,372
16.05.2026;15:30;UTC;15:45;UTC;8,633
16.05.2026;15:45;UTC;16:00;UTC;10,401
16.05.2026;16:00;UTC;16:15;UTC;7,146
16.05.2026;16:15;UTC;16:30;UTC;9,581
16.05.2026;16:30;UTC;16:45;UTC;11,452
16.05.2026;16:45;UTC;17:00;UTC;11,91
16.05.2026;17:00;UTC;17:15;UTC;11,29
16.05.2026;17:15;UTC;17:30;UTC;12,1
16.05.2026;17:30;UTC;17:45;UTC;13,2
16.05.2026;17:45;UTC;18:00;UTC;13,998
16.05.2026;18:00;UTC;18:15;UTC;13,398
16.05.2026;18:15;UTC;18:30;UTC;13,85
16.05.2026;18:30;UTC;18:45;UTC;14,144
16.05.2026;18:45;UTC;19:00;UTC;14,607
16.05.2026;19:00;UTC;19:15;UTC;14,408
16.05.2026;19:15;UTC;19:30;UTC;14,135
16.05.2026;19:30;UTC;19:45;UTC;13,926
16.05.2026;19:45;UTC;20:00;UTC;13,806
16.05.2026;20:00;UTC;20:15;UTC;14,234
16.05.2026;20:15;UTC;20:30;UTC;13,644
16.05.2026;20:30;UTC;20:45;UTC;13,431
16.05.2026;20:45;UTC;21:00;UTC;13,087
16.05.2026;21:00;UTC;21:15;UTC;13,427
16.05.2026;21:15;UTC;21:30;UTC;12,92
16.05.2026;21:30;UTC;21:45;UTC;12,795
16.05.2026;21:45;UTC;22:00;UTC;11,938
16.05.2026;22:00;UTC;22:15;UTC;13,795
16.05.2026;22:15;UTC;22:30;UTC;13,021
16.05.2026;22:30;UTC;22:45;UTC;12,274
16.05.2026;22:45;UTC;23:00;UTC;11,997
16.05.2026;23:00;UTC;23:15;UTC;12,577
16.05.2026;23:15;UTC;23:30;UTC;11,874
16.05.2026;23:30;UTC;23:45;UTC;11,651
16.05.2026;23:45;UTC;00:00;UTC;11,523
17.05.2026;00:00;UTC;00:15;UTC;11,872
17.05.2026;00:15;UTC;00:30;UTC;11,701
17.05.2026;00:30;UTC;00:45;UTC;11,364
17.05.2026;00:45;UTC;01:00;UTC;11,289
17.05.2026;01:00;UTC;01:15;UTC;11,132
17.05.2026;01:15;UTC;01:30;UTC;11,382
17.05.2026;01:30;UTC;01:45;UTC;11,403
17.05.2026;01:45;UTC;02:00;UTC;11,642
17.05.2026;02:00;UTC;02:15;UTC;11,058
17.05.2026;02:15;UTC;02:30;UTC;11,009
17.05.2026;02:30;UTC;02:45;UTC;10,789
17.05.2026;02:45;UTC;03:00;UTC;10,812
17.05.2026;03:00;UTC;03:15;UTC;10,733
17.05.2026;03:15;UTC;03:30;UTC;10,68
17.05.2026;03:30;UTC;03:45;UTC;10,533
17.05.2026;03:45;UTC;04:00;UTC;10,232
17.05.2026;04:00;UTC;04:15;UTC;10,564
17.05.2026;04:15;UTC;04:30;UTC;10,263
17.05.2026;04:30;UTC;04:45;UTC;9,584
17.05.2026;04:45;UTC;05:00;UTC;9,106
17.05.2026;05:00;UTC;05:15;UTC;10,019
17.05.2026;05:15;UTC;05:30;UTC;8,879
17.05.2026;05:30;UTC;05:45;UTC;7,088
17.05.2026;05:45;UTC;06:00;UTC;6,332
17.05.2026;06:00;UTC;06:15;UTC;8,38
17.05.2026;06:15;UTC;06:30;UTC;6,543
17.05.2026;06:30;UTC;06:45;UTC;4,918
17.05.2026;06:45;UTC;07:00;UTC;1,696
17.05.2026;07:00;UTC;07:15;UTC;3,861
17.05.2026;07:15;UTC;07:30;UTC;2,146
17.05.2026;07:30;UTC;07:45;UTC;0,999
17.05.2026;07:45;UTC;08:00;UTC;0,582
17.05.2026;08:00;UTC;08:15;UTC;0,807
17.05.2026;08:15;UTC;08:30;UTC;0,451
17.05.2026;08:30;UTC;08:45;UTC;0,134
17.05.2026;08:45;UTC;09:00;UTC;0,004
17.05.2026;09:00;UTC;09:15;UTC;0,2
17.05.2026;09:15;UTC;09:30;UTC;0,019
17.05.2026;09:30;UTC;09:45;UTC;0,005
17.05.2026;09:45;UTC;10:00;UTC;0
17.05.2026;10:00;UTC;10:15;UTC;0,134
17.05.2026;10:15;UTC;10:30;UTC;0,098
17.05.2026;10:30;UTC;10:45;UTC;0,097
17.05.2026;10:45;UTC;11:00;UTC;0
17.05.2026;11:00;UTC;11:15;UTC;0
17.05.2026;11:15;UTC;11:30;UTC;0
17.05.2026;11:30;UTC;11:45;UTC;0
17.05.2026;11:45;UTC;12:00;UTC;0
17.05.2026;12:00;UTC;12:15;UTC;0
17.05.2026;12:15;UTC;12:30;UTC;0
17.05.2026;12:30;UTC;12:45;UTC;0,005
17.05.2026;12:45;UTC;13:00;UTC;0,387
17.05.2026;13:00;UTC;13:15;UTC;0,347
17.05.2026;13:15;UTC;13:30;UTC;0,497
17.05.2026;13:30;UTC;13:45;UTC;1,055
17.05.2026;13:45;UTC;14:00;UTC;2,625
17.05.2026;14:00;UTC;14:15;UTC;1,251
17.05.2026;14:15;UTC;14:30;UTC;2,634
17.05.2026;14:30;UTC;14:45;UTC;6,7
17.05.2026;14:45;UTC;15:00;UTC;10,39
17.05.2026;15:00;UTC;15:15;UTC;6,693
17.05.2026;15:15;UTC;15:30;UTC;9,145
17.05.2026;15:30;UTC;15:45;UTC;11,276
17.05.2026;15:45;UTC;16:00;UTC;13,012
17.05.2026;16:00;UTC;16:15;UTC;10,803
17.05.2026;16:15;UTC;16:30;UTC;12,654
17.05.2026;16:30;UTC;16:45;UTC;13,818
17.05.2026;16:45;UTC;17:00;UTC;14,48
17.05.2026;17:00;UTC;17:15;UTC;13,52
17.05.2026;17:15;UTC;17:30;UTC;14,223
17.05.2026;17:30;UTC;17:45;UTC;14,687
17.05.2026;17:45;UTC;18:00;UTC;14,797
17.05.2026;18:00;UTC;18:15;UTC;15,083
17.05.2026;18:15;UTC;18:30;UTC;15,857
17.05.2026;18:30;UTC;18:45;UTC;15,972
17.05.2026;18:45;UTC;19:00;UTC;15,408
17.05.2026;19:00;UTC;19:15;UTC;16,437
17.05.2026;19:15;UTC;19:30;UTC;15,75
17.05.2026;19:30;UTC;19:45;UTC;15,323
17.05.2026;19:45;UTC;20:00;UTC;15,172
17.05.2026;20:00;UTC;20:15;UTC;15,81
17.05.2026;20:15;UTC;20:30;UTC;15,1
17.05.2026;20:30;UTC;20:45;UTC;14,923
17.05.2026;20:45;UTC;21:00;UTC;14,714
17.05.2026;21:00;UTC;21:15;UTC;14,782
17.05.2026;21:15;UTC;21:30;UTC;14,396
17.05.2026;21:30;UTC;21:45;UTC;14,43
17.05.2026;21:45;UTC;22:00;UTC;13,422
17.05.2026;22:00;UTC;22:15;UTC;14,656
17.05.2026;22:15;UTC;22:30;UTC;13,66
17.05.2026;22:30;UTC;22:45;UTC;13,007
17.05.2026;22:45;UTC;23:00;UTC;12,54
17.05.2026;23:00;UTC;23:15;UTC;13,009
17.05.2026;23:15;UTC;23:30;UTC;12,515
17.05.2026;23:30;UTC;23:45;UTC;12,451
17.05.2026;23:45;UTC;00:00;UTC;12,414
18.05.2026;00:00;UTC;00:15;UTC;12,505
18.05.2026;00:15;UTC;00:30;UTC;12,634
18.05.2026;00:30;UTC;00:45;UTC;12,633
18.05.2026;00:45;UTC;01:00;UTC;12,627
18.05.2026;01:00;UTC;01:15;UTC;12,654
18.05.2026;01:15;UTC;01:30;UTC;12,575
18.05.2026;01:30;UTC;01:45;UTC;12,655
18.05.2026;01:45;UTC;02:00;UTC;12,673
18.05.2026;02:00;UTC;02:15;UTC;12,685
18.05.2026;02:15;UTC;02:30;UTC;12,842
18.05.2026;02:30;UTC;02:45;UTC;12,865
18.05.2026;02:45;UTC;03:00;UTC;13,352
18.05.2026;03:00;UTC;03:15;UTC;12,621
18.05.2026;03:15;UTC;03:30;UTC;13,411
18.05.2026;03:30;UTC;03:45;UTC;13,947
18.05.2026;03:45;UTC;04:00;UTC;14,83
18.05.2026;04:00;UTC;04:15;UTC;14,436
18.05.2026;04:15;UTC;04:30;UTC;15
18.05.2026;04:30;UTC;04:45;UTC;15,37
18.05.2026;04:45;UTC;05:00;UTC;16,201
18.05.2026;05:00;UTC;05:15;UTC;17,073
18.05.2026;05:15;UTC;05:30;UTC;16,172
18.05.2026;05:30;UTC;05:45;UTC;15,909
18.05.2026;05:45;UTC;06:00;UTC;14,876
18.05.2026;06:00;UTC;06:15;UTC;16,897
18.05.2026;06:15;UTC;06:30;UTC;16,065
18.05.2026;06:30;UTC;06:45;UTC;14,907
18.05.2026;06:45;UTC;07:00;UTC;12,973
18.05.2026;07:00;UTC;07:15;UTC;14,12
18.05.2026;07:15;UTC;07:30;UTC;13,148
18.05.2026;07:30;UTC;07:45;UTC;12,003
18.05.2026;07:45;UTC;08:00;UTC;11,081
18.05.2026;08:00;UTC;08:15;UTC;11,945
18.05.2026;08:15;UTC;08:30;UTC;10,866
18.05.2026;08:30;UTC;08:45;UTC;10,613
18.05.2026;08:45;UTC;09:00;UTC;9,716
18.05.2026;09:00;UTC;09:15;UTC;10,311
18.05.2026;09:15;UTC;09:30;UTC;10,078
18.05.2026;09:30;UTC;09:45;UTC;9,83
18.05.2026;09:45;UTC;10:00;UTC;9,802
18.05.2026;10:00;UTC;10:15;UTC;10,1
18.05.2026;10:15;UTC;10:30;UTC;9,567
18.05.2026;10:30;UTC;10:45;UTC;9,305
18.05.2026;10:45;UTC;11:00;UTC;8,986
18.05.2026;11:00;UTC;11:15;UTC;9,496
18.05.2026;11:15;UTC;11:30;UTC;9,534
18.05.2026;11:30;UTC;11:45;UTC;9,76
18.05.2026;11:45;UTC;12:00;UTC;9,201
18.05.2026;12:00;UTC;12:15;UTC;8,787
18.05.2026;12:15;UTC;12:30;UTC;9,473
18.05.2026;12:30;UTC;12:45;UTC;10,089
18.05.2026;12:45;UTC;13:00;UTC;10,359
18.05.2026;13:00;UTC;13:15;UTC;9
18.05.2026;13:15;UTC;13:30;UTC;10,233
18.05.2026;13:30;UTC;13:45;UTC;10,696
18.05.2026;13:45;UTC;14:00;UTC;11,033
18.05.2026;14:00;UTC;14:15;UTC;10,293
18.05.2026;14:15;UTC;14:30;UTC;10,809
18.05.2026;14:30;UTC;14:45;UTC;11,688
18.05.2026;14:45;UTC;15:00;UTC;12,796
18.05.2026;15:00;UTC;15:15;UTC;11,796
18.05.2026;15:15;UTC;15:30;UTC;12,535
18.05.2026;15:30;UTC;15:45;UTC;13,893
18.05.2026;15:45;UTC;16:00;UTC;15,402
18.05.2026;16:00;UTC;16:15;UTC;13,301
18.05.2026;16:15;UTC;16:30;UTC;14,266
18.05.2026;16:30;UTC;16:45;UTC;15,33
18.05.2026;16:45;UTC;17:00;UTC;17,958
18.05.2026;17:00;UTC;17:15;UTC;14,936
18.05.2026;17:15;UTC;17:30;UTC;16,724
18.05.2026;17:30;UTC;17:45;UTC;19,487
18.05.2026;17:45;UTC;18:00;UTC;25,994
18.05.2026;18:00;UTC;18:15;UTC;23,164
18.05.2026;18:15;UTC;18:30;UTC;24,632
18.05.2026;18:30;UTC;18:45;UTC;26,91
18.05.2026;18:45;UTC;19:00;UTC;25,653
18.05.2026;19:00;UTC;19:15;UTC;27,816
18.05.2026;19:15;UTC;19:30;UTC;22,43
18.05.2026;19:30;UTC;19:45;UTC;19,296
18.05.2026;19:45;UTC;20:00;UTC;16,193
18.05.2026;20:00;UTC;20:15;UTC;17,636
18.05.2026;20:15;UTC;20:30;UTC;16,101
18.05.2026;20:30;UTC;20:45;UTC;15,591
18.05.2026;20:45;UTC;21:00;UTC;14,931
18.05.2026;21:00;UTC;21:15;UTC;15,817
18.05.2026;21:15;UTC;21:30;UTC;14,864
18.05.2026;21:30;UTC;21:45;UTC;14,841
18.05.2026;21:45;UTC;22:00;UTC;14,036
18.05.2026;22:00;UTC;22:15;UTC;15,963
18.05.2026;22:15;UTC;22:30;UTC;14,847
18.05.2026;22:30;UTC;22:45;UTC;14,389
18.05.2026;22:45;UTC;23:00;UTC;14,102
18.05.2026;23:00;UTC;23:15;UTC;14,905
18.05.2026;23:15;UTC;23:30;UTC;14,09
18.05.2026;23:30;UTC;23:45;UTC;13,901
18.05.2026;23:45;UTC;00:00;UTC;13,881
19.05.2026;00:00;UTC;00:15;UTC;14,09
19.05.2026;00:15;UTC;00:30;UTC;13,803
19.05.2026;00:30;UTC;00:45;UTC;13,931
19.05.2026;00:45;UTC;01:00;UTC;13,905
19.05.2026;01:00;UTC;01:15;UTC;13,865
19.05.2026;01:15;UTC;01:30;UTC;13,703
19.05.2026;01:30;UTC;01:45;UTC;13,824
19.05.2026;01:45;UTC;02:00;UTC;14,024
19.05.2026;02:00;UTC;02:15;UTC;13,564
19.05.2026;02:15;UTC;02:30;UTC;13,68
19.05.2026;02:30;UTC;02:45;UTC;14,379
19.05.2026;02:45;UTC;03:00;UTC;15,004
19.05.2026;03:00;UTC;03:15;UTC;14,019
19.05.2026;03:15;UTC;03:30;UTC;14,405
19.05.2026;03:30;UTC;03:45;UTC;14,952
19.05.2026;03:45;UTC;04:00;UTC;15,392
19.05.2026;04:00;UTC;04:15;UTC;15,986
19.05.2026;04:15;UTC;04:30;UTC;17,232
19.05.2026;04:30;UTC;04:45;UTC;17,053
19.05.2026;04:45;UTC;05:00;UTC;15,513
19.05.2026;05:00;UTC;05:15;UTC;17,474
19.05.2026;05:15;UTC;05:30;UTC;15,679
19.05.2026;05:30;UTC;05:45;UTC;15,056
19.05.2026;05:45;UTC;06:00;UTC;13,3
19.05.2026;06:00;UTC;06:15;UTC;15,356
19.05.2026;06:15;UTC;06:30;UTC;14,035
19.05.2026;06:30;UTC;06:45;UTC;12,505
19.05.2026;06:45;UTC;07:00;UTC;10,846
19.05.2026;07:00;UTC;07:15;UTC;12,601
19.05.2026;07:15;UTC;07:30;UTC;11,624
19.05.2026;07:30;UTC;07:45;UTC;10,128
19.05.2026;07:45;UTC;08:00;UTC;9,144
19.05.2026;08:00;UTC;08:15;UTC;10,417
19.05.2026;08:15;UTC;08:30;UTC;9,853
19.05.2026;08:30;UTC;08:45;UTC;9,003
19.05.2026;08:45;UTC;09:00;UTC;8,433
19.05.2026;09:00;UTC;09:15;UTC;9,003
19.05.2026;09:15;UTC;09:30;UTC;8,435
19.05.2026;09:30;UTC;09:45;UTC;7,979
19.05.2026;09:45;UTC;10:00;UTC;7,417
19.05.2026;10:00;UTC;10:15;UTC;7,665
19.05.2026;10:15;UTC;10:30;UTC;7,621
19.05.2026;10:30;UTC;10:45;UTC;7,033
19.05.2026;10:45;UTC;11:00;UTC;6,939
19.05.2026;11:00;UTC;11:15;UTC;7,412
19.05.2026;11:15;UTC;11:30;UTC;7,365
19.05.2026;11:30;UTC;11:45;UTC;7,402
19.05.2026;11:45;UTC;12:00;UTC;7,316
19.05.2026;12:00;UTC;12:15;UTC;6,907
19.05.2026;12:15;UTC;12:30;UTC;7,801
19.05.2026;12:30;UTC;12:45;UTC;8,348
19.05.2026;12:45;UTC;13:00;UTC;8,868
19.05.2026;13:00;UTC;13:15;UTC;7,767
19.05.2026;13:15;UTC;13:30;UTC;8,47
19.05.2026;13:30;UTC;13:45;UTC;9,125
19.05.2026;13:45;UTC;14:00;UTC;9,666
19.05.2026;14:00;UTC;14:15;UTC;8,948
19.05.2026;14:15;UTC;14:30;UTC;9,842
19.05.2026;14:30;UTC;14:45;UTC;10,584
19.05.2026;14:45;UTC;15:00;UTC;11,526
19.05.2026;15:00;UTC;15:15;UTC;11,009
19.05.2026;15:15;UTC;15:30;UTC;11,833
19.05.2026;15:30;UTC;15:45;UTC;13,659
19.05.2026;15:45;UTC;16:00;UTC;14,416
19.05.2026;16:00;UTC;16:15;UTC;12,921
19.05.2026;16:15;UTC;16:30;UTC;13,866
19.05.2026;16:30;UTC;16:45;UTC;14,874
19.05.2026;16:45;UTC;17:00;UTC;16,319
19.05.2026;17:00;UTC;17:15;UTC;14,884
19.05.2026;17:15;UTC;17:30;UTC;15,935
19.05.2026;17:30;UTC;17:45;UTC;17,248
19.05.2026;17:45;UTC;18:00;UTC;20,927
19.05.2026;18:00;UTC;18:15;UTC;18,734
19.05.2026;18:15;UTC;18:30;UTC;18,363
19.05.2026;18:30;UTC;18:45;UTC;17,896
19.05.2026;18:45;UTC;19:00;UTC;17,368
19.05.2026;19:00;UTC;19:15;UTC;18,732
19.05.2026;19:15;UTC;19:30;UTC;16,3
19.05.2026;19:30;UTC;19:45;UTC;15,785
19.05.2026;19:45;UTC;20:00;UTC;14,635
19.05.2026;20:00;UTC;20:15;UTC;16,114
19.05.2026;20:15;UTC;20:30;UTC;15,089
19.05.2026;20:30;UTC;20:45;UTC;14,138
19.05.2026;20:45;UTC;21:00;UTC;12,877
19.05.2026;21:00;UTC;21:15;UTC;14,089
19.05.2026;21:15;UTC;21:30;UTC;13,399
19.05.2026;21:30;UTC;21:45;UTC;12,871
19.05.2026;21:45;UTC;22:00;UTC;12,362
19.05.2026;22:00;UTC;22:15;UTC;13,539
19.05.2026;22:15;UTC;22:30;UTC;12,79
19.05.2026;22:30;UTC;22:45;UTC;11,867
19.05.2026;22:45;UTC;23:00;UTC;11,296
19.05.2026;23:00;UTC;23:15;UTC;12,011
19.05.2026;23:15;UTC;23:30;UTC;11,57
19.05.2026;23:30;UTC;23:45;UTC;11,369
19.05.2026;23:45;UTC;00:00;UTC;10,904
20.05.2026;00:00;UTC;00:15;UTC;11,137
20.05.2026;00:15;UTC;00:30;UTC;10,9
20.05.2026;00:30;UTC;00:45;UTC;10,92
20.05.2026;00:45;UTC;01:00;UTC;10,944
20.05.2026;01:00;UTC;01:15;UTC;11,181
20.05.2026;01:15;UTC;01:30;UTC;11,012
20.05.2026;01:30;UTC;01:45;UTC;10,973
20.05.2026;01:45;UTC;02:00;UTC;10,823
20.05.2026;02:00;UTC;02:15;UTC;10,869
20.05.2026;02:15;UTC;02:30;UTC;10,913
20.05.2026;02:30;UTC;02:45;UTC;11,144
20.05.2026;02:45;UTC;03:00;UTC;11,238
20.05.2026;03:00;UTC;03:15;UTC;11,167
20.05.2026;03:15;UTC;03:30;UTC;11,5
20.05.2026;03:30;UTC;03:45;UTC;11,934
20.05.2026;03:45;UTC;04:00;UTC;13,019
20.05.2026;04:00;UTC;04:15;UTC;12,79
20.05.2026;04:15;UTC;04:30;UTC;13,873
20.05.2026;04:30;UTC;04:45;UTC;13,93
20.05.2026;04:45;UTC;05:00;UTC;13,402
20.05.2026;05:00;UTC;05:15;UTC;14,84
20.05.2026;05:15;UTC;05:30;UTC;14,333
20.05.2026;05:30;UTC;05:45;UTC;13,267
20.05.2026;05:45;UTC;06:00;UTC;12,35
20.05.2026;06:00;UTC;06:15;UTC;13,914
20.05.2026;06:15;UTC;06:30;UTC;13,214
20.05.2026;06:30;UTC;06:45;UTC;12,157
20.05.2026;06:45;UTC;07:00;UTC;10,92
20.05.2026;07:00;UTC;07:15;UTC;12,027
20.05.2026;07:15;UTC;07:30;UTC;11,067
20.05.2026;07:30;UTC;07:45;UTC;10,796
20.05.2026;07:45;UTC;08:00;UTC;9,734
20.05.2026;08:00;UTC;08:15;UTC;9,527
20.05.2026;08:15;UTC;08:30;UTC;9,2
20.05.2026;08:30;UTC;08:45;UTC;9
20.05.2026;08:45;UTC;09:00;UTC;8,153
20.05.2026;09:00;UTC;09:15;UTC;8,832
20.05.2026;09:15;UTC;09:30;UTC;7,406
20.05.2026;09:30;UTC;09:45;UTC;7,574
20.05.2026;09:45;UTC;10:00;UTC;6,373
20.05.2026;10:00;UTC;10:15;UTC;8,358
20.05.2026;10:15;UTC;10:30;UTC;6,614
20.05.2026;10:30;UTC;10:45;UTC;5,912
20.05.2026;10:45;UTC;11:00;UTC;4,718
20.05.2026;11:00;UTC;11:15;UTC;6,001
20.05.2026;11:15;UTC;11:30;UTC;4,898
20.05.2026;11:30;UTC;11:45;UTC;4,201
20.05.2026;11:45;UTC;12:00;UTC;2,899
20.05.2026;12:00;UTC;12:15;UTC;2,736
20.05.2026;12:15;UTC;12:30;UTC;3,007
20.05.2026;12:30;UTC;12:45;UTC;3,595
20.05.2026;12:45;UTC;13:00;UTC;4,067
20.05.2026;13:00;UTC;13:15;UTC;3,159
20.05.2026;13:15;UTC;13:30;UTC;3,878
20.05.2026;13:30;UTC;13:45;UTC;4,884
20.05.2026;13:45;UTC;14:00;UTC;6,343
20.05.2026;14:00;UTC;14:15;UTC;1,801
20.05.2026;14:15;UTC;14:30;UTC;6
20.05.2026;14:30;UTC;14:45;UTC;8,472
20.05.2026;14:45;UTC;15:00;UTC;9,731
20.05.2026;15:00;UTC;15:15;UTC;7,269
20.05.2026;15:15;UTC;15:30;UTC;9,622
20.05.2026;15:30;UTC;15:45;UTC;10,691
20.05.2026;15:45;UTC;16:00;UTC;12,177
20.05.2026;16:00;UTC;16:15;UTC;10,575
20.05.2026;16:15;UTC;16:30;UTC;12,2
20.05.2026;16:30;UTC;16:45;UTC;14,003
20.05.2026;16:45;UTC;17:00;UTC;15,307
20.05.2026;17:00;UTC;17:15;UTC;12,72
20.05.2026;17:15;UTC;17:30;UTC;14,424
20.05.2026;17:30;UTC;17:45;UTC;15,3
20.05.2026;17:45;UTC;18:00;UTC;17,383
20.05.2026;18:00;UTC;18:15;UTC;15,179
20.05.2026;18:15;UTC;18:30;UTC;16,347
20.05.2026;18:30;UTC;18:45;UTC;17,276
20.05.2026;18:45;UTC;19:00;UTC;18,367
20.05.2026;19:00;UTC;19:15;UTC;18,303
20.05.2026;19:15;UTC;19:30;UTC;17,074
20.05.2026;19:30;UTC;19:45;UTC;16,049
20.05.2026;19:45;UTC;20:00;UTC;14,574
20.05.2026;20:00;UTC;20:15;UTC;16,831
20.05.2026;20:15;UTC;20:30;UTC;15,227
20.05.2026;20:30;UTC;20:45;UTC;14,445
20.05.2026;20:45;UTC;21:00;UTC;13,505
20.05.2026;21:00;UTC;21:15;UTC;14,572
20.05.2026;21:15;UTC;21:30;UTC;14,256
20.05.2026;21:30;UTC;21:45;UTC;13,664
20.05.2026;21:45;UTC;22:00;UTC;13,109
20.05.2026;22:00;UTC;22:15;UTC;14,341
20.05.2026;22:15;UTC;22:30;UTC;13,651
20.05.2026;22:30;UTC;22:45;UTC;12,98
20.05.2026;22:45;UTC;23:00;UTC;12,239
20.05.2026;23:00;UTC;23:15;UTC;12,913
20.05.2026;23:15;UTC;23:30;UTC;12,364
20.05.2026;23:30;UTC;23:45;UTC;11,858
20.05.2026;23:45;UTC;00:00;UTC;11,529
21.05.2026;00:00;UTC;00:15;UTC;11,754
21.05.2026;00:15;UTC;00:30;UTC;11,53
21.05.2026;00:30;UTC;00:45;UTC;11,529
21.05.2026;00:45;UTC;01:00;UTC;11,596
21.05.2026;01:00;UTC;01:15;UTC;11,316
21.05.2026;01:15;UTC;01:30;UTC;11,294
21.05.2026;01:30;UTC;01:45;UTC;11,375
21.05.2026;01:45;UTC;02:00;UTC;11,435
21.05.2026;02:00;UTC;02:15;UTC;11,035
21.05.2026;02:15;UTC;02:30;UTC;11,343
21.05.2026;02:30;UTC;02:45;UTC;11,768
21.05.2026;02:45;UTC;03:00;UTC;12,258
21.05.2026;03:00;UTC;03:15;UTC;12,06
21.05.2026;03:15;UTC;03:30;UTC;12,472
21.05.2026;03:30;UTC;03:45;UTC;13,26
21.05.2026;03:45;UTC;04:00;UTC;13,57
21.05.2026;04:00;UTC;04:15;UTC;13,549
21.05.2026;04:15;UTC;04:30;UTC;14,464
21.05.2026;04:30;UTC;04:45;UTC;14,569
21.05.2026;04:45;UTC;05:00;UTC;14,544
21.05.2026;05:00;UTC;05:15;UTC;15,512
21.05.2026;05:15;UTC;05:30;UTC;14,825
21.05.2026;05:30;UTC;05:45;UTC;14,126
21.05.2026;05:45;UTC;06:00;UTC;12,984
21.05.2026;06:00;UTC;06:15;UTC;15,3
21.05.2026;06:15;UTC;06:30;UTC;13,438
21.05.2026;06:30;UTC;06:45;UTC;12,415
21.05.2026;06:45;UTC;07:00;UTC;11,402
21.05.2026;07:00;UTC;07:15;UTC;11,859
21.05.2026;07:15;UTC;07:30;UTC;10,393
21.05.2026;07:30;UTC;07:45;UTC;10,082
21.05.2026;07:45;UTC;08:00;UTC;9,322
21.05.2026;08:00;UTC;08:15;UTC;9,862
21.05.2026;08:15;UTC;08:30;UTC;9,192
21.05.2026;08:30;UTC;08:45;UTC;7,901
21.05.2026;08:45;UTC;09:00;UTC;5,524
21.05.2026;09:00;UTC;09:15;UTC;7,173
21.05.2026;09:15;UTC;09:30;UTC;5,402
21.05.2026;09:30;UTC;09:45;UTC;3,026
21.05.2026;09:45;UTC;10:00;UTC;1,5
21.05.2026;10:00;UTC;10:15;UTC;1,5
21.05.2026;10:15;UTC;10:30;UTC;1,177
21.05.2026;10:30;UTC;10:45;UTC;1,177
21.05.2026;10:45;UTC;11:00;UTC;1,001
21.05.2026;11:00;UTC;11:15;UTC;1,012
21.05.2026;11:15;UTC;11:30;UTC;0,845
21.05.2026;11:30;UTC;11:45;UTC;0,626
21.05.2026;11:45;UTC;12:00;UTC;0,465
21.05.2026;12:00;UTC;12:15;UTC;0,5
21.05.2026;12:15;UTC;12:30;UTC;0,91
21.05.2026;12:30;UTC;12:45;UTC;0,934
21.05.2026;12:45;UTC;13:00;UTC;1,181
21.05.2026;13:00;UTC;13:15;UTC;0,91
21.05.2026;13:15;UTC;13:30;UTC;2,008
21.05.2026;13:30;UTC;13:45;UTC;4,672
21.05.2026;13:45;UTC;14:00;UTC;6,49
21.05.2026;14:00;UTC;14:15;UTC;2,757
21.05.2026;14:15;UTC;14:30;UTC;6,733
21.05.2026;14:30;UTC;14:45;UTC;9,066
21.05.2026;14:45;UTC;15:00;UTC;10,127
21.05.2026;15:00;UTC;15:15;UTC;7,807
21.05.2026;15:15;UTC;15:30;UTC;10
21.05.2026;15:30;UTC;15:45;UTC;11,097
21.05.2026;15:45;UTC;16:00;UTC;13,094
21.05.2026;16:00;UTC;16:15;UTC;11,313
21.05.2026;16:15;UTC;16:30;UTC;13,093
21.05.2026;16:30;UTC;16:45;UTC;14,645
21.05.2026;16:45;UTC;17:00;UTC;15,304
21.05.2026;17:00;UTC;17:15;UTC;14,159
21.05.2026;17:15;UTC;17:30;UTC;15,3
21.05.2026;17:30;UTC;17:45;UTC;16,402
21.05.2026;17:45;UTC;18:00;UTC;19,481
21.05.2026;18:00;UTC;18:15;UTC;17,601
21.05.2026;18:15;UTC;18:30;UTC;19,458
21.05.2026;18:30;UTC;18:45;UTC;21,871
21.05.2026;18:45;UTC;19:00;UTC;22,948
21.05.2026;19:00;UTC;19:15;UTC;21,656
21.05.2026;19:15;UTC;19:30;UTC;19,474
21.05.2026;19:30;UTC;19:45;UTC;17,972
21.05.2026;19:45;UTC;20:00;UTC;16,265
21.05.2026;20:00;UTC;20:15;UTC;19,575
21.05.2026;20:15;UTC;20:30;UTC;16,427
21.05.2026;20:30;UTC;20:45;UTC;15,542
21.05.2026;20:45;UTC;21:00;UTC;14,87
21.05.2026;21:00;UTC;21:15;UTC;15,365
21.05.2026;21:15;UTC;21:30;UTC;14,909
21.05.2026;21:30;UTC;21:45;UTC;14,401
21.05.2026;21:45;UTC;22:00;UTC;13,882
21.05.2026;22:00;UTC;22:15;UTC;15,224
21.05.2026;22:15;UTC;22:30;UTC;14,844
21.05.2026;22:30;UTC;22:45;UTC;14,067
21.05.2026;22:45;UTC;23:00;UTC;13,591
21.05.2026;23:00;UTC;23:15;UTC;14,844
21.05.2026;23:15;UTC;23:30;UTC;13,59
21.05.2026;23:30;UTC;23:45;UTC;13,316
21.05.2026;23:45;UTC;00:00;UTC;13,01
22.05.2026;00:00;UTC;00:15;UTC;13,273
22.05.2026;00:15;UTC;00:30;UTC;13,2
22.05.2026;00:30;UTC;00:45;UTC;13,08
22.05.2026;00:45;UTC;01:00;UTC;13,102
22.05.2026;01:00;UTC;01:15;UTC;13,062
22.05.2026;01:15;UTC;01:30;UTC;12,986
22.05.2026;01:30;UTC;01:45;UTC;12,784
22.05.2026;01:45;UTC;02:00;UTC;12,748
22.05.2026;02:00;UTC;02:15;UTC;12,755
22.05.2026;02:15;UTC;02:30;UTC;12,946
22.05.2026;02:30;UTC;02:45;UTC;13,394
22.05.2026;02:45;UTC;03:00;UTC;13,504
22.05.2026;03:00;UTC;03:15;UTC;12,996
22.05.2026;03:15;UTC;03:30;UTC;13,497
22.05.2026;03:30;UTC;03:45;UTC;13,732
22.05.2026;03:45;UTC;04:00;UTC;14,062
22.05.2026;04:00;UTC;04:15;UTC;14,256
22.05.2026;04:15;UTC;04:30;UTC;14,722
22.05.2026;04:30;UTC;04:45;UTC;14,615
22.05.2026;04:45;UTC;05:00;UTC;14,149
22.05.2026;05:00;UTC;05:15;UTC;15,658
22.05.2026;05:15;UTC;05:30;UTC;14,715
22.05.2026;05:30;UTC;05:45;UTC;13,401
22.05.2026;05:45;UTC;06:00;UTC;11,497
22.05.2026;06:00;UTC;06:15;UTC;14,1
22.05.2026;06:15;UTC;06:30;UTC;13,024
22.05.2026;06:30;UTC;06:45;UTC;11,884
22.05.2026;06:45;UTC;07:00;UTC;10,246
22.05.2026;07:00;UTC;07:15;UTC;13,097
22.05.2026;07:15;UTC;07:30;UTC;10,091
22.05.2026;07:30;UTC;07:45;UTC;8,097
22.05.2026;07:45;UTC;08:00;UTC;5,468
22.05.2026;08:00;UTC;08:15;UTC;9,282
22.05.2026;08:15;UTC;08:30;UTC;6,099
22.05.2026;08:30;UTC;08:45;UTC;1,479
22.05.2026;08:45;UTC;09:00;UTC;0,132
22.05.2026;09:00;UTC;09:15;UTC;1,375
22.05.2026;09:15;UTC;09:30;UTC;0,191
22.05.2026;09:30;UTC;09:45;UTC;0,009
22.05.2026;09:45;UTC;10:00;UTC;0,001
22.05.2026;10:00;UTC;10:15;UTC;0,001
22.05.2026;10:15;UTC;10:30;UTC;0,001
22.05.2026;10:30;UTC;10:45;UTC;0
22.05.2026;10:45;UTC;11:00;UTC;0
22.05.2026;11:00;UTC;11:15;UTC;0
22.05.2026;11:15;UTC;11:30;UTC;0
22.05.2026;11:30;UTC;11:45;UTC;0
22.05.2026;11:45;UTC;12:00;UTC;0
22.05.2026;12:00;UTC;12:15;UTC;0
22.05.2026;12:15;UTC;12:30;UTC;0
22.05.2026;12:30;UTC;12:45;UTC;0,009
22.05.2026;12:45;UTC;13:00;UTC;0,391
22.05.2026;13:00;UTC;13:15;UTC;0,121
22.05.2026;13:15;UTC;13:30;UTC;0,91
22.05.2026;13:30;UTC;13:45;UTC;2,237
22.05.2026;13:45;UTC;14:00;UTC;4,854
22.05.2026;14:00;UTC;14:15;UTC;1,534
22.05.2026;14:15;UTC;14:30;UTC;6,042
22.05.2026;14:30;UTC;14:45;UTC;9,171
22.05.2026;14:45;UTC;15:00;UTC;11,349
22.05.2026;15:00;UTC;15:15;UTC;7,207
22.05.2026;15:15;UTC;15:30;UTC;9,101
22.05.2026;15:30;UTC;15:45;UTC;11,371
22.05.2026;15:45;UTC;16:00;UTC;13,999
22.05.2026;16:00;UTC;16:15;UTC;10,917
22.05.2026;16:15;UTC;16:30;UTC;13,163
22.05.2026;16:30;UTC;16:45;UTC;14,234
22.05.2026;16:45;UTC;17:00;UTC;15,666
22.05.2026;17:00;UTC;17:15;UTC;13,008
22.05.2026;17:15;UTC;17:30;UTC;14,197
22.05.2026;17:30;UTC;17:45;UTC;16,264
22.05.2026;17:45;UTC;18:00;UTC;21,02
22.05.2026;18:00;UTC;18:15;UTC;18,888
22.05.2026;18:15;UTC;18:30;UTC;20,593
22.05.2026;18:30;UTC;18:45;UTC;23,122
22.05.2026;18:45;UTC;19:00;UTC;24,768
22.05.2026;19:00;UTC;19:15;UTC;23,063
22.05.2026;19:15;UTC;19:30;UTC;20,731
22.05.2026;19:30;UTC;19:45;UTC;17,497
22.05.2026;19:45;UTC;20:00;UTC;16,174
22.05.2026;20:00;UTC;20:15;UTC;18,139
22.05.2026;20:15;UTC;20:30;UTC;15,9
22.05.2026;20:30;UTC;20:45;UTC;14,561
22.05.2026;20:45;UTC;21:00;UTC;13,254
22.05.2026;21:00;UTC;21:15;UTC;15,3
22.05.2026;21:15;UTC;21:30;UTC;14,401
22.05.2026;21:30;UTC;21:45;UTC;13,59
22.05.2026;21:45;UTC;22:00;UTC;13,003
22.05.2026;22:00;UTC;22:15;UTC;15,813
22.05.2026;22:15;UTC;22:30;UTC;14,15
22.05.2026;22:30;UTC;22:45;UTC;12,837
22.05.2026;22:45;UTC;23:00;UTC;11,904
22.05.2026;23:00;UTC;23:15;UTC;13,614
22.05.2026;23:15;UTC;23:30;UTC;13,004
22.05.2026;23:30;UTC;23:45;UTC;13,088
22.05.2026;23:45;UTC;00:00;UTC;12,294
23.05.2026;00:00;UTC;00:15;UTC;13,169
23.05.2026;00:15;UTC;00:30;UTC;12,823
23.05.2026;00:30;UTC;00:45;UTC;12,101
23.05.2026;00:45;UTC;01:00;UTC;12,254
23.05.2026;01:00;UTC;01:15;UTC;12,648
23.05.2026;01:15;UTC;01:30;UTC;12,647
23.05.2026;01:30;UTC;01:45;UTC;12,645
23.05.2026;01:45;UTC;02:00;UTC;12,207
23.05.2026;02:00;UTC;02:15;UTC;12,172
23.05.2026;02:15;UTC;02:30;UTC;11,987
23.05.2026;02:30;UTC;02:45;UTC;12,144
23.05.2026;02:45;UTC;03:00;UTC;12,39
23.05.2026;03:00;UTC;03:15;UTC;12,647
23.05.2026;03:15;UTC;03:30;UTC;12,16
23.05.2026;03:30;UTC;03:45;UTC;11,793
23.05.2026;03:45;UTC;04:00;UTC;11,104
23.05.2026;04:00;UTC;04:15;UTC;13,03
23.05.2026;04:15;UTC;04:30;UTC;12,191
23.05.2026;04:30;UTC;04:45;UTC;10,998
23.05.2026;04:45;UTC;05:00;UTC;10,328
23.05.2026;05:00;UTC;05:15;UTC;13,184
23.05.2026;05:15;UTC;05:30;UTC;10,394
23.05.2026;05:30;UTC;05:45;UTC;9,086
23.05.2026;05:45;UTC;06:00;UTC;6,17
23.05.2026;06:00;UTC;06:15;UTC;10,414
23.05.2026;06:15;UTC;06:30;UTC;6,343
23.05.2026;06:30;UTC;06:45;UTC;2,441
23.05.2026;06:45;UTC;07:00;UTC;0,747
23.05.2026;07:00;UTC;07:15;UTC;0,54
23.05.2026;07:15;UTC;07:30;UTC;0,1
23.05.2026;07:30;UTC;07:45;UTC;0
23.05.2026;07:45;UTC;08:00;UTC;0
23.05.2026;08:00;UTC;08:15;UTC;-0,001
23.05.2026;08:15;UTC;08:30;UTC;-0,002
23.05.2026;08:30;UTC;08:45;UTC;-0,03
23.05.2026;08:45;UTC;09:00;UTC;-0,1
23.05.2026;09:00;UTC;09:15;UTC;-0,202
23.05.2026;09:15;UTC;09:30;UTC;-0,211
23.05.2026;09:30;UTC;09:45;UTC;-0,599
23.05.2026;09:45;UTC;10:00;UTC;-0,548
23.05.2026;10:00;UTC;10:15;UTC;-0,601
23.05.2026;10:15;UTC;10:30;UTC;-1,003
23.05.2026;10:30;UTC;10:45;UTC;-1,354
23.05.2026;10:45;UTC;11:00;UTC;-1,999
23.05.2026;11:00;UTC;11:15;UTC;-2,5
23.05.2026;11:15;UTC;11:30;UTC;-3
23.05.2026;11:30;UTC;11:45;UTC;-3,665
23.05.2026;11:45;UTC;12:00;UTC;-3,562
23.05.2026;12:00;UTC;12:15;UTC;-2,703
23.05.2026;12:15;UTC;12:30;UTC;-2,006
23.05.2026;12:30;UTC;12:45;UTC;-1,354
23.05.2026;12:45;UTC;13:00;UTC;-1,305
23.05.2026;13:00;UTC;13:15;UTC;-0,867
23.05.2026;13:15;UTC;13:30;UTC;-0,323
23.05.2026;13:30;UTC;13:45;UTC;-0,21
23.05.2026;13:45;UTC;14:00;UTC;-0,2
23.05.2026;14:00;UTC;14:15;UTC;-0,107
23.05.2026;14:15;UTC;14:30;UTC;-0,009
23.05.2026;14:30;UTC;14:45;UTC;0
23.05.2026;14:45;UTC;15:00;UTC;0,001
23.05.2026;15:00;UTC;15:15;UTC;0,01
23.05.2026;15:15;UTC;15:30;UTC;0,38
23.05.2026;15:30;UTC;15:45;UTC;5,551
23.05.2026;15:45;UTC;16:00;UTC;11,838
23.05.2026;16:00;UTC;16:15;UTC;8,237
23.05.2026;16:15;UTC;16:30;UTC;11,359
23.05.2026;16:30;UTC;16:45;UTC;13,3
23.05.2026;16:45;UTC;17:00;UTC;15,409
23.05.2026;17:00;UTC;17:15;UTC;12,587
23.05.2026;17:15;UTC;17:30;UTC;14,019
23.05.2026;17:30;UTC;17:45;UTC;15,483
23.05.2026;17:45;UTC;18:00;UTC;17,774
23.05.2026;18:00;UTC;18:15;UTC;15,75
23.05.2026;18:15;UTC;18:30;UTC;16,559
23.05.2026;18:30;UTC;18:45;UTC;18,468
23.05.2026;18:45;UTC;19:00;UTC;19,031
23.05.2026;19:00;UTC;19:15;UTC;18,088
23.05.2026;19:15;UTC;19:30;UTC;17,303
23.05.2026;19:30;UTC;19:45;UTC;16,79
23.05.2026;19:45;UTC;20:00;UTC;16,245
23.05.2026;20:00;UTC;20:15;UTC;18,105
23.05.2026;20:15;UTC;20:30;UTC;15,892
23.05.2026;20:30;UTC;20:45;UTC;14,892
23.05.2026;20:45;UTC;21:00;UTC;13,877
23.05.2026;21:00;UTC;21:15;UTC;15,36
23.05.2026;21:15;UTC;21:30;UTC;14,88
23.05.2026;21:30;UTC;21:45;UTC;13,927
23.05.2026;21:45;UTC;22:00;UTC;13,694
23.05.2026;22:00;UTC;22:15;UTC;15,3
23.05.2026;22:15;UTC;22:30;UTC;15,007
23.05.2026;22:30;UTC;22:45;UTC;13,677
23.05.2026;22:45;UTC;23:00;UTC;13,537
23.05.2026;23:00;UTC;23:15;UTC;13,714
23.05.2026;23:15;UTC;23:30;UTC;13,638
23.05.2026;23:30;UTC;23:45;UTC;13,12
23.05.2026;23:45;UTC;00:00;UTC;12,879
24.05.2026;00:00;UTC;00:15;UTC;14,249
24.05.2026;00:15;UTC;00:30;UTC;13,903
24.05.2026;00:30;UTC;00:45;UTC;13,529
24.05.2026;00:45;UTC;01:00;UTC;13,073
24.05.2026;01:00;UTC;01:15;UTC;12,641
24.05.2026;01:15;UTC;01:30;UTC;12,579
24.05.2026;01:30;UTC;01:45;UTC;12,547
24.05.2026;01:45;UTC;02:00;UTC;12,409
24.05.2026;02:00;UTC;02:15;UTC;12,13
24.05.2026;02:15;UTC;02:30;UTC;12,115
24.05.2026;02:30;UTC;02:45;UTC;12,5
24.05.2026;02:45;UTC;03:00;UTC;12,411
24.05.2026;03:00;UTC;03:15;UTC;12,469
24.05.2026;03:15;UTC;03:30;UTC;12,033
24.05.2026;03:30;UTC;03:45;UTC;11,547
24.05.2026;03:45;UTC;04:00;UTC;11,04
24.05.2026;04:00;UTC;04:15;UTC;11,952
24.05.2026;04:15;UTC;04:30;UTC;11,3
24.05.2026;04:30;UTC;04:45;UTC;10,389
24.05.2026;04:45;UTC;05:00;UTC;9,877
24.05.2026;05:00;UTC;05:15;UTC;12,375
24.05.2026;05:15;UTC;05:30;UTC;9,776
24.05.2026;05:30;UTC;05:45;UTC;8,47
24.05.2026;05:45;UTC;06:00;UTC;4,764
24.05.2026;06:00;UTC;06:15;UTC;5,702
24.05.2026;06:15;UTC;06:30;UTC;0,796
24.05.2026;06:30;UTC;06:45;UTC;0,049
24.05.2026;06:45;UTC;07:00;UTC;0
24.05.2026;07:00;UTC;07:15;UTC;0,001
24.05.2026;07:15;UTC;07:30;UTC;0
24.05.2026;07:30;UTC;07:45;UTC;-0,001
24.05.2026;07:45;UTC;08:00;UTC;-0,011
24.05.2026;08:00;UTC;08:15;UTC;-0,011
24.05.2026;08:15;UTC;08:30;UTC;-0,09
24.05.2026;08:30;UTC;08:45;UTC;-0,3
24.05.2026;08:45;UTC;09:00;UTC;-0,6
24.05.2026;09:00;UTC;09:15;UTC;-0,6
24.05.2026;09:15;UTC;09:30;UTC;-1,13
24.05.2026;09:30;UTC;09:45;UTC;-1,44
24.05.2026;09:45;UTC;10:00;UTC;-2,363
24.05.2026;10:00;UTC;10:15;UTC;-1,96
24.05.2026;10:15;UTC;10:30;UTC;-2,999
24.05.2026;10:30;UTC;10:45;UTC;-4,207
24.05.2026;10:45;UTC;11:00;UTC;-5,879
24.05.2026;11:00;UTC;11:15;UTC;-6,003
24.05.2026;11:15;UTC;11:30;UTC;-7,201
24.05.2026;11:30;UTC;11:45;UTC;-8,5
24.05.2026;11:45;UTC;12:00;UTC;-8,671
24.05.2026;12:00;UTC;12:15;UTC;-7,791
24.05.2026;12:15;UTC;12:30;UTC;-7,001
24.05.2026;12:30;UTC;12:45;UTC;-5,9
24.05.2026;12:45;UTC;13:00;UTC;-4,009
24.05.2026;13:00;UTC;13:15;UTC;-4,633
24.05.2026;13:15;UTC;13:30;UTC;-2,727
24.05.2026;13:30;UTC;13:45;UTC;-1,437
24.05.2026;13:45;UTC;14:00;UTC;-0,6
24.05.2026;14:00;UTC;14:15;UTC;-0,6
24.05.2026;14:15;UTC;14:30;UTC;-0,152
24.05.2026;14:30;UTC;14:45;UTC;-0,027
24.05.2026;14:45;UTC;15:00;UTC;-0,004
24.05.2026;15:00;UTC;15:15;UTC;-0,001
24.05.2026;15:15;UTC;15:30;UTC;0
24.05.2026;15:30;UTC;15:45;UTC;0,196
24.05.2026;15:45;UTC;16:00;UTC;5,555
24.05.2026;16:00;UTC;16:15;UTC;2,269
24.05.2026;16:15;UTC;16:30;UTC;8,978
24.05.2026;16:30;UTC;16:45;UTC;13,046
24.05.2026;16:45;UTC;17:00;UTC;14,258
24.05.2026;17:00;UTC;17:15;UTC;12,026
24.05.2026;17:15;UTC;17:30;UTC;12,609
24.05.2026;17:30;UTC;17:45;UTC;13,439
24.05.2026;17:45;UTC;18:00;UTC;15,213
24.05.2026;18:00;UTC;18:15;UTC;13,312
24.05.2026;18:15;UTC;18:30;UTC;14,784
24.05.2026;18:30;UTC;18:45;UTC;15,996
24.05.2026;18:45;UTC;19:00;UTC;16,315
24.05.2026;19:00;UTC;19:15;UTC;16,101
24.05.2026;19:15;UTC;19:30;UTC;15,913
24.05.2026;19:30;UTC;19:45;UTC;15,162
24.05.2026;19:45;UTC;20:00;UTC;14,115
24.05.2026;20:00;UTC;20:15;UTC;15,772
24.05.2026;20:15;UTC;20:30;UTC;14,999
24.05.2026;20:30;UTC;20:45;UTC;13,938
24.05.2026;20:45;UTC;21:00;UTC;13,059
24.05.2026;21:00;UTC;21:15;UTC;13,839
24.05.2026;21:15;UTC;21:30;UTC;13,296
24.05.2026;21:30;UTC;21:45;UTC;12,97
24.05.2026;21:45;UTC;22:00;UTC;12,735
24.05.2026;22:00;UTC;22:15;UTC;13,613
24.05.2026;22:15;UTC;22:30;UTC;13,002
24.05.2026;22:30;UTC;22:45;UTC;13,176
24.05.2026;22:45;UTC;23:00;UTC;12,556
24.05.2026;23:00;UTC;23:15;UTC;13,117
24.05.2026;23:15;UTC;23:30;UTC;12,552
24.05.2026;23:30;UTC;23:45;UTC;12,301
24.05.2026;23:45;UTC;00:00;UTC;12,423
25.05.2026;00:00;UTC;00:15;UTC;12,568
25.05.2026;00:15;UTC;00:30;UTC;12,558
25.05.2026;00:30;UTC;00:45;UTC;12,5
25.05.2026;00:45;UTC;01:00;UTC;12,47
25.05.2026;01:00;UTC;01:15;UTC;12,093
25.05.2026;01:15;UTC;01:30;UTC;12,396
25.05.2026;01:30;UTC;01:45;UTC;12,715
25.05.2026;01:45;UTC;02:00;UTC;13,201
25.05.2026;02:00;UTC;02:15;UTC;12,479
25.05.2026;02:15;UTC;02:30;UTC;12,898
25.05.2026;02:30;UTC;02:45;UTC;12,917
25.05.2026;02:45;UTC;03:00;UTC;13,431
25.05.2026;03:00;UTC;03:15;UTC;12,855
25.05.2026;03:15;UTC;03:30;UTC;13,071
25.05.2026;03:30;UTC;03:45;UTC;13,376
25.05.2026;03:45;UTC;04:00;UTC;13,496
25.05.2026;04:00;UTC;04:15;UTC;13,789
25.05.2026;04:15;UTC;04:30;UTC;13,496
25.05.2026;04:30;UTC;04:45;UTC;12,913
25.05.2026;04:45;UTC;05:00;UTC;11,88
25.05.2026;05:00;UTC;05:15;UTC;13,841
25.05.2026;05:15;UTC;05:30;UTC;12,644
25.05.2026;05:30;UTC;05:45;UTC;11,4
25.05.2026;05:45;UTC;06:00;UTC;9,266
25.05.2026;06:00;UTC;06:15;UTC;13,496
25.05.2026;06:15;UTC;06:30;UTC;10,351
25.05.2026;06:30;UTC;06:45;UTC;6,557
25.05.2026;06:45;UTC;07:00;UTC;0,668
25.05.2026;07:00;UTC;07:15;UTC;1,673
25.05.2026;07:15;UTC;07:30;UTC;0,308
25.05.2026;07:30;UTC;07:45;UTC;0,019
25.05.2026;07:45;UTC;08:00;UTC;0
25.05.2026;08:00;UTC;08:15;UTC;0
25.05.2026;08:15;UTC;08:30;UTC;-0,002
25.05.2026;08:30;UTC;08:45;UTC;-0,007
25.05.2026;08:45;UTC;09:00;UTC;-0,058
25.05.2026;09:00;UTC;09:15;UTC;-0,201
25.05.2026;09:15;UTC;09:30;UTC;-0,304
25.05.2026;09:30;UTC;09:45;UTC;-0,601
25.05.2026;09:45;UTC;10:00;UTC;-0,999
25.05.2026;10:00;UTC;10:15;UTC;-1,067
25.05.2026;10:15;UTC;10:30;UTC;-1,133
25.05.2026;10:30;UTC;10:45;UTC;-1,306
25.05.2026;10:45;UTC;11:00;UTC;-1,579
25.05.2026;11:00;UTC;11:15;UTC;-2,207
25.05.2026;11:15;UTC;11:30;UTC;-2,745
25.05.2026;11:30;UTC;11:45;UTC;-3,266
25.05.2026;11:45;UTC;12:00;UTC;-3,5
25.05.2026;12:00;UTC;12:15;UTC;-3,236
25.05.2026;12:15;UTC;12:30;UTC;-3
25.05.2026;12:30;UTC;12:45;UTC;-2,501
25.05.2026;12:45;UTC;13:00;UTC;-2,136
25.05.2026;13:00;UTC;13:15;UTC;-1,713
25.05.2026;13:15;UTC;13:30;UTC;-1,077
25.05.2026;13:30;UTC;13:45;UTC;-0,73
25.05.2026;13:45;UTC;14:00;UTC;-0,5
25.05.2026;14:00;UTC;14:15;UTC;-0,367
25.05.2026;14:15;UTC;14:30;UTC;-0,294
25.05.2026;14:30;UTC;14:45;UTC;-0,495
25.05.2026;14:45;UTC;15:00;UTC;-0,01
25.05.2026;15:00;UTC;15:15;UTC;0
25.05.2026;15:15;UTC;15:30;UTC;0,134
25.05.2026;15:30;UTC;15:45;UTC;1,715
25.05.2026;15:45;UTC;16:00;UTC;10,931
25.05.2026;16:00;UTC;16:15;UTC;7,098
25.05.2026;16:15;UTC;16:30;UTC;10,558
25.05.2026;16:30;UTC;16:45;UTC;14,097
25.05.2026;16:45;UTC;17:00;UTC;15,776
25.05.2026;17:00;UTC;17:15;UTC;12,855
25.05.2026;17:15;UTC;17:30;UTC;14,268
25.05.2026;17:30;UTC;17:45;UTC;15,197
25.05.2026;17:45;UTC;18:00;UTC;17,91
25.05.2026;18:00;UTC;18:15;UTC;15,432
25.05.2026;18:15;UTC;18:30;UTC;16,856
25.05.2026;18:30;UTC;18:45;UTC;18,076
25.05.2026;18:45;UTC;19:00;UTC;18,51
25.05.2026;19:00;UTC;19:15;UTC;18,513
25.05.2026;19:15;UTC;19:30;UTC;17,668
25.05.2026;19:30;UTC;19:45;UTC;16,459
25.05.2026;19:45;UTC;20:00;UTC;15,46
25.05.2026;20:00;UTC;20:15;UTC;17,847
25.05.2026;20:15;UTC;20:30;UTC;16,173
25.05.2026;20:30;UTC;20:45;UTC;14,828
25.05.2026;20:45;UTC;21:00;UTC;14,085
25.05.2026;21:00;UTC;21:15;UTC;14,91
25.05.2026;21:15;UTC;21:30;UTC;14,25
25.05.2026;21:30;UTC;21:45;UTC;14,099
25.05.2026;21:45;UTC;22:00;UTC;13,151
25.05.2026;22:00;UTC;22:15;UTC;15,299
25.05.2026;22:15;UTC;22:30;UTC;14,011
25.05.2026;22:30;UTC;22:45;UTC;13,016
25.05.2026;22:45;UTC;23:00;UTC;12,218
25.05.2026;23:00;UTC;23:15;UTC;13,423
25.05.2026;23:15;UTC;23:30;UTC;12,66
25.05.2026;23:30;UTC;23:45;UTC;12,283
25.05.2026;23:45;UTC;00:00;UTC;11,893
26.05.2026;00:00;UTC;00:15;UTC;12,403
26.05.2026;00:15;UTC;00:30;UTC;12,108
26.05.2026;00:30;UTC;00:45;UTC;12,014
26.05.2026;00:45;UTC;01:00;UTC;11,733
26.05.2026;01:00;UTC;01:15;UTC;12,282
26.05.2026;01:15;UTC;01:30;UTC;12,105
26.05.2026;01:30;UTC;01:45;UTC;12,099
26.05.2026;01:45;UTC;02:00;UTC;11,986
26.05.2026;02:00;UTC;02:15;UTC;11,753
26.05.2026;02:15;UTC;02:30;UTC;11,784
26.05.2026;02:30;UTC;02:45;UTC;12,004
26.05.2026;02:45;UTC;03:00;UTC;12,271
26.05.2026;03:00;UTC;03:15;UTC;12,211
26.05.2026;03:15;UTC;03:30;UTC;12,483
26.05.2026;03:30;UTC;03:45;UTC;13,101
26.05.2026;03:45;UTC;04:00;UTC;13,769
26.05.2026;04:00;UTC;04:15;UTC;13,873
26.05.2026;04:15;UTC;04:30;UTC;14,691
26.05.2026;04:30;UTC;04:45;UTC;14,359
26.05.2026;04:45;UTC;05:00;UTC;14,319
26.05.2026;05:00;UTC;05:15;UTC;16,179
26.05.2026;05:15;UTC;05:30;UTC;14,525
26.05.2026;05:30;UTC;05:45;UTC;13,98
26.05.2026;05:45;UTC;06:00;UTC;11,932
26.05.2026;06:00;UTC;06:15;UTC;15,93
26.05.2026;06:15;UTC;06:30;UTC;13,033
26.05.2026;06:30;UTC;06:45;UTC;10,886
26.05.2026;06:45;UTC;07:00;UTC;8,969
26.05.2026;07:00;UTC;07:15;UTC;13,705
26.05.2026;07:15;UTC;07:30;UTC;9,261
26.05.2026;07:30;UTC;07:45;UTC;7,001
26.05.2026;07:45;UTC;08:00;UTC;1,553
26.05.2026;08:00;UTC;08:15;UTC;2,224
26.05.2026;08:15;UTC;08:30;UTC;0,38
26.05.2026;08:30;UTC;08:45;UTC;0,006
26.05.2026;08:45;UTC;09:00;UTC;-0,002
26.05.2026;09:00;UTC;09:15;UTC;0
26.05.2026;09:15;UTC;09:30;UTC;0
26.05.2026;09:30;UTC;09:45;UTC;-0,001
26.05.2026;09:45;UTC;10:00;UTC;-0,002
26.05.2026;10:00;UTC;10:15;UTC;-0,058
26.05.2026;10:15;UTC;10:30;UTC;-0,119
26.05.2026;10:30;UTC;10:45;UTC;-0,207
26.05.2026;10:45;UTC;11:00;UTC;-0,346
26.05.2026;11:00;UTC;11:15;UTC;-0,201
26.05.2026;11:15;UTC;11:30;UTC;-0,202
26.05.2026;11:30;UTC;11:45;UTC;-0,297
26.05.2026;11:45;UTC;12:00;UTC;-0,3
26.05.2026;12:00;UTC;12:15;UTC;-0,126
26.05.2026;12:15;UTC;12:30;UTC;-0,101
26.05.2026;12:30;UTC;12:45;UTC;-0,094
26.05.2026;12:45;UTC;13:00;UTC;-0,013
26.05.2026;13:00;UTC;13:15;UTC;-0,004
26.05.2026;13:15;UTC;13:30;UTC;-0,001
26.05.2026;13:30;UTC;13:45;UTC;-0,001
26.05.2026;13:45;UTC;14:00;UTC;0
26.05.2026;14:00;UTC;14:15;UTC;-0,001
26.05.2026;14:15;UTC;14:30;UTC;0,096
26.05.2026;14:30;UTC;14:45;UTC;0,579
26.05.2026;14:45;UTC;15:00;UTC;4,572
26.05.2026;15:00;UTC;15:15;UTC;0,91
26.05.2026;15:15;UTC;15:30;UTC;8,386
26.05.2026;15:30;UTC;15:45;UTC;12,647
26.05.2026;15:45;UTC;16:00;UTC;13,931
26.05.2026;16:00;UTC;16:15;UTC;9,262
26.05.2026;16:15;UTC;16:30;UTC;12,296
26.05.2026;16:30;UTC;16:45;UTC;14,6
26.05.2026;16:45;UTC;17:00;UTC;17,757
26.05.2026;17:00;UTC;17:15;UTC;12,797
26.05.2026;17:15;UTC;17:30;UTC;15,299
26.05.2026;17:30;UTC;17:45;UTC;18,728
26.05.2026;17:45;UTC;18:00;UTC;27,217
26.05.2026;18:00;UTC;18:15;UTC;19,918
26.05.2026;18:15;UTC;18:30;UTC;22,687
26.05.2026;18:30;UTC;18:45;UTC;23,009
26.05.2026;18:45;UTC;19:00;UTC;21,565
26.05.2026;19:00;UTC;19:15;UTC;22,362
26.05.2026;19:15;UTC;19:30;UTC;18,904
26.05.2026;19:30;UTC;19:45;UTC;17,364
26.05.2026;19:45;UTC;20:00;UTC;15,284
26.05.2026;20:00;UTC;20:15;UTC;18,115
26.05.2026;20:15;UTC;20:30;UTC;15,419
26.05.2026;20:30;UTC;20:45;UTC;14,76
26.05.2026;20:45;UTC;21:00;UTC;13,216
26.05.2026;21:00;UTC;21:15;UTC;14,188
26.05.2026;21:15;UTC;21:30;UTC;13,706
26.05.2026;21:30;UTC;21:45;UTC;12,848
26.05.2026;21:45;UTC;22:00;UTC;11,471
26.05.2026;22:00;UTC;22:15;UTC;14,012
26.05.2026;22:15;UTC;22:30;UTC;13,531
26.05.2026;22:30;UTC;22:45;UTC;13,353
26.05.2026;22:45;UTC;23:00;UTC;13,019
26.05.2026;23:00;UTC;23:15;UTC;13,349
26.05.2026;23:15;UTC;23:30;UTC;12,81
26.05.2026;23:30;UTC;23:45;UTC;12,688
26.05.2026;23:45;UTC;00:00;UTC;12,16
27.05.2026;00:00;UTC;00:15;UTC;12,266
27.05.2026;00:15;UTC;00:30;UTC;12,104
27.05.2026;00:30;UTC;00:45;UTC;12,007
27.05.2026;00:45;UTC;01:00;UTC;11,84
27.05.2026;01:00;UTC;01:15;UTC;11,929
27.05.2026;01:15;UTC;01:30;UTC;11,885
27.05.2026;01:30;UTC;01:45;UTC;11,888
27.05.2026;01:45;UTC;02:00;UTC;11,846
27.05.2026;02:00;UTC;02:15;UTC;11,635
27.05.2026;02:15;UTC;02:30;UTC;11,894
27.05.2026;02:30;UTC;02:45;UTC;11,954
27.05.2026;02:45;UTC;03:00;UTC;12,136
27.05.2026;03:00;UTC;03:15;UTC;11,567
27.05.2026;03:15;UTC;03:30;UTC;11,702
27.05.2026;03:30;UTC;03:45;UTC;12,33
27.05.2026;03:45;UTC;04:00;UTC;12,895
27.05.2026;04:00;UTC;04:15;UTC;12,959
27.05.2026;04:15;UTC;04:30;UTC;13,81
27.05.2026;04:30;UTC;04:45;UTC;13,754
27.05.2026;04:45;UTC;05:00;UTC;13,157
27.05.2026;05:00;UTC;05:15;UTC;14,77
27.05.2026;05:15;UTC;05:30;UTC;13,896
27.05.2026;05:30;UTC;05:45;UTC;12,603
27.05.2026;05:45;UTC;06:00;UTC;11,171
27.05.2026;06:00;UTC;06:15;UTC;14,281
27.05.2026;06:15;UTC;06:30;UTC;11,469
27.05.2026;06:30;UTC;06:45;UTC;9,832
27.05.2026;06:45;UTC;07:00;UTC;6,999
27.05.2026;07:00;UTC;07:15;UTC;10,4
27.05.2026;07:15;UTC;07:30;UTC;6,798
27.05.2026;07:30;UTC;07:45;UTC;1,727
27.05.2026;07:45;UTC;08:00;UTC;0,369
27.05.2026;08:00;UTC;08:15;UTC;1,1
27.05.2026;08:15;UTC;08:30;UTC;0,265
27.05.2026;08:30;UTC;08:45;UTC;0,007
27.05.2026;08:45;UTC;09:00;UTC;-0,002
27.05.2026;09:00;UTC;09:15;UTC;0
27.05.2026;09:15;UTC;09:30;UTC;-0,003
27.05.2026;09:30;UTC;09:45;UTC;-0,028
27.05.2026;09:45;UTC;10:00;UTC;-0,077
27.05.2026;10:00;UTC;10:15;UTC;-0,078
27.05.2026;10:15;UTC;10:30;UTC;-0,1
27.05.2026;10:30;UTC;10:45;UTC;-0,121
27.05.2026;10:45;UTC;11:00;UTC;-0,121
27.05.2026;11:00;UTC;11:15;UTC;-0,117
27.05.2026;11:15;UTC;11:30;UTC;-0,137
27.05.2026;11:30;UTC;11:45;UTC;-0,2
27.05.2026;11:45;UTC;12:00;UTC;-0,2
27.05.2026;12:00;UTC;12:15;UTC;-0,191
27.05.2026;12:15;UTC;12:30;UTC;-0,128
27.05.2026;12:30;UTC;12:45;UTC;-0,162
27.05.2026;12:45;UTC;13:00;UTC;-0,177
27.05.2026;13:00;UTC;13:15;UTC;-0,18
27.05.2026;13:15;UTC;13:30;UTC;-0,202
27.05.2026;13:30;UTC;13:45;UTC;-0,19
27.05.2026;13:45;UTC;14:00;UTC;-0,109
27.05.2026;14:00;UTC;14:15;UTC;-0,188
27.05.2026;14:15;UTC;14:30;UTC;-0,009
27.05.2026;14:30;UTC;14:45;UTC;-0,001
27.05.2026;14:45;UTC;15:00;UTC;0,029
27.05.2026;15:00;UTC;15:15;UTC;0,2
27.05.2026;15:15;UTC;15:30;UTC;0,5
27.05.2026;15:30;UTC;15:45;UTC;3,917
27.05.2026;15:45;UTC;16:00;UTC;8,266
27.05.2026;16:00;UTC;16:15;UTC;3,862
27.05.2026;16:15;UTC;16:30;UTC;8,805
27.05.2026;16:30;UTC;16:45;UTC;12,137
27.05.2026;16:45;UTC;17:00;UTC;14,335
27.05.2026;17:00;UTC;17:15;UTC;11,308
27.05.2026;17:15;UTC;17:30;UTC;13,451
27.05.2026;17:30;UTC;17:45;UTC;14,549
27.05.2026;17:45;UTC;18:00;UTC;15,299
27.05.2026;18:00;UTC;18:15;UTC;14,099
27.05.2026;18:15;UTC;18:30;UTC;14,955
27.05.2026;18:30;UTC;18:45;UTC;16,487
27.05.2026;18:45;UTC;19:00;UTC;17,13
27.05.2026;19:00;UTC;19:15;UTC;16,896
27.05.2026;19:15;UTC;19:30;UTC;16,188
27.05.2026;19:30;UTC;19:45;UTC;15,484
27.05.2026;19:45;UTC;20:00;UTC;14,444
27.05.2026;20:00;UTC;20:15;UTC;15,44
27.05.2026;20:15;UTC;20:30;UTC;14,569
27.05.2026;20:30;UTC;20:45;UTC;14,13
27.05.2026;20:45;UTC;21:00;UTC;13,525
27.05.2026;21:00;UTC;21:15;UTC;14,032
27.05.2026;21:15;UTC;21:30;UTC;13,431
27.05.2026;21:30;UTC;21:45;UTC;13,027
27.05.2026;21:45;UTC;22:00;UTC;12,892
27.05.2026;22:00;UTC;22:15;UTC;13,86
27.05.2026;22:15;UTC;22:30;UTC;13,254
27.05.2026;22:30;UTC;22:45;UTC;13,061
27.05.2026;22:45;UTC;23:00;UTC;13,003
27.05.2026;23:00;UTC;23:15;UTC;13,6
27.05.2026;23:15;UTC;23:30;UTC;12,858
27.05.2026;23:30;UTC;23:45;UTC;12,785
27.05.2026;23:45;UTC;00:00;UTC;12,572
28.05.2026;00:00;UTC;00:15;UTC;12,808
28.05.2026;00:15;UTC;00:30;UTC;12,579
28.05.2026;00:30;UTC;00:45;UTC;12,778
28.05.2026;00:45;UTC;01:00;UTC;12,73
28.05.2026;01:00;UTC;01:15;UTC;12,704
28.05.2026;01:15;UTC;01:30;UTC;12,727
28.05.2026;01:30;UTC;01:45;UTC;12,76
28.05.2026;01:45;UTC;02:00;UTC;12,754
28.05.2026;02:00;UTC;02:15;UTC;12,609
28.05.2026;02:15;UTC;02:30;UTC;12,796
28.05.2026;02:30;UTC;02:45;UTC;13,081
28.05.2026;02:45;UTC;03:00;UTC;13,55
28.05.2026;03:00;UTC;03:15;UTC;13,116
28.05.2026;03:15;UTC;03:30;UTC;13,481
28.05.2026;03:30;UTC;03:45;UTC;13,847
28.05.2026;03:45;UTC;04:00;UTC;13,757
28.05.2026;04:00;UTC;04:15;UTC;14,672
28.05.2026;04:15;UTC;04:30;UTC;15,208
28.05.2026;04:30;UTC;04:45;UTC;14,881
28.05.2026;04:45;UTC;05:00;UTC;14,62
28.05.2026;05:00;UTC;05:15;UTC;15,269
28.05.2026;05:15;UTC;05:30;UTC;14,541
28.05.2026;05:30;UTC;05:45;UTC;13,67
28.05.2026;05:45;UTC;06:00;UTC;11,782
28.05.2026;06:00;UTC;06:15;UTC;14,389
28.05.2026;06:15;UTC;06:30;UTC;13,171
28.05.2026;06:30;UTC;06:45;UTC;12,074
28.05.2026;06:45;UTC;07:00;UTC;9,727
28.05.2026;07:00;UTC;07:15;UTC;12,388
28.05.2026;07:15;UTC;07:30;UTC;9,445
28.05.2026;07:30;UTC;07:45;UTC;7,776
28.05.2026;07:45;UTC;08:00;UTC;5,408
28.05.2026;08:00;UTC;08:15;UTC;5,139
28.05.2026;08:15;UTC;08:30;UTC;1,701
28.05.2026;08:30;UTC;08:45;UTC;0,632
28.05.2026;08:45;UTC;09:00;UTC;0,251
28.05.2026;09:00;UTC;09:15;UTC;0,156
28.05.2026;09:15;UTC;09:30;UTC;0,07
28.05.2026;09:30;UTC;09:45;UTC;0,001
28.05.2026;09:45;UTC;10:00;UTC;0
28.05.2026;10:00;UTC;10:15;UTC;0,003
28.05.2026;10:15;UTC;10:30;UTC;0
28.05.2026;10:30;UTC;10:45;UTC;-0,001
28.05.2026;10:45;UTC;11:00;UTC;-0,001
28.05.2026;11:00;UTC;11:15;UTC;0
28.05.2026;11:15;UTC;11:30;UTC;-0,001
28.05.2026;11:30;UTC;11:45;UTC;-0,001
28.05.2026;11:45;UTC;12:00;UTC;-0,003
28.05.2026;12:00;UTC;12:15;UTC;-0,002
28.05.2026;12:15;UTC;12:30;UTC;0
28.05.2026;12:30;UTC;12:45;UTC;0
28.05.2026;12:45;UTC;13:00;UTC;0,002
28.05.2026;13:00;UTC;13:15;UTC;0
28.05.2026;13:15;UTC;13:30;UTC;0,001
28.05.2026;13:30;UTC;13:45;UTC;0,084
28.05.2026;13:45;UTC;14:00;UTC;0,434
28.05.2026;14:00;UTC;14:15;UTC;0,284
28.05.2026;14:15;UTC;14:30;UTC;1
28.05.2026;14:30;UTC;14:45;UTC;5,231
28.05.2026;14:45;UTC;15:00;UTC;9,343
28.05.2026;15:00;UTC;15:15;UTC;6,543
28.05.2026;15:15;UTC;15:30;UTC;9,256
28.05.2026;15:30;UTC;15:45;UTC;11,101
28.05.2026;15:45;UTC;16:00;UTC;13,603
28.05.2026;16:00;UTC;16:15;UTC;11,033
28.05.2026;16:15;UTC;16:30;UTC;13,009
28.05.2026;16:30;UTC;16:45;UTC;14,728
28.05.2026;16:45;UTC;17:00;UTC;16,53
28.05.2026;17:00;UTC;17:15;UTC;15,447
28.05.2026;17:15;UTC;17:30;UTC;17,065
28.05.2026;17:30;UTC;17:45;UTC;20,446
28.05.2026;17:45;UTC;18:00;UTC;34,083
28.05.2026;18:00;UTC;18:15;UTC;26,694
28.05.2026;18:15;UTC;18:30;UTC;37,345
28.05.2026;18:30;UTC;18:45;UTC;46,831
28.05.2026;18:45;UTC;19:00;UTC;46,704
28.05.2026;19:00;UTC;19:15;UTC;43,498
28.05.2026;19:15;UTC;19:30;UTC;44,202
28.05.2026;19:30;UTC;19:45;UTC;36,181
28.05.2026;19:45;UTC;20:00;UTC;23,326
28.05.2026;20:00;UTC;20:15;UTC;32,171
28.05.2026;20:15;UTC;20:30;UTC;21,188
28.05.2026;20:30;UTC;20:45;UTC;17,113
28.05.2026;20:45;UTC;21:00;UTC;15,828
28.05.2026;21:00;UTC;21:15;UTC;17,439
28.05.2026;21:15;UTC;21:30;UTC;16,55
28.05.2026;21:30;UTC;21:45;UTC;15,542
28.05.2026;21:45;UTC;22:00;UTC;14,388
28.05.2026;22:00;UTC;22:15;UTC;16,214
28.05.2026;22:15;UTC;22:30;UTC;15,173
28.05.2026;22:30;UTC;22:45;UTC;13,7
28.05.2026;22:45;UTC;23:00;UTC;12,69
28.05.2026;23:00;UTC;23:15;UTC;14,499
28.05.2026;23:15;UTC;23:30;UTC;13,701
28.05.2026;23:30;UTC;23:45;UTC;12,976
28.05.2026;23:45;UTC;00:00;UTC;12,395
29.05.2026;00:00;UTC;00:15;UTC;12,943
29.05.2026;00:15;UTC;00:30;UTC;12,808
29.05.2026;00:30;UTC;00:45;UTC;12,783
29.05.2026;00:45;UTC;01:00;UTC;12,656
29.05.2026;01:00;UTC;01:15;UTC;12,805
29.05.2026;01:15;UTC;01:30;UTC;12,7
29.05.2026;01:30;UTC;01:45;UTC;12,6
29.05.2026;01:45;UTC;02:00;UTC;12,372
29.05.2026;02:00;UTC;02:15;UTC;12,43
29.05.2026;02:15;UTC;02:30;UTC;12,5
29.05.2026;02:30;UTC;02:45;UTC;12,54
29.05.2026;02:45;UTC;03:00;UTC;12,641
29.05.2026;03:00;UTC;03:15;UTC;12,507
29.05.2026;03:15;UTC;03:30;UTC;12,47
29.05.2026;03:30;UTC;03:45;UTC;12,44
29.05.2026;03:45;UTC;04:00;UTC;12,781
29.05.2026;04:00;UTC;04:15;UTC;13,165
29.05.2026;04:15;UTC;04:30;UTC;13,704
29.05.2026;04:30;UTC;04:45;UTC;13,249
29.05.2026;04:45;UTC;05:00;UTC;12,636
29.05.2026;05:00;UTC;05:15;UTC;13,696
29.05.2026;05:15;UTC;05:30;UTC;13,01
29.05.2026;05:30;UTC;05:45;UTC;12,497
29.05.2026;05:45;UTC;06:00;UTC;11,195
29.05.2026;06:00;UTC;06:15;UTC;13,521
29.05.2026;06:15;UTC;06:30;UTC;12,054
29.05.2026;06:30;UTC;06:45;UTC;10,7
29.05.2026;06:45;UTC;07:00;UTC;9,151
29.05.2026;07:00;UTC;07:15;UTC;10,814
29.05.2026;07:15;UTC;07:30;UTC;8,732
29.05.2026;07:30;UTC;07:45;UTC;6,163
29.05.2026;07:45;UTC;08:00;UTC;3,054
29.05.2026;08:00;UTC;08:15;UTC;3,9
29.05.2026;08:15;UTC;08:30;UTC;1,692
29.05.2026;08:30;UTC;08:45;UTC;0,834
29.05.2026;08:45;UTC;09:00;UTC;0,385
29.05.2026;09:00;UTC;09:15;UTC;0,136
29.05.2026;09:15;UTC;09:30;UTC;0
29.05.2026;09:30;UTC;09:45;UTC;-0,005
29.05.2026;09:45;UTC;10:00;UTC;-0,015
29.05.2026;10:00;UTC;10:15;UTC;-0,004
29.05.2026;10:15;UTC;10:30;UTC;-0,004
29.05.2026;10:30;UTC;10:45;UTC;-0,007
29.05.2026;10:45;UTC;11:00;UTC;-0,007
29.05.2026;11:00;UTC;11:15;UTC;-0,009
29.05.2026;11:15;UTC;11:30;UTC;-0,004
29.05.2026;11:30;UTC;11:45;UTC;-0,001
29.05.2026;11:45;UTC;12:00;UTC;0
29.05.2026;12:00;UTC;12:15;UTC;-0,021
29.05.2026;12:15;UTC;12:30;UTC;-0,009
29.05.2026;12:30;UTC;12:45;UTC;0
29.05.2026;12:45;UTC;13:00;UTC;0,03
29.05.2026;13:00;UTC;13:15;UTC;0,084
29.05.2026;13:15;UTC;13:30;UTC;0,211
29.05.2026;13:30;UTC;13:45;UTC;0,91
29.05.2026;13:45;UTC;14:00;UTC;2,559
29.05.2026;14:00;UTC;14:15;UTC;0,527
29.05.2026;14:15;UTC;14:30;UTC;2,931
29.05.2026;14:30;UTC;14:45;UTC;7
29.05.2026;14:45;UTC;15:00;UTC;10,186
29.05.2026;15:00;UTC;15:15;UTC;7,314
29.05.2026;15:15;UTC;15:30;UTC;9,063
29.05.2026;15:30;UTC;15:45;UTC;11,168
29.05.2026;15:45;UTC;16:00;UTC;13,818
29.05.2026;16:00;UTC;16:15;UTC;11,236
29.05.2026;16:15;UTC;16:30;UTC;12,906
29.05.2026;16:30;UTC;16:45;UTC;14,524
29.05.2026;16:45;UTC;17:00;UTC;16,128
29.05.2026;17:00;UTC;17:15;UTC;14,617
29.05.2026;17:15;UTC;17:30;UTC;16,369
29.05.2026;17:30;UTC;17:45;UTC;18,434
29.05.2026;17:45;UTC;18:00;UTC;20,559
29.05.2026;18:00;UTC;18:15;UTC;21,239
29.05.2026;18:15;UTC;18:30;UTC;23,721
29.05.2026;18:30;UTC;18:45;UTC;25,166
29.05.2026;18:45;UTC;19:00;UTC;26,118
29.05.2026;19:00;UTC;19:15;UTC;23,799
29.05.2026;19:15;UTC;19:30;UTC;20,739
29.05.2026;19:30;UTC;19:45;UTC;19,235
29.05.2026;19:45;UTC;20:00;UTC;16,789
29.05.2026;20:00;UTC;20:15;UTC;18,299
29.05.2026;20:15;UTC;20:30;UTC;16,48
29.05.2026;20:30;UTC;20:45;UTC;15,527
29.05.2026;20:45;UTC;21:00;UTC;14,374
29.05.2026;21:00;UTC;21:15;UTC;15,299
29.05.2026;21:15;UTC;21:30;UTC;15,071
29.05.2026;21:30;UTC;21:45;UTC;14,276
29.05.2026;21:45;UTC;22:00;UTC;13,431
29.05.2026;22:00;UTC;22:15;UTC;14,5
29.05.2026;22:15;UTC;22:30;UTC;13,685
29.05.2026;22:30;UTC;22:45;UTC;13,243
29.05.2026;22:45;UTC;23:00;UTC;12,778
29.05.2026;23:00;UTC;23:15;UTC;13,339
29.05.2026;23:15;UTC;23:30;UTC;12,92
29.05.2026;23:30;UTC;23:45;UTC;12,654
29.05.2026;23:45;UTC;00:00;UTC;12,467
30.05.2026;00:00;UTC;00:15;UTC;12,501
30.05.2026;00:15;UTC;00:30;UTC;12,365
30.05.2026;00:30;UTC;00:45;UTC;12,4
30.05.2026;00:45;UTC;01:00;UTC;12,243
30.05.2026;01:00;UTC;01:15;UTC;12,223
30.05.2026;01:15;UTC;01:30;UTC;12,007
30.05.2026;01:30;UTC;01:45;UTC;12,086
30.05.2026;01:45;UTC;02:00;UTC;12,118
30.05.2026;02:00;UTC;02:15;UTC;12,277
30.05.2026;02:15;UTC;02:30;UTC;12,433
30.05.2026;02:30;UTC;02:45;UTC;12,626
30.05.2026;02:45;UTC;03:00;UTC;12,807
30.05.2026;03:00;UTC;03:15;UTC;12,862
30.05.2026;03:15;UTC;03:30;UTC;12,587
30.05.2026;03:30;UTC;03:45;UTC;12,4
30.05.2026;03:45;UTC;04:00;UTC;12,169
30.05.2026;04:00;UTC;04:15;UTC;12,356
30.05.2026;04:15;UTC;04:30;UTC;12,03
30.05.2026;04:30;UTC;04:45;UTC;11,964
30.05.2026;04:45;UTC;05:00;UTC;11,247
30.05.2026;05:00;UTC;05:15;UTC;12,053
30.05.2026;05:15;UTC;05:30;UTC;11,424
30.05.2026;05:30;UTC;05:45;UTC;10,848
30.05.2026;05:45;UTC;06:00;UTC;9,313
30.05.2026;06:00;UTC;06:15;UTC;11,709
30.05.2026;06:15;UTC;06:30;UTC;9,674
30.05.2026;06:30;UTC;06:45;UTC;7,931
30.05.2026;06:45;UTC;07:00;UTC;6,233
30.05.2026;07:00;UTC;07:15;UTC;7,559
30.05.2026;07:15;UTC;07:30;UTC;4,695
30.05.2026;07:30;UTC;07:45;UTC;1,659
30.05.2026;07:45;UTC;08:00;UTC;0,76
30.05.2026;08:00;UTC;08:15;UTC;0,999
30.05.2026;08:15;UTC;08:30;UTC;0,175
30.05.2026;08:30;UTC;08:45;UTC;0,01
30.05.2026;08:45;UTC;09:00;UTC;0
30.05.2026;09:00;UTC;09:15;UTC;0
30.05.2026;09:15;UTC;09:30;UTC;0
30.05.2026;09:30;UTC;09:45;UTC;-0,001
30.05.2026;09:45;UTC;10:00;UTC;-0,001
30.05.2026;10:00;UTC;10:15;UTC;-0,001
30.05.2026;10:15;UTC;10:30;UTC;-0,005
30.05.2026;10:30;UTC;10:45;UTC;-0,005
30.05.2026;10:45;UTC;11:00;UTC;-0,01
30.05.2026;11:00;UTC;11:15;UTC;-0,101
30.05.2026;11:15;UTC;11:30;UTC;-0,129
30.05.2026;11:30;UTC;11:45;UTC;-0,144
30.05.2026;11:45;UTC;12:00;UTC;-0,203
30.05.2026;12:00;UTC;12:15;UTC;-0,108
30.05.2026;12:15;UTC;12:30;UTC;-0,1
30.05.2026;12:30;UTC;12:45;UTC;-0,071
30.05.2026;12:45;UTC;13:00;UTC;-0,02
30.05.2026;13:00;UTC;13:15;UTC;-0,002
30.05.2026;13:15;UTC;13:30;UTC;-0,001
30.05.2026;13:30;UTC;13:45;UTC;-0,001
30.05.2026;13:45;UTC;14:00;UTC;0
30.05.2026;14:00;UTC;14:15;UTC;0
30.05.2026;14:15;UTC;14:30;UTC;0
30.05.2026;14:30;UTC;14:45;UTC;0,051
30.05.2026;14:45;UTC;15:00;UTC;1,152
30.05.2026;15:00;UTC;15:15;UTC;0,844
30.05.2026;15:15;UTC;15:30;UTC;4,908
30.05.2026;15:30;UTC;15:45;UTC;8,748
30.05.2026;15:45;UTC;16:00;UTC;10,5
30.05.2026;16:00;UTC;16:15;UTC;7,897
30.05.2026;16:15;UTC;16:30;UTC;10,219
30.05.2026;16:30;UTC;16:45;UTC;11,958
30.05.2026;16:45;UTC;17:00;UTC;12,729
30.05.2026;17:00;UTC;17:15;UTC;12,53
30.05.2026;17:15;UTC;17:30;UTC;13,24
30.05.2026;17:30;UTC;17:45;UTC;14,621
30.05.2026;17:45;UTC;18:00;UTC;15,558
30.05.2026;18:00;UTC;18:15;UTC;14,231
30.05.2026;18:15;UTC;18:30;UTC;15,52
30.05.2026;18:30;UTC;18:45;UTC;16,814
30.05.2026;18:45;UTC;19:00;UTC;17,645
30.05.2026;19:00;UTC;19:15;UTC;17,221
30.05.2026;19:15;UTC;19:30;UTC;17,038
30.05.2026;19:30;UTC;19:45;UTC;17,628
30.05.2026;19:45;UTC;20:00;UTC;16,851
30.05.2026;20:00;UTC;20:15;UTC;17,386
30.05.2026;20:15;UTC;20:30;UTC;16,092
30.05.2026;20:30;UTC;20:45;UTC;15,6
30.05.2026;20:45;UTC;21:00;UTC;14,683
30.05.2026;21:00;UTC;21:15;UTC;15,013
30.05.2026;21:15;UTC;21:30;UTC;14,271
30.05.2026;21:30;UTC;21:45;UTC;14,061
30.05.2026;21:45;UTC;22:00;UTC;13,871
30.05.2026;22:00;UTC;22:15;UTC;14,656
30.05.2026;22:15;UTC;22:30;UTC;13,9
30.05.2026;22:30;UTC;22:45;UTC;13,418
30.05.2026;22:45;UTC;23:00;UTC;12,591
30.05.2026;23:00;UTC;23:15;UTC;13,255
30.05.2026;23:15;UTC;23:30;UTC;12,961
30.05.2026;23:30;UTC;23:45;UTC;12,809
30.05.2026;23:45;UTC;00:00;UTC;12,617
31.05.2026;00:00;UTC;00:15;UTC;12,754
31.05.2026;00:15;UTC;00:30;UTC;12,655
31.05.2026;00:30;UTC;00:45;UTC;12,631
31.05.2026;00:45;UTC;01:00;UTC;12,326
31.05.2026;01:00;UTC;01:15;UTC;12,498
31.05.2026;01:15;UTC;01:30;UTC;12,408
31.05.2026;01:30;UTC;01:45;UTC;12,516
31.05.2026;01:45;UTC;02:00;UTC;12,657
31.05.2026;02:00;UTC;02:15;UTC;12,78
31.05.2026;02:15;UTC;02:30;UTC;12,76
31.05.2026;02:30;UTC;02:45;UTC;12,78
31.05.2026;02:45;UTC;03:00;UTC;12,46
31.05.2026;03:00;UTC;03:15;UTC;12,899
31.05.2026;03:15;UTC;03:30;UTC;12,468
31.05.2026;03:30;UTC;03:45;UTC;12,276
31.05.2026;03:45;UTC;04:00;UTC;11,7
31.05.2026;04:00;UTC;04:15;UTC;12,304
31.05.2026;04:15;UTC;04:30;UTC;11,982
31.05.2026;04:30;UTC;04:45;UTC;11,208
31.05.2026;04:45;UTC;05:00;UTC;10,507
31.05.2026;05:00;UTC;05:15;UTC;11,187
31.05.2026;05:15;UTC;05:30;UTC;10,572
31.05.2026;05:30;UTC;05:45;UTC;9,924
31.05.2026;05:45;UTC;06:00;UTC;8,541
31.05.2026;06:00;UTC;06:15;UTC;10,468
31.05.2026;06:15;UTC;06:30;UTC;9,456
31.05.2026;06:30;UTC;06:45;UTC;8,413
31.05.2026;06:45;UTC;07:00;UTC;7,838
31.05.2026;07:00;UTC;07:15;UTC;7,789
31.05.2026;07:15;UTC;07:30;UTC;6,252
31.05.2026;07:30;UTC;07:45;UTC;5,111
31.05.2026;07:45;UTC;08:00;UTC;3,364
31.05.2026;08:00;UTC;08:15;UTC;2,62
31.05.2026;08:15;UTC;08:30;UTC;0,406
31.05.2026;08:30;UTC;08:45;UTC;0,001
31.05.2026;08:45;UTC;09:00;UTC;0
31.05.2026;09:00;UTC;09:15;UTC;0
31.05.2026;09:15;UTC;09:30;UTC;0
31.05.2026;09:30;UTC;09:45;UTC;0
31.05.2026;09:45;UTC;10:00;UTC;0
31.05.2026;10:00;UTC;10:15;UTC;0
31.05.2026;10:15;UTC;10:30;UTC;0
31.05.2026;10:30;UTC;10:45;UTC;-0,001
31.05.2026;10:45;UTC;11:00;UTC;-0,001
31.05.2026;11:00;UTC;11:15;UTC;-0,001
31.05.2026;11:15;UTC;11:30;UTC;-0,001
31.05.2026;11:30;UTC;11:45;UTC;-0,001
31.05.2026;11:45;UTC;12:00;UTC;-0,001
31.05.2026;12:00;UTC;12:15;UTC;-0,001
31.05.2026;12:15;UTC;12:30;UTC;-0,001
31.05.2026;12:30;UTC;12:45;UTC;-0,001
31.05.2026;12:45;UTC;13:00;UTC;-0,001
31.05.2026;13:00;UTC;13:15;UTC;-0,001
31.05.2026;13:15;UTC;13:30;UTC;0
31.05.2026;13:30;UTC;13:45;UTC;0
31.05.2026;13:45;UTC;14:00;UTC;0,001
31.05.2026;14:00;UTC;14:15;UTC;0,773
31.05.2026;14:15;UTC;14:30;UTC;3,806
31.05.2026;14:30;UTC;14:45;UTC;6,388
31.05.2026;14:45;UTC;15:00;UTC;8,634
31.05.2026;15:00;UTC;15:15;UTC;6,594
31.05.2026;15:15;UTC;15:30;UTC;8,941
31.05.2026;15:30;UTC;15:45;UTC;10,4
31.05.2026;15:45;UTC;16:00;UTC;12,435
31.05.2026;16:00;UTC;16:15;UTC;10,4
31.05.2026;16:15;UTC;16:30;UTC;11,902
31.05.2026;16:30;UTC;16:45;UTC;13,647
31.05.2026;16:45;UTC;17:00;UTC;14,957
31.05.2026;17:00;UTC;17:15;UTC;13,177
31.05.2026;17:15;UTC;17:30;UTC;13,798
31.05.2026;17:30;UTC;17:45;UTC;14,522
31.05.2026;17:45;UTC;18:00;UTC;15,051
31.05.2026;18:00;UTC;18:15;UTC;14,407
31.05.2026;18:15;UTC;18:30;UTC;14,798
31.05.2026;18:30;UTC;18:45;UTC;15,735
31.05.2026;18:45;UTC;19:00;UTC;16,165
31.05.2026;19:00;UTC;19:15;UTC;15,851
31.05.2026;19:15;UTC;19:30;UTC;15,556
31.05.2026;19:30;UTC;19:45;UTC;15,478
31.05.2026;19:45;UTC;20:00;UTC;15,529
31.05.2026;20:00;UTC;20:15;UTC;16,216
31.05.2026;20:15;UTC;20:30;UTC;15,486
31.05.2026;20:30;UTC;20:45;UTC;15,094
31.05.2026;20:45;UTC;21:00;UTC;14,455
31.05.2026;21:00;UTC;21:15;UTC;15,152
31.05.2026;21:15;UTC;21:30;UTC;14,695
31.05.2026;21:30;UTC;21:45;UTC;14,299
31.05.2026;21:45;UTC;22:00;UTC;13,993
31.05.2026;22:00;UTC;22:15;UTC;15,103
31.05.2026;22:15;UTC;22:30;UTC;13,897
31.05.2026;22:30;UTC;22:45;UTC;14,084
31.05.2026;22:45;UTC;23:00;UTC;13,319
31.05.2026;23:00;UTC;23:15;UTC;13,853
31.05.2026;23:15;UTC;23:30;UTC;12,939
31.05.2026;23:30;UTC;23:45;UTC;12,437
31.05.2026;23:45;UTC;00:00;UTC;12,073
01.06.2026;00:00;UTC;00:15;UTC;12,129
01.06.2026;00:15;UTC;00:30;UTC;12,57
01.06.2026;00:30;UTC;00:45;UTC;12,402
01.06.2026;00:45;UTC;01:00;UTC;12,154
01.06.2026;01:00;UTC;01:15;UTC;12,012
01.06.2026;01:15;UTC;01:30;UTC;12,014
01.06.2026;01:30;UTC;01:45;UTC;12,027
01.06.2026;01:45;UTC;02:00;UTC;12,065
01.06.2026;02:00;UTC;02:15;UTC;12,077
01.06.2026;02:15;UTC;02:30;UTC;12,149
01.06.2026;02:30;UTC;02:45;UTC;12,599
01.06.2026;02:45;UTC;03:00;UTC;12,97
01.06.2026;03:00;UTC;03:15;UTC;12,465
01.06.2026;03:15;UTC;03:30;UTC;13,016
01.06.2026;03:30;UTC;03:45;UTC;13,823
01.06.2026;03:45;UTC;04:00;UTC;14,733
01.06.2026;04:00;UTC;04:15;UTC;15,976
01.06.2026;04:15;UTC;04:30;UTC;17,217
01.06.2026;04:30;UTC;04:45;UTC;16,283
01.06.2026;04:45;UTC;05:00;UTC;16,136
01.06.2026;05:00;UTC;05:15;UTC;17,407
01.06.2026;05:15;UTC;05:30;UTC;16,115
01.06.2026;05:30;UTC;05:45;UTC;15,5
01.06.2026;05:45;UTC;06:00;UTC;14,978
01.06.2026;06:00;UTC;06:15;UTC;17,653
01.06.2026;06:15;UTC;06:30;UTC;16,541
01.06.2026;06:30;UTC;06:45;UTC;14,168
01.06.2026;06:45;UTC;07:00;UTC;12,324
01.06.2026;07:00;UTC;07:15;UTC;16,251
01.06.2026;07:15;UTC;07:30;UTC;13,813
01.06.2026;07:30;UTC;07:45;UTC;12,074
01.06.2026;07:45;UTC;08:00;UTC;11,142
01.06.2026;08:00;UTC;08:15;UTC;12,991
01.06.2026;08:15;UTC;08:30;UTC;11,59
01.06.2026;08:30;UTC;08:45;UTC;11,369
01.06.2026;08:45;UTC;09:00;UTC;11,114
01.06.2026;09:00;UTC;09:15;UTC;11,631
01.06.2026;09:15;UTC;09:30;UTC;11,136
01.06.2026;09:30;UTC;09:45;UTC;10,679
01.06.2026;09:45;UTC;10:00;UTC;9,811
01.06.2026;10:00;UTC;10:15;UTC;10,001
01.06.2026;10:15;UTC;10:30;UTC;9,333
01.06.2026;10:30;UTC;10:45;UTC;9,181
01.06.2026;10:45;UTC;11:00;UTC;8,718
01.06.2026;11:00;UTC;11:15;UTC;9,262
01.06.2026;11:15;UTC;11:30;UTC;9,221
01.06.2026;11:30;UTC;11:45;UTC;8,845
01.06.2026;11:45;UTC;12:00;UTC;8,635
01.06.2026;12:00;UTC;12:15;UTC;8,635
01.06.2026;12:15;UTC;12:30;UTC;8,695
01.06.2026;12:30;UTC;12:45;UTC;8,661
01.06.2026;12:45;UTC;13:00;UTC;8,988
01.06.2026;13:00;UTC;13:15;UTC;8,6
01.06.2026;13:15;UTC;13:30;UTC;9,259
01.06.2026;13:30;UTC;13:45;UTC;9,55
01.06.2026;13:45;UTC;14:00;UTC;10,63
01.06.2026;14:00;UTC;14:15;UTC;8,899
01.06.2026;14:15;UTC;14:30;UTC;9,953
01.06.2026;14:30;UTC;14:45;UTC;11,132
01.06.2026;14:45;UTC;15:00;UTC;12,71
01.06.2026;15:00;UTC;15:15;UTC;10,554
01.06.2026;15:15;UTC;15:30;UTC;11,363
01.06.2026;15:30;UTC;15:45;UTC;13,1
01.06.2026;15:45;UTC;16:00;UTC;15,08
01.06.2026;16:00;UTC;16:15;UTC;11,273
01.06.2026;16:15;UTC;16:30;UTC;12,846
01.06.2026;16:30;UTC;16:45;UTC;14,776
01.06.2026;16:45;UTC;17:00;UTC;17,688
01.06.2026;17:00;UTC;17:15;UTC;16,394
01.06.2026;17:15;UTC;17:30;UTC;18,699
01.06.2026;17:30;UTC;17:45;UTC;23
01.06.2026;17:45;UTC;18:00;UTC;32,552
01.06.2026;18:00;UTC;18:15;UTC;27,825
01.06.2026;18:15;UTC;18:30;UTC;34,048
01.06.2026;18:30;UTC;18:45;UTC;38
01.06.2026;18:45;UTC;19:00;UTC;42,228
01.06.2026;19:00;UTC;19:15;UTC;39,991
01.06.2026;19:15;UTC;19:30;UTC;35,857
01.06.2026;19:30;UTC;19:45;UTC;31,136
01.06.2026;19:45;UTC;20:00;UTC;26,363
01.06.2026;20:00;UTC;20:15;UTC;31,197
01.06.2026;20:15;UTC;20:30;UTC;23,197
01.06.2026;20:30;UTC;20:45;UTC;18,632
01.06.2026;20:45;UTC;21:00;UTC;15,975
01.06.2026;21:00;UTC;21:15;UTC;17,544
01.06.2026;21:15;UTC;21:30;UTC;16,46
01.06.2026;21:30;UTC;21:45;UTC;15,698
01.06.2026;21:45;UTC;22:00;UTC;14,708
01.06.2026;22:00;UTC;22:15;UTC;15,173
01.06.2026;22:15;UTC;22:30;UTC;14,216
01.06.2026;22:30;UTC;22:45;UTC;14,201
01.06.2026;22:45;UTC;23:00;UTC;13,236
01.06.2026;23:00;UTC;23:15;UTC;14,481
01.06.2026;23:15;UTC;23:30;UTC;13,177
01.06.2026;23:30;UTC;23:45;UTC;12,761
01.06.2026;23:45;UTC;00:00;UTC;12,27
02.06.2026;00:00;UTC;00:15;UTC;12,894
02.06.2026;00:15;UTC;00:30;UTC;12,498
02.06.2026;00:30;UTC;00:45;UTC;12,461
02.06.2026;00:45;UTC;01:00;UTC;12,181
02.06.2026;01:00;UTC;01:15;UTC;12,369
02.06.2026;01:15;UTC;01:30;UTC;12,071
02.06.2026;01:30;UTC;01:45;UTC;12,02
02.06.2026;01:45;UTC;02:00;UTC;11,906
02.06.2026;02:00;UTC;02:15;UTC;11,881
02.06.2026;02:15;UTC;02:30;UTC;11,901
02.06.2026;02:30;UTC;02:45;UTC;12,072
02.06.2026;02:45;UTC;03:00;UTC;12,397
02.06.2026;03:00;UTC;03:15;UTC;12,156
02.06.2026;03:15;UTC;03:30;UTC;12,236
02.06.2026;03:30;UTC;03:45;UTC;12,5
02.06.2026;03:45;UTC;04:00;UTC;12,794
02.06.2026;04:00;UTC;04:15;UTC;12,896
02.06.2026;04:15;UTC;04:30;UTC;13,576
02.06.2026;04:30;UTC;04:45;UTC;13,4
02.06.2026;04:45;UTC;05:00;UTC;12,539
02.06.2026;05:00;UTC;05:15;UTC;13,908
02.06.2026;05:15;UTC;05:30;UTC;13,296
02.06.2026;05:30;UTC;05:45;UTC;13,042
02.06.2026;05:45;UTC;06:00;UTC;12,472
02.06.2026;06:00;UTC;06:15;UTC;13,023
02.06.2026;06:15;UTC;06:30;UTC;12,702
02.06.2026;06:30;UTC;06:45;UTC;11,872
02.06.2026;06:45;UTC;07:00;UTC;10,836
02.06.2026;07:00;UTC;07:15;UTC;12,193
02.06.2026;07:15;UTC;07:30;UTC;10,809
02.06.2026;07:30;UTC;07:45;UTC;9,754
02.06.2026;07:45;UTC;08:00;UTC;9,408
02.06.2026;08:00;UTC;08:15;UTC;9,893
02.06.2026;08:15;UTC;08:30;UTC;9,324
02.06.2026;08:30;UTC;08:45;UTC;8,946
02.06.2026;08:45;UTC;09:00;UTC;8,043
02.06.2026;09:00;UTC;09:15;UTC;8,982
02.06.2026;09:15;UTC;09:30;UTC;8,605
02.06.2026;09:30;UTC;09:45;UTC;8,277
02.06.2026;09:45;UTC;10:00;UTC;8,016
02.06.2026;10:00;UTC;10:15;UTC;7,976
02.06.2026;10:15;UTC;10:30;UTC;7,886
02.06.2026;10:30;UTC;10:45;UTC;7,941
02.06.2026;10:45;UTC;11:00;UTC;8,314
02.06.2026;11:00;UTC;11:15;UTC;8,009
02.06.2026;11:15;UTC;11:30;UTC;8,56
02.06.2026;11:30;UTC;11:45;UTC;8,652
02.06.2026;11:45;UTC;12:00;UTC;8,762
02.06.2026;12:00;UTC;12:15;UTC;8,491
02.06.2026;12:15;UTC;12:30;UTC;8,921
02.06.2026;12:30;UTC;12:45;UTC;9,25
02.06.2026;12:45;UTC;13:00;UTC;9,651
02.06.2026;13:00;UTC;13:15;UTC;9,188
02.06.2026;13:15;UTC;13:30;UTC;9,65
02.06.2026;13:30;UTC;13:45;UTC;10,183
02.06.2026;13:45;UTC;14:00;UTC;10,874
02.06.2026;14:00;UTC;14:15;UTC;10,125
02.06.2026;14:15;UTC;14:30;UTC;10,734
02.06.2026;14:30;UTC;14:45;UTC;11,432
02.06.2026;14:45;UTC;15:00;UTC;12,608
02.06.2026;15:00;UTC;15:15;UTC;12,058
02.06.2026;15:15;UTC;15:30;UTC;12,628
02.06.2026;15:30;UTC;15:45;UTC;13,406
02.06.2026;15:45;UTC;16:00;UTC;14,363
02.06.2026;16:00;UTC;16:15;UTC;13,546
02.06.2026;16:15;UTC;16:30;UTC;14,277
02.06.2026;16:30;UTC;16:45;UTC;14,872
02.06.2026;16:45;UTC;17:00;UTC;16,096
02.06.2026;17:00;UTC;17:15;UTC;15,6
02.06.2026;17:15;UTC;17:30;UTC;16,295
02.06.2026;17:30;UTC;17:45;UTC;17,518
02.06.2026;17:45;UTC;18:00;UTC;17,762
02.06.2026;18:00;UTC;18:15;UTC;17,693
02.06.2026;18:15;UTC;18:30;UTC;16,694
02.06.2026;18:30;UTC;18:45;UTC;16,429
02.06.2026;18:45;UTC;19:00;UTC;16,093
02.06.2026;19:00;UTC;19:15;UTC;16,528
02.06.2026;19:15;UTC;19:30;UTC;15,6
02.06.2026;19:30;UTC;19:45;UTC;14,903
02.06.2026;19:45;UTC;20:00;UTC;13,899
02.06.2026;20:00;UTC;20:15;UTC;14,613
02.06.2026;20:15;UTC;20:30;UTC;14,267
02.06.2026;20:30;UTC;20:45;UTC;13,794
02.06.2026;20:45;UTC;21:00;UTC;13,5
02.06.2026;21:00;UTC;21:15;UTC;13,709
02.06.2026;21:15;UTC;21:30;UTC;12,603
02.06.2026;21:30;UTC;21:45;UTC;12,479
02.06.2026;21:45;UTC;22:00;UTC;11,304
02.06.2026;22:00;UTC;22:15;UTC;11,91
02.06.2026;22:15;UTC;22:30;UTC;11,81
02.06.2026;22:30;UTC;22:45;UTC;11,501
02.06.2026;22:45;UTC;23:00;UTC;11,299
02.06.2026;23:00;UTC;23:15;UTC;11,501
02.06.2026;23:15;UTC;23:30;UTC;11,32
02.06.2026;23:30;UTC;23:45;UTC;11,11
02.06.2026;23:45;UTC;00:00;UTC;10,827
03.06.2026;00:00;UTC;00:15;UTC;10,975
03.06.2026;00:15;UTC;00:30;UTC;10,768
03.06.2026;00:30;UTC;00:45;UTC;10,776
03.06.2026;00:45;UTC;01:00;UTC;10,688
03.06.2026;01:00;UTC;01:15;UTC;10,75
03.06.2026;01:15;UTC;01:30;UTC;10,663
03.06.2026;01:30;UTC;01:45;UTC;10,673
03.06.2026;01:45;UTC;02:00;UTC;10,834
03.06.2026;02:00;UTC;02:15;UTC;10,652
03.06.2026;02:15;UTC;02:30;UTC;10,642
03.06.2026;02:30;UTC;02:45;UTC;10,768
03.06.2026;02:45;UTC;03:00;UTC;10,814
03.06.2026;03:00;UTC;03:15;UTC;10,829
03.06.2026;03:15;UTC;03:30;UTC;10,984
03.06.2026;03:30;UTC;03:45;UTC;11,369
03.06.2026;03:45;UTC;04:00;UTC;12,128
03.06.2026;04:00;UTC;04:15;UTC;12,734
03.06.2026;04:15;UTC;04:30;UTC;13,018
03.06.2026;04:30;UTC;04:45;UTC;13,223
03.06.2026;04:45;UTC;05:00;UTC;13,32
03.06.2026;05:00;UTC;05:15;UTC;14,442
03.06.2026;05:15;UTC;05:30;UTC;13,954
03.06.2026;05:30;UTC;05:45;UTC;13,402
03.06.2026;05:45;UTC;06:00;UTC;12,934
03.06.2026;06:00;UTC;06:15;UTC;14,641
03.06.2026;06:15;UTC;06:30;UTC;13,532
03.06.2026;06:30;UTC;06:45;UTC;12,927
03.06.2026;06:45;UTC;07:00;UTC;11,331
03.06.2026;07:00;UTC;07:15;UTC;13,327
03.06.2026;07:15;UTC;07:30;UTC;11,689
03.06.2026;07:30;UTC;07:45;UTC;10,627
03.06.2026;07:45;UTC;08:00;UTC;9,216
03.06.2026;08:00;UTC;08:15;UTC;10,32
03.06.2026;08:15;UTC;08:30;UTC;9,448
03.06.2026;08:30;UTC;08:45;UTC;9,293
03.06.2026;08:45;UTC;09:00;UTC;8,576
03.06.2026;09:00;UTC;09:15;UTC;8,995
03.06.2026;09:15;UTC;09:30;UTC;8,24
03.06.2026;09:30;UTC;09:45;UTC;8,204
03.06.2026;09:45;UTC;10:00;UTC;6,66
03.06.2026;10:00;UTC;10:15;UTC;7,752
03.06.2026;10:15;UTC;10:30;UTC;6,5
03.06.2026;10:30;UTC;10:45;UTC;5,237
03.06.2026;10:45;UTC;11:00;UTC;3,779
03.06.2026;11:00;UTC;11:15;UTC;5,009
03.06.2026;11:15;UTC;11:30;UTC;4
03.06.2026;11:30;UTC;11:45;UTC;3,535
03.06.2026;11:45;UTC;12:00;UTC;2,589
03.06.2026;12:00;UTC;12:15;UTC;2,921
03.06.2026;12:15;UTC;12:30;UTC;3,606
03.06.2026;12:30;UTC;12:45;UTC;3,788
03.06.2026;12:45;UTC;13:00;UTC;4,902
03.06.2026;13:00;UTC;13:15;UTC;2,938
03.06.2026;13:15;UTC;13:30;UTC;4,481
03.06.2026;13:30;UTC;13:45;UTC;4,875
03.06.2026;13:45;UTC;14:00;UTC;6,546
03.06.2026;14:00;UTC;14:15;UTC;4,472
03.06.2026;14:15;UTC;14:30;UTC;7,098
03.06.2026;14:30;UTC;14:45;UTC;8,414
03.06.2026;14:45;UTC;15:00;UTC;10,776
03.06.2026;15:00;UTC;15:15;UTC;6,787
03.06.2026;15:15;UTC;15:30;UTC;8,598
03.06.2026;15:30;UTC;15:45;UTC;10,637
03.06.2026;15:45;UTC;16:00;UTC;12,191
03.06.2026;16:00;UTC;16:15;UTC;10,326
03.06.2026;16:15;UTC;16:30;UTC;11,596
03.06.2026;16:30;UTC;16:45;UTC;13,081
03.06.2026;16:45;UTC;17:00;UTC;13,872
03.06.2026;17:00;UTC;17:15;UTC;12,593
03.06.2026;17:15;UTC;17:30;UTC;13,181
03.06.2026;17:30;UTC;17:45;UTC;14,158
03.06.2026;17:45;UTC;18:00;UTC;15,415
03.06.2026;18:00;UTC;18:15;UTC;14,65
03.06.2026;18:15;UTC;18:30;UTC;14,784
03.06.2026;18:30;UTC;18:45;UTC;14,529
03.06.2026;18:45;UTC;19:00;UTC;14,532
03.06.2026;19:00;UTC;19:15;UTC;14,996
03.06.2026;19:15;UTC;19:30;UTC;13,708
03.06.2026;19:30;UTC;19:45;UTC;12,764
03.06.2026;19:45;UTC;20:00;UTC;11,9
03.06.2026;20:00;UTC;20:15;UTC;13,6
03.06.2026;20:15;UTC;20:30;UTC;12,467
03.06.2026;20:30;UTC;20:45;UTC;11,773
03.06.2026;20:45;UTC;21:00;UTC;10,541
03.06.2026;21:00;UTC;21:15;UTC;11,309
03.06.2026;21:15;UTC;21:30;UTC;10,313
03.06.2026;21:30;UTC;21:45;UTC;9,9
03.06.2026;21:45;UTC;22:00;UTC;8,241
03.06.2026;22:00;UTC;22:15;UTC;10,055
03.06.2026;22:15;UTC;22:30;UTC;9,02
03.06.2026;22:30;UTC;22:45;UTC;8,564
03.06.2026;22:45;UTC;23:00;UTC;6,843
03.06.2026;23:00;UTC;23:15;UTC;8,046
03.06.2026;23:15;UTC;23:30;UTC;7,981
03.06.2026;23:30;UTC;23:45;UTC;7,325
03.06.2026;23:45;UTC;00:00;UTC;6,843
04.06.2026;00:00;UTC;00:15;UTC;6,867
04.06.2026;00:15;UTC;00:30;UTC;6,87
04.06.2026;00:30;UTC;00:45;UTC;6,706
04.06.2026;00:45;UTC;01:00;UTC;6,325
04.06.2026;01:00;UTC;01:15;UTC;6,84
04.06.2026;01:15;UTC;01:30;UTC;6,582
04.06.2026;01:30;UTC;01:45;UTC;6,698
04.06.2026;01:45;UTC;02:00;UTC;6,869
04.06.2026;02:00;UTC;02:15;UTC;6,649
04.06.2026;02:15;UTC;02:30;UTC;6,62
04.06.2026;02:30;UTC;02:45;UTC;6,617
04.06.2026;02:45;UTC;03:00;UTC;7,431
04.06.2026;03:00;UTC;03:15;UTC;6,861
04.06.2026;03:15;UTC;03:30;UTC;6,999
04.06.2026;03:30;UTC;03:45;UTC;7,414
04.06.2026;03:45;UTC;04:00;UTC;7,2
04.06.2026;04:00;UTC;04:15;UTC;7,172
04.06.2026;04:15;UTC;04:30;UTC;7,589
04.06.2026;04:30;UTC;04:45;UTC;7,675
04.06.2026;04:45;UTC;05:00;UTC;7,152
04.06.2026;05:00;UTC;05:15;UTC;9,403
04.06.2026;05:15;UTC;05:30;UTC;9,105
04.06.2026;05:30;UTC;05:45;UTC;8,451
04.06.2026;05:45;UTC;06:00;UTC;7,873
04.06.2026;06:00;UTC;06:15;UTC;10,237
04.06.2026;06:15;UTC;06:30;UTC;8,514
04.06.2026;06:30;UTC;06:45;UTC;6,915
04.06.2026;06:45;UTC;07:00;UTC;4,582
04.06.2026;07:00;UTC;07:15;UTC;6,24
04.06.2026;07:15;UTC;07:30;UTC;4,38
04.06.2026;07:30;UTC;07:45;UTC;2,054
04.06.2026;07:45;UTC;08:00;UTC;0,976
04.06.2026;08:00;UTC;08:15;UTC;1,414
04.06.2026;08:15;UTC;08:30;UTC;0,5
04.06.2026;08:30;UTC;08:45;UTC;0,002
04.06.2026;08:45;UTC;09:00;UTC;0
04.06.2026;09:00;UTC;09:15;UTC;0
04.06.2026;09:15;UTC;09:30;UTC;0
04.06.2026;09:30;UTC;09:45;UTC;0
04.06.2026;09:45;UTC;10:00;UTC;-0,001
04.06.2026;10:00;UTC;10:15;UTC;-0,001
04.06.2026;10:15;UTC;10:30;UTC;-0,003
04.06.2026;10:30;UTC;10:45;UTC;-0,003
04.06.2026;10:45;UTC;11:00;UTC;-0,003
04.06.2026;11:00;UTC;11:15;UTC;-0,003
04.06.2026;11:15;UTC;11:30;UTC;-0,005
04.06.2026;11:30;UTC;11:45;UTC;-0,003
04.06.2026;11:45;UTC;12:00;UTC;-0,008
04.06.2026;12:00;UTC;12:15;UTC;-0,004
04.06.2026;12:15;UTC;12:30;UTC;-0,005
04.06.2026;12:30;UTC;12:45;UTC;-0,004
04.06.2026;12:45;UTC;13:00;UTC;-0,001
04.06.2026;13:00;UTC;13:15;UTC;-0,001
04.06.2026;13:15;UTC;13:30;UTC;0
04.06.2026;13:30;UTC;13:45;UTC;0,003
04.06.2026;13:45;UTC;14:00;UTC;0,645
04.06.2026;14:00;UTC;14:15;UTC;0,63
04.06.2026;14:15;UTC;14:30;UTC;1,467
04.06.2026;14:30;UTC;14:45;UTC;3,498
04.06.2026;14:45;UTC;15:00;UTC;5,86
04.06.2026;15:00;UTC;15:15;UTC;3,706
04.06.2026;15:15;UTC;15:30;UTC;6,069
04.06.2026;15:30;UTC;15:45;UTC;8,413
04.06.2026;15:45;UTC;16:00;UTC;9,873
04.06.2026;16:00;UTC;16:15;UTC;7,44
04.06.2026;16:15;UTC;16:30;UTC;9,681
04.06.2026;16:30;UTC;16:45;UTC;11,751
04.06.2026;16:45;UTC;17:00;UTC;11,729
04.06.2026;17:00;UTC;17:15;UTC;10,501
04.06.2026;17:15;UTC;17:30;UTC;11,228
04.06.2026;17:30;UTC;17:45;UTC;11,762
04.06.2026;17:45;UTC;18:00;UTC;12,175
04.06.2026;18:00;UTC;18:15;UTC;11,427
04.06.2026;18:15;UTC;18:30;UTC;11,746
04.06.2026;18:30;UTC;18:45;UTC;11,956
04.06.2026;18:45;UTC;19:00;UTC;12,056
04.06.2026;19:00;UTC;19:15;UTC;11,592
04.06.2026;19:15;UTC;19:30;UTC;11,636
04.06.2026;19:30;UTC;19:45;UTC;11,56
04.06.2026;19:45;UTC;20:00;UTC;11,361
04.06.2026;20:00;UTC;20:15;UTC;11,596
04.06.2026;20:15;UTC;20:30;UTC;11,212
04.06.2026;20:30;UTC;20:45;UTC;11,168
04.06.2026;20:45;UTC;21:00;UTC;10,7
04.06.2026;21:00;UTC;21:15;UTC;10,724
04.06.2026;21:15;UTC;21:30;UTC;10,344
04.06.2026;21:30;UTC;21:45;UTC;9,931
04.06.2026;21:45;UTC;22:00;UTC;9,021
04.06.2026;22:00;UTC;22:15;UTC;9,368
04.06.2026;22:15;UTC;22:30;UTC;8,073
04.06.2026;22:30;UTC;22:45;UTC;7,507
04.06.2026;22:45;UTC;23:00;UTC;7,33
04.06.2026;23:00;UTC;23:15;UTC;8,211
04.06.2026;23:15;UTC;23:30;UTC;7,921
04.06.2026;23:30;UTC;23:45;UTC;8,074
04.06.2026;23:45;UTC;00:00;UTC;7,573
05.06.2026;00:00;UTC;00:15;UTC;7,252
05.06.2026;00:15;UTC;00:30;UTC;8,338
05.06.2026;00:30;UTC;00:45;UTC;8,65
05.06.2026;00:45;UTC;01:00;UTC;9,139
05.06.2026;01:00;UTC;01:15;UTC;9,214
05.06.2026;01:15;UTC;01:30;UTC;8,415
05.06.2026;01:30;UTC;01:45;UTC;8,28
05.06.2026;01:45;UTC;02:00;UTC;8,101
05.06.2026;02:00;UTC;02:15;UTC;8,09
05.06.2026;02:15;UTC;02:30;UTC;8,68
05.06.2026;02:30;UTC;02:45;UTC;9,181
05.06.2026;02:45;UTC;03:00;UTC;9,982
05.06.2026;03:00;UTC;03:15;UTC;9,054
05.06.2026;03:15;UTC;03:30;UTC;9,31
05.06.2026;03:30;UTC;03:45;UTC;9,686
05.06.2026;03:45;UTC;04:00;UTC;10,853
05.06.2026;04:00;UTC;04:15;UTC;11,346
05.06.2026;04:15;UTC;04:30;UTC;11,575
05.06.2026;04:30;UTC;04:45;UTC;11,526
05.06.2026;04:45;UTC;05:00;UTC;11,512
05.06.2026;05:00;UTC;05:15;UTC;12,611
05.06.2026;05:15;UTC;05:30;UTC;11,928
05.06.2026;05:30;UTC;05:45;UTC;11,672
05.06.2026;05:45;UTC;06:00;UTC;11,236
05.06.2026;06:00;UTC;06:15;UTC;12,168
05.06.2026;06:15;UTC;06:30;UTC;11,466
05.06.2026;06:30;UTC;06:45;UTC;11,324
05.06.2026;06:45;UTC;07:00;UTC;10,569
05.06.2026;07:00;UTC;07:15;UTC;11,716
05.06.2026;07:15;UTC;07:30;UTC;11,051
05.06.2026;07:30;UTC;07:45;UTC;9,2
05.06.2026;07:45;UTC;08:00;UTC;7,353
05.06.2026;08:00;UTC;08:15;UTC;10,508
05.06.2026;08:15;UTC;08:30;UTC;9,264
05.06.2026;08:30;UTC;08:45;UTC;7,566
05.06.2026;08:45;UTC;09:00;UTC;7,108
05.06.2026;09:00;UTC;09:15;UTC;8,191
05.06.2026;09:15;UTC;09:30;UTC;7,747
05.06.2026;09:30;UTC;09:45;UTC;6,478
05.06.2026;09:45;UTC;10:00;UTC;5,914
05.06.2026;10:00;UTC;10:15;UTC;5,903
05.06.2026;10:15;UTC;10:30;UTC;4,578
05.06.2026;10:30;UTC;10:45;UTC;4,003
05.06.2026;10:45;UTC;11:00;UTC;3,598
05.06.2026;11:00;UTC;11:15;UTC;4,204
05.06.2026;11:15;UTC;11:30;UTC;3,635
05.06.2026;11:30;UTC;11:45;UTC;3,373
05.06.2026;11:45;UTC;12:00;UTC;2,459
05.06.2026;12:00;UTC;12:15;UTC;2,547
05.06.2026;12:15;UTC;12:30;UTC;2,471
05.06.2026;12:30;UTC;12:45;UTC;2,723
05.06.2026;12:45;UTC;13:00;UTC;3,139
05.06.2026;13:00;UTC;13:15;UTC;1,6
05.06.2026;13:15;UTC;13:30;UTC;2,76
05.06.2026;13:30;UTC;13:45;UTC;4,496
05.06.2026;13:45;UTC;14:00;UTC;6,348
05.06.2026;14:00;UTC;14:15;UTC;4,597
05.06.2026;14:15;UTC;14:30;UTC;6,126
05.06.2026;14:30;UTC;14:45;UTC;7,943
05.06.2026;14:45;UTC;15:00;UTC;10,356
05.06.2026;15:00;UTC;15:15;UTC;7,227
05.06.2026;15:15;UTC;15:30;UTC;9,716
05.06.2026;15:30;UTC;15:45;UTC;11,499
05.06.2026;15:45;UTC;16:00;UTC;13,259
05.06.2026;16:00;UTC;16:15;UTC;10,054
05.06.2026;16:15;UTC;16:30;UTC;12,066
05.06.2026;16:30;UTC;16:45;UTC;13,723
05.06.2026;16:45;UTC;17:00;UTC;15,718
05.06.2026;17:00;UTC;17:15;UTC;12,708
05.06.2026;17:15;UTC;17:30;UTC;14,43
05.06.2026;17:30;UTC;17:45;UTC;15,807
05.06.2026;17:45;UTC;18:00;UTC;17,254
05.06.2026;18:00;UTC;18:15;UTC;16,488
05.06.2026;18:15;UTC;18:30;UTC;17,24
05.06.2026;18:30;UTC;18:45;UTC;18,902
05.06.2026;18:45;UTC;19:00;UTC;19,001
05.06.2026;19:00;UTC;19:15;UTC;19,472
05.06.2026;19:15;UTC;19:30;UTC;19,247
05.06.2026;19:30;UTC;19:45;UTC;18,989
05.06.2026;19:45;UTC;20:00;UTC;18,034
05.06.2026;20:00;UTC;20:15;UTC;18,258
05.06.2026;20:15;UTC;20:30;UTC;17,099
05.06.2026;20:30;UTC;20:45;UTC;16,424
05.06.2026;20:45;UTC;21:00;UTC;15,873
05.06.2026;21:00;UTC;21:15;UTC;16,375
05.06.2026;21:15;UTC;21:30;UTC;15,392
05.06.2026;21:30;UTC;21:45;UTC;14,858
05.06.2026;21:45;UTC;22:00;UTC;14,199
05.06.2026;22:00;UTC;22:15;UTC;16,404
05.06.2026;22:15;UTC;22:30;UTC;15,118
05.06.2026;22:30;UTC;22:45;UTC;14,401
05.06.2026;22:45;UTC;23:00;UTC;13,374
05.06.2026;23:00;UTC;23:15;UTC;13,99
05.06.2026;23:15;UTC;23:30;UTC;13,651
05.06.2026;23:30;UTC;23:45;UTC;13,48
05.06.2026;23:45;UTC;00:00;UTC;13,751
06.06.2026;00:00;UTC;00:15;UTC;13,942
06.06.2026;00:15;UTC;00:30;UTC;13,701
06.06.2026;00:30;UTC;00:45;UTC;13,154
06.06.2026;00:45;UTC;01:00;UTC;13,119
06.06.2026;01:00;UTC;01:15;UTC;11,894
06.06.2026;01:15;UTC;01:30;UTC;11,617
06.06.2026;01:30;UTC;01:45;UTC;11,539
06.06.2026;01:45;UTC;02:00;UTC;11,417
06.06.2026;02:00;UTC;02:15;UTC;12,947
06.06.2026;02:15;UTC;02:30;UTC;13,076
06.06.2026;02:30;UTC;02:45;UTC;13,055
06.06.2026;02:45;UTC;03:00;UTC;12,995
06.06.2026;03:00;UTC;03:15;UTC;13,354
06.06.2026;03:15;UTC;03:30;UTC;12,72
06.06.2026;03:30;UTC;03:45;UTC;12,349
06.06.2026;03:45;UTC;04:00;UTC;11,991
06.06.2026;04:00;UTC;04:15;UTC;12,473
06.06.2026;04:15;UTC;04:30;UTC;12,126
06.06.2026;04:30;UTC;04:45;UTC;11,652
06.06.2026;04:45;UTC;05:00;UTC;10,825
06.06.2026;05:00;UTC;05:15;UTC;12,279
06.06.2026;05:15;UTC;05:30;UTC;11,23
06.06.2026;05:30;UTC;05:45;UTC;9,737
06.06.2026;05:45;UTC;06:00;UTC;7,68
06.06.2026;06:00;UTC;06:15;UTC;10,597
06.06.2026;06:15;UTC;06:30;UTC;9,221
06.06.2026;06:30;UTC;06:45;UTC;7,206
06.06.2026;06:45;UTC;07:00;UTC;5,383
06.06.2026;07:00;UTC;07:15;UTC;6,914
06.06.2026;07:15;UTC;07:30;UTC;5,281
06.06.2026;07:30;UTC;07:45;UTC;5,214
06.06.2026;07:45;UTC;08:00;UTC;2,591
06.06.2026;08:00;UTC;08:15;UTC;3,142
06.06.2026;08:15;UTC;08:30;UTC;1,843
06.06.2026;08:30;UTC;08:45;UTC;0,911
06.06.2026;08:45;UTC;09:00;UTC;0,001
06.06.2026;09:00;UTC;09:15;UTC;0,007
06.06.2026;09:15;UTC;09:30;UTC;0,003
06.06.2026;09:30;UTC;09:45;UTC;0,003
06.06.2026;09:45;UTC;10:00;UTC;0
06.06.2026;10:00;UTC;10:15;UTC;0
06.06.2026;10:15;UTC;10:30;UTC;-0,003
06.06.2026;10:30;UTC;10:45;UTC;-0,003
06.06.2026;10:45;UTC;11:00;UTC;-0,006
06.06.2026;11:00;UTC;11:15;UTC;-0,001
06.06.2026;11:15;UTC;11:30;UTC;-0,002
06.06.2026;11:30;UTC;11:45;UTC;-0,004
06.06.2026;11:45;UTC;12:00;UTC;-0,003
06.06.2026;12:00;UTC;12:15;UTC;-0,003
06.06.2026;12:15;UTC;12:30;UTC;0
06.06.2026;12:30;UTC;12:45;UTC;0,003
06.06.2026;12:45;UTC;13:00;UTC;0,009
06.06.2026;13:00;UTC;13:15;UTC;0,179
06.06.2026;13:15;UTC;13:30;UTC;0,642
06.06.2026;13:30;UTC;13:45;UTC;0,894
06.06.2026;13:45;UTC;14:00;UTC;2,089
06.06.2026;14:00;UTC;14:15;UTC;1,221
06.06.2026;14:15;UTC;14:30;UTC;4,2
06.06.2026;14:30;UTC;14:45;UTC;5,741
06.06.2026;14:45;UTC;15:00;UTC;7,28
06.06.2026;15:00;UTC;15:15;UTC;6,372
06.06.2026;15:15;UTC;15:30;UTC;8,205
06.06.2026;15:30;UTC;15:45;UTC;10,237
06.06.2026;15:45;UTC;16:00;UTC;12,499
06.06.2026;16:00;UTC;16:15;UTC;11,099
06.06.2026;16:15;UTC;16:30;UTC;11,97
06.06.2026;16:30;UTC;16:45;UTC;12,943
06.06.2026;16:45;UTC;17:00;UTC;12,703
06.06.2026;17:00;UTC;17:15;UTC;12,295
06.06.2026;17:15;UTC;17:30;UTC;13,067
06.06.2026;17:30;UTC;17:45;UTC;13,425
06.06.2026;17:45;UTC;18:00;UTC;14,753
06.06.2026;18:00;UTC;18:15;UTC;14,567
06.06.2026;18:15;UTC;18:30;UTC;14,898
06.06.2026;18:30;UTC;18:45;UTC;15,697
06.06.2026;18:45;UTC;19:00;UTC;15,811
06.06.2026;19:00;UTC;19:15;UTC;16,235
06.06.2026;19:15;UTC;19:30;UTC;15,429
06.06.2026;19:30;UTC;19:45;UTC;14,511
06.06.2026;19:45;UTC;20:00;UTC;14,194
06.06.2026;20:00;UTC;20:15;UTC;14,703
06.06.2026;20:15;UTC;20:30;UTC;13,695
06.06.2026;20:30;UTC;20:45;UTC;13,078
06.06.2026;20:45;UTC;21:00;UTC;12,255
06.06.2026;21:00;UTC;21:15;UTC;12,747
06.06.2026;21:15;UTC;21:30;UTC;12,434
06.06.2026;21:30;UTC;21:45;UTC;12,007
06.06.2026;21:45;UTC;22:00;UTC;11,429
06.06.2026;22:00;UTC;22:15;UTC;12,063
06.06.2026;22:15;UTC;22:30;UTC;10,922
06.06.2026;22:30;UTC;22:45;UTC;10,76
06.06.2026;22:45;UTC;23:00;UTC;10,535
06.06.2026;23:00;UTC;23:15;UTC;10,573
06.06.2026;23:15;UTC;23:30;UTC;10,159
06.06.2026;23:30;UTC;23:45;UTC;9,878
06.06.2026;23:45;UTC;00:00;UTC;9,195
07.06.2026;00:00;UTC;00:15;UTC;9,952
07.06.2026;00:15;UTC;00:30;UTC;9,324
07.06.2026;00:30;UTC;00:45;UTC;9,205
07.06.2026;00:45;UTC;01:00;UTC;8,402
07.06.2026;01:00;UTC;01:15;UTC;9,173
07.06.2026;01:15;UTC;01:30;UTC;8,325
07.06.2026;01:30;UTC;01:45;UTC;7,98
07.06.2026;01:45;UTC;02:00;UTC;7,088
07.06.2026;02:00;UTC;02:15;UTC;7,503
07.06.2026;02:15;UTC;02:30;UTC;6,981
07.06.2026;02:30;UTC;02:45;UTC;6,521
07.06.2026;02:45;UTC;03:00;UTC;5,8
07.06.2026;03:00;UTC;03:15;UTC;6,074
07.06.2026;03:15;UTC;03:30;UTC;4,792
07.06.2026;03:30;UTC;03:45;UTC;3,69
07.06.2026;03:45;UTC;04:00;UTC;1,128
07.06.2026;04:00;UTC;04:15;UTC;0,855
07.06.2026;04:15;UTC;04:30;UTC;0,511
07.06.2026;04:30;UTC;04:45;UTC;0,443
07.06.2026;04:45;UTC;05:00;UTC;0,21
07.06.2026;05:00;UTC;05:15;UTC;0,184
07.06.2026;05:15;UTC;05:30;UTC;0,001
07.06.2026;05:30;UTC;05:45;UTC;0
07.06.2026;05:45;UTC;06:00;UTC;-0,001
07.06.2026;06:00;UTC;06:15;UTC;-0,001
07.06.2026;06:15;UTC;06:30;UTC;-0,005
07.06.2026;06:30;UTC;06:45;UTC;-0,011
07.06.2026;06:45;UTC;07:00;UTC;-0,204
07.06.2026;07:00;UTC;07:15;UTC;-0,13
07.06.2026;07:15;UTC;07:30;UTC;-0,34
07.06.2026;07:30;UTC;07:45;UTC;-0,55
07.06.2026;07:45;UTC;08:00;UTC;-1
07.06.2026;08:00;UTC;08:15;UTC;-0,499
07.06.2026;08:15;UTC;08:30;UTC;-0,546
07.06.2026;08:30;UTC;08:45;UTC;-0,988
07.06.2026;08:45;UTC;09:00;UTC;-1,167
07.06.2026;09:00;UTC;09:15;UTC;-1,274
07.06.2026;09:15;UTC;09:30;UTC;-1,46
07.06.2026;09:30;UTC;09:45;UTC;-1,43
07.06.2026;09:45;UTC;10:00;UTC;-1,457
07.06.2026;10:00;UTC;10:15;UTC;-1,499
07.06.2026;10:15;UTC;10:30;UTC;-1,9
07.06.2026;10:30;UTC;10:45;UTC;-1,9
07.06.2026;10:45;UTC;11:00;UTC;-2,006
07.06.2026;11:00;UTC;11:15;UTC;-2,34
07.06.2026;11:15;UTC;11:30;UTC;-2,999
07.06.2026;11:30;UTC;11:45;UTC;-4,011
07.06.2026;11:45;UTC;12:00;UTC;-5,025
07.06.2026;12:00;UTC;12:15;UTC;-4,403
07.06.2026;12:15;UTC;12:30;UTC;-4,543
07.06.2026;12:30;UTC;12:45;UTC;-4,445
07.06.2026;12:45;UTC;13:00;UTC;-4,504
07.06.2026;13:00;UTC;13:15;UTC;-5,007
07.06.2026;13:15;UTC;13:30;UTC;-4,016
07.06.2026;13:30;UTC;13:45;UTC;-3,178
07.06.2026;13:45;UTC;14:00;UTC;-2,387
07.06.2026;14:00;UTC;14:15;UTC;-2,806
07.06.2026;14:15;UTC;14:30;UTC;-1,795
07.06.2026;14:30;UTC;14:45;UTC;-1,279
07.06.2026;14:45;UTC;15:00;UTC;-0,504
07.06.2026;15:00;UTC;15:15;UTC;-0,342
07.06.2026;15:15;UTC;15:30;UTC;-0,1
07.06.2026;15:30;UTC;15:45;UTC;-0,011
07.06.2026;15:45;UTC;16:00;UTC;-0,001
07.06.2026;16:00;UTC;16:15;UTC;0,005
07.06.2026;16:15;UTC;16:30;UTC;2,129
07.06.2026;16:30;UTC;16:45;UTC;7,719
07.06.2026;16:45;UTC;17:00;UTC;11,597
07.06.2026;17:00;UTC;17:15;UTC;7,862
07.06.2026;17:15;UTC;17:30;UTC;10,743
07.06.2026;17:30;UTC;17:45;UTC;12,023
07.06.2026;17:45;UTC;18:00;UTC;12,573
07.06.2026;18:00;UTC;18:15;UTC;12,311
07.06.2026;18:15;UTC;18:30;UTC;12,562
07.06.2026;18:30;UTC;18:45;UTC;12,928
07.06.2026;18:45;UTC;19:00;UTC;13,506
07.06.2026;19:00;UTC;19:15;UTC;13,335
07.06.2026;19:15;UTC;19:30;UTC;13,488
07.06.2026;19:30;UTC;19:45;UTC;13,938
07.06.2026;19:45;UTC;20:00;UTC;14,094
07.06.2026;20:00;UTC;20:15;UTC;14,612
07.06.2026;20:15;UTC;20:30;UTC;14,325
07.06.2026;20:30;UTC;20:45;UTC;13,878
07.06.2026;20:45;UTC;21:00;UTC;13,66
07.06.2026;21:00;UTC;21:15;UTC;14,873
07.06.2026;21:15;UTC;21:30;UTC;13,792
07.06.2026;21:30;UTC;21:45;UTC;13,547
07.06.2026;21:45;UTC;22:00;UTC;13,925
07.06.2026;22:00;UTC;22:15;UTC;15,212
07.06.2026;22:15;UTC;22:30;UTC;13,92
07.06.2026;22:30;UTC;22:45;UTC;13,632
07.06.2026;22:45;UTC;23:00;UTC;13,408
07.06.2026;23:00;UTC;23:15;UTC;14,009
07.06.2026;23:15;UTC;23:30;UTC;13,423
07.06.2026;23:30;UTC;23:45;UTC;13,269
07.06.2026;23:45;UTC;00:00;UTC;12,994
08.06.2026;00:00;UTC;00:15;UTC;13,452
08.06.2026;00:15;UTC;00:30;UTC;13,197
08.06.2026;00:30;UTC;00:45;UTC;13,193
08.06.2026;00:45;UTC;01:00;UTC;13,242
08.06.2026;01:00;UTC;01:15;UTC;12,887
08.06.2026;01:15;UTC;01:30;UTC;12,773
08.06.2026;01:30;UTC;01:45;UTC;12,634
08.06.2026;01:45;UTC;02:00;UTC;12,774
08.06.2026;02:00;UTC;02:15;UTC;12,923
08.06.2026;02:15;UTC;02:30;UTC;12,9
08.06.2026;02:30;UTC;02:45;UTC;12,9
08.06.2026;02:45;UTC;03:00;UTC;13,347
08.06.2026;03:00;UTC;03:15;UTC;13,19
08.06.2026;03:15;UTC;03:30;UTC;13,349
08.06.2026;03:30;UTC;03:45;UTC;14,109
08.06.2026;03:45;UTC;04:00;UTC;14,777
08.06.2026;04:00;UTC;04:15;UTC;15,224
08.06.2026;04:15;UTC;04:30;UTC;15,38
08.06.2026;04:30;UTC;04:45;UTC;15,207
08.06.2026;04:45;UTC;05:00;UTC;14,459
08.06.2026;05:00;UTC;05:15;UTC;16,574
08.06.2026;05:15;UTC;05:30;UTC;14,788
08.06.2026;05:30;UTC;05:45;UTC;14,05
08.06.2026;05:45;UTC;06:00;UTC;12,858
08.06.2026;06:00;UTC;06:15;UTC;14,492
08.06.2026;06:15;UTC;06:30;UTC;13,006
08.06.2026;06:30;UTC;06:45;UTC;11,911
08.06.2026;06:45;UTC;07:00;UTC;10,541
08.06.2026;07:00;UTC;07:15;UTC;11,705
08.06.2026;07:15;UTC;07:30;UTC;10,656
08.06.2026;07:30;UTC;07:45;UTC;9,793
08.06.2026;07:45;UTC;08:00;UTC;8,207
08.06.2026;08:00;UTC;08:15;UTC;9,508
08.06.2026;08:15;UTC;08:30;UTC;8,299
08.06.2026;08:30;UTC;08:45;UTC;6,955
08.06.2026;08:45;UTC;09:00;UTC;5,604
08.06.2026;09:00;UTC;09:15;UTC;6,838
08.06.2026;09:15;UTC;09:30;UTC;6,043
08.06.2026;09:30;UTC;09:45;UTC;5,006
08.06.2026;09:45;UTC;10:00;UTC;4,37
08.06.2026;10:00;UTC;10:15;UTC;5,969
08.06.2026;10:15;UTC;10:30;UTC;5,485
08.06.2026;10:30;UTC;10:45;UTC;5,222
08.06.2026;10:45;UTC;11:00;UTC;5,117
08.06.2026;11:00;UTC;11:15;UTC;5,51
08.06.2026;11:15;UTC;11:30;UTC;5,467
08.06.2026;11:30;UTC;11:45;UTC;5,484
08.06.2026;11:45;UTC;12:00;UTC;5,626
08.06.2026;12:00;UTC;12:15;UTC;5,217
08.06.2026;12:15;UTC;12:30;UTC;6,251
08.06.2026;12:30;UTC;12:45;UTC;7,746
08.06.2026;12:45;UTC;13:00;UTC;8,254
08.06.2026;13:00;UTC;13:15;UTC;7,529
08.06.2026;13:15;UTC;13:30;UTC;8,181
08.06.2026;13:30;UTC;13:45;UTC;9,13
08.06.2026;13:45;UTC;14:00;UTC;10,701
08.06.2026;14:00;UTC;14:15;UTC;8,611
08.06.2026;14:15;UTC;14:30;UTC;9,868
08.06.2026;14:30;UTC;14:45;UTC;10,751
08.06.2026;14:45;UTC;15:00;UTC;11,802
08.06.2026;15:00;UTC;15:15;UTC;10,967
08.06.2026;15:15;UTC;15:30;UTC;11,972
08.06.2026;15:30;UTC;15:45;UTC;13,19
08.06.2026;15:45;UTC;16:00;UTC;15,421
08.06.2026;16:00;UTC;16:15;UTC;12,918
08.06.2026;16:15;UTC;16:30;UTC;13,897
08.06.2026;16:30;UTC;16:45;UTC;15,526
08.06.2026;16:45;UTC;17:00;UTC;18,191
08.06.2026;17:00;UTC;17:15;UTC;17,113
08.06.2026;17:15;UTC;17:30;UTC;19,03
08.06.2026;17:30;UTC;17:45;UTC;20,856
08.06.2026;17:45;UTC;18:00;UTC;22,73
08.06.2026;18:00;UTC;18:15;UTC;20,771
08.06.2026;18:15;UTC;18:30;UTC;20,739
08.06.2026;18:30;UTC;18:45;UTC;21,154
08.06.2026;18:45;UTC;19:00;UTC;20,897
08.06.2026;19:00;UTC;19:15;UTC;21,786
08.06.2026;19:15;UTC;19:30;UTC;19,525
08.06.2026;19:30;UTC;19:45;UTC;17,582
08.06.2026;19:45;UTC;20:00;UTC;15,407
08.06.2026;20:00;UTC;20:15;UTC;17,914
08.06.2026;20:15;UTC;20:30;UTC;15,701
08.06.2026;20:30;UTC;20:45;UTC;13,949
08.06.2026;20:45;UTC;21:00;UTC;13,383
08.06.2026;21:00;UTC;21:15;UTC;13,651
08.06.2026;21:15;UTC;21:30;UTC;12,801
08.06.2026;21:30;UTC;21:45;UTC;12,725
08.06.2026;21:45;UTC;22:00;UTC;12,105
08.06.2026;22:00;UTC;22:15;UTC;14,287
08.06.2026;22:15;UTC;22:30;UTC;12,999
08.06.2026;22:30;UTC;22:45;UTC;12,463
08.06.2026;22:45;UTC;23:00;UTC;11,856
08.06.2026;23:00;UTC;23:15;UTC;12,538
08.06.2026;23:15;UTC;23:30;UTC;12,262
08.06.2026;23:30;UTC;23:45;UTC;12,118
08.06.2026;23:45;UTC;00:00;UTC;11,945
09.06.2026;00:00;UTC;00:15;UTC;11,808
09.06.2026;00:15;UTC;00:30;UTC;11,499
09.06.2026;00:30;UTC;00:45;UTC;11,67
09.06.2026;00:45;UTC;01:00;UTC;11,223
09.06.2026;01:00;UTC;01:15;UTC;11,42
09.06.2026;01:15;UTC;01:30;UTC;11,115
09.06.2026;01:30;UTC;01:45;UTC;11,072
09.06.2026;01:45;UTC;02:00;UTC;10,88
09.06.2026;02:00;UTC;02:15;UTC;11,15
09.06.2026;02:15;UTC;02:30;UTC;11,041
09.06.2026;02:30;UTC;02:45;UTC;10,999
09.06.2026;02:45;UTC;03:00;UTC;11
09.06.2026;03:00;UTC;03:15;UTC;11,34
09.06.2026;03:15;UTC;03:30;UTC;11,424
09.06.2026;03:30;UTC;03:45;UTC;11,535
09.06.2026;03:45;UTC;04:00;UTC;12,038
09.06.2026;04:00;UTC;04:15;UTC;12,484
09.06.2026;04:15;UTC;04:30;UTC;13,109
09.06.2026;04:30;UTC;04:45;UTC;13,335
09.06.2026;04:45;UTC;05:00;UTC;13,133
09.06.2026;05:00;UTC;05:15;UTC;14,169
09.06.2026;05:15;UTC;05:30;UTC;13,526
09.06.2026;05:30;UTC;05:45;UTC;13,409
09.06.2026;05:45;UTC;06:00;UTC;12,749
09.06.2026;06:00;UTC;06:15;UTC;13,832
09.06.2026;06:15;UTC;06:30;UTC;12,926
09.06.2026;06:30;UTC;06:45;UTC;12,511
09.06.2026;06:45;UTC;07:00;UTC;11,487
09.06.2026;07:00;UTC;07:15;UTC;12,706
09.06.2026;07:15;UTC;07:30;UTC;10,958
09.06.2026;07:30;UTC;07:45;UTC;10,266
09.06.2026;07:45;UTC;08:00;UTC;8,87
09.06.2026;08:00;UTC;08:15;UTC;10,001
09.06.2026;08:15;UTC;08:30;UTC;8,59
09.06.2026;08:30;UTC;08:45;UTC;7,89
09.06.2026;08:45;UTC;09:00;UTC;6,453
09.06.2026;09:00;UTC;09:15;UTC;8,223
09.06.2026;09:15;UTC;09:30;UTC;6,541
09.06.2026;09:30;UTC;09:45;UTC;5,581
09.06.2026;09:45;UTC;10:00;UTC;4,015
09.06.2026;10:00;UTC;10:15;UTC;5,063
09.06.2026;10:15;UTC;10:30;UTC;2,844
09.06.2026;10:30;UTC;10:45;UTC;1,51
09.06.2026;10:45;UTC;11:00;UTC;0,669
09.06.2026;11:00;UTC;11:15;UTC;0,81
09.06.2026;11:15;UTC;11:30;UTC;0,383
09.06.2026;11:30;UTC;11:45;UTC;0,21
09.06.2026;11:45;UTC;12:00;UTC;0,01
09.06.2026;12:00;UTC;12:15;UTC;0,01
09.06.2026;12:15;UTC;12:30;UTC;0,03
09.06.2026;12:30;UTC;12:45;UTC;0,009
09.06.2026;12:45;UTC;13:00;UTC;0,009
09.06.2026;13:00;UTC;13:15;UTC;0,009
09.06.2026;13:15;UTC;13:30;UTC;0,038
09.06.2026;13:30;UTC;13:45;UTC;0,111
09.06.2026;13:45;UTC;14:00;UTC;0,45
09.06.2026;14:00;UTC;14:15;UTC;0,339
09.06.2026;14:15;UTC;14:30;UTC;1,301
09.06.2026;14:30;UTC;14:45;UTC;4,066
09.06.2026;14:45;UTC;15:00;UTC;6,528
09.06.2026;15:00;UTC;15:15;UTC;3,002
09.06.2026;15:15;UTC;15:30;UTC;7,185
09.06.2026;15:30;UTC;15:45;UTC;9,349
09.06.2026;15:45;UTC;16:00;UTC;10,755
09.06.2026;16:00;UTC;16:15;UTC;9,388
09.06.2026;16:15;UTC;16:30;UTC;11,199
09.06.2026;16:30;UTC;16:45;UTC;12,827
09.06.2026;16:45;UTC;17:00;UTC;14,005
09.06.2026;17:00;UTC;17:15;UTC;12,16
09.06.2026;17:15;UTC;17:30;UTC;13,796
09.06.2026;17:30;UTC;17:45;UTC;14,401
09.06.2026;17:45;UTC;18:00;UTC;14,563
09.06.2026;18:00;UTC;18:15;UTC;14,518
09.06.2026;18:15;UTC;18:30;UTC;15,02
09.06.2026;18:30;UTC;18:45;UTC;15,702
09.06.2026;18:45;UTC;19:00;UTC;16,252
09.06.2026;19:00;UTC;19:15;UTC;15,761
09.06.2026;19:15;UTC;19:30;UTC;15,832
09.06.2026;19:30;UTC;19:45;UTC;15,77
09.06.2026;19:45;UTC;20:00;UTC;15,147
09.06.2026;20:00;UTC;20:15;UTC;15,266
09.06.2026;20:15;UTC;20:30;UTC;14,999
09.06.2026;20:30;UTC;20:45;UTC;14,395
09.06.2026;20:45;UTC;21:00;UTC;13,337
09.06.2026;21:00;UTC;21:15;UTC;14,176
09.06.2026;21:15;UTC;21:30;UTC;13,209
09.06.2026;21:30;UTC;21:45;UTC;12,938
09.06.2026;21:45;UTC;22:00;UTC;12,2
09.06.2026;22:00;UTC;22:15;UTC;12,99
09.06.2026;22:15;UTC;22:30;UTC;12,658
09.06.2026;22:30;UTC;22:45;UTC;12,399
09.06.2026;22:45;UTC;23:00;UTC;11,918
09.06.2026;23:00;UTC;23:15;UTC;12,296
09.06.2026;23:15;UTC;23:30;UTC;11,84
09.06.2026;23:30;UTC;23:45;UTC;11,529
09.06.2026;23:45;UTC;00:00;UTC;11,096
10.06.2026;00:00;UTC;00:15;UTC;11,425
10.06.2026;00:15;UTC;00:30;UTC;11,027
10.06.2026;00:30;UTC;00:45;UTC;11,103
10.06.2026;00:45;UTC;01:00;UTC;10,896
10.06.2026;01:00;UTC;01:15;UTC;11,081
10.06.2026;01:15;UTC;01:30;UTC;11,124
10.06.2026;01:30;UTC;01:45;UTC;11,116
10.06.2026;01:45;UTC;02:00;UTC;11,202
10.06.2026;02:00;UTC;02:15;UTC;10,882
10.06.2026;02:15;UTC;02:30;UTC;11,112
10.06.2026;02:30;UTC;02:45;UTC;11,503
10.06.2026;02:45;UTC;03:00;UTC;11,799
10.06.2026;03:00;UTC;03:15;UTC;11,342
10.06.2026;03:15;UTC;03:30;UTC;11,725
10.06.2026;03:30;UTC;03:45;UTC;11,843
10.06.2026;03:45;UTC;04:00;UTC;12,591
10.06.2026;04:00;UTC;04:15;UTC;12,802
10.06.2026;04:15;UTC;04:30;UTC;13,426
10.06.2026;04:30;UTC;04:45;UTC;13,409
10.06.2026;04:45;UTC;05:00;UTC;13,12
10.06.2026;05:00;UTC;05:15;UTC;14,011
10.06.2026;05:15;UTC;05:30;UTC;13,802
10.06.2026;05:30;UTC;05:45;UTC;13,54
10.06.2026;05:45;UTC;06:00;UTC;13,37
10.06.2026;06:00;UTC;06:15;UTC;14,121
10.06.2026;06:15;UTC;06:30;UTC;13,274
10.06.2026;06:30;UTC;06:45;UTC;12,651
10.06.2026;06:45;UTC;07:00;UTC;10,615
10.06.2026;07:00;UTC;07:15;UTC;12,413
10.06.2026;07:15;UTC;07:30;UTC;10,838
10.06.2026;07:30;UTC;07:45;UTC;9,5
10.06.2026;07:45;UTC;08:00;UTC;9,09
10.06.2026;08:00;UTC;08:15;UTC;9,91
10.06.2026;08:15;UTC;08:30;UTC;8,826
10.06.2026;08:30;UTC;08:45;UTC;8,687
10.06.2026;08:45;UTC;09:00;UTC;7,2
10.06.2026;09:00;UTC;09:15;UTC;8,225
10.06.2026;09:15;UTC;09:30;UTC;7,599
10.06.2026;09:30;UTC;09:45;UTC;6,999
10.06.2026;09:45;UTC;10:00;UTC;6,4
10.06.2026;10:00;UTC;10:15;UTC;6,993
10.06.2026;10:15;UTC;10:30;UTC;6,448
10.06.2026;10:30;UTC;10:45;UTC;6,922
10.06.2026;10:45;UTC;11:00;UTC;7,108
10.06.2026;11:00;UTC;11:15;UTC;7,237
10.06.2026;11:15;UTC;11:30;UTC;7,207
10.06.2026;11:30;UTC;11:45;UTC;7,191
10.06.2026;11:45;UTC;12:00;UTC;6,992
10.06.2026;12:00;UTC;12:15;UTC;7,004
10.06.2026;12:15;UTC;12:30;UTC;7,204
10.06.2026;12:30;UTC;12:45;UTC;7,902
10.06.2026;12:45;UTC;13:00;UTC;9,02
10.06.2026;13:00;UTC;13:15;UTC;7,131
10.06.2026;13:15;UTC;13:30;UTC;8,705
10.06.2026;13:30;UTC;13:45;UTC;8,878
10.06.2026;13:45;UTC;14:00;UTC;9,936
10.06.2026;14:00;UTC;14:15;UTC;8,553
10.06.2026;14:15;UTC;14:30;UTC;9,631
10.06.2026;14:30;UTC;14:45;UTC;10,864
10.06.2026;14:45;UTC;15:00;UTC;12,333
10.06.2026;15:00;UTC;15:15;UTC;10,553
10.06.2026;15:15;UTC;15:30;UTC;11,926
10.06.2026;15:30;UTC;15:45;UTC;13,19
10.06.2026;15:45;UTC;16:00;UTC;14,491
10.06.2026;16:00;UTC;16:15;UTC;12,375
10.06.2026;16:15;UTC;16:30;UTC;13,917
10.06.2026;16:30;UTC;16:45;UTC;14,766
10.06.2026;16:45;UTC;17:00;UTC;15,152
10.06.2026;17:00;UTC;17:15;UTC;14,505
10.06.2026;17:15;UTC;17:30;UTC;15,868
10.06.2026;17:30;UTC;17:45;UTC;17,737
10.06.2026;17:45;UTC;18:00;UTC;20,277
10.06.2026;18:00;UTC;18:15;UTC;18,658
10.06.2026;18:15;UTC;18:30;UTC;20,354
10.06.2026;18:30;UTC;18:45;UTC;22,612
10.06.2026;18:45;UTC;19:00;UTC;23,968
10.06.2026;19:00;UTC;19:15;UTC;22,606
10.06.2026;19:15;UTC;19:30;UTC;20,98
10.06.2026;19:30;UTC;19:45;UTC;19,635
10.06.2026;19:45;UTC;20:00;UTC;18,778
10.06.2026;20:00;UTC;20:15;UTC;18,92
10.06.2026;20:15;UTC;20:30;UTC;17,619
10.06.2026;20:30;UTC;20:45;UTC;16,206
10.06.2026;20:45;UTC;21:00;UTC;14,709
10.06.2026;21:00;UTC;21:15;UTC;16,98
10.06.2026;21:15;UTC;21:30;UTC;14,999
10.06.2026;21:30;UTC;21:45;UTC;14,665
10.06.2026;21:45;UTC;22:00;UTC;14,056
10.06.2026;22:00;UTC;22:15;UTC;14,722
10.06.2026;22:15;UTC;22:30;UTC;14,088
10.06.2026;22:30;UTC;22:45;UTC;14,148
10.06.2026;22:45;UTC;23:00;UTC;13,335
10.06.2026;23:00;UTC;23:15;UTC;13,853
10.06.2026;23:15;UTC;23:30;UTC;13,495
10.06.2026;23:30;UTC;23:45;UTC;13,142
10.06.2026;23:45;UTC;00:00;UTC;12,905
11.06.2026;00:00;UTC;00:15;UTC;13,02
11.06.2026;00:15;UTC;00:30;UTC;12,65
11.06.2026;00:30;UTC;00:45;UTC;12,457
11.06.2026;00:45;UTC;01:00;UTC;12,351
11.06.2026;01:00;UTC;01:15;UTC;12,826
11.06.2026;01:15;UTC;01:30;UTC;12,513
11.06.2026;01:30;UTC;01:45;UTC;12,565
11.06.2026;01:45;UTC;02:00;UTC;12,399
11.06.2026;02:00;UTC;02:15;UTC;12,523
11.06.2026;02:15;UTC;02:30;UTC;12,55
11.06.2026;02:30;UTC;02:45;UTC;12,602
11.06.2026;02:45;UTC;03:00;UTC;12,743
11.06.2026;03:00;UTC;03:15;UTC;12,399
11.06.2026;03:15;UTC;03:30;UTC;12,386
11.06.2026;03:30;UTC;03:45;UTC;12,762
11.06.2026;03:45;UTC;04:00;UTC;13,118
11.06.2026;04:00;UTC;04:15;UTC;13,519
11.06.2026;04:15;UTC;04:30;UTC;13,953
11.06.2026;04:30;UTC;04:45;UTC;14
11.06.2026;04:45;UTC;05:00;UTC;13,86
11.06.2026;05:00;UTC;05:15;UTC;15,408
11.06.2026;05:15;UTC;05:30;UTC;13,993
11.06.2026;05:30;UTC;05:45;UTC;13,488
11.06.2026;05:45;UTC;06:00;UTC;12,63
11.06.2026;06:00;UTC;06:15;UTC;14,242
11.06.2026;06:15;UTC;06:30;UTC;13,402
11.06.2026;06:30;UTC;06:45;UTC;12,279
11.06.2026;06:45;UTC;07:00;UTC;10,733
11.06.2026;07:00;UTC;07:15;UTC;11,928
11.06.2026;07:15;UTC;07:30;UTC;10,667
11.06.2026;07:30;UTC;07:45;UTC;9,931
11.06.2026;07:45;UTC;08:00;UTC;8,993
11.06.2026;08:00;UTC;08:15;UTC;10,549
11.06.2026;08:15;UTC;08:30;UTC;9,317
11.06.2026;08:30;UTC;08:45;UTC;8,372
11.06.2026;08:45;UTC;09:00;UTC;7,979
11.06.2026;09:00;UTC;09:15;UTC;8,969
11.06.2026;09:15;UTC;09:30;UTC;7,899
11.06.2026;09:30;UTC;09:45;UTC;7,361
11.06.2026;09:45;UTC;10:00;UTC;6,56
11.06.2026;10:00;UTC;10:15;UTC;6,703
11.06.2026;10:15;UTC;10:30;UTC;6,178
11.06.2026;10:30;UTC;10:45;UTC;5,862
11.06.2026;10:45;UTC;11:00;UTC;5,366
11.06.2026;11:00;UTC;11:15;UTC;5,934
11.06.2026;11:15;UTC;11:30;UTC;4,935
11.06.2026;11:30;UTC;11:45;UTC;4,221
11.06.2026;11:45;UTC;12:00;UTC;3,034
11.06.2026;12:00;UTC;12:15;UTC;3,392
11.06.2026;12:15;UTC;12:30;UTC;3,23
11.06.2026;12:30;UTC;12:45;UTC;3,007
11.06.2026;12:45;UTC;13:00;UTC;3,003
11.06.2026;13:00;UTC;13:15;UTC;3,994
11.06.2026;13:15;UTC;13:30;UTC;4,602
11.06.2026;13:30;UTC;13:45;UTC;5,178
11.06.2026;13:45;UTC;14:00;UTC;6,636
11.06.2026;14:00;UTC;14:15;UTC;5,28
11.06.2026;14:15;UTC;14:30;UTC;7,197
11.06.2026;14:30;UTC;14:45;UTC;8,502
11.06.2026;14:45;UTC;15:00;UTC;10,408
11.06.2026;15:00;UTC;15:15;UTC;7,787
11.06.2026;15:15;UTC;15:30;UTC;10
11.06.2026;15:30;UTC;15:45;UTC;10,777
11.06.2026;15:45;UTC;16:00;UTC;12,075
11.06.2026;16:00;UTC;16:15;UTC;11,054
11.06.2026;16:15;UTC;16:30;UTC;11,811
11.06.2026;16:30;UTC;16:45;UTC;13,328
11.06.2026;16:45;UTC;17:00;UTC;14,999
11.06.2026;17:00;UTC;17:15;UTC;12,637
11.06.2026;17:15;UTC;17:30;UTC;13,934
11.06.2026;17:30;UTC;17:45;UTC;15,006
11.06.2026;17:45;UTC;18:00;UTC;16,917
11.06.2026;18:00;UTC;18:15;UTC;15,94
11.06.2026;18:15;UTC;18:30;UTC;16,888
11.06.2026;18:30;UTC;18:45;UTC;18,374
11.06.2026;18:45;UTC;19:00;UTC;18,741
11.06.2026;19:00;UTC;19:15;UTC;18,329
11.06.2026;19:15;UTC;19:30;UTC;17,246
11.06.2026;19:30;UTC;19:45;UTC;16,12
11.06.2026;19:45;UTC;20:00;UTC;14,282
11.06.2026;20:00;UTC;20:15;UTC;15,266
11.06.2026;20:15;UTC;20:30;UTC;14,304
11.06.2026;20:30;UTC;20:45;UTC;13,198
11.06.2026;20:45;UTC;21:00;UTC;12,125
11.06.2026;21:00;UTC;21:15;UTC;12,803
11.06.2026;21:15;UTC;21:30;UTC;11,999
11.06.2026;21:30;UTC;21:45;UTC;11,437
11.06.2026;21:45;UTC;22:00;UTC;10,186
11.06.2026;22:00;UTC;22:15;UTC;12,814
11.06.2026;22:15;UTC;22:30;UTC;11,999
11.06.2026;22:30;UTC;22:45;UTC;11,38
11.06.2026;22:45;UTC;23:00;UTC;10,565
11.06.2026;23:00;UTC;23:15;UTC;11,292
11.06.2026;23:15;UTC;23:30;UTC;10,702
11.06.2026;23:30;UTC;23:45;UTC;9,911
11.06.2026;23:45;UTC;00:00;UTC;8,9
12.06.2026;00:00;UTC;00:15;UTC;10,148
12.06.2026;00:15;UTC;00:30;UTC;9,628
12.06.2026;00:30;UTC;00:45;UTC;9,39
12.06.2026;00:45;UTC;01:00;UTC;8,636
12.06.2026;01:00;UTC;01:15;UTC;9,459
12.06.2026;01:15;UTC;01:30;UTC;9,201
12.06.2026;01:30;UTC;01:45;UTC;9,068
12.06.2026;01:45;UTC;02:00;UTC;9,093
12.06.2026;02:00;UTC;02:15;UTC;9,027
12.06.2026;02:15;UTC;02:30;UTC;9,185
12.06.2026;02:30;UTC;02:45;UTC;9,338
12.06.2026;02:45;UTC;03:00;UTC;9,669
12.06.2026;03:00;UTC;03:15;UTC;8,854
12.06.2026;03:15;UTC;03:30;UTC;9,192
12.06.2026;03:30;UTC;03:45;UTC;9,739
12.06.2026;03:45;UTC;04:00;UTC;10,646
12.06.2026;04:00;UTC;04:15;UTC;10,596
12.06.2026;04:15;UTC;04:30;UTC;11,924
12.06.2026;04:30;UTC;04:45;UTC;12,137
12.06.2026;04:45;UTC;05:00;UTC;12,446
12.06.2026;05:00;UTC;05:15;UTC;12,569
12.06.2026;05:15;UTC;05:30;UTC;12,553
12.06.2026;05:30;UTC;05:45;UTC;12,069
12.06.2026;05:45;UTC;06:00;UTC;11,871
12.06.2026;06:00;UTC;06:15;UTC;13,449
12.06.2026;06:15;UTC;06:30;UTC;12,937
12.06.2026;06:30;UTC;06:45;UTC;12,434
12.06.2026;06:45;UTC;07:00;UTC;12,116
12.06.2026;07:00;UTC;07:15;UTC;12,377
12.06.2026;07:15;UTC;07:30;UTC;12
12.06.2026;07:30;UTC;07:45;UTC;11,456
12.06.2026;07:45;UTC;08:00;UTC;11,129
12.06.2026;08:00;UTC;08:15;UTC;11,104
12.06.2026;08:15;UTC;08:30;UTC;10,418
12.06.2026;08:30;UTC;08:45;UTC;9,836
12.06.2026;08:45;UTC;09:00;UTC;9,482
12.06.2026;09:00;UTC;09:15;UTC;9,548
12.06.2026;09:15;UTC;09:30;UTC;9,174
12.06.2026;09:30;UTC;09:45;UTC;8,978
12.06.2026;09:45;UTC;10:00;UTC;8,504
12.06.2026;10:00;UTC;10:15;UTC;8,317
12.06.2026;10:15;UTC;10:30;UTC;7,897
12.06.2026;10:30;UTC;10:45;UTC;8,244
12.06.2026;10:45;UTC;11:00;UTC;7,944
12.06.2026;11:00;UTC;11:15;UTC;7,333
12.06.2026;11:15;UTC;11:30;UTC;7,213
12.06.2026;11:30;UTC;11:45;UTC;6,99
12.06.2026;11:45;UTC;12:00;UTC;6,517
12.06.2026;12:00;UTC;12:15;UTC;5,934
12.06.2026;12:15;UTC;12:30;UTC;5,914
12.06.2026;12:30;UTC;12:45;UTC;6,051
12.06.2026;12:45;UTC;13:00;UTC;6,249
12.06.2026;13:00;UTC;13:15;UTC;5,251
12.06.2026;13:15;UTC;13:30;UTC;5,126
12.06.2026;13:30;UTC;13:45;UTC;5,794
12.06.2026;13:45;UTC;14:00;UTC;6,248
12.06.2026;14:00;UTC;14:15;UTC;5,376
12.06.2026;14:15;UTC;14:30;UTC;6,348
12.06.2026;14:30;UTC;14:45;UTC;7,166
12.06.2026;14:45;UTC;15:00;UTC;8,417
12.06.2026;15:00;UTC;15:15;UTC;6,129
12.06.2026;15:15;UTC;15:30;UTC;7,502
12.06.2026;15:30;UTC;15:45;UTC;8,354
12.06.2026;15:45;UTC;16:00;UTC;9,564
12.06.2026;16:00;UTC;16:15;UTC;8,673
12.06.2026;16:15;UTC;16:30;UTC;9,701
12.06.2026;16:30;UTC;16:45;UTC;11,292
12.06.2026;16:45;UTC;17:00;UTC;11,794
12.06.2026;17:00;UTC;17:15;UTC;10,959
12.06.2026;17:15;UTC;17:30;UTC;11,562
12.06.2026;17:30;UTC;17:45;UTC;11,931
12.06.2026;17:45;UTC;18:00;UTC;11,897
12.06.2026;18:00;UTC;18:15;UTC;11,424
12.06.2026;18:15;UTC;18:30;UTC;11,149
12.06.2026;18:30;UTC;18:45;UTC;10,774
12.06.2026;18:45;UTC;19:00;UTC;10,919
12.06.2026;19:00;UTC;19:15;UTC;11,075
12.06.2026;19:15;UTC;19:30;UTC;11,023
12.06.2026;19:30;UTC;19:45;UTC;11,012
12.06.2026;19:45;UTC;20:00;UTC;10,814
12.06.2026;20:00;UTC;20:15;UTC;11,343
12.06.2026;20:15;UTC;20:30;UTC;11,251
12.06.2026;20:30;UTC;20:45;UTC;11,225
12.06.2026;20:45;UTC;21:00;UTC;10,63
12.06.2026;21:00;UTC;21:15;UTC;10,806
12.06.2026;21:15;UTC;21:30;UTC;10,183
12.06.2026;21:30;UTC;21:45;UTC;10,01
12.06.2026;21:45;UTC;22:00;UTC;9,36
12.06.2026;22:00;UTC;22:15;UTC;10,897
12.06.2026;22:15;UTC;22:30;UTC;8,95
12.06.2026;22:30;UTC;22:45;UTC;7,871
12.06.2026;22:45;UTC;23:00;UTC;7,116
12.06.2026;23:00;UTC;23:15;UTC;8,586
12.06.2026;23:15;UTC;23:30;UTC;7,733
12.06.2026;23:30;UTC;23:45;UTC;7,147
12.06.2026;23:45;UTC;00:00;UTC;6,152
13.06.2026;00:00;UTC;00:15;UTC;7,115
13.06.2026;00:15;UTC;00:30;UTC;6,466
13.06.2026;00:30;UTC;00:45;UTC;6,466
13.06.2026;00:45;UTC;01:00;UTC;6,294
13.06.2026;01:00;UTC;01:15;UTC;6,924
13.06.2026;01:15;UTC;01:30;UTC;6,451
13.06.2026;01:30;UTC;01:45;UTC;6,337
13.06.2026;01:45;UTC;02:00;UTC;5,822
13.06.2026;02:00;UTC;02:15;UTC;7,216
13.06.2026;02:15;UTC;02:30;UTC;6,764
13.06.2026;02:30;UTC;02:45;UTC;6,243
13.06.2026;02:45;UTC;03:00;UTC;6
13.06.2026;03:00;UTC;03:15;UTC;7,268
13.06.2026;03:15;UTC;03:30;UTC;6,004
13.06.2026;03:30;UTC;03:45;UTC;4,58
13.06.2026;03:45;UTC;04:00;UTC;3,666
13.06.2026;04:00;UTC;04:15;UTC;4,965
13.06.2026;04:15;UTC;04:30;UTC;3,472
13.06.2026;04:30;UTC;04:45;UTC;2,679
13.06.2026;04:45;UTC;05:00;UTC;1,536
13.06.2026;05:00;UTC;05:15;UTC;3,068
13.06.2026;05:15;UTC;05:30;UTC;1,484
13.06.2026;05:30;UTC;05:45;UTC;0,7
13.06.2026;05:45;UTC;06:00;UTC;0,21
13.06.2026;06:00;UTC;06:15;UTC;0,14
13.06.2026;06:15;UTC;06:30;UTC;0
13.06.2026;06:30;UTC;06:45;UTC;-0,001
13.06.2026;06:45;UTC;07:00;UTC;-0,008
13.06.2026;07:00;UTC;07:15;UTC;-0,008
13.06.2026;07:15;UTC;07:30;UTC;-0,028
13.06.2026;07:30;UTC;07:45;UTC;-0,2
13.06.2026;07:45;UTC;08:00;UTC;-0,207
13.06.2026;08:00;UTC;08:15;UTC;-0,201
13.06.2026;08:15;UTC;08:30;UTC;-0,324
13.06.2026;08:30;UTC;08:45;UTC;-0,501
13.06.2026;08:45;UTC;09:00;UTC;-0,941
13.06.2026;09:00;UTC;09:15;UTC;-0,998
13.06.2026;09:15;UTC;09:30;UTC;-1,49
13.06.2026;09:30;UTC;09:45;UTC;-1,79
13.06.2026;09:45;UTC;10:00;UTC;-2
13.06.2026;10:00;UTC;10:15;UTC;-1,994
13.06.2026;10:15;UTC;10:30;UTC;-2,481
13.06.2026;10:30;UTC;10:45;UTC;-2,994
13.06.2026;10:45;UTC;11:00;UTC;-3,5
13.06.2026;11:00;UTC;11:15;UTC;-3,549
13.06.2026;11:15;UTC;11:30;UTC;-4,501
13.06.2026;11:30;UTC;11:45;UTC;-4,998
13.06.2026;11:45;UTC;12:00;UTC;-5,299
13.06.2026;12:00;UTC;12:15;UTC;-4,652
13.06.2026;12:15;UTC;12:30;UTC;-4,652
13.06.2026;12:30;UTC;12:45;UTC;-4,5
13.06.2026;12:45;UTC;13:00;UTC;-4,195
13.06.2026;13:00;UTC;13:15;UTC;-3,682
13.06.2026;13:15;UTC;13:30;UTC;-3,4
13.06.2026;13:30;UTC;13:45;UTC;-3
13.06.2026;13:45;UTC;14:00;UTC;-2,534
13.06.2026;14:00;UTC;14:15;UTC;-2,5
13.06.2026;14:15;UTC;14:30;UTC;-1,999
13.06.2026;14:30;UTC;14:45;UTC;-1,801
13.06.2026;14:45;UTC;15:00;UTC;-1,368
13.06.2026;15:00;UTC;15:15;UTC;-0,901
13.06.2026;15:15;UTC;15:30;UTC;-0,479
13.06.2026;15:30;UTC;15:45;UTC;-0,198
13.06.2026;15:45;UTC;16:00;UTC;-0,108
13.06.2026;16:00;UTC;16:15;UTC;-0,085
13.06.2026;16:15;UTC;16:30;UTC;-0,134
13.06.2026;16:30;UTC;16:45;UTC;-0,009
13.06.2026;16:45;UTC;17:00;UTC;0,009
13.06.2026;17:00;UTC;17:15;UTC;0,303
13.06.2026;17:15;UTC;17:30;UTC;2,02
13.06.2026;17:30;UTC;17:45;UTC;4,87
13.06.2026;17:45;UTC;18:00;UTC;6,171
13.06.2026;18:00;UTC;18:15;UTC;4,577
13.06.2026;18:15;UTC;18:30;UTC;7,265
13.06.2026;18:30;UTC;18:45;UTC;8,226
13.06.2026;18:45;UTC;19:00;UTC;8,834
13.06.2026;19:00;UTC;19:15;UTC;8,223
13.06.2026;19:15;UTC;19:30;UTC;8,59
13.06.2026;19:30;UTC;19:45;UTC;8,801
13.06.2026;19:45;UTC;20:00;UTC;9,25
13.06.2026;20:00;UTC;20:15;UTC;11,049
13.06.2026;20:15;UTC;20:30;UTC;10,377
13.06.2026;20:30;UTC;20:45;UTC;10,301
13.06.2026;20:45;UTC;21:00;UTC;9,267
13.06.2026;21:00;UTC;21:15;UTC;9,789
13.06.2026;21:15;UTC;21:30;UTC;8,998
13.06.2026;21:30;UTC;21:45;UTC;8,579
13.06.2026;21:45;UTC;22:00;UTC;7,834
13.06.2026;22:00;UTC;22:15;UTC;8,734
13.06.2026;22:15;UTC;22:30;UTC;7,589
13.06.2026;22:30;UTC;22:45;UTC;6,231
13.06.2026;22:45;UTC;23:00;UTC;4,561
13.06.2026;23:00;UTC;23:15;UTC;6,043
13.06.2026;23:15;UTC;23:30;UTC;5,257
13.06.2026;23:30;UTC;23:45;UTC;4,639
13.06.2026;23:45;UTC;00:00;UTC;3,837
14.06.2026;00:00;UTC;00:15;UTC;4,5
14.06.2026;00:15;UTC;00:30;UTC;3,422
14.06.2026;00:30;UTC;00:45;UTC;2,814
14.06.2026;00:45;UTC;01:00;UTC;2,895
14.06.2026;01:00;UTC;01:15;UTC;2,972
14.06.2026;01:15;UTC;01:30;UTC;2,63
14.06.2026;01:30;UTC;01:45;UTC;2,873
14.06.2026;01:45;UTC;02:00;UTC;2,754
14.06.2026;02:00;UTC;02:15;UTC;2,574
14.06.2026;02:15;UTC;02:30;UTC;2,505
14.06.2026;02:30;UTC;02:45;UTC;2,709
14.06.2026;02:45;UTC;03:00;UTC;2,841
14.06.2026;03:00;UTC;03:15;UTC;2,498
14.06.2026;03:15;UTC;03:30;UTC;2,031
14.06.2026;03:30;UTC;03:45;UTC;2,162
14.06.2026;03:45;UTC;04:00;UTC;1,856
14.06.2026;04:00;UTC;04:15;UTC;1,38
14.06.2026;04:15;UTC;04:30;UTC;0,99
14.06.2026;04:30;UTC;04:45;UTC;0,548
14.06.2026;04:45;UTC;05:00;UTC;0,178
14.06.2026;05:00;UTC;05:15;UTC;0,188
14.06.2026;05:15;UTC;05:30;UTC;0
14.06.2026;05:30;UTC;05:45;UTC;-0,001
14.06.2026;05:45;UTC;06:00;UTC;-0,003
14.06.2026;06:00;UTC;06:15;UTC;-0,001
14.06.2026;06:15;UTC;06:30;UTC;-0,009
14.06.2026;06:30;UTC;06:45;UTC;-0,019
14.06.2026;06:45;UTC;07:00;UTC;-0,11
14.06.2026;07:00;UTC;07:15;UTC;-0,127
14.06.2026;07:15;UTC;07:30;UTC;-0,201
14.06.2026;07:30;UTC;07:45;UTC;-0,305
14.06.2026;07:45;UTC;08:00;UTC;-0,5
14.06.2026;08:00;UTC;08:15;UTC;-0,347
14.06.2026;08:15;UTC;08:30;UTC;-0,5
14.06.2026;08:30;UTC;08:45;UTC;-0,701
14.06.2026;08:45;UTC;09:00;UTC;-1
14.06.2026;09:00;UTC;09:15;UTC;-0,73
14.06.2026;09:15;UTC;09:30;UTC;-0,801
14.06.2026;09:30;UTC;09:45;UTC;-1,001
14.06.2026;09:45;UTC;10:00;UTC;-1,183
14.06.2026;10:00;UTC;10:15;UTC;-1,187
14.06.2026;10:15;UTC;10:30;UTC;-1,41
14.06.2026;10:30;UTC;10:45;UTC;-1,5
14.06.2026;10:45;UTC;11:00;UTC;-1,9
14.06.2026;11:00;UTC;11:15;UTC;-1,701
14.06.2026;11:15;UTC;11:30;UTC;-2,002
14.06.2026;11:30;UTC;11:45;UTC;-2,67
14.06.2026;11:45;UTC;12:00;UTC;-2,996
14.06.2026;12:00;UTC;12:15;UTC;-2,608
14.06.2026;12:15;UTC;12:30;UTC;-2,582
14.06.2026;12:30;UTC;12:45;UTC;-2,41
14.06.2026;12:45;UTC;13:00;UTC;-2,4
14.06.2026;13:00;UTC;13:15;UTC;-2,198
14.06.2026;13:15;UTC;13:30;UTC;-2
14.06.2026;13:30;UTC;13:45;UTC;-1,992
14.06.2026;13:45;UTC;14:00;UTC;-1,81
14.06.2026;14:00;UTC;14:15;UTC;-1,491
14.06.2026;14:15;UTC;14:30;UTC;-1,009
14.06.2026;14:30;UTC;14:45;UTC;-0,747
14.06.2026;14:45;UTC;15:00;UTC;-0,434
14.06.2026;15:00;UTC;15:15;UTC;-0,49
14.06.2026;15:15;UTC;15:30;UTC;-0,131
14.06.2026;15:30;UTC;15:45;UTC;-0,012
14.06.2026;15:45;UTC;16:00;UTC;-0,065
14.06.2026;16:00;UTC;16:15;UTC;-0,077
14.06.2026;16:15;UTC;16:30;UTC;-0,004
14.06.2026;16:30;UTC;16:45;UTC;0,375
14.06.2026;16:45;UTC;17:00;UTC;1,818
14.06.2026;17:00;UTC;17:15;UTC;2,135
14.06.2026;17:15;UTC;17:30;UTC;4,334
14.06.2026;17:30;UTC;17:45;UTC;8,391
14.06.2026;17:45;UTC;18:00;UTC;9,973
14.06.2026;18:00;UTC;18:15;UTC;8,371
14.06.2026;18:15;UTC;18:30;UTC;9,08
14.06.2026;18:30;UTC;18:45;UTC;10,001
14.06.2026;18:45;UTC;19:00;UTC;10,5
14.06.2026;19:00;UTC;19:15;UTC;10,359
14.06.2026;19:15;UTC;19:30;UTC;10,394
14.06.2026;19:30;UTC;19:45;UTC;10,098
14.06.2026;19:45;UTC;20:00;UTC;10,2
14.06.2026;20:00;UTC;20:15;UTC;12,005
14.06.2026;20:15;UTC;20:30;UTC;11,548
14.06.2026;20:30;UTC;20:45;UTC;10,801
14.06.2026;20:45;UTC;21:00;UTC;10,558
14.06.2026;21:00;UTC;21:15;UTC;10,915
14.06.2026;21:15;UTC;21:30;UTC;10,201
14.06.2026;21:30;UTC;21:45;UTC;10,114
14.06.2026;21:45;UTC;22:00;UTC;10,128
14.06.2026;22:00;UTC;22:15;UTC;11,502
14.06.2026;22:15;UTC;22:30;UTC;10,47
14.06.2026;22:30;UTC;22:45;UTC;9,902
14.06.2026;22:45;UTC;23:00;UTC;8,699
14.06.2026;23:00;UTC;23:15;UTC;10,218
14.06.2026;23:15;UTC;23:30;UTC;9,649
14.06.2026;23:30;UTC;23:45;UTC;9,116
14.06.2026;23:45;UTC;00:00;UTC;8,181
15.06.2026;00:00;UTC;00:15;UTC;8,838
15.06.2026;00:15;UTC;00:30;UTC;8,08
15.06.2026;00:30;UTC;00:45;UTC;8,759
15.06.2026;00:45;UTC;01:00;UTC;8,473
15.06.2026;01:00;UTC;01:15;UTC;8,751
15.06.2026;01:15;UTC;01:30;UTC;8,488
15.06.2026;01:30;UTC;01:45;UTC;8,315
15.06.2026;01:45;UTC;02:00;UTC;7,945
15.06.2026;02:00;UTC;02:15;UTC;8,08
15.06.2026;02:15;UTC;02:30;UTC;8,081
15.06.2026;02:30;UTC;02:45;UTC;8,488
15.06.2026;02:45;UTC;03:00;UTC;9,106
15.06.2026;03:00;UTC;03:15;UTC;8,11
15.06.2026;03:15;UTC;03:30;UTC;9,081
15.06.2026;03:30;UTC;03:45;UTC;9,228
15.06.2026;03:45;UTC;04:00;UTC;10,143
15.06.2026;04:00;UTC;04:15;UTC;9,927
15.06.2026;04:15;UTC;04:30;UTC;10,645
15.06.2026;04:30;UTC;04:45;UTC;10,899
15.06.2026;04:45;UTC;05:00;UTC;10,806
15.06.2026;05:00;UTC;05:15;UTC;12,173
15.06.2026;05:15;UTC;05:30;UTC;10,893
15.06.2026;05:30;UTC;05:45;UTC;10,485
15.06.2026;05:45;UTC;06:00;UTC;9,406
15.06.2026;06:00;UTC;06:15;UTC;10,833
15.06.2026;06:15;UTC;06:30;UTC;10,099
15.06.2026;06:30;UTC;06:45;UTC;8,837
15.06.2026;06:45;UTC;07:00;UTC;6,807
15.06.2026;07:00;UTC;07:15;UTC;9,575
15.06.2026;07:15;UTC;07:30;UTC;7,694
15.06.2026;07:30;UTC;07:45;UTC;5,537
15.06.2026;07:45;UTC;08:00;UTC;2,655
15.06.2026;08:00;UTC;08:15;UTC;5,229
15.06.2026;08:15;UTC;08:30;UTC;2,414
15.06.2026;08:30;UTC;08:45;UTC;0,97
15.06.2026;08:45;UTC;09:00;UTC;0,01
15.06.2026;09:00;UTC;09:15;UTC;0,405
15.06.2026;09:15;UTC;09:30;UTC;0
15.06.2026;09:30;UTC;09:45;UTC;0
15.06.2026;09:45;UTC;10:00;UTC;-0,002
15.06.2026;10:00;UTC;10:15;UTC;0
15.06.2026;10:15;UTC;10:30;UTC;-0,001
15.06.2026;10:30;UTC;10:45;UTC;-0,004
15.06.2026;10:45;UTC;11:00;UTC;-0,006
15.06.2026;11:00;UTC;11:15;UTC;-0,102
15.06.2026;11:15;UTC;11:30;UTC;-0,109
15.06.2026;11:30;UTC;11:45;UTC;-0,181
15.06.2026;11:45;UTC;12:00;UTC;-0,201
15.06.2026;12:00;UTC;12:15;UTC;-0,265
15.06.2026;12:15;UTC;12:30;UTC;-0,297
15.06.2026;12:30;UTC;12:45;UTC;-0,3
15.06.2026;12:45;UTC;13:00;UTC;-0,299
15.06.2026;13:00;UTC;13:15;UTC;-0,11
15.06.2026;13:15;UTC;13:30;UTC;-0,102
15.06.2026;13:30;UTC;13:45;UTC;-0,086
15.06.2026;13:45;UTC;14:00;UTC;-0,075
15.06.2026;14:00;UTC;14:15;UTC;-0,006
15.06.2026;14:15;UTC;14:30;UTC;-0,001
15.06.2026;14:30;UTC;14:45;UTC;0
15.06.2026;14:45;UTC;15:00;UTC;0,001
15.06.2026;15:00;UTC;15:15;UTC;0,844
15.06.2026;15:15;UTC;15:30;UTC;3,122
15.06.2026;15:30;UTC;15:45;UTC;4,998
15.06.2026;15:45;UTC;16:00;UTC;8,507
15.06.2026;16:00;UTC;16:15;UTC;4,745
15.06.2026;16:15;UTC;16:30;UTC;7,75
15.06.2026;16:30;UTC;16:45;UTC;10,767
15.06.2026;16:45;UTC;17:00;UTC;13,319
15.06.2026;17:00;UTC;17:15;UTC;10,751
15.06.2026;17:15;UTC;17:30;UTC;12,195
15.06.2026;17:30;UTC;17:45;UTC;13,687
15.06.2026;17:45;UTC;18:00;UTC;15
15.06.2026;18:00;UTC;18:15;UTC;13,11
15.06.2026;18:15;UTC;18:30;UTC;13,759
15.06.2026;18:30;UTC;18:45;UTC;15,392
15.06.2026;18:45;UTC;19:00;UTC;17,217
15.06.2026;19:00;UTC;19:15;UTC;15,493
15.06.2026;19:15;UTC;19:30;UTC;15,762
15.06.2026;19:30;UTC;19:45;UTC;15,988
15.06.2026;19:45;UTC;20:00;UTC;15,261
15.06.2026;20:00;UTC;20:15;UTC;16,27
15.06.2026;20:15;UTC;20:30;UTC;15,589
15.06.2026;20:30;UTC;20:45;UTC;15,508
15.06.2026;20:45;UTC;21:00;UTC;14,15
15.06.2026;21:00;UTC;21:15;UTC;14,705
15.06.2026;21:15;UTC;21:30;UTC;13,332
15.06.2026;21:30;UTC;21:45;UTC;13,136
15.06.2026;21:45;UTC;22:00;UTC;12,729
15.06.2026;22:00;UTC;22:15;UTC;13,185
15.06.2026;22:15;UTC;22:30;UTC;12,699
15.06.2026;22:30;UTC;22:45;UTC;11,846
15.06.2026;22:45;UTC;23:00;UTC;11,401
15.06.2026;23:00;UTC;23:15;UTC;12,07
15.06.2026;23:15;UTC;23:30;UTC;11,721
15.06.2026;23:30;UTC;23:45;UTC;11,634
15.06.2026;23:45;UTC;00:00;UTC;11,502
16.06.2026;00:00;UTC;00:15;UTC;11,634
16.06.2026;00:15;UTC;00:30;UTC;11,493
16.06.2026;00:30;UTC;00:45;UTC;11,343
16.06.2026;00:45;UTC;01:00;UTC;11,04
16.06.2026;01:00;UTC;01:15;UTC;11,301
16.06.2026;01:15;UTC;01:30;UTC;11,265
16.06.2026;01:30;UTC;01:45;UTC;10,867
16.06.2026;01:45;UTC;02:00;UTC;10,964
16.06.2026;02:00;UTC;02:15;UTC;11,04
16.06.2026;02:15;UTC;02:30;UTC;11,033
16.06.2026;02:30;UTC;02:45;UTC;11,144
16.06.2026;02:45;UTC;03:00;UTC;11,279
16.06.2026;03:00;UTC;03:15;UTC;11,201
16.06.2026;03:15;UTC;03:30;UTC;11,279
16.06.2026;03:30;UTC;03:45;UTC;11,679
16.06.2026;03:45;UTC;04:00;UTC;11,89
16.06.2026;04:00;UTC;04:15;UTC;12,5
16.06.2026;04:15;UTC;04:30;UTC;12,77
16.06.2026;04:30;UTC;04:45;UTC;12,927
16.06.2026;04:45;UTC;05:00;UTC;13
16.06.2026;05:00;UTC;05:15;UTC;13,899
16.06.2026;05:15;UTC;05:30;UTC;13,331
16.06.2026;05:30;UTC;05:45;UTC;13,148
16.06.2026;05:45;UTC;06:00;UTC;12,3
16.06.2026;06:00;UTC;06:15;UTC;13,977
16.06.2026;06:15;UTC;06:30;UTC;12,758
16.06.2026;06:30;UTC;06:45;UTC;12,252
16.06.2026;06:45;UTC;07:00;UTC;11,539
16.06.2026;07:00;UTC;07:15;UTC;11,893
16.06.2026;07:15;UTC;07:30;UTC;11,366
16.06.2026;07:30;UTC;07:45;UTC;10,542
16.06.2026;07:45;UTC;08:00;UTC;10
16.06.2026;08:00;UTC;08:15;UTC;9,533
16.06.2026;08:15;UTC;08:30;UTC;9,069
16.06.2026;08:30;UTC;08:45;UTC;8,59
16.06.2026;08:45;UTC;09:00;UTC;7,2
16.06.2026;09:00;UTC;09:15;UTC;9,425
16.06.2026;09:15;UTC;09:30;UTC;8,514
16.06.2026;09:30;UTC;09:45;UTC;7,65
16.06.2026;09:45;UTC;10:00;UTC;6,626
16.06.2026;10:00;UTC;10:15;UTC;7,601
16.06.2026;10:15;UTC;10:30;UTC;6,774
16.06.2026;10:30;UTC;10:45;UTC;6,335
16.06.2026;10:45;UTC;11:00;UTC;5,889
16.06.2026;11:00;UTC;11:15;UTC;6,534
16.06.2026;11:15;UTC;11:30;UTC;6
16.06.2026;11:30;UTC;11:45;UTC;5,101
16.06.2026;11:45;UTC;12:00;UTC;4,067
16.06.2026;12:00;UTC;12:15;UTC;4,794
16.06.2026;12:15;UTC;12:30;UTC;4,863
16.06.2026;12:30;UTC;12:45;UTC;5,051
16.06.2026;12:45;UTC;13:00;UTC;5,585
16.06.2026;13:00;UTC;13:15;UTC;5,049
16.06.2026;13:15;UTC;13:30;UTC;5,789
16.06.2026;13:30;UTC;13:45;UTC;6,141
16.06.2026;13:45;UTC;14:00;UTC;7,109
16.06.2026;14:00;UTC;14:15;UTC;6,043
16.06.2026;14:15;UTC;14:30;UTC;7,33
16.06.2026;14:30;UTC;14:45;UTC;9,053
16.06.2026;14:45;UTC;15:00;UTC;10,157
16.06.2026;15:00;UTC;15:15;UTC;9,418
16.06.2026;15:15;UTC;15:30;UTC;10,424
16.06.2026;15:30;UTC;15:45;UTC;11,515
16.06.2026;15:45;UTC;16:00;UTC;12,532
16.06.2026;16:00;UTC;16:15;UTC;11,401
16.06.2026;16:15;UTC;16:30;UTC;12,281
16.06.2026;16:30;UTC;16:45;UTC;12,889
16.06.2026;16:45;UTC;17:00;UTC;14,273
16.06.2026;17:00;UTC;17:15;UTC;12,698
16.06.2026;17:15;UTC;17:30;UTC;14,139
16.06.2026;17:30;UTC;17:45;UTC;15,411
16.06.2026;17:45;UTC;18:00;UTC;16,999
16.06.2026;18:00;UTC;18:15;UTC;15,054
16.06.2026;18:15;UTC;18:30;UTC;16,937
16.06.2026;18:30;UTC;18:45;UTC;18,063
16.06.2026;18:45;UTC;19:00;UTC;19,587
16.06.2026;19:00;UTC;19:15;UTC;18,636
16.06.2026;19:15;UTC;19:30;UTC;19,251
16.06.2026;19:30;UTC;19:45;UTC;18,216
16.06.2026;19:45;UTC;20:00;UTC;16,465
16.06.2026;20:00;UTC;20:15;UTC;19,146
16.06.2026;20:15;UTC;20:30;UTC;16,279
16.06.2026;20:30;UTC;20:45;UTC;15,399
16.06.2026;20:45;UTC;21:00;UTC;14,72
16.06.2026;21:00;UTC;21:15;UTC;15,253
16.06.2026;21:15;UTC;21:30;UTC;14,578
16.06.2026;21:30;UTC;21:45;UTC;14,007
16.06.2026;21:45;UTC;22:00;UTC;13,405
16.06.2026;22:00;UTC;22:15;UTC;14,896
16.06.2026;22:15;UTC;22:30;UTC;14,315
16.06.2026;22:30;UTC;22:45;UTC;13,9
16.06.2026;22:45;UTC;23:00;UTC;13,381
16.06.2026;23:00;UTC;23:15;UTC;14,403
16.06.2026;23:15;UTC;23:30;UTC;13,435
16.06.2026;23:30;UTC;23:45;UTC;13,314
16.06.2026;23:45;UTC;00:00;UTC;13,005
17.06.2026;00:00;UTC;00:15;UTC;13,179
17.06.2026;00:15;UTC;00:30;UTC;12,874
17.06.2026;00:30;UTC;00:45;UTC;12,87
17.06.2026;00:45;UTC;01:00;UTC;12,809
17.06.2026;01:00;UTC;01:15;UTC;12,842
17.06.2026;01:15;UTC;01:30;UTC;12,716
17.06.2026;01:30;UTC;01:45;UTC;12,781
17.06.2026;01:45;UTC;02:00;UTC;12,677
17.06.2026;02:00;UTC;02:15;UTC;12,594
17.06.2026;02:15;UTC;02:30;UTC;12,704
17.06.2026;02:30;UTC;02:45;UTC;12,761
17.06.2026;02:45;UTC;03:00;UTC;12,907
17.06.2026;03:00;UTC;03:15;UTC;12,619
17.06.2026;03:15;UTC;03:30;UTC;12,642
17.06.2026;03:30;UTC;03:45;UTC;12,84
17.06.2026;03:45;UTC;04:00;UTC;13,117
17.06.2026;04:00;UTC;04:15;UTC;13,852
17.06.2026;04:15;UTC;04:30;UTC;14,33
17.06.2026;04:30;UTC;04:45;UTC;14,376
17.06.2026;04:45;UTC;05:00;UTC;13,548
17.06.2026;05:00;UTC;05:15;UTC;14,927
17.06.2026;05:15;UTC;05:30;UTC;13,827
17.06.2026;05:30;UTC;05:45;UTC;13,548
17.06.2026;05:45;UTC;06:00;UTC;12,368
17.06.2026;06:00;UTC;06:15;UTC;13,309
17.06.2026;06:15;UTC;06:30;UTC;12,592
17.06.2026;06:30;UTC;06:45;UTC;11,758
17.06.2026;06:45;UTC;07:00;UTC;11,043
17.06.2026;07:00;UTC;07:15;UTC;11,93
17.06.2026;07:15;UTC;07:30;UTC;10,59
17.06.2026;07:30;UTC;07:45;UTC;10,279
17.06.2026;07:45;UTC;08:00;UTC;9,519
17.06.2026;08:00;UTC;08:15;UTC;10,255
17.06.2026;08:15;UTC;08:30;UTC;9,203
17.06.2026;08:30;UTC;08:45;UTC;8,465
17.06.2026;08:45;UTC;09:00;UTC;7,375
17.06.2026;09:00;UTC;09:15;UTC;9,077
17.06.2026;09:15;UTC;09:30;UTC;8
17.06.2026;09:30;UTC;09:45;UTC;7,287
17.06.2026;09:45;UTC;10:00;UTC;7,031
17.06.2026;10:00;UTC;10:15;UTC;7,895
17.06.2026;10:15;UTC;10:30;UTC;7,266
17.06.2026;10:30;UTC;10:45;UTC;7,047
17.06.2026;10:45;UTC;11:00;UTC;6,684
17.06.2026;11:00;UTC;11:15;UTC;6,999
17.06.2026;11:15;UTC;11:30;UTC;6,522
17.06.2026;11:30;UTC;11:45;UTC;6,025
17.06.2026;11:45;UTC;12:00;UTC;5,571
17.06.2026;12:00;UTC;12:15;UTC;6,2
17.06.2026;12:15;UTC;12:30;UTC;6,518
17.06.2026;12:30;UTC;12:45;UTC;6,586
17.06.2026;12:45;UTC;13:00;UTC;7,199
17.06.2026;13:00;UTC;13:15;UTC;6,766
17.06.2026;13:15;UTC;13:30;UTC;7,302
17.06.2026;13:30;UTC;13:45;UTC;7,897
17.06.2026;13:45;UTC;14:00;UTC;8,425
17.06.2026;14:00;UTC;14:15;UTC;7,494
17.06.2026;14:15;UTC;14:30;UTC;8,248
17.06.2026;14:30;UTC;14:45;UTC;9,403
17.06.2026;14:45;UTC;15:00;UTC;10,092
17.06.2026;15:00;UTC;15:15;UTC;8,759
17.06.2026;15:15;UTC;15:30;UTC;10,5
17.06.2026;15:30;UTC;15:45;UTC;11,268
17.06.2026;15:45;UTC;16:00;UTC;12,043
17.06.2026;16:00;UTC;16:15;UTC;11,008
17.06.2026;16:15;UTC;16:30;UTC;11,519
17.06.2026;16:30;UTC;16:45;UTC;12,496
17.06.2026;16:45;UTC;17:00;UTC;13,272
17.06.2026;17:00;UTC;17:15;UTC;12,968
17.06.2026;17:15;UTC;17:30;UTC;13,642
17.06.2026;17:30;UTC;17:45;UTC;14,813
17.06.2026;17:45;UTC;18:00;UTC;15,6
17.06.2026;18:00;UTC;18:15;UTC;14,682
17.06.2026;18:15;UTC;18:30;UTC;15,512
17.06.2026;18:30;UTC;18:45;UTC;17,275
17.06.2026;18:45;UTC;19:00;UTC;17,487
17.06.2026;19:00;UTC;19:15;UTC;17,355
17.06.2026;19:15;UTC;19:30;UTC;16,91
17.06.2026;19:30;UTC;19:45;UTC;16,12
17.06.2026;19:45;UTC;20:00;UTC;15,261
17.06.2026;20:00;UTC;20:15;UTC;17,296
17.06.2026;20:15;UTC;20:30;UTC;16,001
17.06.2026;20:30;UTC;20:45;UTC;15,454
17.06.2026;20:45;UTC;21:00;UTC;14,693
17.06.2026;21:00;UTC;21:15;UTC;15,202
17.06.2026;21:15;UTC;21:30;UTC;14,542
17.06.2026;21:30;UTC;21:45;UTC;13,898
17.06.2026;21:45;UTC;22:00;UTC;13,453
17.06.2026;22:00;UTC;22:15;UTC;14,306
17.06.2026;22:15;UTC;22:30;UTC;13,506
17.06.2026;22:30;UTC;22:45;UTC;13,415
17.06.2026;22:45;UTC;23:00;UTC;12,876
17.06.2026;23:00;UTC;23:15;UTC;12,956
17.06.2026;23:15;UTC;23:30;UTC;12,655
17.06.2026;23:30;UTC;23:45;UTC;12,429
17.06.2026;23:45;UTC;00:00;UTC;12,251
18.06.2026;00:00;UTC;00:15;UTC;12,333
18.06.2026;00:15;UTC;00:30;UTC;12,185
18.06.2026;00:30;UTC;00:45;UTC;12,145
18.06.2026;00:45;UTC;01:00;UTC;12,082
18.06.2026;01:00;UTC;01:15;UTC;12,073
18.06.2026;01:15;UTC;01:30;UTC;11,915
18.06.2026;01:30;UTC;01:45;UTC;11,933
18.06.2026;01:45;UTC;02:00;UTC;11,953
18.06.2026;02:00;UTC;02:15;UTC;11,766
18.06.2026;02:15;UTC;02:30;UTC;11,861
18.06.2026;02:30;UTC;02:45;UTC;11,997
18.06.2026;02:45;UTC;03:00;UTC;12,101
18.06.2026;03:00;UTC;03:15;UTC;12,426
18.06.2026;03:15;UTC;03:30;UTC;12,496
18.06.2026;03:30;UTC;03:45;UTC;12,8
18.06.2026;03:45;UTC;04:00;UTC;13,114
18.06.2026;04:00;UTC;04:15;UTC;13,381
18.06.2026;04:15;UTC;04:30;UTC;13,758
18.06.2026;04:30;UTC;04:45;UTC;13,595
18.06.2026;04:45;UTC;05:00;UTC;13,386
18.06.2026;05:00;UTC;05:15;UTC;14,399
18.06.2026;05:15;UTC;05:30;UTC;13,746
18.06.2026;05:30;UTC;05:45;UTC;13,626
18.06.2026;05:45;UTC;06:00;UTC;12,335
18.06.2026;06:00;UTC;06:15;UTC;13,1
18.06.2026;06:15;UTC;06:30;UTC;12,36
18.06.2026;06:30;UTC;06:45;UTC;11,74
18.06.2026;06:45;UTC;07:00;UTC;10,293
18.06.2026;07:00;UTC;07:15;UTC;11,7
18.06.2026;07:15;UTC;07:30;UTC;10,499
18.06.2026;07:30;UTC;07:45;UTC;9,881
18.06.2026;07:45;UTC;08:00;UTC;8,606
18.06.2026;08:00;UTC;08:15;UTC;9,942
18.06.2026;08:15;UTC;08:30;UTC;8,345
18.06.2026;08:30;UTC;08:45;UTC;7,12
18.06.2026;08:45;UTC;09:00;UTC;4,647
18.06.2026;09:00;UTC;09:15;UTC;6,516
18.06.2026;09:15;UTC;09:30;UTC;5,06
18.06.2026;09:30;UTC;09:45;UTC;3,525
18.06.2026;09:45;UTC;10:00;UTC;2,51
18.06.2026;10:00;UTC;10:15;UTC;3,995
18.06.2026;10:15;UTC;10:30;UTC;2,868
18.06.2026;10:30;UTC;10:45;UTC;2,499
18.06.2026;10:45;UTC;11:00;UTC;1,937
18.06.2026;11:00;UTC;11:15;UTC;2,627
18.06.2026;11:15;UTC;11:30;UTC;2,189
18.06.2026;11:30;UTC;11:45;UTC;1,551
18.06.2026;11:45;UTC;12:00;UTC;1,101
18.06.2026;12:00;UTC;12:15;UTC;2,113
18.06.2026;12:15;UTC;12:30;UTC;2,376
18.06.2026;12:30;UTC;12:45;UTC;2,627
18.06.2026;12:45;UTC;13:00;UTC;3,244
18.06.2026;13:00;UTC;13:15;UTC;2,5
18.06.2026;13:15;UTC;13:30;UTC;4,2
18.06.2026;13:30;UTC;13:45;UTC;5,41
18.06.2026;13:45;UTC;14:00;UTC;7,129
18.06.2026;14:00;UTC;14:15;UTC;4,678
18.06.2026;14:15;UTC;14:30;UTC;7,496
18.06.2026;14:30;UTC;14:45;UTC;8,998
18.06.2026;14:45;UTC;15:00;UTC;10,452
18.06.2026;15:00;UTC;15:15;UTC;8,084
18.06.2026;15:15;UTC;15:30;UTC;10,022
18.06.2026;15:30;UTC;15:45;UTC;11,427
18.06.2026;15:45;UTC;16:00;UTC;12,673
18.06.2026;16:00;UTC;16:15;UTC;10,206
18.06.2026;16:15;UTC;16:30;UTC;12,702
18.06.2026;16:30;UTC;16:45;UTC;14,451
18.06.2026;16:45;UTC;17:00;UTC;16,924
18.06.2026;17:00;UTC;17:15;UTC;14,814
18.06.2026;17:15;UTC;17:30;UTC;17,446
18.06.2026;17:30;UTC;17:45;UTC;27,752
18.06.2026;17:45;UTC;18:00;UTC;41,345
18.06.2026;18:00;UTC;18:15;UTC;31,925
18.06.2026;18:15;UTC;18:30;UTC;38,2
18.06.2026;18:30;UTC;18:45;UTC;49,427
18.06.2026;18:45;UTC;19:00;UTC;54,475
18.06.2026;19:00;UTC;19:15;UTC;52,997
18.06.2026;19:15;UTC;19:30;UTC;50,104
18.06.2026;19:30;UTC;19:45;UTC;39,001
18.06.2026;19:45;UTC;20:00;UTC;34,664
18.06.2026;20:00;UTC;20:15;UTC;40,001
18.06.2026;20:15;UTC;20:30;UTC;29,643
18.06.2026;20:30;UTC;20:45;UTC;19,685
18.06.2026;20:45;UTC;21:00;UTC;16,399
18.06.2026;21:00;UTC;21:15;UTC;18,755
18.06.2026;21:15;UTC;21:30;UTC;16,309
18.06.2026;21:30;UTC;21:45;UTC;15,516
18.06.2026;21:45;UTC;22:00;UTC;14,627
18.06.2026;22:00;UTC;22:15;UTC;15,426
18.06.2026;22:15;UTC;22:30;UTC;14,821
18.06.2026;22:30;UTC;22:45;UTC;14,399
18.06.2026;22:45;UTC;23:00;UTC;14,011
18.06.2026;23:00;UTC;23:15;UTC;14,205
18.06.2026;23:15;UTC;23:30;UTC;13,579
18.06.2026;23:30;UTC;23:45;UTC;12,843
18.06.2026;23:45;UTC;00:00;UTC;12,378
19.06.2026;00:00;UTC;00:15;UTC;13,043
19.06.2026;00:15;UTC;00:30;UTC;12,413
19.06.2026;00:30;UTC;00:45;UTC;12,295
19.06.2026;00:45;UTC;01:00;UTC;12,178
19.06.2026;01:00;UTC;01:15;UTC;12,178
19.06.2026;01:15;UTC;01:30;UTC;12,106
19.06.2026;01:30;UTC;01:45;UTC;12
19.06.2026;01:45;UTC;02:00;UTC;11,9
19.06.2026;02:00;UTC;02:15;UTC;11,783
19.06.2026;02:15;UTC;02:30;UTC;11,851
19.06.2026;02:30;UTC;02:45;UTC;11,845
19.06.2026;02:45;UTC;03:00;UTC;11,908
19.06.2026;03:00;UTC;03:15;UTC;11,8
19.06.2026;03:15;UTC;03:30;UTC;11,924
19.06.2026;03:30;UTC;03:45;UTC;12,093
19.06.2026;03:45;UTC;04:00;UTC;12,421
19.06.2026;04:00;UTC;04:15;UTC;14,255
19.06.2026;04:15;UTC;04:30;UTC;14,133
19.06.2026;04:30;UTC;04:45;UTC;14,023
19.06.2026;04:45;UTC;05:00;UTC;13,076
19.06.2026;05:00;UTC;05:15;UTC;13,973
19.06.2026;05:15;UTC;05:30;UTC;13,616
19.06.2026;05:30;UTC;05:45;UTC;12,312
19.06.2026;05:45;UTC;06:00;UTC;11,048
19.06.2026;06:00;UTC;06:15;UTC;12,305
19.06.2026;06:15;UTC;06:30;UTC;11,471
19.06.2026;06:30;UTC;06:45;UTC;10,969
19.06.2026;06:45;UTC;07:00;UTC;10,038
19.06.2026;07:00;UTC;07:15;UTC;11,24
19.06.2026;07:15;UTC;07:30;UTC;10,372
19.06.2026;07:30;UTC;07:45;UTC;8,97
19.06.2026;07:45;UTC;08:00;UTC;7,576
19.06.2026;08:00;UTC;08:15;UTC;9,008
19.06.2026;08:15;UTC;08:30;UTC;8,007
19.06.2026;08:30;UTC;08:45;UTC;6,507
19.06.2026;08:45;UTC;09:00;UTC;4,441
19.06.2026;09:00;UTC;09:15;UTC;5,393
19.06.2026;09:15;UTC;09:30;UTC;3,86
19.06.2026;09:30;UTC;09:45;UTC;2,483
19.06.2026;09:45;UTC;10:00;UTC;1,1
19.06.2026;10:00;UTC;10:15;UTC;2,18
19.06.2026;10:15;UTC;10:30;UTC;1,401
19.06.2026;10:30;UTC;10:45;UTC;1,42
19.06.2026;10:45;UTC;11:00;UTC;0,999
19.06.2026;11:00;UTC;11:15;UTC;1,297
19.06.2026;11:15;UTC;11:30;UTC;1,031
19.06.2026;11:30;UTC;11:45;UTC;1,203
19.06.2026;11:45;UTC;12:00;UTC;0,963
19.06.2026;12:00;UTC;12:15;UTC;1,044
19.06.2026;12:15;UTC;12:30;UTC;1,359
19.06.2026;12:30;UTC;12:45;UTC;1,61
19.06.2026;12:45;UTC;13:00;UTC;2,509
19.06.2026;13:00;UTC;13:15;UTC;1,874
19.06.2026;13:15;UTC;13:30;UTC;3,231
19.06.2026;13:30;UTC;13:45;UTC;4,948
19.06.2026;13:45;UTC;14:00;UTC;7,088
19.06.2026;14:00;UTC;14:15;UTC;5,072
19.06.2026;14:15;UTC;14:30;UTC;7,837
19.06.2026;14:30;UTC;14:45;UTC;8,928
19.06.2026;14:45;UTC;15:00;UTC;10,437
19.06.2026;15:00;UTC;15:15;UTC;9,057
19.06.2026;15:15;UTC;15:30;UTC;10,685
19.06.2026;15:30;UTC;15:45;UTC;11,413
19.06.2026;15:45;UTC;16:00;UTC;12,174
19.06.2026;16:00;UTC;16:15;UTC;11,065
19.06.2026;16:15;UTC;16:30;UTC;12,131
19.06.2026;16:30;UTC;16:45;UTC;13,537
19.06.2026;16:45;UTC;17:00;UTC;15,148
19.06.2026;17:00;UTC;17:15;UTC;14,38
19.06.2026;17:15;UTC;17:30;UTC;15,385
19.06.2026;17:30;UTC;17:45;UTC;17,984
19.06.2026;17:45;UTC;18:00;UTC;20,565
19.06.2026;18:00;UTC;18:15;UTC;18,652
19.06.2026;18:15;UTC;18:30;UTC;19,916
19.06.2026;18:30;UTC;18:45;UTC;20,714
19.06.2026;18:45;UTC;19:00;UTC;21,262
19.06.2026;19:00;UTC;19:15;UTC;20,162
19.06.2026;19:15;UTC;19:30;UTC;19,57
19.06.2026;19:30;UTC;19:45;UTC;18,388
19.06.2026;19:45;UTC;20:00;UTC;16,093
19.06.2026;20:00;UTC;20:15;UTC;17,333
19.06.2026;20:15;UTC;20:30;UTC;16,24
19.06.2026;20:30;UTC;20:45;UTC;15,007
19.06.2026;20:45;UTC;21:00;UTC;14,565
19.06.2026;21:00;UTC;21:15;UTC;14,851
19.06.2026;21:15;UTC;21:30;UTC;14,216
19.06.2026;21:30;UTC;21:45;UTC;13,386
19.06.2026;21:45;UTC;22:00;UTC;12,66
19.06.2026;22:00;UTC;22:15;UTC;14,277
19.06.2026;22:15;UTC;22:30;UTC;13,314
19.06.2026;22:30;UTC;22:45;UTC;12,394
19.06.2026;22:45;UTC;23:00;UTC;12,155
19.06.2026;23:00;UTC;23:15;UTC;12,36
19.06.2026;23:15;UTC;23:30;UTC;12,016
19.06.2026;23:30;UTC;23:45;UTC;12,012
19.06.2026;23:45;UTC;00:00;UTC;12,06
20.06.2026;00:00;UTC;00:15;UTC;12,055
20.06.2026;00:15;UTC;00:30;UTC;11,945
20.06.2026;00:30;UTC;00:45;UTC;11,795
20.06.2026;00:45;UTC;01:00;UTC;11,645
20.06.2026;01:00;UTC;01:15;UTC;11,861
20.06.2026;01:15;UTC;01:30;UTC;11,681
20.06.2026;01:30;UTC;01:45;UTC;11,662
20.06.2026;01:45;UTC;02:00;UTC;11,501
20.06.2026;02:00;UTC;02:15;UTC;11,388
20.06.2026;02:15;UTC;02:30;UTC;11,495
20.06.2026;02:30;UTC;02:45;UTC;11,476
20.06.2026;02:45;UTC;03:00;UTC;11,56
20.06.2026;03:00;UTC;03:15;UTC;11,633
20.06.2026;03:15;UTC;03:30;UTC;11,599
20.06.2026;03:30;UTC;03:45;UTC;11,375
20.06.2026;03:45;UTC;04:00;UTC;11,19
20.06.2026;04:00;UTC;04:15;UTC;11,696
20.06.2026;04:15;UTC;04:30;UTC;11,24
20.06.2026;04:30;UTC;04:45;UTC;10,954
20.06.2026;04:45;UTC;05:00;UTC;10,001
20.06.2026;05:00;UTC;05:15;UTC;11,43
20.06.2026;05:15;UTC;05:30;UTC;10,842
20.06.2026;05:30;UTC;05:45;UTC;9,867
20.06.2026;05:45;UTC;06:00;UTC;8,532
20.06.2026;06:00;UTC;06:15;UTC;11,5
20.06.2026;06:15;UTC;06:30;UTC;9,92
20.06.2026;06:30;UTC;06:45;UTC;8,255
20.06.2026;06:45;UTC;07:00;UTC;6,32
20.06.2026;07:00;UTC;07:15;UTC;8,383
20.06.2026;07:15;UTC;07:30;UTC;5,382
20.06.2026;07:30;UTC;07:45;UTC;2,346
20.06.2026;07:45;UTC;08:00;UTC;0,423
20.06.2026;08:00;UTC;08:15;UTC;1,179
20.06.2026;08:15;UTC;08:30;UTC;0,399
20.06.2026;08:30;UTC;08:45;UTC;0,071
20.06.2026;08:45;UTC;09:00;UTC;0,001
20.06.2026;09:00;UTC;09:15;UTC;0
20.06.2026;09:15;UTC;09:30;UTC;0
20.06.2026;09:30;UTC;09:45;UTC;0
20.06.2026;09:45;UTC;10:00;UTC;-0,001
20.06.2026;10:00;UTC;10:15;UTC;-0,001
20.06.2026;10:15;UTC;10:30;UTC;-0,001
20.06.2026;10:30;UTC;10:45;UTC;-0,001
20.06.2026;10:45;UTC;11:00;UTC;-0,002
20.06.2026;11:00;UTC;11:15;UTC;-0,001
20.06.2026;11:15;UTC;11:30;UTC;-0,002
20.06.2026;11:30;UTC;11:45;UTC;-0,002
20.06.2026;11:45;UTC;12:00;UTC;-0,002
20.06.2026;12:00;UTC;12:15;UTC;-0,002
20.06.2026;12:15;UTC;12:30;UTC;-0,001
20.06.2026;12:30;UTC;12:45;UTC;-0,001
20.06.2026;12:45;UTC;13:00;UTC;-0,001
20.06.2026;13:00;UTC;13:15;UTC;0
20.06.2026;13:15;UTC;13:30;UTC;0
20.06.2026;13:30;UTC;13:45;UTC;0
20.06.2026;13:45;UTC;14:00;UTC;0,1
20.06.2026;14:00;UTC;14:15;UTC;0,015
20.06.2026;14:15;UTC;14:30;UTC;0,511
20.06.2026;14:30;UTC;14:45;UTC;1,618
20.06.2026;14:45;UTC;15:00;UTC;5,179
20.06.2026;15:00;UTC;15:15;UTC;1,4
20.06.2026;15:15;UTC;15:30;UTC;8,287
20.06.2026;15:30;UTC;15:45;UTC;10,779
20.06.2026;15:45;UTC;16:00;UTC;13,222
20.06.2026;16:00;UTC;16:15;UTC;10,129
20.06.2026;16:15;UTC;16:30;UTC;11,745
20.06.2026;16:30;UTC;16:45;UTC;12,549
20.06.2026;16:45;UTC;17:00;UTC;13,49
20.06.2026;17:00;UTC;17:15;UTC;12,308
20.06.2026;17:15;UTC;17:30;UTC;14,211
20.06.2026;17:30;UTC;17:45;UTC;15,261
20.06.2026;17:45;UTC;18:00;UTC;17,179
20.06.2026;18:00;UTC;18:15;UTC;15,075
20.06.2026;18:15;UTC;18:30;UTC;16,414
20.06.2026;18:30;UTC;18:45;UTC;17,889
20.06.2026;18:45;UTC;19:00;UTC;19,417
20.06.2026;19:00;UTC;19:15;UTC;18,351
20.06.2026;19:15;UTC;19:30;UTC;18,025
20.06.2026;19:30;UTC;19:45;UTC;18,783
20.06.2026;19:45;UTC;20:00;UTC;17,861
20.06.2026;20:00;UTC;20:15;UTC;18,389
20.06.2026;20:15;UTC;20:30;UTC;16,482
20.06.2026;20:30;UTC;20:45;UTC;16,156
20.06.2026;20:45;UTC;21:00;UTC;15
20.06.2026;21:00;UTC;21:15;UTC;15,728
20.06.2026;21:15;UTC;21:30;UTC;15,002
20.06.2026;21:30;UTC;21:45;UTC;14,305
20.06.2026;21:45;UTC;22:00;UTC;13,688
20.06.2026;22:00;UTC;22:15;UTC;14,817
20.06.2026;22:15;UTC;22:30;UTC;13,876
20.06.2026;22:30;UTC;22:45;UTC;13,402
20.06.2026;22:45;UTC;23:00;UTC;13,071
20.06.2026;23:00;UTC;23:15;UTC;13,16
20.06.2026;23:15;UTC;23:30;UTC;12,938
20.06.2026;23:30;UTC;23:45;UTC;12,765
20.06.2026;23:45;UTC;00:00;UTC;12,563
21.06.2026;00:00;UTC;00:15;UTC;12,918
21.06.2026;00:15;UTC;00:30;UTC;12,592
21.06.2026;00:30;UTC;00:45;UTC;12,565
21.06.2026;00:45;UTC;01:00;UTC;12,491
21.06.2026;01:00;UTC;01:15;UTC;12,499
21.06.2026;01:15;UTC;01:30;UTC;12,495
21.06.2026;01:30;UTC;01:45;UTC;12,394
21.06.2026;01:45;UTC;02:00;UTC;12,28
21.06.2026;02:00;UTC;02:15;UTC;12,279
21.06.2026;02:15;UTC;02:30;UTC;12,251
21.06.2026;02:30;UTC;02:45;UTC;12,218
21.06.2026;02:45;UTC;03:00;UTC;12,225
21.06.2026;03:00;UTC;03:15;UTC;12,434
21.06.2026;03:15;UTC;03:30;UTC;12,023
21.06.2026;03:30;UTC;03:45;UTC;11,966
21.06.2026;03:45;UTC;04:00;UTC;11,412
21.06.2026;04:00;UTC;04:15;UTC;12,001
21.06.2026;04:15;UTC;04:30;UTC;11,345
21.06.2026;04:30;UTC;04:45;UTC;11,018
21.06.2026;04:45;UTC;05:00;UTC;10,476
21.06.2026;05:00;UTC;05:15;UTC;11,81
21.06.2026;05:15;UTC;05:30;UTC;11,011
21.06.2026;05:30;UTC;05:45;UTC;9,83
21.06.2026;05:45;UTC;06:00;UTC;8,291
21.06.2026;06:00;UTC;06:15;UTC;10,994
21.06.2026;06:15;UTC;06:30;UTC;8,468
21.06.2026;06:30;UTC;06:45;UTC;6
21.06.2026;06:45;UTC;07:00;UTC;2,864
21.06.2026;07:00;UTC;07:15;UTC;5,306
21.06.2026;07:15;UTC;07:30;UTC;3,525
21.06.2026;07:30;UTC;07:45;UTC;1,254
21.06.2026;07:45;UTC;08:00;UTC;0,308
21.06.2026;08:00;UTC;08:15;UTC;0,41
21.06.2026;08:15;UTC;08:30;UTC;0,131
21.06.2026;08:30;UTC;08:45;UTC;0,004
21.06.2026;08:45;UTC;09:00;UTC;0
21.06.2026;09:00;UTC;09:15;UTC;0
21.06.2026;09:15;UTC;09:30;UTC;0
21.06.2026;09:30;UTC;09:45;UTC;0
21.06.2026;09:45;UTC;10:00;UTC;-0,001
21.06.2026;10:00;UTC;10:15;UTC;0
21.06.2026;10:15;UTC;10:30;UTC;-0,001
21.06.2026;10:30;UTC;10:45;UTC;-0,001
21.06.2026;10:45;UTC;11:00;UTC;-0,001
21.06.2026;11:00;UTC;11:15;UTC;-0,001
21.06.2026;11:15;UTC;11:30;UTC;-0,001
21.06.2026;11:30;UTC;11:45;UTC;-0,001
21.06.2026;11:45;UTC;12:00;UTC;-0,001
21.06.2026;12:00;UTC;12:15;UTC;-0,001
21.06.2026;12:15;UTC;12:30;UTC;-0,001
21.06.2026;12:30;UTC;12:45;UTC;0
21.06.2026;12:45;UTC;13:00;UTC;0
21.06.2026;13:00;UTC;13:15;UTC;0
21.06.2026;13:15;UTC;13:30;UTC;0
21.06.2026;13:30;UTC;13:45;UTC;0
21.06.2026;13:45;UTC;14:00;UTC;0,003
21.06.2026;14:00;UTC;14:15;UTC;0,011
21.06.2026;14:15;UTC;14:30;UTC;0,205
21.06.2026;14:30;UTC;14:45;UTC;0,685
21.06.2026;14:45;UTC;15:00;UTC;4,204
21.06.2026;15:00;UTC;15:15;UTC;2,005
21.06.2026;15:15;UTC;15:30;UTC;7,181
21.06.2026;15:30;UTC;15:45;UTC;9,584
21.06.2026;15:45;UTC;16:00;UTC;12,318
21.06.2026;16:00;UTC;16:15;UTC;10,007
21.06.2026;16:15;UTC;16:30;UTC;11,162
21.06.2026;16:30;UTC;16:45;UTC;11,794
21.06.2026;16:45;UTC;17:00;UTC;13,283
21.06.2026;17:00;UTC;17:15;UTC;11,838
21.06.2026;17:15;UTC;17:30;UTC;13,457
21.06.2026;17:30;UTC;17:45;UTC;14,002
21.06.2026;17:45;UTC;18:00;UTC;14,271
21.06.2026;18:00;UTC;18:15;UTC;14,287
21.06.2026;18:15;UTC;18:30;UTC;14,957
21.06.2026;18:30;UTC;18:45;UTC;15,313
21.06.2026;18:45;UTC;19:00;UTC;15,444
21.06.2026;19:00;UTC;19:15;UTC;15,223
21.06.2026;19:15;UTC;19:30;UTC;15,092
21.06.2026;19:30;UTC;19:45;UTC;15
21.06.2026;19:45;UTC;20:00;UTC;14,791
21.06.2026;20:00;UTC;20:15;UTC;15,027
21.06.2026;20:15;UTC;20:30;UTC;14,964
21.06.2026;20:30;UTC;20:45;UTC;14,573
21.06.2026;20:45;UTC;21:00;UTC;13,876
21.06.2026;21:00;UTC;21:15;UTC;14,446
21.06.2026;21:15;UTC;21:30;UTC;13,622
21.06.2026;21:30;UTC;21:45;UTC;13,261
21.06.2026;21:45;UTC;22:00;UTC;12,268
21.06.2026;22:00;UTC;22:15;UTC;13,816
21.06.2026;22:15;UTC;22:30;UTC;12,933
21.06.2026;22:30;UTC;22:45;UTC;12,427
21.06.2026;22:45;UTC;23:00;UTC;12,175
21.06.2026;23:00;UTC;23:15;UTC;12,277
21.06.2026;23:15;UTC;23:30;UTC;12,119
21.06.2026;23:30;UTC;23:45;UTC;11,897
21.06.2026;23:45;UTC;00:00;UTC;11,756
22.06.2026;00:00;UTC;00:15;UTC;11,942
22.06.2026;00:15;UTC;00:30;UTC;11,498
22.06.2026;00:30;UTC;00:45;UTC;11,315
22.06.2026;00:45;UTC;01:00;UTC;11,23
22.06.2026;01:00;UTC;01:15;UTC;11,464
22.06.2026;01:15;UTC;01:30;UTC;11,48
22.06.2026;01:30;UTC;01:45;UTC;11,501
22.06.2026;01:45;UTC;02:00;UTC;11,645
22.06.2026;02:00;UTC;02:15;UTC;11,44
22.06.2026;02:15;UTC;02:30;UTC;11,623
22.06.2026;02:30;UTC;02:45;UTC;11,782
22.06.2026;02:45;UTC;03:00;UTC;12,007
22.06.2026;03:00;UTC;03:15;UTC;11,861
22.06.2026;03:15;UTC;03:30;UTC;12,136
22.06.2026;03:30;UTC;03:45;UTC;12,307
22.06.2026;03:45;UTC;04:00;UTC;13,252
22.06.2026;04:00;UTC;04:15;UTC;13,617
22.06.2026;04:15;UTC;04:30;UTC;14,091
22.06.2026;04:30;UTC;04:45;UTC;14,209
22.06.2026;04:45;UTC;05:00;UTC;14,22
22.06.2026;05:00;UTC;05:15;UTC;15,356
22.06.2026;05:15;UTC;05:30;UTC;14,875
22.06.2026;05:30;UTC;05:45;UTC;14,684
22.06.2026;05:45;UTC;06:00;UTC;13,5
22.06.2026;06:00;UTC;06:15;UTC;14,733
22.06.2026;06:15;UTC;06:30;UTC;13,43
22.06.2026;06:30;UTC;06:45;UTC;12,531
22.06.2026;06:45;UTC;07:00;UTC;10,835
22.06.2026;07:00;UTC;07:15;UTC;12,32
22.06.2026;07:15;UTC;07:30;UTC;11,352
22.06.2026;07:30;UTC;07:45;UTC;10,122
22.06.2026;07:45;UTC;08:00;UTC;9,071
22.06.2026;08:00;UTC;08:15;UTC;10,495
22.06.2026;08:15;UTC;08:30;UTC;8,813
22.06.2026;08:30;UTC;08:45;UTC;8,051
22.06.2026;08:45;UTC;09:00;UTC;6,5
22.06.2026;09:00;UTC;09:15;UTC;7,101
22.06.2026;09:15;UTC;09:30;UTC;6,12
22.06.2026;09:30;UTC;09:45;UTC;5,1
22.06.2026;09:45;UTC;10:00;UTC;4,6
22.06.2026;10:00;UTC;10:15;UTC;4,966
22.06.2026;10:15;UTC;10:30;UTC;4,05
22.06.2026;10:30;UTC;10:45;UTC;3,79
22.06.2026;10:45;UTC;11:00;UTC;3,001
22.06.2026;11:00;UTC;11:15;UTC;3,568
22.06.2026;11:15;UTC;11:30;UTC;3,319
22.06.2026;11:30;UTC;11:45;UTC;3,024
22.06.2026;11:45;UTC;12:00;UTC;3,025
22.06.2026;12:00;UTC;12:15;UTC;2,971
22.06.2026;12:15;UTC;12:30;UTC;3,961
22.06.2026;12:30;UTC;12:45;UTC;4,494
22.06.2026;12:45;UTC;13:00;UTC;5,296
22.06.2026;13:00;UTC;13:15;UTC;4,838
22.06.2026;13:15;UTC;13:30;UTC;5,906
22.06.2026;13:30;UTC;13:45;UTC;6,551
22.06.2026;13:45;UTC;14:00;UTC;8,112
22.06.2026;14:00;UTC;14:15;UTC;7,23
22.06.2026;14:15;UTC;14:30;UTC;8,433
22.06.2026;14:30;UTC;14:45;UTC;9,404
22.06.2026;14:45;UTC;15:00;UTC;11,292
22.06.2026;15:00;UTC;15:15;UTC;9,265
22.06.2026;15:15;UTC;15:30;UTC;11,191
22.06.2026;15:30;UTC;15:45;UTC;12,011
22.06.2026;15:45;UTC;16:00;UTC;13,161
22.06.2026;16:00;UTC;16:15;UTC;11,994
22.06.2026;16:15;UTC;16:30;UTC;13,155
22.06.2026;16:30;UTC;16:45;UTC;14,923
22.06.2026;16:45;UTC;17:00;UTC;18,162
22.06.2026;17:00;UTC;17:15;UTC;15,006
22.06.2026;17:15;UTC;17:30;UTC;16,589
22.06.2026;17:30;UTC;17:45;UTC;20,869
22.06.2026;17:45;UTC;18:00;UTC;26,939
22.06.2026;18:00;UTC;18:15;UTC;22,238
22.06.2026;18:15;UTC;18:30;UTC;26,367
22.06.2026;18:30;UTC;18:45;UTC;29,3
22.06.2026;18:45;UTC;19:00;UTC;30,806
22.06.2026;19:00;UTC;19:15;UTC;28,712
22.06.2026;19:15;UTC;19:30;UTC;27,01
22.06.2026;19:30;UTC;19:45;UTC;24,187
22.06.2026;19:45;UTC;20:00;UTC;20,273
22.06.2026;20:00;UTC;20:15;UTC;22,93
22.06.2026;20:15;UTC;20:30;UTC;20,492
22.06.2026;20:30;UTC;20:45;UTC;17,06
22.06.2026;20:45;UTC;21:00;UTC;15,346
22.06.2026;21:00;UTC;21:15;UTC;16,4
22.06.2026;21:15;UTC;21:30;UTC;15,986
22.06.2026;21:30;UTC;21:45;UTC;15,349
22.06.2026;21:45;UTC;22:00;UTC;14,666
22.06.2026;22:00;UTC;22:15;UTC;15,413
22.06.2026;22:15;UTC;22:30;UTC;14,858
22.06.2026;22:30;UTC;22:45;UTC;14,309
22.06.2026;22:45;UTC;23:00;UTC;13,844
22.06.2026;23:00;UTC;23:15;UTC;14,371
22.06.2026;23:15;UTC;23:30;UTC;13,912
22.06.2026;23:30;UTC;23:45;UTC;13,782
22.06.2026;23:45;UTC;00:00;UTC;13,585
23.06.2026;00:00;UTC;00:15;UTC;13,668
23.06.2026;00:15;UTC;00:30;UTC;13,501
23.06.2026;00:30;UTC;00:45;UTC;13,383
23.06.2026;00:45;UTC;01:00;UTC;13,452
23.06.2026;01:00;UTC;01:15;UTC;13,49
23.06.2026;01:15;UTC;01:30;UTC;13,635
23.06.2026;01:30;UTC;01:45;UTC;13,547
23.06.2026;01:45;UTC;02:00;UTC;13,657
23.06.2026;02:00;UTC;02:15;UTC;13,649
23.06.2026;02:15;UTC;02:30;UTC;13,612
23.06.2026;02:30;UTC;02:45;UTC;13,743
23.06.2026;02:45;UTC;03:00;UTC;14,22
23.06.2026;03:00;UTC;03:15;UTC;13,554
23.06.2026;03:15;UTC;03:30;UTC;13,666
23.06.2026;03:30;UTC;03:45;UTC;14,323
23.06.2026;03:45;UTC;04:00;UTC;15,377
23.06.2026;04:00;UTC;04:15;UTC;15,295
23.06.2026;04:15;UTC;04:30;UTC;16,33
23.06.2026;04:30;UTC;04:45;UTC;16,798
23.06.2026;04:45;UTC;05:00;UTC;17,265
23.06.2026;05:00;UTC;05:15;UTC;18,19
23.06.2026;05:15;UTC;05:30;UTC;16,77
23.06.2026;05:30;UTC;05:45;UTC;15,413
23.06.2026;05:45;UTC;06:00;UTC;13,68
23.06.2026;06:00;UTC;06:15;UTC;15,807
23.06.2026;06:15;UTC;06:30;UTC;14,151
23.06.2026;06:30;UTC;06:45;UTC;12,3
23.06.2026;06:45;UTC;07:00;UTC;11,257
23.06.2026;07:00;UTC;07:15;UTC;12,407
23.06.2026;07:15;UTC;07:30;UTC;11,58
23.06.2026;07:30;UTC;07:45;UTC;10,801
23.06.2026;07:45;UTC;08:00;UTC;10,059
23.06.2026;08:00;UTC;08:15;UTC;11,31
23.06.2026;08:15;UTC;08:30;UTC;9,987
23.06.2026;08:30;UTC;08:45;UTC;8,995
23.06.2026;08:45;UTC;09:00;UTC;8,233
23.06.2026;09:00;UTC;09:15;UTC;8,657
23.06.2026;09:15;UTC;09:30;UTC;7,948
23.06.2026;09:30;UTC;09:45;UTC;7,089
23.06.2026;09:45;UTC;10:00;UTC;6,914
23.06.2026;10:00;UTC;10:15;UTC;7,672
23.06.2026;10:15;UTC;10:30;UTC;6,763
23.06.2026;10:30;UTC;10:45;UTC;6,367
23.06.2026;10:45;UTC;11:00;UTC;6,056
23.06.2026;11:00;UTC;11:15;UTC;6,271
23.06.2026;11:15;UTC;11:30;UTC;6,214
23.06.2026;11:30;UTC;11:45;UTC;5,92
23.06.2026;11:45;UTC;12:00;UTC;5,733
23.06.2026;12:00;UTC;12:15;UTC;5,739
23.06.2026;12:15;UTC;12:30;UTC;6,346
23.06.2026;12:30;UTC;12:45;UTC;7,17
23.06.2026;12:45;UTC;13:00;UTC;7,806
23.06.2026;13:00;UTC;13:15;UTC;6,84
23.06.2026;13:15;UTC;13:30;UTC;7,532
23.06.2026;13:30;UTC;13:45;UTC;8,873
23.06.2026;13:45;UTC;14:00;UTC;9,296
23.06.2026;14:00;UTC;14:15;UTC;8,096
23.06.2026;14:15;UTC;14:30;UTC;9,579
23.06.2026;14:30;UTC;14:45;UTC;10,751
23.06.2026;14:45;UTC;15:00;UTC;12
23.06.2026;15:00;UTC;15:15;UTC;10,33
23.06.2026;15:15;UTC;15:30;UTC;11,733
23.06.2026;15:30;UTC;15:45;UTC;12,407
23.06.2026;15:45;UTC;16:00;UTC;14,213
23.06.2026;16:00;UTC;16:15;UTC;11,987
23.06.2026;16:15;UTC;16:30;UTC;14,723
23.06.2026;16:30;UTC;16:45;UTC;17,852
23.06.2026;16:45;UTC;17:00;UTC;23,311
23.06.2026;17:00;UTC;17:15;UTC;18,097
23.06.2026;17:15;UTC;17:30;UTC;24,387
23.06.2026;17:30;UTC;17:45;UTC;42,337
23.06.2026;17:45;UTC;18:00;UTC;51,461
23.06.2026;18:00;UTC;18:15;UTC;45,87
23.06.2026;18:15;UTC;18:30;UTC;52,961
23.06.2026;18:30;UTC;18:45;UTC;57,869
23.06.2026;18:45;UTC;19:00;UTC;61,502
23.06.2026;19:00;UTC;19:15;UTC;56,574
23.06.2026;19:15;UTC;19:30;UTC;55,528
23.06.2026;19:30;UTC;19:45;UTC;54,671
23.06.2026;19:45;UTC;20:00;UTC;44,722
23.06.2026;20:00;UTC;20:15;UTC;46,255
23.06.2026;20:15;UTC;20:30;UTC;41,971
23.06.2026;20:30;UTC;20:45;UTC;26,568
23.06.2026;20:45;UTC;21:00;UTC;19,253
23.06.2026;21:00;UTC;21:15;UTC;21,847
23.06.2026;21:15;UTC;21:30;UTC;22,247
23.06.2026;21:30;UTC;21:45;UTC;18,73
23.06.2026;21:45;UTC;22:00;UTC;16,935
23.06.2026;22:00;UTC;22:15;UTC;21,452
23.06.2026;22:15;UTC;22:30;UTC;17,978
23.06.2026;22:30;UTC;22:45;UTC;16,5
23.06.2026;22:45;UTC;23:00;UTC;15,591
23.06.2026;23:00;UTC;23:15;UTC;17,963
23.06.2026;23:15;UTC;23:30;UTC;16,426
23.06.2026;23:30;UTC;23:45;UTC;15,672
23.06.2026;23:45;UTC;00:00;UTC;15,001
24.06.2026;00:00;UTC;00:15;UTC;15,174
24.06.2026;00:15;UTC;00:30;UTC;14,808
24.06.2026;00:30;UTC;00:45;UTC;14,739
24.06.2026;00:45;UTC;01:00;UTC;14,481
24.06.2026;01:00;UTC;01:15;UTC;14,45
24.06.2026;01:15;UTC;01:30;UTC;14,398
24.06.2026;01:30;UTC;01:45;UTC;14,393
24.06.2026;01:45;UTC;02:00;UTC;14,379
24.06.2026;02:00;UTC;02:15;UTC;14,402
24.06.2026;02:15;UTC;02:30;UTC;14,455
24.06.2026;02:30;UTC;02:45;UTC;14,418
24.06.2026;02:45;UTC;03:00;UTC;14,509
24.06.2026;03:00;UTC;03:15;UTC;14,516
24.06.2026;03:15;UTC;03:30;UTC;14,881
24.06.2026;03:30;UTC;03:45;UTC;15,462
24.06.2026;03:45;UTC;04:00;UTC;15,788
24.06.2026;04:00;UTC;04:15;UTC;16,951
24.06.2026;04:15;UTC;04:30;UTC;16,978
24.06.2026;04:30;UTC;04:45;UTC;18,088
24.06.2026;04:45;UTC;05:00;UTC;19,25
24.06.2026;05:00;UTC;05:15;UTC;21,074
24.06.2026;05:15;UTC;05:30;UTC;17,878
24.06.2026;05:30;UTC;05:45;UTC;15,981
24.06.2026;05:45;UTC;06:00;UTC;14,111
24.06.2026;06:00;UTC;06:15;UTC;19,076
24.06.2026;06:15;UTC;06:30;UTC;15,091
24.06.2026;06:30;UTC;06:45;UTC;14,075
24.06.2026;06:45;UTC;07:00;UTC;11,497
24.06.2026;07:00;UTC;07:15;UTC;13,89
24.06.2026;07:15;UTC;07:30;UTC;12,482
24.06.2026;07:30;UTC;07:45;UTC;11,039
24.06.2026;07:45;UTC;08:00;UTC;10,314
24.06.2026;08:00;UTC;08:15;UTC;12,091
24.06.2026;08:15;UTC;08:30;UTC;10,951
24.06.2026;08:30;UTC;08:45;UTC;10,016
24.06.2026;08:45;UTC;09:00;UTC;7,907
24.06.2026;09:00;UTC;09:15;UTC;10,031
24.06.2026;09:15;UTC;09:30;UTC;8,999
24.06.2026;09:30;UTC;09:45;UTC;7,899
24.06.2026;09:45;UTC;10:00;UTC;6,879
24.06.2026;10:00;UTC;10:15;UTC;8,604
24.06.2026;10:15;UTC;10:30;UTC;7,267
24.06.2026;10:30;UTC;10:45;UTC;7,108
24.06.2026;10:45;UTC;11:00;UTC;6,425
24.06.2026;11:00;UTC;11:15;UTC;7,506
24.06.2026;11:15;UTC;11:30;UTC;7,052
24.06.2026;11:30;UTC;11:45;UTC;7,006
24.06.2026;11:45;UTC;12:00;UTC;6,829
24.06.2026;12:00;UTC;12:15;UTC;6,688
24.06.2026;12:15;UTC;12:30;UTC;7,318
24.06.2026;12:30;UTC;12:45;UTC;7,428
24.06.2026;12:45;UTC;13:00;UTC;8,372
24.06.2026;13:00;UTC;13:15;UTC;6,547
24.06.2026;13:15;UTC;13:30;UTC;8,594
24.06.2026;13:30;UTC;13:45;UTC;9,754
24.06.2026;13:45;UTC;14:00;UTC;10,844
24.06.2026;14:00;UTC;14:15;UTC;9,625
24.06.2026;14:15;UTC;14:30;UTC;10,707
24.06.2026;14:30;UTC;14:45;UTC;11,089
24.06.2026;14:45;UTC;15:00;UTC;12,329
24.06.2026;15:00;UTC;15:15;UTC;10,943
24.06.2026;15:15;UTC;15:30;UTC;12,077
24.06.2026;15:30;UTC;15:45;UTC;13,7
24.06.2026;15:45;UTC;16:00;UTC;15,144
24.06.2026;16:00;UTC;16:15;UTC;13,794
24.06.2026;16:15;UTC;16:30;UTC;15,472
24.06.2026;16:30;UTC;16:45;UTC;20,526
24.06.2026;16:45;UTC;17:00;UTC;28,922
24.06.2026;17:00;UTC;17:15;UTC;24
24.06.2026;17:15;UTC;17:30;UTC;31,499
24.06.2026;17:30;UTC;17:45;UTC;56,556
24.06.2026;17:45;UTC;18:00;UTC;70
24.06.2026;18:00;UTC;18:15;UTC;56,618
24.06.2026;18:15;UTC;18:30;UTC;65,001
24.06.2026;18:30;UTC;18:45;UTC;69,999
24.06.2026;18:45;UTC;19:00;UTC;74,71
24.06.2026;19:00;UTC;19:15;UTC;69,347
24.06.2026;19:15;UTC;19:30;UTC;68,195
24.06.2026;19:30;UTC;19:45;UTC;65,001
24.06.2026;19:45;UTC;20:00;UTC;61,52
24.06.2026;20:00;UTC;20:15;UTC;63,025
24.06.2026;20:15;UTC;20:30;UTC;50,911
24.06.2026;20:30;UTC;20:45;UTC;40,847
24.06.2026;20:45;UTC;21:00;UTC;30,518
24.06.2026;21:00;UTC;21:15;UTC;35,234
24.06.2026;21:15;UTC;21:30;UTC;28,337
24.06.2026;21:30;UTC;21:45;UTC;23,336
24.06.2026;21:45;UTC;22:00;UTC;18,537
24.06.2026;22:00;UTC;22:15;UTC;20,01
24.06.2026;22:15;UTC;22:30;UTC;17,1
24.06.2026;22:30;UTC;22:45;UTC;15,403
24.06.2026;22:45;UTC;23:00;UTC;15,314
24.06.2026;23:00;UTC;23:15;UTC;16,517
24.06.2026;23:15;UTC;23:30;UTC;15,772
24.06.2026;23:30;UTC;23:45;UTC;15,19
24.06.2026;23:45;UTC;00:00;UTC;14,495
25.06.2026;00:00;UTC;00:15;UTC;15,4
25.06.2026;00:15;UTC;00:30;UTC;14,432
25.06.2026;00:30;UTC;00:45;UTC;14,25
25.06.2026;00:45;UTC;01:00;UTC;14,072
25.06.2026;01:00;UTC;01:15;UTC;14,644
25.06.2026;01:15;UTC;01:30;UTC;14,304
25.06.2026;01:30;UTC;01:45;UTC;14,121
25.06.2026;01:45;UTC;02:00;UTC;14,12
25.06.2026;02:00;UTC;02:15;UTC;13,955
25.06.2026;02:15;UTC;02:30;UTC;14,357
25.06.2026;02:30;UTC;02:45;UTC;14,29
25.06.2026;02:45;UTC;03:00;UTC;14,161
25.06.2026;03:00;UTC;03:15;UTC;14,202
25.06.2026;03:15;UTC;03:30;UTC;14,122
25.06.2026;03:30;UTC;03:45;UTC;14,496
25.06.2026;03:45;UTC;04:00;UTC;15,009
25.06.2026;04:00;UTC;04:15;UTC;16,134
25.06.2026;04:15;UTC;04:30;UTC;16,919
25.06.2026;04:30;UTC;04:45;UTC;16,14
25.06.2026;04:45;UTC;05:00;UTC;15,339
25.06.2026;05:00;UTC;05:15;UTC;17,8
25.06.2026;05:15;UTC;05:30;UTC;15,734
25.06.2026;05:30;UTC;05:45;UTC;14,14
25.06.2026;05:45;UTC;06:00;UTC;11,693
25.06.2026;06:00;UTC;06:15;UTC;14,116
25.06.2026;06:15;UTC;06:30;UTC;12,479
25.06.2026;06:30;UTC;06:45;UTC;11,25
25.06.2026;06:45;UTC;07:00;UTC;9,794
25.06.2026;07:00;UTC;07:15;UTC;12,126
25.06.2026;07:15;UTC;07:30;UTC;11,225
25.06.2026;07:30;UTC;07:45;UTC;10,377
25.06.2026;07:45;UTC;08:00;UTC;8,275
25.06.2026;08:00;UTC;08:15;UTC;10,637
25.06.2026;08:15;UTC;08:30;UTC;9,56
25.06.2026;08:30;UTC;08:45;UTC;8,001
25.06.2026;08:45;UTC;09:00;UTC;5,7
25.06.2026;09:00;UTC;09:15;UTC;9,283
25.06.2026;09:15;UTC;09:30;UTC;7,21
25.06.2026;09:30;UTC;09:45;UTC;5,648
25.06.2026;09:45;UTC;10:00;UTC;4,696
25.06.2026;10:00;UTC;10:15;UTC;5,374
25.06.2026;10:15;UTC;10:30;UTC;4,535
25.06.2026;10:30;UTC;10:45;UTC;4,106
25.06.2026;10:45;UTC;11:00;UTC;3,065
25.06.2026;11:00;UTC;11:15;UTC;4,5
25.06.2026;11:15;UTC;11:30;UTC;3,616
25.06.2026;11:30;UTC;11:45;UTC;2,867
25.06.2026;11:45;UTC;12:00;UTC;2,601
25.06.2026;12:00;UTC;12:15;UTC;2,339
25.06.2026;12:15;UTC;12:30;UTC;2,614
25.06.2026;12:30;UTC;12:45;UTC;4,442
25.06.2026;12:45;UTC;13:00;UTC;5,511
25.06.2026;13:00;UTC;13:15;UTC;4,152
25.06.2026;13:15;UTC;13:30;UTC;6,173
25.06.2026;13:30;UTC;13:45;UTC;7,702
25.06.2026;13:45;UTC;14:00;UTC;9,096
25.06.2026;14:00;UTC;14:15;UTC;6,514
25.06.2026;14:15;UTC;14:30;UTC;8,054
25.06.2026;14:30;UTC;14:45;UTC;9,44
25.06.2026;14:45;UTC;15:00;UTC;11,309
25.06.2026;15:00;UTC;15:15;UTC;7,847
25.06.2026;15:15;UTC;15:30;UTC;10,713
25.06.2026;15:30;UTC;15:45;UTC;11,58
25.06.2026;15:45;UTC;16:00;UTC;12,5
25.06.2026;16:00;UTC;16:15;UTC;9,139
25.06.2026;16:15;UTC;16:30;UTC;11,488
25.06.2026;16:30;UTC;16:45;UTC;14,245
25.06.2026;16:45;UTC;17:00;UTC;19,22
25.06.2026;17:00;UTC;17:15;UTC;13,801
25.06.2026;17:15;UTC;17:30;UTC;17,126
25.06.2026;17:30;UTC;17:45;UTC;21,025
25.06.2026;17:45;UTC;18:00;UTC;29,374
25.06.2026;18:00;UTC;18:15;UTC;23,834
25.06.2026;18:15;UTC;18:30;UTC;28,65
25.06.2026;18:30;UTC;18:45;UTC;30,806
25.06.2026;18:45;UTC;19:00;UTC;31,019
25.06.2026;19:00;UTC;19:15;UTC;36,3
25.06.2026;19:15;UTC;19:30;UTC;30,108
25.06.2026;19:30;UTC;19:45;UTC;24,8
25.06.2026;19:45;UTC;20:00;UTC;19,438
25.06.2026;20:00;UTC;20:15;UTC;21,711
25.06.2026;20:15;UTC;20:30;UTC;19,725
25.06.2026;20:30;UTC;20:45;UTC;17,275
25.06.2026;20:45;UTC;21:00;UTC;15,944
25.06.2026;21:00;UTC;21:15;UTC;17,206
25.06.2026;21:15;UTC;21:30;UTC;15,981
25.06.2026;21:30;UTC;21:45;UTC;14,628
25.06.2026;21:45;UTC;22:00;UTC;14,483
25.06.2026;22:00;UTC;22:15;UTC;15,276
25.06.2026;22:15;UTC;22:30;UTC;15,024
25.06.2026;22:30;UTC;22:45;UTC;14,254
25.06.2026;22:45;UTC;23:00;UTC;13,326
25.06.2026;23:00;UTC;23:15;UTC;13,799
25.06.2026;23:15;UTC;23:30;UTC;13,207
25.06.2026;23:30;UTC;23:45;UTC;12,989
25.06.2026;23:45;UTC;00:00;UTC;12,295
26.06.2026;00:00;UTC;00:15;UTC;12,581
26.06.2026;00:15;UTC;00:30;UTC;12,205
26.06.2026;00:30;UTC;00:45;UTC;12,106
26.06.2026;00:45;UTC;01:00;UTC;12,101
26.06.2026;01:00;UTC;01:15;UTC;12,467
26.06.2026;01:15;UTC;01:30;UTC;11,999
26.06.2026;01:30;UTC;01:45;UTC;11,893
26.06.2026;01:45;UTC;02:00;UTC;12,014
26.06.2026;02:00;UTC;02:15;UTC;12,344
26.06.2026;02:15;UTC;02:30;UTC;12,309
26.06.2026;02:30;UTC;02:45;UTC;12,032
26.06.2026;02:45;UTC;03:00;UTC;12,357
26.06.2026;03:00;UTC;03:15;UTC;12,731
26.06.2026;03:15;UTC;03:30;UTC;12,588
26.06.2026;03:30;UTC;03:45;UTC;13,006
26.06.2026;03:45;UTC;04:00;UTC;13,494
26.06.2026;04:00;UTC;04:15;UTC;14,437
26.06.2026;04:15;UTC;04:30;UTC;15,021
26.06.2026;04:30;UTC;04:45;UTC;14,94
26.06.2026;04:45;UTC;05:00;UTC;14,014
26.06.2026;05:00;UTC;05:15;UTC;15,805
26.06.2026;05:15;UTC;05:30;UTC;14,752
26.06.2026;05:30;UTC;05:45;UTC;12,711
26.06.2026;05:45;UTC;06:00;UTC;11,92
26.06.2026;06:00;UTC;06:15;UTC;13,77
26.06.2026;06:15;UTC;06:30;UTC;12,217
26.06.2026;06:30;UTC;06:45;UTC;11,416
26.06.2026;06:45;UTC;07:00;UTC;10,519
26.06.2026;07:00;UTC;07:15;UTC;11,818
26.06.2026;07:15;UTC;07:30;UTC;11,6
26.06.2026;07:30;UTC;07:45;UTC;10,398
26.06.2026;07:45;UTC;08:00;UTC;9,493
26.06.2026;08:00;UTC;08:15;UTC;11,175
26.06.2026;08:15;UTC;08:30;UTC;10,387
26.06.2026;08:30;UTC;08:45;UTC;8,767
26.06.2026;08:45;UTC;09:00;UTC;6,968
26.06.2026;09:00;UTC;09:15;UTC;8,95
26.06.2026;09:15;UTC;09:30;UTC;7,369
26.06.2026;09:30;UTC;09:45;UTC;6,03
26.06.2026;09:45;UTC;10:00;UTC;4,733
26.06.2026;10:00;UTC;10:15;UTC;6,172
26.06.2026;10:15;UTC;10:30;UTC;5,02
26.06.2026;10:30;UTC;10:45;UTC;4,806
26.06.2026;10:45;UTC;11:00;UTC;3,798
26.06.2026;11:00;UTC;11:15;UTC;4,335
26.06.2026;11:15;UTC;11:30;UTC;3,924
26.06.2026;11:30;UTC;11:45;UTC;3,6
26.06.2026;11:45;UTC;12:00;UTC;3,541
26.06.2026;12:00;UTC;12:15;UTC;2,854
26.06.2026;12:15;UTC;12:30;UTC;3,14
26.06.2026;12:30;UTC;12:45;UTC;4,321
26.06.2026;12:45;UTC;13:00;UTC;5,685
26.06.2026;13:00;UTC;13:15;UTC;4,482
26.06.2026;13:15;UTC;13:30;UTC;6,002
26.06.2026;13:30;UTC;13:45;UTC;7,951
26.06.2026;13:45;UTC;14:00;UTC;9,158
26.06.2026;14:00;UTC;14:15;UTC;6,895
26.06.2026;14:15;UTC;14:30;UTC;8,33
26.06.2026;14:30;UTC;14:45;UTC;10,054
26.06.2026;14:45;UTC;15:00;UTC;11,969
26.06.2026;15:00;UTC;15:15;UTC;8,55
26.06.2026;15:15;UTC;15:30;UTC;10,847
26.06.2026;15:30;UTC;15:45;UTC;11,691
26.06.2026;15:45;UTC;16:00;UTC;13,309
26.06.2026;16:00;UTC;16:15;UTC;9,365
26.06.2026;16:15;UTC;16:30;UTC;13,503
26.06.2026;16:30;UTC;16:45;UTC;16,049
26.06.2026;16:45;UTC;17:00;UTC;21,221
26.06.2026;17:00;UTC;17:15;UTC;15,988
26.06.2026;17:15;UTC;17:30;UTC;19,303
26.06.2026;17:30;UTC;17:45;UTC;24,918
26.06.2026;17:45;UTC;18:00;UTC;37,209
26.06.2026;18:00;UTC;18:15;UTC;25,864
26.06.2026;18:15;UTC;18:30;UTC;33,704
26.06.2026;18:30;UTC;18:45;UTC;39,999
26.06.2026;18:45;UTC;19:00;UTC;40,617
26.06.2026;19:00;UTC;19:15;UTC;40,509
26.06.2026;19:15;UTC;19:30;UTC;33,504
26.06.2026;19:30;UTC;19:45;UTC;24,824
26.06.2026;19:45;UTC;20:00;UTC;19,474
26.06.2026;20:00;UTC;20:15;UTC;25,842
26.06.2026;20:15;UTC;20:30;UTC;20,587
26.06.2026;20:30;UTC;20:45;UTC;18,501
26.06.2026;20:45;UTC;21:00;UTC;16,132
26.06.2026;21:00;UTC;21:15;UTC;17,648
26.06.2026;21:15;UTC;21:30;UTC;15,747
26.06.2026;21:30;UTC;21:45;UTC;14,587
26.06.2026;21:45;UTC;22:00;UTC;13,962
26.06.2026;22:00;UTC;22:15;UTC;14,551
26.06.2026;22:15;UTC;22:30;UTC;13,367
26.06.2026;22:30;UTC;22:45;UTC;12,753
26.06.2026;22:45;UTC;23:00;UTC;12,147
26.06.2026;23:00;UTC;23:15;UTC;13,05
26.06.2026;23:15;UTC;23:30;UTC;12,593
26.06.2026;23:30;UTC;23:45;UTC;12,253
26.06.2026;23:45;UTC;00:00;UTC;11,904
27.06.2026;00:00;UTC;00:15;UTC;12,007
27.06.2026;00:15;UTC;00:30;UTC;11,902
27.06.2026;00:30;UTC;00:45;UTC;11,631
27.06.2026;00:45;UTC;01:00;UTC;11,658
27.06.2026;01:00;UTC;01:15;UTC;11,789
27.06.2026;01:15;UTC;01:30;UTC;11,432
27.06.2026;01:30;UTC;01:45;UTC;11,611
27.06.2026;01:45;UTC;02:00;UTC;11,5
27.06.2026;02:00;UTC;02:15;UTC;11,477
27.06.2026;02:15;UTC;02:30;UTC;11,611
27.06.2026;02:30;UTC;02:45;UTC;11,61
27.06.2026;02:45;UTC;03:00;UTC;11,432
27.06.2026;03:00;UTC;03:15;UTC;11,54
27.06.2026;03:15;UTC;03:30;UTC;11,385
27.06.2026;03:30;UTC;03:45;UTC;11,384
27.06.2026;03:45;UTC;04:00;UTC;11,291
27.06.2026;04:00;UTC;04:15;UTC;11,501
27.06.2026;04:15;UTC;04:30;UTC;11,291
27.06.2026;04:30;UTC;04:45;UTC;11,201
27.06.2026;04:45;UTC;05:00;UTC;11,097
27.06.2026;05:00;UTC;05:15;UTC;11,533
27.06.2026;05:15;UTC;05:30;UTC;11,384
27.06.2026;05:30;UTC;05:45;UTC;11,291
27.06.2026;05:45;UTC;06:00;UTC;9,501
27.06.2026;06:00;UTC;06:15;UTC;11,885
27.06.2026;06:15;UTC;06:30;UTC;11,261
27.06.2026;06:30;UTC;06:45;UTC;9,99
27.06.2026;06:45;UTC;07:00;UTC;8,011
27.06.2026;07:00;UTC;07:15;UTC;10,987
27.06.2026;07:15;UTC;07:30;UTC;8,449
27.06.2026;07:30;UTC;07:45;UTC;6,713
27.06.2026;07:45;UTC;08:00;UTC;3,278
27.06.2026;08:00;UTC;08:15;UTC;6,442
27.06.2026;08:15;UTC;08:30;UTC;4,282
27.06.2026;08:30;UTC;08:45;UTC;2,243
27.06.2026;08:45;UTC;09:00;UTC;1,443
27.06.2026;09:00;UTC;09:15;UTC;1,953
27.06.2026;09:15;UTC;09:30;UTC;1,128
27.06.2026;09:30;UTC;09:45;UTC;0,468
27.06.2026;09:45;UTC;10:00;UTC;0,318
27.06.2026;10:00;UTC;10:15;UTC;0,211
27.06.2026;10:15;UTC;10:30;UTC;0
27.06.2026;10:30;UTC;10:45;UTC;0
27.06.2026;10:45;UTC;11:00;UTC;-0,001
27.06.2026;11:00;UTC;11:15;UTC;0,01
27.06.2026;11:15;UTC;11:30;UTC;0,001
27.06.2026;11:30;UTC;11:45;UTC;0
27.06.2026;11:45;UTC;12:00;UTC;0
27.06.2026;12:00;UTC;12:15;UTC;0,01
27.06.2026;12:15;UTC;12:30;UTC;0,14
27.06.2026;12:30;UTC;12:45;UTC;0,408
27.06.2026;12:45;UTC;13:00;UTC;0,799
27.06.2026;13:00;UTC;13:15;UTC;0,214
27.06.2026;13:15;UTC;13:30;UTC;0,4
27.06.2026;13:30;UTC;13:45;UTC;1,286
27.06.2026;13:45;UTC;14:00;UTC;3,207
27.06.2026;14:00;UTC;14:15;UTC;0,91
27.06.2026;14:15;UTC;14:30;UTC;3,5
27.06.2026;14:30;UTC;14:45;UTC;6,607
27.06.2026;14:45;UTC;15:00;UTC;9,383
27.06.2026;15:00;UTC;15:15;UTC;6,197
27.06.2026;15:15;UTC;15:30;UTC;9,897
27.06.2026;15:30;UTC;15:45;UTC;11,208
27.06.2026;15:45;UTC;16:00;UTC;12,94
27.06.2026;16:00;UTC;16:15;UTC;10,784
27.06.2026;16:15;UTC;16:30;UTC;11,719
27.06.2026;16:30;UTC;16:45;UTC;13,405
27.06.2026;16:45;UTC;17:00;UTC;14,945
27.06.2026;17:00;UTC;17:15;UTC;13,391
27.06.2026;17:15;UTC;17:30;UTC;14,995
27.06.2026;17:30;UTC;17:45;UTC;18,204
27.06.2026;17:45;UTC;18:00;UTC;22,112
27.06.2026;18:00;UTC;18:15;UTC;19,863
27.06.2026;18:15;UTC;18:30;UTC;20,714
27.06.2026;18:30;UTC;18:45;UTC;22,689
27.06.2026;18:45;UTC;19:00;UTC;25,234
27.06.2026;19:00;UTC;19:15;UTC;22,372
27.06.2026;19:15;UTC;19:30;UTC;21,247
27.06.2026;19:30;UTC;19:45;UTC;21,03
27.06.2026;19:45;UTC;20:00;UTC;21,074
27.06.2026;20:00;UTC;20:15;UTC;20,492
27.06.2026;20:15;UTC;20:30;UTC;17,325
27.06.2026;20:30;UTC;20:45;UTC;16,764
27.06.2026;20:45;UTC;21:00;UTC;15,418
27.06.2026;21:00;UTC;21:15;UTC;15,799
27.06.2026;21:15;UTC;21:30;UTC;14,523
27.06.2026;21:30;UTC;21:45;UTC;13,908
27.06.2026;21:45;UTC;22:00;UTC;13,608
27.06.2026;22:00;UTC;22:15;UTC;14,513
27.06.2026;22:15;UTC;22:30;UTC;14,09
27.06.2026;22:30;UTC;22:45;UTC;13,519
27.06.2026;22:45;UTC;23:00;UTC;12,462
27.06.2026;23:00;UTC;23:15;UTC;13,047
27.06.2026;23:15;UTC;23:30;UTC;12,855
27.06.2026;23:30;UTC;23:45;UTC;12,447
27.06.2026;23:45;UTC;00:00;UTC;12,063
28.06.2026;00:00;UTC;00:15;UTC;12,279
28.06.2026;00:15;UTC;00:30;UTC;12,062
28.06.2026;00:30;UTC;00:45;UTC;11,882
28.06.2026;00:45;UTC;01:00;UTC;11,65
28.06.2026;01:00;UTC;01:15;UTC;11,618
28.06.2026;01:15;UTC;01:30;UTC;11,559
28.06.2026;01:30;UTC;01:45;UTC;11,598
28.06.2026;01:45;UTC;02:00;UTC;11,5
28.06.2026;02:00;UTC;02:15;UTC;11,46
28.06.2026;02:15;UTC;02:30;UTC;11,457
28.06.2026;02:30;UTC;02:45;UTC;11,5
28.06.2026;02:45;UTC;03:00;UTC;11,477
28.06.2026;03:00;UTC;03:15;UTC;11,554
28.06.2026;03:15;UTC;03:30;UTC;11,509
28.06.2026;03:30;UTC;03:45;UTC;11,5
28.06.2026;03:45;UTC;04:00;UTC;11,486
28.06.2026;04:00;UTC;04:15;UTC;11,6
28.06.2026;04:15;UTC;04:30;UTC;11,5
28.06.2026;04:30;UTC;04:45;UTC;11,069
28.06.2026;04:45;UTC;05:00;UTC;10,656
28.06.2026;05:00;UTC;05:15;UTC;11,46
28.06.2026;05:15;UTC;05:30;UTC;11,236
28.06.2026;05:30;UTC;05:45;UTC;10,486
28.06.2026;05:45;UTC;06:00;UTC;8,59
28.06.2026;06:00;UTC;06:15;UTC;10,847
28.06.2026;06:15;UTC;06:30;UTC;8,299
28.06.2026;06:30;UTC;06:45;UTC;7,044
28.06.2026;06:45;UTC;07:00;UTC;4,484
28.06.2026;07:00;UTC;07:15;UTC;6,755
28.06.2026;07:15;UTC;07:30;UTC;3,796
28.06.2026;07:30;UTC;07:45;UTC;1,808
28.06.2026;07:45;UTC;08:00;UTC;0,766
28.06.2026;08:00;UTC;08:15;UTC;1,443
28.06.2026;08:15;UTC;08:30;UTC;0,499
28.06.2026;08:30;UTC;08:45;UTC;0,084
28.06.2026;08:45;UTC;09:00;UTC;0,035
28.06.2026;09:00;UTC;09:15;UTC;0,054
28.06.2026;09:15;UTC;09:30;UTC;0,001
28.06.2026;09:30;UTC;09:45;UTC;0
28.06.2026;09:45;UTC;10:00;UTC;-0,007
28.06.2026;10:00;UTC;10:15;UTC;0
28.06.2026;10:15;UTC;10:30;UTC;0
28.06.2026;10:30;UTC;10:45;UTC;-0,002
28.06.2026;10:45;UTC;11:00;UTC;-0,007
28.06.2026;11:00;UTC;11:15;UTC;-0,092
28.06.2026;11:15;UTC;11:30;UTC;-0,091
28.06.2026;11:30;UTC;11:45;UTC;-0,09
28.06.2026;11:45;UTC;12:00;UTC;-0,089
28.06.2026;12:00;UTC;12:15;UTC;-0,01
28.06.2026;12:15;UTC;12:30;UTC;-0,001
28.06.2026;12:30;UTC;12:45;UTC;0
28.06.2026;12:45;UTC;13:00;UTC;0
28.06.2026;13:00;UTC;13:15;UTC;0
28.06.2026;13:15;UTC;13:30;UTC;0,001
28.06.2026;13:30;UTC;13:45;UTC;0,099
28.06.2026;13:45;UTC;14:00;UTC;0,548
28.06.2026;14:00;UTC;14:15;UTC;0,045
28.06.2026;14:15;UTC;14:30;UTC;0,843
28.06.2026;14:30;UTC;14:45;UTC;2,974
28.06.2026;14:45;UTC;15:00;UTC;7,204
28.06.2026;15:00;UTC;15:15;UTC;2,773
28.06.2026;15:15;UTC;15:30;UTC;7,825
28.06.2026;15:30;UTC;15:45;UTC;10,713
28.06.2026;15:45;UTC;16:00;UTC;12,546
28.06.2026;16:00;UTC;16:15;UTC;10,526
28.06.2026;16:15;UTC;16:30;UTC;11,158
28.06.2026;16:30;UTC;16:45;UTC;11,579
28.06.2026;16:45;UTC;17:00;UTC;12,541
28.06.2026;17:00;UTC;17:15;UTC;11,53
28.06.2026;17:15;UTC;17:30;UTC;13,665
28.06.2026;17:30;UTC;17:45;UTC;14,302
28.06.2026;17:45;UTC;18:00;UTC;15,698
28.06.2026;18:00;UTC;18:15;UTC;14,761
28.06.2026;18:15;UTC;18:30;UTC;15,239
28.06.2026;18:30;UTC;18:45;UTC;15,598
28.06.2026;18:45;UTC;19:00;UTC;15,673
28.06.2026;19:00;UTC;19:15;UTC;16,19
28.06.2026;19:15;UTC;19:30;UTC;15,965
28.06.2026;19:30;UTC;19:45;UTC;15,589
28.06.2026;19:45;UTC;20:00;UTC;16,672
28.06.2026;20:00;UTC;20:15;UTC;16,167
28.06.2026;20:15;UTC;20:30;UTC;16,161
28.06.2026;20:30;UTC;20:45;UTC;15,434
28.06.2026;20:45;UTC;21:00;UTC;15,156
28.06.2026;21:00;UTC;21:15;UTC;15,208
28.06.2026;21:15;UTC;21:30;UTC;14,5
28.06.2026;21:30;UTC;21:45;UTC;14,297
28.06.2026;21:45;UTC;22:00;UTC;13,641
28.06.2026;22:00;UTC;22:15;UTC;13,275
28.06.2026;22:15;UTC;22:30;UTC;12,589
28.06.2026;22:30;UTC;22:45;UTC;11,983
28.06.2026;22:45;UTC;23:00;UTC;11,4
28.06.2026;23:00;UTC;23:15;UTC;11,599
28.06.2026;23:15;UTC;23:30;UTC;11,324
28.06.2026;23:30;UTC;23:45;UTC;11,4
28.06.2026;23:45;UTC;00:00;UTC;11,143
29.06.2026;00:00;UTC;00:15;UTC;11,55
29.06.2026;00:15;UTC;00:30;UTC;11,4
29.06.2026;00:30;UTC;00:45;UTC;11,197
29.06.2026;00:45;UTC;01:00;UTC;11,063
29.06.2026;01:00;UTC;01:15;UTC;11
29.06.2026;01:15;UTC;01:30;UTC;10,981
29.06.2026;01:30;UTC;01:45;UTC;10,959
29.06.2026;01:45;UTC;02:00;UTC;10,964
29.06.2026;02:00;UTC;02:15;UTC;11,15
29.06.2026;02:15;UTC;02:30;UTC;11,154
29.06.2026;02:30;UTC;02:45;UTC;11,594
29.06.2026;02:45;UTC;03:00;UTC;12,05
29.06.2026;03:00;UTC;03:15;UTC;11,873
29.06.2026;03:15;UTC;03:30;UTC;12,515
29.06.2026;03:30;UTC;03:45;UTC;13,053
29.06.2026;03:45;UTC;04:00;UTC;13,496
29.06.2026;04:00;UTC;04:15;UTC;14,893
29.06.2026;04:15;UTC;04:30;UTC;15,245
29.06.2026;04:30;UTC;04:45;UTC;15,027
29.06.2026;04:45;UTC;05:00;UTC;14,73
29.06.2026;05:00;UTC;05:15;UTC;15,979
29.06.2026;05:15;UTC;05:30;UTC;15,41
29.06.2026;05:30;UTC;05:45;UTC;15,213
29.06.2026;05:45;UTC;06:00;UTC;14,263
29.06.2026;06:00;UTC;06:15;UTC;16,131
29.06.2026;06:15;UTC;06:30;UTC;15,026
29.06.2026;06:30;UTC;06:45;UTC;13,96
29.06.2026;06:45;UTC;07:00;UTC;12,2
29.06.2026;07:00;UTC;07:15;UTC;13,2
29.06.2026;07:15;UTC;07:30;UTC;12,47
29.06.2026;07:30;UTC;07:45;UTC;11,706
29.06.2026;07:45;UTC;08:00;UTC;11,003
29.06.2026;08:00;UTC;08:15;UTC;11,705
29.06.2026;08:15;UTC;08:30;UTC;10,898
29.06.2026;08:30;UTC;08:45;UTC;10,421
29.06.2026;08:45;UTC;09:00;UTC;9,746
29.06.2026;09:00;UTC;09:15;UTC;10,863
29.06.2026;09:15;UTC;09:30;UTC;9,986
29.06.2026;09:30;UTC;09:45;UTC;9,745
29.06.2026;09:45;UTC;10:00;UTC;9,046
29.06.2026;10:00;UTC;10:15;UTC;9,3
29.06.2026;10:15;UTC;10:30;UTC;9,222
29.06.2026;10:30;UTC;10:45;UTC;9
29.06.2026;10:45;UTC;11:00;UTC;8,281
29.06.2026;11:00;UTC;11:15;UTC;8,9
29.06.2026;11:15;UTC;11:30;UTC;8,277
29.06.2026;11:30;UTC;11:45;UTC;7,908
29.06.2026;11:45;UTC;12:00;UTC;7,726
29.06.2026;12:00;UTC;12:15;UTC;8,1
29.06.2026;12:15;UTC;12:30;UTC;8,499
29.06.2026;12:30;UTC;12:45;UTC;8,8
29.06.2026;12:45;UTC;13:00;UTC;9,155
29.06.2026;13:00;UTC;13:15;UTC;8,88
29.06.2026;13:15;UTC;13:30;UTC;9,26
29.06.2026;13:30;UTC;13:45;UTC;9,888
29.06.2026;13:45;UTC;14:00;UTC;10,684
29.06.2026;14:00;UTC;14:15;UTC;9,35
29.06.2026;14:15;UTC;14:30;UTC;10,189
29.06.2026;14:30;UTC;14:45;UTC;10,705
29.06.2026;14:45;UTC;15:00;UTC;11,249
29.06.2026;15:00;UTC;15:15;UTC;8,961
29.06.2026;15:15;UTC;15:30;UTC;10,693
29.06.2026;15:30;UTC;15:45;UTC;12,575
29.06.2026;15:45;UTC;16:00;UTC;13,801
29.06.2026;16:00;UTC;16:15;UTC;9,985
29.06.2026;16:15;UTC;16:30;UTC;12,04
29.06.2026;16:30;UTC;16:45;UTC;13,858
29.06.2026;16:45;UTC;17:00;UTC;18,081
29.06.2026;17:00;UTC;17:15;UTC;14,499
29.06.2026;17:15;UTC;17:30;UTC;17,142
29.06.2026;17:30;UTC;17:45;UTC;20,297
29.06.2026;17:45;UTC;18:00;UTC;27,122
29.06.2026;18:00;UTC;18:15;UTC;21,152
29.06.2026;18:15;UTC;18:30;UTC;26,582
29.06.2026;18:30;UTC;18:45;UTC;31,819
29.06.2026;18:45;UTC;19:00;UTC;34,18
29.06.2026;19:00;UTC;19:15;UTC;31,907
29.06.2026;19:15;UTC;19:30;UTC;31,02
29.06.2026;19:30;UTC;19:45;UTC;30,609
29.06.2026;19:45;UTC;20:00;UTC;27,01
29.06.2026;20:00;UTC;20:15;UTC;29,307
29.06.2026;20:15;UTC;20:30;UTC;25,199
29.06.2026;20:30;UTC;20:45;UTC;20,821
29.06.2026;20:45;UTC;21:00;UTC;17,029
29.06.2026;21:00;UTC;21:15;UTC;20,06
29.06.2026;21:15;UTC;21:30;UTC;16,091
29.06.2026;21:30;UTC;21:45;UTC;16,644
29.06.2026;21:45;UTC;22:00;UTC;15,205
29.06.2026;22:00;UTC;22:15;UTC;17,639
29.06.2026;22:15;UTC;22:30;UTC;16,109
29.06.2026;22:30;UTC;22:45;UTC;15,631
29.06.2026;22:45;UTC;23:00;UTC;15,315
29.06.2026;23:00;UTC;23:15;UTC;15,666
29.06.2026;23:15;UTC;23:30;UTC;14,817
29.06.2026;23:30;UTC;23:45;UTC;13,984
29.06.2026;23:45;UTC;00:00;UTC;13,681
30.06.2026;00:00;UTC;00:15;UTC;14,223
30.06.2026;00:15;UTC;00:30;UTC;13,944
30.06.2026;00:30;UTC;00:45;UTC;13,996
30.06.2026;00:45;UTC;01:00;UTC;13,919
30.06.2026;01:00;UTC;01:15;UTC;14,499
30.06.2026;01:15;UTC;01:30;UTC;14,047
30.06.2026;01:30;UTC;01:45;UTC;13,903
30.06.2026;01:45;UTC;02:00;UTC;13,84
30.06.2026;02:00;UTC;02:15;UTC;14,322
30.06.2026;02:15;UTC;02:30;UTC;13,944
30.06.2026;02:30;UTC;02:45;UTC;14,062
30.06.2026;02:45;UTC;03:00;UTC;14,219
30.06.2026;03:00;UTC;03:15;UTC;14,177
30.06.2026;03:15;UTC;03:30;UTC;14,911
30.06.2026;03:30;UTC;03:45;UTC;15,171
30.06.2026;03:45;UTC;04:00;UTC;16,343
30.06.2026;04:00;UTC;04:15;UTC;17,322
30.06.2026;04:15;UTC;04:30;UTC;18,835
30.06.2026;04:30;UTC;04:45;UTC;18,942
30.06.2026;04:45;UTC;05:00;UTC;19,563
30.06.2026;05:00;UTC;05:15;UTC;21,184
30.06.2026;05:15;UTC;05:30;UTC;19,502
30.06.2026;05:30;UTC;05:45;UTC;18,524
30.06.2026;05:45;UTC;06:00;UTC;16,514
30.06.2026;06:00;UTC;06:15;UTC;19,712
30.06.2026;06:15;UTC;06:30;UTC;16,811
30.06.2026;06:30;UTC;06:45;UTC;14,144
30.06.2026;06:45;UTC;07:00;UTC;11,74
30.06.2026;07:00;UTC;07:15;UTC;15,24
30.06.2026;07:15;UTC;07:30;UTC;12,187
30.06.2026;07:30;UTC;07:45;UTC;11,101
30.06.2026;07:45;UTC;08:00;UTC;10,51
30.06.2026;08:00;UTC;08:15;UTC;11,81
30.06.2026;08:15;UTC;08:30;UTC;10,957
30.06.2026;08:30;UTC;08:45;UTC;10,78
30.06.2026;08:45;UTC;09:00;UTC;10
30.06.2026;09:00;UTC;09:15;UTC;11,048
30.06.2026;09:15;UTC;09:30;UTC;10,595
30.06.2026;09:30;UTC;09:45;UTC;9,94
30.06.2026;09:45;UTC;10:00;UTC;9,135
30.06.2026;10:00;UTC;10:15;UTC;9,971
30.06.2026;10:15;UTC;10:30;UTC;9,89
30.06.2026;10:30;UTC;10:45;UTC;9,928
30.06.2026;10:45;UTC;11:00;UTC;9,841
30.06.2026;11:00;UTC;11:15;UTC;9,743
30.06.2026;11:15;UTC;11:30;UTC;10,041
30.06.2026;11:30;UTC;11:45;UTC;10,051
30.06.2026;11:45;UTC;12:00;UTC;9,933
30.06.2026;12:00;UTC;12:15;UTC;9,355
30.06.2026;12:15;UTC;12:30;UTC;10,198
30.06.2026;12:30;UTC;12:45;UTC;10,526
30.06.2026;12:45;UTC;13:00;UTC;11,077
30.06.2026;13:00;UTC;13:15;UTC;10,735
30.06.2026;13:15;UTC;13:30;UTC;11,576
30.06.2026;13:30;UTC;13:45;UTC;12,137
30.06.2026;13:45;UTC;14:00;UTC;11,994
30.06.2026;14:00;UTC;14:15;UTC;11,505
30.06.2026;14:15;UTC;14:30;UTC;12,021
30.06.2026;14:30;UTC;14:45;UTC;12,782
30.06.2026;14:45;UTC;15:00;UTC;14,652
30.06.2026;15:00;UTC;15:15;UTC;11,859
30.06.2026;15:15;UTC;15:30;UTC;12,823
30.06.2026;15:30;UTC;15:45;UTC;15,3
30.06.2026;15:45;UTC;16:00;UTC;20,511
30.06.2026;16:00;UTC;16:15;UTC;15,527
30.06.2026;16:15;UTC;16:30;UTC;18,163
30.06.2026;16:30;UTC;16:45;UTC;26,401
30.06.2026;16:45;UTC;17:00;UTC;38,1
30.06.2026;17:00;UTC;17:15;UTC;35,876
30.06.2026;17:15;UTC;17:30;UTC;44,419
30.06.2026;17:30;UTC;17:45;UTC;47,119
30.06.2026;17:45;UTC;18:00;UTC;53,218
30.06.2026;18:00;UTC;18:15;UTC;46,499
30.06.2026;18:15;UTC;18:30;UTC;48,711
30.06.2026;18:30;UTC;18:45;UTC;53,025
30.06.2026;18:45;UTC;19:00;UTC;53,672
30.06.2026;19:00;UTC;19:15;UTC;46,531
30.06.2026;19:15;UTC;19:30;UTC;42,703
30.06.2026;19:30;UTC;19:45;UTC;38,957
30.06.2026;19:45;UTC;20:00;UTC;30,106
30.06.2026;20:00;UTC;20:15;UTC;34,915
30.06.2026;20:15;UTC;20:30;UTC;28,501
30.06.2026;20:30;UTC;20:45;UTC;23,359
30.06.2026;20:45;UTC;21:00;UTC;22,638
30.06.2026;21:00;UTC;21:15;UTC;20,279
30.06.2026;21:15;UTC;21:30;UTC;18,685
30.06.2026;21:30;UTC;21:45;UTC;17,953
30.06.2026;21:45;UTC;22:00;UTC;16,075
